#	BAND	=	0	0	0	0	--
0	-11.36183	0.30273	0.861	0.048	0.091	-0.854	-0.99187
0.02098	-11.40315	0.29966	0.859	-0.033	0.174	-0.841	-0.97905
0.04196	-11.45038	0.30653	0.858	-0.04	0.165	-0.841	-0.98019
0.06293	-11.49828	0.31086	0.858	-0.047	0.152	-0.842	-0.98135
0.08391	-11.54603	0.31503	0.857	-0.054	0.139	-0.843	-0.98366
0.10489	-11.59318	0.3173	0.856	-0.061	0.126	-0.844	-0.98598
0.12587	-11.63946	0.31918	0.855	-0.07	0.112	-0.844	-0.98713
0.14685	-11.68462	0.32151	0.854	-0.079	0.098	-0.844	-0.98829
0.16782	-11.72851	0.32286	0.853	-0.089	0.082	-0.844	-0.98945
0.1888	-11.77097	0.32443	0.852	-0.1	0.066	-0.844	-0.99061
0.20978	-11.81186	0.32551	0.852	-0.111	0.048	-0.843	-0.98944
0.23076	-11.85107	0.32665	0.851	-0.123	0.03	-0.841	-0.98825
0.25174	-11.88849	0.32953	0.85	-0.135	0.011	-0.839	-0.98706
0.27271	-11.92405	0.33043	0.85	-0.148	-0.008	-0.836	-0.98353
0.29369	-11.95766	0.33041	0.849	-0.161	-0.027	-0.833	-0.98115
0.31467	-11.98923	0.33082	0.848	-0.175	-0.047	-0.829	-0.97759
0.33565	-12.01871	0.33129	0.848	-0.189	-0.066	-0.824	-0.9717
0.35663	-12.04603	0.33272	0.847	-0.203	-0.085	-0.818	-0.96576
0.3776	-12.07115	0.33288	0.847	-0.218	-0.103	-0.812	-0.95868
0.39858	-12.09401	0.33322	0.846	-0.233	-0.121	-0.805	-0.95154
0.41956	-12.11457	0.33325	0.846	-0.248	-0.137	-0.797	-0.94208
0.44054	-12.13279	0.33435	0.846	-0.265	-0.154	-0.788	-0.93144
0.46152	-12.14865	0.33464	0.845	-0.282	-0.169	-0.779	-0.92189
0.4825	-12.16212	0.33603	0.845	-0.299	-0.184	-0.769	-0.91006
0.50347	-12.17316	0.33637	0.845	-0.319	-0.199	-0.757	-0.89586
0.52445	-12.18177	0.33605	0.845	-0.339	-0.215	-0.744	-0.88047
0.54543	-12.18793	0.33558	0.845	-0.361	-0.23	-0.728	-0.86154
0.56641	-12.19163	0.33558	0.845	-0.386	-0.246	-0.71	-0.84024
0.58739	-12.19287	0.33597	0.845	-0.413	-0.264	-0.688	-0.8142
0.58739	-12.19287	0.33597	0.845	-0.413	-0.263	-0.688	-0.8142
0.60836	-12.19163	0.33597	0.845	-0.444	-0.282	-0.661	-0.78225
0.62934	-12.18793	0.33597	0.845	-0.477	-0.304	-0.627	-0.74201
0.65032	-12.18177	0.33605	0.845	-0.515	-0.33	-0.583	-0.68994
0.6713	-12.17315	0.33637	0.845	-0.555	-0.359	-0.526	-0.62249
0.69228	-12.16211	0.33603	0.845	-0.598	-0.392	-0.451	-0.53373
0.71325	-12.14864	0.33464	0.845	-0.64	-0.428	-0.35	-0.4142
0.73423	-12.13278	0.33435	0.846	-0.672	-0.462	-0.223	-0.26359
0.75521	-12.11455	0.33325	0.846	-0.686	-0.49	-0.066	-0.07801
0.77619	-12.09399	0.33376	0.846	-0.672	-0.503	0.106	0.1253
0.79717	-12.07113	0.33288	0.847	-0.628	-0.498	0.272	0.32113
0.81814	-12.04601	0.33272	0.847	-0.563	-0.477	0.415	0.48996
0.83912	-12.01869	0.33129	0.848	-0.49	-0.448	0.527	0.62146
0.8601	-11.98921	0.33082	0.848	-0.419	-0.417	0.608	0.71698
0.88108	-11.95764	0.33041	0.849	-0.355	-0.388	0.666	0.78445
0.90206	-11.92403	0.33043	0.85	-0.3	-0.363	0.707	0.83176
0.92303	-11.88847	0.32953	0.85	-0.254	-0.342	0.736	0.86588
0.94401	-11.85105	0.32665	0.851	-0.215	-0.324	0.757	0.88954
0.96499	-11.81184	0.32551	0.852	-0.182	-0.309	0.772	0.9061
0.98597	-11.77095	0.32443	0.852	-0.155	-0.296	0.784	0.92019
1.00695	-11.72849	0.32286	0.853	-0.131	-0.286	0.793	0.92966
1.02792	-11.68461	0.32183	0.854	-0.112	-0.278	0.8	0.93677
1.0489	-11.63944	0.31949	0.855	-0.096	-0.271	0.805	0.94152
1.06988	-11.59316	0.3173	0.856	-0.082	-0.266	0.809	0.94509
1.09086	-11.54601	0.31503	0.857	-0.07	-0.263	0.812	0.94749
1.11184	-11.49827	0.31113	0.858	-0.06	-0.261	0.815	0.94988
1.13281	-11.45036	0.30653	0.858	-0.052	-0.259	0.817	0.95221
1.15379	-11.40313	0.29993	0.859	-0.045	-0.251	0.82	0.9546
1.17477	-11.36183	0.30273	0.861	0.048	0.092	-0.854	-0.99187
							--
#	BAND	=	0	0	1		--
0	-11.34681	0.30273	0.861	-0.048	-0.091	0.854	0.99187
0.02098	-11.38786	0.30033	0.859	0.033	-0.174	0.841	0.97905
0.04196	-11.43512	0.30768	0.858	0.04	-0.165	0.841	0.98019
0.06293	-11.48305	0.31114	0.858	0.047	-0.152	0.842	0.98135
0.08391	-11.53083	0.31595	0.857	0.054	-0.139	0.843	0.98366
0.10489	-11.578	0.3181	0.856	0.061	-0.126	0.844	0.98598
0.12587	-11.6243	0.31828	0.855	0.07	-0.112	0.844	0.98713
0.14685	-11.66948	0.32256	0.854	0.079	-0.098	0.844	0.98829
0.16782	-11.71339	0.32236	0.853	0.089	-0.082	0.844	0.98945
0.1888	-11.75586	0.32428	0.852	0.1	-0.066	0.844	0.99061
0.20978	-11.79675	0.32524	0.852	0.111	-0.048	0.843	0.98944
0.23076	-11.83597	0.32722	0.851	0.123	-0.03	0.841	0.98825
0.25174	-11.87341	0.32925	0.85	0.135	-0.011	0.839	0.98706
0.27271	-11.90898	0.33059	0.85	0.148	0.008	0.836	0.98353
0.29369	-11.94259	0.33076	0.849	0.161	0.027	0.833	0.98115
0.31467	-11.97416	0.33119	0.848	0.175	0.047	0.829	0.97759
0.33565	-12.00365	0.33129	0.848	0.189	0.066	0.824	0.9717
0.35663	-12.03098	0.33272	0.847	0.203	0.085	0.818	0.96576
0.3776	-12.0561	0.33288	0.847	0.218	0.103	0.812	0.95868
0.39858	-12.07896	0.33345	0.846	0.233	0.12	0.805	0.95154
0.41956	-12.09952	0.33325	0.846	0.248	0.137	0.797	0.94208
0.44054	-12.11775	0.33424	0.846	0.265	0.154	0.788	0.93144
0.46152	-12.13361	0.33422	0.845	0.282	0.169	0.779	0.92189
0.4825	-12.14708	0.33603	0.845	0.299	0.184	0.769	0.91006
0.50347	-12.15813	0.33637	0.845	0.319	0.199	0.757	0.89586
0.52445	-12.16674	0.33605	0.845	0.339	0.215	0.744	0.88047
0.54543	-12.1729	0.33558	0.845	0.361	0.23	0.728	0.86154
0.56641	-12.1766	0.33558	0.845	0.386	0.246	0.71	0.84024
0.58739	-12.17784	0.33558	0.845	0.413	0.264	0.688	0.8142
0.58739	-12.17784	0.33558	0.845	0.413	0.263	0.688	0.8142
0.60836	-12.1766	0.33558	0.845	0.444	0.282	0.661	0.78225
0.62934	-12.17291	0.33558	0.845	0.477	0.304	0.627	0.74201
0.65032	-12.16674	0.33566	0.845	0.515	0.33	0.583	0.68994
0.6713	-12.15813	0.33583	0.845	0.555	0.359	0.526	0.62249
0.69228	-12.14709	0.33603	0.845	0.598	0.392	0.451	0.53373
0.71325	-12.13362	0.33464	0.845	0.64	0.428	0.35	0.4142
0.73423	-12.11776	0.33455	0.846	0.672	0.462	0.223	0.26359
0.75521	-12.09954	0.33325	0.846	0.686	0.49	0.066	0.07801
0.77619	-12.07897	0.33345	0.846	0.672	0.503	-0.106	-0.1253
0.79717	-12.05611	0.33288	0.847	0.628	0.498	-0.272	-0.32113
0.81814	-12.03099	0.33272	0.847	0.563	0.477	-0.415	-0.48996
0.83912	-12.00367	0.33129	0.848	0.49	0.448	-0.527	-0.62146
0.8601	-11.97418	0.33181	0.848	0.419	0.417	-0.608	-0.71698
0.88108	-11.9426	0.33076	0.849	0.355	0.388	-0.666	-0.78445
0.90206	-11.909	0.33059	0.85	0.3	0.363	-0.707	-0.83176
0.92303	-11.87343	0.32925	0.85	0.254	0.342	-0.736	-0.86588
0.94401	-11.83599	0.32722	0.851	0.215	0.324	-0.757	-0.88954
0.96499	-11.79677	0.32524	0.852	0.182	0.309	-0.772	-0.9061
0.98597	-11.75587	0.32428	0.852	0.155	0.296	-0.784	-0.92019
1.00695	-11.7134	0.32204	0.853	0.131	0.286	-0.793	-0.92966
1.02792	-11.6695	0.32256	0.854	0.112	0.278	-0.8	-0.93677
1.0489	-11.62431	0.31905	0.855	0.096	0.271	-0.805	-0.94152
1.06988	-11.57802	0.3181	0.856	0.082	0.266	-0.809	-0.94509
1.09086	-11.53084	0.31625	0.857	0.07	0.263	-0.812	-0.94749
1.11184	-11.48307	0.31114	0.858	0.06	0.261	-0.815	-0.94988
1.13281	-11.43513	0.30768	0.858	0.052	0.259	-0.817	-0.95221
1.15379	-11.38787	0.30033	0.859	0.045	0.251	-0.82	-0.9546
1.17477	-11.34681	0.30273	0.861	-0.048	-0.092	0.854	0.99187
							--
#	BAND	=	0	0	2		--
0	-11.35708	0.22559	0.86	-0.618	-0.231	0.55	0.63953
0.02098	-11.37196	0.32071	0.86	-0.119	0.138	-0.84	-0.97674
0.04196	-11.40719	0.33428	0.859	-0.113	0.001	-0.851	-0.99069
0.06293	-11.44676	0.3396	0.858	-0.126	-0.159	-0.833	-0.97086
0.08391	-11.48827	0.34394	0.857	-0.148	-0.353	-0.767	-0.89498
0.10489	-11.53056	0.34744	0.856	-0.173	-0.574	-0.611	-0.71379
0.12587	-11.57295	0.35077	0.855	-0.186	-0.759	-0.348	-0.40702
0.14685	-11.61496	0.34994	0.855	-0.177	-0.834	-0.052	-0.06082
0.16782	-11.65624	0.35152	0.854	-0.158	-0.819	0.179	0.2096
0.1888	-11.69651	0.35241	0.853	-0.14	-0.773	0.331	0.38804
0.20978	-11.73556	0.3534	0.852	-0.126	-0.727	0.426	0.5
0.23076	-11.77321	0.3534	0.851	-0.116	-0.689	0.487	0.57227
0.25174	-11.8093	0.35495	0.851	-0.11	-0.659	0.526	0.6181
0.27271	-11.84371	0.35458	0.85	-0.106	-0.638	0.552	0.64941
0.29369	-11.87633	0.35542	0.849	-0.105	-0.623	0.568	0.66902
0.31467	-11.90705	0.35584	0.849	-0.106	-0.613	0.577	0.67962
0.33565	-11.93579	0.35587	0.848	-0.109	-0.609	0.58	0.68396
0.35663	-11.96247	0.35578	0.848	-0.114	-0.61	0.578	0.6816
0.3776	-11.98703	0.35551	0.847	-0.121	-0.615	0.57	0.67296
0.39858	-12.00942	0.35553	0.847	-0.131	-0.626	0.555	0.65525
0.41956	-12.02958	0.3555	0.847	-0.146	-0.643	0.531	0.62692
0.44054	-12.04746	0.35604	0.846	-0.166	-0.667	0.494	0.58392
0.46152	-12.06303	0.35576	0.846	-0.194	-0.7	0.433	0.51182
0.4825	-12.07625	0.35599	0.846	-0.235	-0.741	0.333	0.39362
0.50347	-12.08711	0.35664	0.845	-0.29	-0.778	0.158	0.18698
0.52445	-12.09557	0.35696	0.845	-0.348	-0.76	-0.13	-0.15385
0.54543	-12.10164	0.35595	0.845	-0.357	-0.599	-0.477	-0.5645
0.56641	-12.10528	0.35578	0.845	-0.303	-0.348	-0.708	-0.83787
0.58739	-12.10649	0.35578	0.845	-0.237	-0.145	-0.798	-0.94438
0.58739	-12.10649	0.35578	0.845	-0.238	-0.145	-0.798	-0.94438
0.60836	-12.10528	0.35595	0.845	-0.188	-0.011	-0.824	-0.97515
0.62934	-12.10165	0.35599	0.845	-0.152	0.076	-0.828	-0.97988
0.65032	-12.09559	0.35696	0.845	-0.126	0.135	-0.825	-0.97633
0.6713	-12.08713	0.35599	0.845	-0.108	0.177	-0.819	-0.96923
0.69228	-12.07627	0.35599	0.846	-0.095	0.209	-0.814	-0.96217
0.71325	-12.06305	0.35576	0.846	-0.084	0.233	-0.809	-0.95626
0.73423	-12.04748	0.35604	0.846	-0.076	0.252	-0.804	-0.95035
0.75521	-12.02959	0.35558	0.847	-0.07	0.269	-0.8	-0.94451
0.77619	-12.00944	0.35553	0.847	-0.065	0.283	-0.796	-0.93979
0.79717	-11.98705	0.35551	0.847	-0.061	0.295	-0.792	-0.93506
0.81814	-11.96249	0.35578	0.848	-0.058	0.307	-0.788	-0.92925
0.83912	-11.93581	0.35587	0.848	-0.056	0.319	-0.784	-0.92453
0.8601	-11.90707	0.35584	0.849	-0.055	0.33	-0.78	-0.91873
0.88108	-11.87635	0.35562	0.849	-0.055	0.343	-0.775	-0.91284
0.90206	-11.84373	0.35458	0.85	-0.055	0.356	-0.77	-0.90588
0.92303	-11.80932	0.35526	0.851	-0.056	0.371	-0.763	-0.89659
0.94401	-11.77323	0.35312	0.851	-0.059	0.389	-0.755	-0.88719
0.96499	-11.73558	0.3534	0.852	-0.064	0.411	-0.743	-0.87207
0.98597	-11.69653	0.35241	0.853	-0.071	0.44	-0.727	-0.85229
1.00695	-11.65625	0.3509	0.854	-0.084	0.478	-0.702	-0.82201
1.02792	-11.61496	0.35035	0.855	-0.105	0.532	-0.66	-0.77193
1.0489	-11.57294	0.34972	0.855	-0.146	0.616	-0.575	-0.67251
1.06988	-11.53054	0.3469	0.856	-0.239	0.748	-0.341	-0.39836
1.09086	-11.48824	0.34378	0.857	-0.372	0.658	0.404	0.47141
1.11184	-11.44673	0.33952	0.858	-0.243	0.036	0.822	0.95804
1.13281	-11.40716	0.33466	0.859	-0.154	-0.26	0.804	0.93597
1.15379	-11.37195	0.321	0.86	-0.124	-0.419	0.74	0.86047
1.17477	-11.35708	0.22559	0.86	-0.618	-0.231	0.55	0.63953
							--
#	BAND	=	0	0	3		--
0	-11.34203	0.22596	0.86	0.617	0.231	-0.55	-0.63953
0.02098	-11.35681	0.32077	0.86	0.119	-0.138	0.84	0.97674
0.04196	-11.39205	0.33374	0.859	0.113	-0.001	0.851	0.99069
0.06293	-11.43165	0.34001	0.858	0.126	0.159	0.833	0.97086
0.08391	-11.47318	0.34514	0.857	0.148	0.353	0.767	0.89498
0.10489	-11.51549	0.34731	0.856	0.173	0.574	0.611	0.71379
0.12587	-11.55788	0.34952	0.855	0.186	0.759	0.348	0.40702
0.14685	-11.59989	0.35092	0.855	0.177	0.834	0.052	0.06082
0.16782	-11.64117	0.35241	0.854	0.158	0.819	-0.179	-0.2096
0.1888	-11.68144	0.35326	0.853	0.14	0.773	-0.331	-0.38804
0.20978	-11.72048	0.35374	0.852	0.126	0.727	-0.426	-0.5
0.23076	-11.75813	0.35304	0.851	0.116	0.689	-0.487	-0.57227
0.25174	-11.79422	0.35433	0.851	0.11	0.659	-0.526	-0.6181
0.27271	-11.82863	0.35567	0.85	0.106	0.638	-0.552	-0.64941
0.29369	-11.86125	0.35615	0.849	0.105	0.623	-0.568	-0.66902
0.31467	-11.89197	0.35571	0.849	0.106	0.613	-0.577	-0.67962
0.33565	-11.92072	0.35506	0.848	0.109	0.609	-0.58	-0.68396
0.35663	-11.94741	0.35578	0.848	0.114	0.61	-0.578	-0.6816
0.3776	-11.97197	0.35594	0.847	0.121	0.615	-0.57	-0.67296
0.39858	-11.99436	0.35553	0.847	0.131	0.626	-0.555	-0.65525
0.41956	-12.01453	0.35669	0.847	0.146	0.643	-0.531	-0.62692
0.44054	-12.03241	0.35604	0.846	0.166	0.667	-0.494	-0.58392
0.46152	-12.04799	0.3563	0.846	0.194	0.7	-0.433	-0.51182
0.4825	-12.06122	0.35599	0.846	0.235	0.741	-0.333	-0.39362
0.50347	-12.07209	0.3566	0.845	0.29	0.778	-0.158	-0.18698
0.52445	-12.08055	0.35691	0.845	0.348	0.759	0.13	0.15385
0.54543	-12.08662	0.35595	0.845	0.357	0.599	0.477	0.5645
0.56641	-12.09026	0.35578	0.845	0.303	0.348	0.708	0.83787
0.58739	-12.09147	0.35578	0.845	0.237	0.145	0.798	0.94438
0.58739	-12.09147	0.35578	0.845	0.238	0.145	0.798	0.94438
0.60836	-12.09025	0.35578	0.845	0.188	0.011	0.824	0.97515
0.62934	-12.08661	0.35578	0.845	0.152	-0.076	0.828	0.97988
0.65032	-12.08054	0.35675	0.845	0.126	-0.135	0.825	0.97633
0.6713	-12.07207	0.35644	0.845	0.108	-0.177	0.819	0.96923
0.69228	-12.0612	0.35595	0.846	0.095	-0.209	0.814	0.96217
0.71325	-12.04797	0.35649	0.846	0.084	-0.233	0.809	0.95626
0.73423	-12.0324	0.35604	0.846	0.076	-0.252	0.804	0.95035
0.75521	-12.01451	0.35669	0.847	0.07	-0.269	0.8	0.94451
0.77619	-11.99434	0.35553	0.847	0.065	-0.283	0.796	0.93979
0.79717	-11.97195	0.35594	0.847	0.061	-0.295	0.792	0.93506
0.81814	-11.94738	0.3561	0.848	0.058	-0.307	0.788	0.92925
0.83912	-11.92069	0.35562	0.848	0.056	-0.319	0.784	0.92453
0.8601	-11.89195	0.35633	0.849	0.055	-0.33	0.78	0.91873
0.88108	-11.86123	0.35615	0.849	0.055	-0.343	0.775	0.91284
0.90206	-11.82861	0.35567	0.85	0.055	-0.356	0.77	0.90588
0.92303	-11.7942	0.35433	0.851	0.056	-0.371	0.763	0.89659
0.94401	-11.75811	0.35304	0.851	0.059	-0.389	0.755	0.88719
0.96499	-11.72047	0.35374	0.852	0.064	-0.411	0.743	0.87207
0.98597	-11.68142	0.35357	0.853	0.071	-0.44	0.727	0.85229
1.00695	-11.64116	0.35241	0.854	0.084	-0.478	0.703	0.82319
1.02792	-11.59989	0.35014	0.855	0.105	-0.532	0.66	0.77193
1.0489	-11.55788	0.35005	0.855	0.146	-0.616	0.575	0.67251
1.06988	-11.5155	0.34793	0.856	0.239	-0.748	0.341	0.39836
1.09086	-11.47321	0.34526	0.857	0.372	-0.658	-0.404	-0.47141
1.11184	-11.43168	0.33998	0.858	0.243	-0.036	-0.822	-0.95804
1.13281	-11.39207	0.33374	0.859	0.154	0.26	-0.804	-0.93597
1.15379	-11.35683	0.32106	0.86	0.124	0.419	-0.74	-0.86047
1.17477	-11.34203	0.22596	0.86	0.617	0.231	-0.549	-0.63837
							--
#	BAND	=	0	0	4		--
0	-11.3506	0.3781	0.861	-0.196	-0.669	-0.505	-0.58653
0.02098	-11.34268	0.33206	0.861	-0.274	-0.555	-0.598	-0.69454
0.04196	-11.36134	0.35212	0.86	-0.078	-0.763	-0.387	-0.45
0.06293	-11.38947	0.36115	0.859	-0.047	-0.846	-0.139	-0.16182
0.08391	-11.42241	0.36871	0.858	-0.035	-0.856	0.051	0.05944
0.10489	-11.4581	0.37356	0.857	-0.03	-0.832	0.202	0.23571
0.12587	-11.4953	0.37666	0.856	-0.026	-0.795	0.318	0.3715
0.14685	-11.53317	0.37765	0.855	-0.024	-0.754	0.402	0.47018
0.16782	-11.57109	0.37942	0.855	-0.022	-0.718	0.463	0.54152
0.1888	-11.60863	0.3802	0.854	-0.021	-0.687	0.507	0.59368
0.20978	-11.64542	0.38228	0.853	-0.021	-0.661	0.538	0.63072
0.23076	-11.68119	0.38042	0.852	-0.02	-0.642	0.56	0.65728
0.25174	-11.71571	0.38126	0.852	-0.02	-0.627	0.575	0.67488
0.27271	-11.7488	0.38147	0.851	-0.02	-0.617	0.585	0.68743
0.29369	-11.7803	0.38121	0.85	-0.021	-0.612	0.59	0.69412
0.31467	-11.81007	0.38162	0.85	-0.021	-0.61	0.591	0.69529
0.33565	-11.83801	0.38153	0.849	-0.022	-0.612	0.588	0.69258
0.35663	-11.86401	0.38145	0.849	-0.023	-0.618	0.581	0.68433
0.3776	-11.888	0.38044	0.848	-0.025	-0.63	0.568	0.66981
0.39858	-11.90989	0.38121	0.848	-0.027	-0.646	0.548	0.64623
0.41956	-11.92963	0.38171	0.847	-0.03	-0.67	0.518	0.61157
0.44054	-11.94717	0.38078	0.847	-0.034	-0.702	0.473	0.55844
0.46152	-11.96245	0.37994	0.847	-0.039	-0.744	0.402	0.47462
0.4825	-11.97544	0.38048	0.847	-0.047	-0.796	0.285	0.33648
0.50347	-11.98611	0.37963	0.846	-0.056	-0.84	0.087	0.10284
0.52445	-11.99444	0.37963	0.846	-0.064	-0.815	-0.218	-0.25768
0.54543	-12.0004	0.37963	0.846	-0.063	-0.642	-0.547	-0.64657
0.56641	-12.00399	0.37933	0.846	-0.052	-0.394	-0.747	-0.88298
0.58739	-12.00519	0.37933	0.846	-0.04	-0.193	-0.823	-0.97281
0.58739	-12.00519	0.37933	0.846	-0.04	-0.193	-0.823	-0.97281
0.60836	-12.00401	0.37933	0.846	-0.031	-0.057	-0.843	-0.99645
0.62934	-12.00043	0.37878	0.846	-0.025	0.034	-0.845	-0.99882
0.65032	-11.99448	0.37963	0.846	-0.021	0.098	-0.84	-0.99291
0.6713	-11.98616	0.37951	0.846	-0.017	0.144	-0.834	-0.98582
0.69228	-11.97549	0.38071	0.847	-0.015	0.179	-0.827	-0.97639
0.71325	-11.9625	0.37974	0.847	-0.013	0.207	-0.821	-0.9693
0.73423	-11.94722	0.38087	0.847	-0.011	0.229	-0.815	-0.96222
0.75521	-11.92969	0.38132	0.847	-0.01	0.249	-0.81	-0.95632
0.77619	-11.90995	0.38129	0.848	-0.009	0.266	-0.805	-0.94929
0.79717	-11.88806	0.38044	0.848	-0.008	0.281	-0.8	-0.9434
0.81814	-11.86407	0.38184	0.849	-0.007	0.295	-0.795	-0.9364
0.83912	-11.83807	0.38153	0.849	-0.007	0.309	-0.791	-0.93168
0.8601	-11.81013	0.38162	0.85	-0.006	0.323	-0.786	-0.92471
0.88108	-11.78035	0.38121	0.85	-0.006	0.337	-0.78	-0.91765
0.90206	-11.74885	0.38189	0.851	-0.005	0.352	-0.774	-0.90952
0.92303	-11.71576	0.38126	0.852	-0.005	0.369	-0.768	-0.90141
0.94401	-11.68124	0.38042	0.852	-0.005	0.387	-0.759	-0.89085
0.96499	-11.64547	0.38208	0.853	-0.004	0.407	-0.749	-0.87808
0.98597	-11.60868	0.38037	0.854	-0.004	0.431	-0.737	-0.863
1.00695	-11.57114	0.37942	0.855	-0.004	0.458	-0.721	-0.84327
1.02792	-11.53321	0.37946	0.855	-0.004	0.491	-0.701	-0.81988
1.0489	-11.49534	0.37666	0.856	-0.004	0.528	-0.674	-0.78738
1.06988	-11.45813	0.37417	0.857	-0.004	0.568	-0.641	-0.74796
1.09086	-11.42243	0.36917	0.858	-0.006	0.608	-0.606	-0.70629
1.11184	-11.38949	0.36144	0.859	-0.011	0.631	-0.582	-0.67753
1.13281	-11.36135	0.3512	0.86	-0.027	0.594	-0.621	-0.72209
1.15379	-11.3427	0.3313	0.861	-0.072	0.185	-0.837	-0.97213
1.17477	-11.3506	0.3781	0.861	-0.196	-0.669	-0.505	-0.58653
							--
#	BAND	=	0	0	5		--
0	-11.33556	0.3791	0.861	0.196	0.669	0.505	0.58653
0.02098	-11.32764	0.33195	0.861	0.274	0.555	0.598	0.69454
0.04196	-11.34624	0.35192	0.86	0.078	0.763	0.387	0.45
0.06293	-11.37434	0.36385	0.859	0.047	0.846	0.139	0.16182
0.08391	-11.40724	0.36873	0.858	0.035	0.856	-0.051	-0.05944
0.10489	-11.44291	0.37326	0.857	0.03	0.832	-0.202	-0.23571
0.12587	-11.48009	0.3765	0.856	0.026	0.795	-0.318	-0.3715
0.14685	-11.51794	0.3776	0.856	0.024	0.754	-0.402	-0.46963
0.16782	-11.55586	0.37946	0.855	0.022	0.718	-0.463	-0.54152
0.1888	-11.59338	0.3802	0.854	0.021	0.687	-0.507	-0.59368
0.20978	-11.63017	0.38152	0.853	0.021	0.661	-0.538	-0.63072
0.23076	-11.66594	0.38288	0.852	0.02	0.642	-0.56	-0.65728
0.25174	-11.70046	0.38304	0.852	0.02	0.627	-0.575	-0.67488
0.27271	-11.73356	0.38217	0.851	0.02	0.618	-0.585	-0.68743
0.29369	-11.76507	0.38285	0.85	0.021	0.612	-0.59	-0.69412
0.31467	-11.79485	0.38131	0.85	0.021	0.61	-0.591	-0.69529
0.33565	-11.82281	0.38199	0.849	0.022	0.612	-0.588	-0.69258
0.35663	-11.84882	0.3802	0.849	0.023	0.618	-0.581	-0.68433
0.3776	-11.87283	0.38063	0.848	0.025	0.63	-0.568	-0.66981
0.39858	-11.89474	0.38224	0.848	0.027	0.646	-0.548	-0.64623
0.41956	-11.9145	0.38148	0.847	0.03	0.67	-0.518	-0.61157
0.44054	-11.93205	0.38035	0.847	0.034	0.702	-0.473	-0.55844
0.46152	-11.94735	0.38113	0.847	0.039	0.744	-0.402	-0.47462
0.4825	-11.96036	0.38113	0.847	0.047	0.796	-0.285	-0.33648
0.50347	-11.97105	0.38028	0.846	0.056	0.84	-0.087	-0.10284
0.52445	-11.97938	0.37963	0.846	0.064	0.815	0.218	0.25768
0.54543	-11.98535	0.37963	0.846	0.063	0.642	0.547	0.64657
0.56641	-11.98893	0.37933	0.846	0.052	0.394	0.747	0.88298
0.58739	-11.99012	0.37933	0.846	0.04	0.193	0.823	0.97281
0.58739	-11.99012	0.37933	0.846	0.04	0.193	0.823	0.97281
0.60836	-11.98891	0.37933	0.846	0.031	0.057	0.843	0.99645
0.62934	-11.98532	0.37963	0.846	0.025	-0.034	0.845	0.99882
0.65032	-11.97934	0.37963	0.846	0.021	-0.098	0.84	0.99291
0.6713	-11.971	0.37958	0.846	0.017	-0.144	0.834	0.98582
0.69228	-11.96031	0.38109	0.847	0.015	-0.179	0.827	0.97639
0.71325	-11.9473	0.38109	0.847	0.013	-0.207	0.821	0.9693
0.73423	-11.932	0.38078	0.847	0.011	-0.23	0.815	0.96222
0.75521	-11.91444	0.38148	0.847	0.01	-0.249	0.81	0.95632
0.77619	-11.89468	0.38224	0.848	0.009	-0.266	0.805	0.94929
0.79717	-11.87277	0.38113	0.848	0.008	-0.281	0.8	0.9434
0.81814	-11.84877	0.3802	0.849	0.007	-0.295	0.795	0.9364
0.83912	-11.82275	0.38238	0.849	0.007	-0.309	0.791	0.93168
0.8601	-11.7948	0.38127	0.85	0.006	-0.323	0.786	0.92471
0.88108	-11.76501	0.38274	0.85	0.006	-0.337	0.78	0.91765
0.90206	-11.7335	0.38204	0.851	0.005	-0.352	0.774	0.90952
0.92303	-11.70041	0.38304	0.852	0.005	-0.369	0.768	0.90141
0.94401	-11.66589	0.38293	0.852	0.005	-0.387	0.759	0.89085
0.96499	-11.63012	0.38021	0.853	0.004	-0.407	0.749	0.87808
0.98597	-11.59334	0.38012	0.854	0.004	-0.431	0.737	0.863
1.00695	-11.55581	0.37946	0.855	0.004	-0.458	0.721	0.84327
1.02792	-11.5179	0.37833	0.855	0.004	-0.491	0.701	0.81988
1.0489	-11.48006	0.37634	0.856	0.004	-0.528	0.674	0.78738
1.06988	-11.44288	0.37399	0.857	0.004	-0.568	0.641	0.74796
1.09086	-11.40722	0.36831	0.858	0.006	-0.608	0.605	0.70513
1.11184	-11.37432	0.3623	0.859	0.011	-0.631	0.582	0.67753
1.13281	-11.34623	0.3523	0.86	0.027	-0.594	0.621	0.72209
1.15379	-11.32762	0.33232	0.861	0.072	-0.185	0.837	0.97213
1.17477	-11.33556	0.3791	0.861	0.196	0.669	0.505	0.58653
							--
#	BAND	=	0	0	6		--
0	-11.3253	0.49546	0.861	-0.324	-0.308	-0.736	-0.85482
0.02098	-11.31596	0.3883	0.861	-0.06	-0.858	-0.03	-0.03484
0.04196	-11.31596	0.36112	0.86	-0.014	-0.801	0.313	0.36395
0.06293	-11.32908	0.37746	0.86	-0.013	-0.822	0.25	0.2907
0.08391	-11.35062	0.3888	0.859	-0.017	-0.818	0.262	0.30501
0.10489	-11.37761	0.39742	0.858	-0.02	-0.794	0.324	0.37762
0.12587	-11.40811	0.4032	0.857	-0.021	-0.759	0.398	0.46441
0.14685	-11.44074	0.40595	0.857	-0.022	-0.72	0.463	0.54026
0.16782	-11.47454	0.40649	0.856	-0.022	-0.684	0.514	0.60047
0.1888	-11.50879	0.40699	0.855	-0.022	-0.652	0.552	0.64561
0.20978	-11.54294	0.4072	0.854	-0.022	-0.626	0.581	0.68033
0.23076	-11.57658	0.40786	0.854	-0.022	-0.605	0.601	0.70375
0.25174	-11.60937	0.40797	0.853	-0.022	-0.59	0.616	0.72216
0.27271	-11.64105	0.40751	0.852	-0.022	-0.578	0.625	0.73357
0.29369	-11.67139	0.40758	0.852	-0.023	-0.571	0.631	0.74061
0.31467	-11.70022	0.4074	0.851	-0.023	-0.567	0.634	0.74501
0.33565	-11.72737	0.40701	0.85	-0.025	-0.566	0.634	0.74588
0.35663	-11.75273	0.40647	0.85	-0.026	-0.57	0.63	0.74118
0.3776	-11.77618	0.40663	0.85	-0.028	-0.577	0.623	0.73294
0.39858	-11.79763	0.4071	0.849	-0.031	-0.589	0.611	0.71967
0.41956	-11.81701	0.4081	0.849	-0.034	-0.607	0.593	0.69847
0.44054	-11.83425	0.40635	0.848	-0.039	-0.632	0.564	0.66509
0.46152	-11.84929	0.4057	0.848	-0.047	-0.668	0.52	0.61321
0.4825	-11.86209	0.40559	0.848	-0.057	-0.719	0.446	0.52594
0.50347	-11.87261	0.40559	0.848	-0.073	-0.785	0.311	0.36675
0.52445	-11.88082	0.40559	0.848	-0.096	-0.84	0.052	0.06132
0.54543	-11.8867	0.4059	0.847	-0.111	-0.757	-0.363	-0.42857
0.56641	-11.89025	0.40559	0.847	-0.097	-0.469	-0.699	-0.82527
0.58739	-11.89144	0.40482	0.847	-0.074	-0.203	-0.819	-0.96694
0.58739	-11.89144	0.40482	0.847	-0.073	-0.203	-0.819	-0.96694
0.60836	-11.89028	0.40482	0.847	-0.056	-0.038	-0.845	-0.99764
0.62934	-11.88675	0.40482	0.847	-0.044	0.063	-0.844	-0.99646
0.65032	-11.88088	0.40559	0.848	-0.036	0.128	-0.837	-0.98703
0.6713	-11.87268	0.40559	0.848	-0.031	0.173	-0.829	-0.97759
0.69228	-11.86216	0.40559	0.848	-0.027	0.207	-0.822	-0.96934
0.71325	-11.84936	0.40538	0.848	-0.024	0.233	-0.815	-0.96108
0.73423	-11.83432	0.40635	0.848	-0.021	0.254	-0.809	-0.95401
0.75521	-11.81708	0.40733	0.849	-0.02	0.272	-0.804	-0.947
0.77619	-11.7977	0.40656	0.849	-0.018	0.287	-0.799	-0.94111
0.79717	-11.77625	0.40695	0.85	-0.017	0.302	-0.794	-0.93412
0.81814	-11.7528	0.40647	0.85	-0.016	0.315	-0.789	-0.92824
0.83912	-11.72744	0.40751	0.85	-0.016	0.329	-0.784	-0.92235
0.8601	-11.70028	0.40774	0.851	-0.015	0.342	-0.779	-0.91539
0.88108	-11.67146	0.40758	0.852	-0.015	0.356	-0.773	-0.90728
0.90206	-11.64112	0.40793	0.852	-0.014	0.372	-0.767	-0.90023
0.92303	-11.60944	0.40847	0.853	-0.014	0.389	-0.759	-0.8898
0.94401	-11.57664	0.40814	0.854	-0.014	0.408	-0.749	-0.87705
0.96499	-11.543	0.4072	0.854	-0.014	0.431	-0.737	-0.863
0.98597	-11.50884	0.40726	0.855	-0.015	0.457	-0.722	-0.84444
1.00695	-11.47459	0.40779	0.856	-0.015	0.488	-0.703	-0.82126
1.02792	-11.44079	0.40703	0.857	-0.015	0.523	-0.678	-0.79113
1.0489	-11.40815	0.40367	0.857	-0.015	0.562	-0.647	-0.75496
1.06988	-11.37765	0.39923	0.858	-0.014	0.601	-0.612	-0.71329
1.09086	-11.35065	0.38935	0.859	-0.013	0.628	-0.586	-0.68219
1.11184	-11.32911	0.37801	0.86	-0.011	0.622	-0.593	-0.68953
1.13281	-11.31599	0.36081	0.86	-0.013	0.557	-0.655	-0.76163
1.15379	-11.31598	0.38834	0.861	-0.049	0.448	-0.733	-0.85134
1.17477	-11.3253	0.49546	0.861	-0.324	-0.308	-0.736	-0.85482
							--
#	BAND	=	0	0	7		--
0	-11.31024	0.49546	0.861	0.324	0.308	0.736	0.85482
0.02098	-11.30085	0.38999	0.861	0.06	0.858	0.03	0.03484
0.04196	-11.30073	0.36242	0.86	0.014	0.801	-0.313	-0.36395
0.06293	-11.31381	0.37961	0.86	0.013	0.822	-0.25	-0.2907
0.08391	-11.33532	0.39095	0.859	0.017	0.818	-0.262	-0.30501
0.10489	-11.36228	0.39778	0.858	0.02	0.794	-0.324	-0.37762
0.12587	-11.39275	0.40176	0.857	0.021	0.759	-0.398	-0.46441
0.14685	-11.42536	0.40562	0.857	0.022	0.72	-0.463	-0.54026
0.16782	-11.45913	0.40706	0.856	0.022	0.684	-0.514	-0.60047
0.1888	-11.49337	0.40913	0.855	0.022	0.652	-0.552	-0.64561
0.20978	-11.52752	0.4074	0.854	0.022	0.626	-0.581	-0.68033
0.23076	-11.56116	0.40901	0.854	0.022	0.605	-0.601	-0.70375
0.25174	-11.59395	0.408	0.853	0.022	0.59	-0.616	-0.72216
0.27271	-11.62564	0.40881	0.852	0.022	0.578	-0.625	-0.73357
0.29369	-11.656	0.40774	0.852	0.023	0.571	-0.631	-0.74061
0.31467	-11.68484	0.40714	0.851	0.023	0.567	-0.634	-0.74501
0.33565	-11.71202	0.40789	0.851	0.025	0.566	-0.634	-0.74501
0.35663	-11.7374	0.4061	0.85	0.026	0.57	-0.63	-0.74118
0.3776	-11.76088	0.40686	0.85	0.028	0.577	-0.623	-0.73294
0.39858	-11.78237	0.40555	0.849	0.031	0.589	-0.611	-0.71967
0.41956	-11.80178	0.40555	0.849	0.034	0.607	-0.593	-0.69847
0.44054	-11.81905	0.40658	0.848	0.039	0.632	-0.565	-0.66627
0.46152	-11.83412	0.40502	0.848	0.047	0.668	-0.52	-0.61321
0.4825	-11.84695	0.40617	0.848	0.057	0.719	-0.446	-0.52594
0.50347	-11.85751	0.40617	0.848	0.073	0.785	-0.311	-0.36675
0.52445	-11.86574	0.4059	0.848	0.096	0.84	-0.052	-0.06132
0.54543	-11.87164	0.40559	0.847	0.111	0.757	0.363	0.42857
0.56641	-11.87517	0.40482	0.847	0.097	0.469	0.699	0.82527
0.58739	-11.87634	0.40482	0.847	0.074	0.203	0.819	0.96694
0.58739	-11.87634	0.40482	0.847	0.073	0.203	0.819	0.96694
0.60836	-11.87515	0.40559	0.847	0.056	0.038	0.845	0.99764
0.62934	-11.87159	0.40586	0.847	0.044	-0.063	0.844	0.99646
0.65032	-11.86568	0.40586	0.848	0.036	-0.128	0.837	0.98703
0.6713	-11.85744	0.40617	0.848	0.031	-0.173	0.829	0.97759
0.69228	-11.84689	0.40494	0.848	0.027	-0.207	0.822	0.96934
0.71325	-11.83405	0.40475	0.848	0.024	-0.233	0.815	0.96108
0.73423	-11.81898	0.40658	0.848	0.021	-0.254	0.809	0.95401
0.75521	-11.80171	0.40555	0.849	0.02	-0.272	0.804	0.947
0.77619	-11.7823	0.40594	0.849	0.018	-0.287	0.799	0.94111
0.79717	-11.76081	0.40686	0.85	0.017	-0.302	0.794	0.93412
0.81814	-11.73733	0.40577	0.85	0.016	-0.315	0.789	0.92824
0.83912	-11.71195	0.40724	0.851	0.016	-0.329	0.784	0.92127
0.8601	-11.68477	0.40714	0.851	0.015	-0.342	0.779	0.91539
0.88108	-11.65593	0.40774	0.852	0.015	-0.356	0.773	0.90728
0.90206	-11.62558	0.40881	0.852	0.014	-0.372	0.767	0.90023
0.92303	-11.59389	0.40805	0.853	0.014	-0.389	0.759	0.8898
0.94401	-11.5611	0.40901	0.854	0.014	-0.408	0.749	0.87705
0.96499	-11.52746	0.40744	0.854	0.014	-0.431	0.737	0.863
0.98597	-11.49331	0.40922	0.855	0.015	-0.457	0.722	0.84444
1.00695	-11.45908	0.40687	0.856	0.015	-0.488	0.703	0.82126
1.02792	-11.42531	0.40517	0.857	0.015	-0.523	0.678	0.79113
1.0489	-11.3927	0.40191	0.857	0.015	-0.562	0.647	0.75496
1.06988	-11.36224	0.39728	0.858	0.014	-0.601	0.612	0.71329
1.09086	-11.33528	0.39045	0.859	0.013	-0.628	0.586	0.68219
1.11184	-11.31377	0.37987	0.86	0.011	-0.622	0.593	0.68953
1.13281	-11.30069	0.36141	0.86	0.013	-0.557	0.655	0.76163
1.15379	-11.30084	0.39176	0.861	0.048	-0.448	0.733	0.85134
1.17477	-11.31024	0.49546	0.861	0.324	0.308	0.736	0.85482
							--
#	BAND	=	0	0	8		--
0	-11.31952	0.10899	0.859	-0.036	0.023	-0.858	-0.99884
0.02098	-11.30499	0.19597	0.86	-0.023	-0.414	0.753	0.87558
0.04196	-11.27793	0.29539	0.861	-0.028	-0.457	0.729	0.84669
0.06293	-11.27024	0.37679	0.861	-0.05	-0.708	0.487	0.56562
0.08391	-11.27655	0.40533	0.86	-0.057	-0.786	0.344	0.4
0.10489	-11.2921	0.41678	0.859	-0.054	-0.769	0.378	0.44005
0.12587	-11.31398	0.42681	0.859	-0.049	-0.719	0.466	0.54249
0.14685	-11.3401	0.43244	0.858	-0.043	-0.661	0.545	0.6352
0.16782	-11.36892	0.43322	0.857	-0.038	-0.61	0.601	0.70128
0.1888	-11.39934	0.43346	0.856	-0.035	-0.57	0.638	0.74533
0.20978	-11.43054	0.43509	0.856	-0.032	-0.54	0.663	0.77453
0.23076	-11.46189	0.43571	0.855	-0.03	-0.518	0.679	0.79415
0.25174	-11.4929	0.43351	0.854	-0.028	-0.503	0.69	0.80796
0.27271	-11.52319	0.43256	0.854	-0.027	-0.493	0.696	0.81499
0.29369	-11.55245	0.43171	0.853	-0.027	-0.487	0.7	0.82063
0.31467	-11.58043	0.43118	0.853	-0.027	-0.484	0.701	0.82181
0.33565	-11.60692	0.43139	0.852	-0.028	-0.485	0.7	0.8216
0.35663	-11.63177	0.4305	0.852	-0.029	-0.488	0.697	0.81808
0.3776	-11.65483	0.42958	0.851	-0.03	-0.495	0.691	0.81199
0.39858	-11.67598	0.42781	0.851	-0.032	-0.506	0.683	0.80259
0.41956	-11.69512	0.42936	0.85	-0.036	-0.521	0.671	0.78941
0.44054	-11.71218	0.42883	0.85	-0.04	-0.543	0.653	0.76824
0.46152	-11.72709	0.42775	0.85	-0.046	-0.573	0.625	0.73529
0.4825	-11.73978	0.4279	0.849	-0.056	-0.617	0.581	0.68433
0.50347	-11.75023	0.42817	0.849	-0.07	-0.681	0.503	0.59246
0.52445	-11.75838	0.4271	0.849	-0.093	-0.769	0.347	0.40872
0.54543	-11.76423	0.42648	0.849	-0.125	-0.839	0.017	0.02002
0.56641	-11.76775	0.42687	0.849	-0.135	-0.688	-0.478	-0.56302
0.58739	-11.76893	0.42719	0.849	-0.105	-0.362	-0.76	-0.89517
0.58739	-11.76893	0.42719	0.849	-0.104	-0.362	-0.76	-0.89517
0.60836	-11.76778	0.42687	0.849	-0.076	-0.137	-0.834	-0.98233
0.62934	-11.76428	0.42772	0.849	-0.057	-0.008	-0.847	-0.99764
0.65032	-11.75844	0.42772	0.849	-0.046	0.071	-0.845	-0.99529
0.6713	-11.75029	0.42821	0.849	-0.038	0.122	-0.839	-0.98822
0.69228	-11.73985	0.4279	0.849	-0.033	0.159	-0.834	-0.98233
0.71325	-11.72715	0.42775	0.85	-0.029	0.186	-0.828	-0.97412
0.73423	-11.71225	0.42832	0.85	-0.026	0.208	-0.824	-0.96941
0.75521	-11.69518	0.42936	0.85	-0.024	0.225	-0.819	-0.96353
0.77619	-11.67604	0.42781	0.851	-0.023	0.24	-0.815	-0.9577
0.79717	-11.65489	0.42958	0.851	-0.022	0.254	-0.812	-0.95417
0.81814	-11.63183	0.43099	0.852	-0.021	0.266	-0.808	-0.94836
0.83912	-11.60698	0.43139	0.852	-0.02	0.279	-0.805	-0.94484
0.8601	-11.58048	0.43118	0.853	-0.02	0.291	-0.801	-0.93904
0.88108	-11.5525	0.43171	0.853	-0.02	0.304	-0.797	-0.93435
0.90206	-11.52324	0.43256	0.854	-0.021	0.318	-0.792	-0.9274
0.92303	-11.49295	0.43413	0.854	-0.022	0.335	-0.786	-0.92037
0.94401	-11.46194	0.4354	0.855	-0.023	0.354	-0.778	-0.90994
0.96499	-11.43059	0.43509	0.856	-0.025	0.377	-0.767	-0.89603
0.98597	-11.39938	0.43365	0.856	-0.028	0.407	-0.753	-0.87967
1.00695	-11.36895	0.43253	0.857	-0.031	0.444	-0.732	-0.85414
1.02792	-11.34013	0.43244	0.858	-0.036	0.491	-0.702	-0.81818
1.0489	-11.31401	0.42761	0.859	-0.041	0.546	-0.661	-0.7695
1.06988	-11.29212	0.41697	0.859	-0.047	0.596	-0.617	-0.71828
1.09086	-11.27657	0.40572	0.86	-0.049	0.61	-0.604	-0.70233
1.11184	-11.27027	0.37776	0.861	-0.04	0.533	-0.674	-0.78281
1.13281	-11.27798	0.29539	0.861	-0.023	0.37	-0.776	-0.90128
1.15379	-11.30507	0.19645	0.86	-0.021	0.317	-0.799	-0.92907
1.17477	-11.31952	0.10899	0.859	-0.036	0.023	-0.858	-0.99884
							--
#	BAND	=	0	0	9		--
0	-11.30434	0.10915	0.859	0.036	-0.023	0.857	0.99767
0.02098	-11.28939	0.19306	0.86	0.023	0.414	-0.753	-0.87558
0.04196	-11.26239	0.29551	0.861	0.028	0.457	-0.729	-0.84669
0.06293	-11.25488	0.37694	0.861	0.05	0.708	-0.487	-0.56562
0.08391	-11.26119	0.40492	0.86	0.057	0.786	-0.344	-0.4
0.10489	-11.27671	0.41664	0.859	0.054	0.769	-0.378	-0.44005
0.12587	-11.29855	0.42794	0.859	0.049	0.719	-0.466	-0.54249
0.14685	-11.32461	0.43107	0.858	0.043	0.661	-0.545	-0.6352
0.16782	-11.35339	0.432	0.857	0.038	0.61	-0.601	-0.70128
0.1888	-11.38378	0.4328	0.856	0.035	0.57	-0.638	-0.74533
0.20978	-11.41496	0.43556	0.856	0.032	0.54	-0.663	-0.77453
0.23076	-11.4463	0.43494	0.855	0.03	0.518	-0.679	-0.79415
0.25174	-11.47731	0.43322	0.854	0.028	0.503	-0.69	-0.80796
0.27271	-11.50761	0.43304	0.854	0.027	0.493	-0.696	-0.81499
0.29369	-11.53688	0.43176	0.853	0.027	0.487	-0.7	-0.82063
0.31467	-11.56489	0.43154	0.853	0.027	0.484	-0.701	-0.82181
0.33565	-11.59141	0.43041	0.852	0.028	0.485	-0.7	-0.8216
0.35663	-11.6163	0.43036	0.852	0.029	0.488	-0.697	-0.81808
0.3776	-11.63939	0.42816	0.851	0.03	0.495	-0.691	-0.81199
0.39858	-11.66058	0.43098	0.851	0.032	0.506	-0.683	-0.80259
0.41956	-11.67977	0.43033	0.85	0.036	0.521	-0.671	-0.78941
0.44054	-11.69688	0.4284	0.85	0.04	0.543	-0.653	-0.76824
0.46152	-11.71183	0.42955	0.85	0.046	0.573	-0.625	-0.73529
0.4825	-11.72457	0.42837	0.849	0.056	0.617	-0.581	-0.68433
0.50347	-11.73506	0.4273	0.849	0.07	0.681	-0.503	-0.59246
0.52445	-11.74326	0.4271	0.849	0.093	0.769	-0.347	-0.40872
0.54543	-11.74914	0.42548	0.849	0.125	0.839	-0.017	-0.02002
0.56641	-11.75266	0.42687	0.849	0.135	0.688	0.478	0.56302
0.58739	-11.75383	0.42719	0.849	0.105	0.362	0.76	0.89517
0.58739	-11.75383	0.42719	0.849	0.104	0.362	0.76	0.89517
0.60836	-11.75263	0.42619	0.849	0.076	0.137	0.834	0.98233
0.62934	-11.74909	0.42548	0.849	0.057	0.008	0.847	0.99764
0.65032	-11.7432	0.42625	0.849	0.046	-0.071	0.845	0.99529
0.6713	-11.735	0.42752	0.849	0.038	-0.122	0.839	0.98822
0.69228	-11.72451	0.42837	0.849	0.033	-0.159	0.834	0.98233
0.71325	-11.71177	0.42964	0.85	0.029	-0.186	0.828	0.97412
0.73423	-11.69682	0.4284	0.85	0.026	-0.208	0.824	0.96941
0.75521	-11.67971	0.43033	0.85	0.024	-0.225	0.819	0.96353
0.77619	-11.66052	0.43036	0.851	0.023	-0.24	0.816	0.95887
0.79717	-11.63933	0.42893	0.851	0.022	-0.254	0.812	0.95417
0.81814	-11.61624	0.43036	0.852	0.021	-0.267	0.808	0.94836
0.83912	-11.59136	0.43041	0.852	0.02	-0.279	0.805	0.94484
0.8601	-11.56483	0.43115	0.853	0.02	-0.291	0.801	0.93904
0.88108	-11.53683	0.43193	0.853	0.02	-0.304	0.797	0.93435
0.90206	-11.50755	0.43276	0.854	0.021	-0.318	0.792	0.9274
0.92303	-11.47726	0.43322	0.854	0.022	-0.335	0.786	0.92037
0.94401	-11.44625	0.43471	0.855	0.023	-0.354	0.778	0.90994
0.96499	-11.41491	0.43494	0.856	0.025	-0.377	0.767	0.89603
0.98597	-11.38374	0.4328	0.856	0.028	-0.407	0.753	0.87967
1.00695	-11.35336	0.43299	0.857	0.031	-0.444	0.732	0.85414
1.02792	-11.32458	0.43203	0.858	0.036	-0.491	0.702	0.81818
1.0489	-11.29852	0.42794	0.859	0.041	-0.546	0.661	0.7695
1.06988	-11.27669	0.41768	0.859	0.047	-0.596	0.617	0.71828
1.09086	-11.26117	0.40488	0.86	0.049	-0.61	0.604	0.70233
1.11184	-11.25484	0.37698	0.861	0.04	-0.533	0.674	0.78281
1.13281	-11.26234	0.29497	0.861	0.023	-0.37	0.776	0.90128
1.15379	-11.28932	0.193	0.86	0.021	-0.317	0.799	0.92907
1.17477	-11.30434	0.10915	0.859	0.036	-0.023	0.857	0.99767
							--
#	BAND	=	0	0	10		--
0	-11.27292	0.59393	0.86	0.306	0.276	-0.755	-0.87791
0.02098	-11.26771	0.57389	0.861	0.018	-0.001	-0.86	-0.99884
0.04196	-11.24988	0.48087	0.861	-0.023	-0.209	-0.835	-0.9698
0.06293	-11.22336	0.39966	0.862	-0.066	-0.856	-0.062	-0.07193
0.08391	-11.20701	0.40913	0.861	-0.056	-0.837	0.191	0.22184
0.10489	-11.20597	0.43492	0.861	-0.05	-0.795	0.324	0.37631
0.12587	-11.21621	0.44899	0.86	-0.037	-0.664	0.545	0.63372
0.14685	-11.23392	0.45351	0.859	-0.026	-0.537	0.67	0.77998
0.16782	-11.25664	0.45397	0.859	-0.018	-0.46	0.725	0.844
0.1888	-11.28262	0.45293	0.858	-0.013	-0.417	0.75	0.87413
0.20978	-11.31061	0.45258	0.857	-0.01	-0.393	0.762	0.88915
0.23076	-11.33967	0.45257	0.857	-0.007	-0.38	0.768	0.89615
0.25174	-11.36905	0.45026	0.856	-0.005	-0.374	0.77	0.89953
0.27271	-11.39821	0.44813	0.856	-0.003	-0.373	0.77	0.89953
0.29369	-11.42671	0.44595	0.855	-0.001	-0.375	0.768	0.89825
0.31467	-11.4542	0.44528	0.854	0.001	-0.38	0.765	0.89578
0.33565	-11.48039	0.44414	0.854	0.002	-0.387	0.761	0.8911
0.35663	-11.50508	0.44161	0.854	0.004	-0.397	0.755	0.88407
0.3776	-11.52808	0.44317	0.853	0.006	-0.41	0.748	0.87691
0.39858	-11.54923	0.44071	0.853	0.008	-0.427	0.738	0.86518
0.41956	-11.56843	0.43914	0.852	0.01	-0.448	0.724	0.84977
0.44054	-11.58556	0.43978	0.852	0.013	-0.477	0.706	0.82864
0.46152	-11.60055	0.43956	0.852	0.017	-0.516	0.677	0.7946
0.4825	-11.61333	0.43817	0.852	0.022	-0.571	0.631	0.74061
0.50347	-11.62385	0.43747	0.851	0.031	-0.653	0.545	0.64042
0.52445	-11.63208	0.43613	0.851	0.044	-0.767	0.367	0.43126
0.54543	-11.63797	0.43592	0.851	0.06	-0.849	-0.021	-0.02468
0.56641	-11.64153	0.43592	0.851	0.061	-0.668	-0.524	-0.61575
0.58739	-11.64274	0.43592	0.851	0.046	-0.37	-0.765	-0.89894
0.58739	-11.64274	0.43592	0.851	0.046	-0.37	-0.765	-0.89894
0.60836	-11.64157	0.43592	0.851	0.034	-0.177	-0.832	-0.97767
0.62934	-11.63805	0.43549	0.851	0.026	-0.064	-0.848	-0.99647
0.65032	-11.63217	0.43709	0.851	0.021	0.006	-0.851	-1
0.6713	-11.62395	0.43747	0.851	0.018	0.053	-0.849	-0.99765
0.69228	-11.61343	0.43755	0.851	0.015	0.087	-0.847	-0.9953
0.71325	-11.60065	0.43951	0.852	0.013	0.112	-0.844	-0.99061
0.73423	-11.58566	0.43958	0.852	0.011	0.131	-0.842	-0.98826
0.75521	-11.56853	0.44014	0.852	0.01	0.147	-0.839	-0.98474
0.77619	-11.54933	0.44102	0.853	0.008	0.16	-0.837	-0.98124
0.79717	-11.52817	0.44308	0.853	0.007	0.171	-0.836	-0.98007
0.81814	-11.50518	0.44261	0.854	0.006	0.181	-0.834	-0.97658
0.83912	-11.48048	0.44414	0.854	0.005	0.19	-0.832	-0.97424
0.8601	-11.45428	0.44528	0.854	0.004	0.198	-0.831	-0.97307
0.88108	-11.42679	0.44669	0.855	0.002	0.207	-0.829	-0.96959
0.90206	-11.39829	0.44893	0.856	0.001	0.216	-0.828	-0.96729
0.92303	-11.36913	0.45065	0.856	0	0.227	-0.825	-0.96379
0.94401	-11.33973	0.45237	0.857	-0.002	0.241	-0.822	-0.95916
0.96499	-11.31068	0.45258	0.857	-0.004	0.26	-0.817	-0.95333
0.98597	-11.28267	0.45293	0.858	-0.007	0.287	-0.808	-0.94172
1.00695	-11.25668	0.45389	0.859	-0.011	0.331	-0.792	-0.922
1.02792	-11.23395	0.45395	0.859	-0.016	0.404	-0.758	-0.88242
1.0489	-11.21622	0.44927	0.86	-0.025	0.527	-0.678	-0.78837
1.06988	-11.20597	0.43484	0.861	-0.035	0.681	-0.524	-0.60859
1.09086	-11.20701	0.40913	0.861	-0.042	0.735	-0.446	-0.518
1.11184	-11.22334	0.39905	0.862	-0.061	0.777	-0.366	-0.42459
1.13281	-11.24983	0.48013	0.861	-0.03	0.153	0.847	0.98374
1.15379	-11.26766	0.57389	0.861	0.026	0.024	0.86	0.99884
1.17477	-11.27292	0.59393	0.86	0.307	0.275	-0.755	-0.87791
							--
#	BAND	=	0	0	11		--
0	-11.25788	0.59393	0.86	-0.306	-0.276	0.755	0.87791
0.02098	-11.25241	0.57492	0.861	-0.018	0.001	0.86	0.99884
0.04196	-11.23459	0.48476	0.861	0.023	0.209	0.835	0.9698
0.06293	-11.20818	0.39723	0.862	0.066	0.856	0.062	0.07193
0.08391	-11.19176	0.40849	0.861	0.056	0.837	-0.191	-0.22184
0.10489	-11.19066	0.43489	0.861	0.05	0.795	-0.324	-0.37631
0.12587	-11.2008	0.44974	0.86	0.037	0.664	-0.545	-0.63372
0.14685	-11.21838	0.45389	0.859	0.026	0.537	-0.67	-0.77998
0.16782	-11.24098	0.4509	0.859	0.018	0.46	-0.725	-0.844
0.1888	-11.26688	0.45217	0.858	0.013	0.417	-0.75	-0.87413
0.20978	-11.29482	0.45157	0.858	0.01	0.393	-0.762	-0.88811
0.23076	-11.32385	0.45233	0.857	0.007	0.38	-0.768	-0.89615
0.25174	-11.35324	0.44983	0.856	0.005	0.374	-0.77	-0.89953
0.27271	-11.38242	0.4488	0.856	0.003	0.373	-0.77	-0.89953
0.29369	-11.41094	0.44638	0.855	0.001	0.375	-0.768	-0.89825
0.31467	-11.43847	0.44518	0.855	-0.001	0.38	-0.765	-0.89474
0.33565	-11.46471	0.44166	0.854	-0.002	0.387	-0.761	-0.8911
0.35663	-11.48946	0.44201	0.854	-0.004	0.397	-0.755	-0.88407
0.3776	-11.51251	0.4415	0.853	-0.006	0.41	-0.748	-0.87691
0.39858	-11.53372	0.44108	0.853	-0.008	0.427	-0.738	-0.86518
0.41956	-11.55298	0.43839	0.852	-0.01	0.448	-0.725	-0.85094
0.44054	-11.57018	0.43808	0.852	-0.013	0.477	-0.706	-0.82864
0.46152	-11.58523	0.43759	0.852	-0.017	0.516	-0.677	-0.7946
0.4825	-11.59807	0.43833	0.852	-0.022	0.571	-0.631	-0.74061
0.50347	-11.60866	0.43717	0.851	-0.031	0.653	-0.545	-0.64042
0.52445	-11.61693	0.43587	0.851	-0.044	0.767	-0.367	-0.43126
0.54543	-11.62286	0.43592	0.851	-0.06	0.848	0.021	0.02468
0.56641	-11.62642	0.43592	0.851	-0.061	0.668	0.524	0.61575
0.58739	-11.62759	0.43592	0.851	-0.046	0.37	0.765	0.89894
0.58739	-11.62759	0.43592	0.851	-0.046	0.37	0.765	0.89894
0.60836	-11.62637	0.43592	0.851	-0.034	0.177	0.832	0.97767
0.62934	-11.62278	0.43592	0.851	-0.026	0.064	0.848	0.99647
0.65032	-11.61684	0.43652	0.851	-0.021	-0.006	0.851	1
0.6713	-11.60856	0.43745	0.851	-0.018	-0.053	0.849	0.99765
0.69228	-11.59797	0.43817	0.852	-0.015	-0.087	0.847	0.99413
0.71325	-11.58513	0.43759	0.852	-0.013	-0.112	0.844	0.99061
0.73423	-11.57008	0.43833	0.852	-0.011	-0.131	0.842	0.98826
0.75521	-11.55288	0.43848	0.852	-0.01	-0.147	0.839	0.98474
0.77619	-11.53363	0.44128	0.853	-0.008	-0.16	0.837	0.98124
0.79717	-11.51241	0.4405	0.853	-0.007	-0.171	0.836	0.98007
0.81814	-11.48936	0.44201	0.854	-0.006	-0.181	0.834	0.97658
0.83912	-11.46462	0.44166	0.854	-0.005	-0.19	0.833	0.97541
0.8601	-11.43838	0.44495	0.855	-0.004	-0.198	0.831	0.97193
0.88108	-11.41086	0.44658	0.855	-0.002	-0.207	0.829	0.96959
0.90206	-11.38234	0.44719	0.856	-0.001	-0.216	0.828	0.96729
0.92303	-11.35316	0.44914	0.856	0	-0.227	0.825	0.96379
0.94401	-11.32378	0.45137	0.857	0.002	-0.241	0.822	0.95916
0.96499	-11.29476	0.45138	0.858	0.004	-0.26	0.817	0.95221
0.98597	-11.26683	0.45282	0.858	0.007	-0.287	0.808	0.94172
1.00695	-11.24094	0.45044	0.859	0.011	-0.331	0.792	0.922
1.02792	-11.21835	0.45193	0.859	0.016	-0.404	0.758	0.88242
1.0489	-11.20078	0.44935	0.86	0.025	-0.527	0.678	0.78837
1.06988	-11.19065	0.43455	0.861	0.035	-0.681	0.524	0.60859
1.09086	-11.19176	0.40784	0.861	0.042	-0.735	0.446	0.518
1.11184	-11.20819	0.39711	0.862	0.061	-0.777	0.366	0.42459
1.13281	-11.23464	0.48526	0.861	0.03	-0.153	-0.847	-0.98374
1.15379	-11.25246	0.57492	0.861	-0.026	-0.024	-0.86	-0.99884
1.17477	-11.25788	0.59393	0.86	-0.307	-0.275	0.755	0.87791
							--
#	BAND	=	0	0	12		--
0	-11.17043	0.68737	0.859	-0.086	-0.222	-0.825	-0.96042
0.02098	-11.16909	0.68354	0.859	-0.01	-0.042	-0.858	-0.99884
0.04196	-11.16418	0.66892	0.86	-0.007	-0.034	-0.859	-0.99884
0.06293	-11.15449	0.63389	0.86	-0.007	-0.042	-0.859	-0.99884
0.08391	-11.13918	0.57236	0.861	-0.009	-0.076	-0.858	-0.99652
0.10489	-11.1239	0.5187	0.862	-0.014	-0.17	-0.844	-0.97912
0.12587	-11.11745	0.48895	0.862	-0.038	-0.623	-0.593	-0.68794
0.14685	-11.12269	0.47662	0.861	-0.019	-0.48	0.714	0.82927
0.16782	-11.13721	0.46803	0.861	-0.006	-0.298	0.807	0.93728
0.1888	-11.15803	0.46154	0.86	-0.001	-0.256	0.821	0.95465
0.20978	-11.18296	0.45625	0.86	0.002	-0.246	0.824	0.95814
0.23076	-11.21037	0.45124	0.859	0.005	-0.248	0.823	0.95809
0.25174	-11.23907	0.446	0.859	0.007	-0.255	0.82	0.9546
0.27271	-11.26817	0.44334	0.858	0.01	-0.266	0.816	0.95105
0.29369	-11.297	0.44118	0.858	0.012	-0.279	0.811	0.94522
0.31467	-11.32506	0.4374	0.857	0.015	-0.294	0.805	0.93932
0.33565	-11.35197	0.43532	0.857	0.018	-0.31	0.798	0.93116
0.35663	-11.37743	0.43316	0.856	0.021	-0.329	0.79	0.9229
0.3776	-11.40121	0.43034	0.856	0.025	-0.35	0.78	0.91121
0.39858	-11.42313	0.42892	0.855	0.029	-0.374	0.768	0.89825
0.41956	-11.44304	0.42667	0.855	0.035	-0.404	0.753	0.8807
0.44054	-11.46083	0.42474	0.855	0.042	-0.44	0.731	0.85497
0.46152	-11.4764	0.42183	0.855	0.051	-0.488	0.699	0.81754
0.4825	-11.48968	0.42211	0.854	0.065	-0.552	0.648	0.75878
0.50347	-11.50062	0.41991	0.854	0.086	-0.643	0.556	0.65105
0.52445	-11.50916	0.4195	0.854	0.116	-0.761	0.369	0.43208
0.54543	-11.51529	0.41917	0.854	0.15	-0.84	-0.001	-0.00117
0.56641	-11.51899	0.41917	0.854	0.149	-0.702	-0.462	-0.54098
0.58739	-11.52025	0.41829	0.854	0.117	-0.448	-0.717	-0.83958
0.58739	-11.52025	0.41829	0.854	0.117	-0.448	-0.717	-0.83958
0.60836	-11.51904	0.41829	0.854	0.088	-0.262	-0.808	-0.94614
0.62934	-11.51538	0.41777	0.854	0.069	-0.147	-0.838	-0.98126
0.65032	-11.50926	0.41991	0.854	0.056	-0.072	-0.849	-0.99415
0.6713	-11.50072	0.41952	0.854	0.047	-0.022	-0.852	-0.99766
0.69228	-11.48979	0.42211	0.854	0.04	0.014	-0.853	-0.99883
0.71325	-11.47651	0.42337	0.855	0.035	0.04	-0.853	-0.99766
0.73423	-11.46094	0.42644	0.855	0.03	0.059	-0.852	-0.99649
0.75521	-11.44315	0.42828	0.855	0.027	0.074	-0.851	-0.99532
0.77619	-11.42324	0.43022	0.855	0.024	0.085	-0.851	-0.99532
0.79717	-11.40133	0.43061	0.856	0.021	0.093	-0.85	-0.99299
0.81814	-11.37754	0.43369	0.856	0.019	0.099	-0.85	-0.99299
0.83912	-11.35208	0.43532	0.857	0.017	0.104	-0.85	-0.99183
0.8601	-11.32517	0.43904	0.857	0.015	0.107	-0.85	-0.99183
0.88108	-11.29711	0.44118	0.858	0.013	0.11	-0.85	-0.99068
0.90206	-11.26827	0.44495	0.858	0.011	0.111	-0.851	-0.99184
0.92303	-11.23917	0.447	0.859	0.009	0.113	-0.851	-0.99069
0.94401	-11.21047	0.45124	0.859	0.007	0.114	-0.851	-0.99069
0.96499	-11.18305	0.45625	0.86	0.005	0.118	-0.851	-0.98953
0.98597	-11.15811	0.46111	0.86	0.002	0.126	-0.851	-0.98953
1.00695	-11.13727	0.46803	0.861	-0.001	0.15	-0.848	-0.9849
1.02792	-11.12273	0.47596	0.862	-0.01	0.243	-0.826	-0.95824
1.0489	-11.11737	0.48895	0.862	-0.049	0.638	0.576	0.66821
1.06988	-11.12385	0.5187	0.862	-0.013	0.106	0.855	0.99188
1.09086	-11.13914	0.57236	0.861	-0.009	0.043	0.86	0.99884
1.11184	-11.15445	0.63389	0.86	-0.007	0.024	0.86	1
1.13281	-11.16413	0.66892	0.86	-0.007	0.015	0.859	0.99884
1.15379	-11.16903	0.68354	0.859	-0.013	-0.005	0.859	1
1.17477	-11.17043	0.68737	0.859	-0.086	-0.222	-0.825	-0.96042
							--
#	BAND	=	0	0	13		--
0	-11.15536	0.68737	0.859	0.086	0.222	0.825	0.96042
0.02098	-11.15349	0.68465	0.859	0.01	0.042	0.858	0.99884
0.04196	-11.14812	0.6713	0.86	0.007	0.034	0.859	0.99884
0.06293	-11.13815	0.63597	0.86	0.007	0.042	0.859	0.99884
0.08391	-11.12286	0.57724	0.861	0.009	0.076	0.858	0.99652
0.10489	-11.10796	0.52619	0.862	0.014	0.17	0.844	0.97912
0.12587	-11.10211	0.491	0.862	0.038	0.623	0.593	0.68794
0.14685	-11.10717	0.47486	0.862	0.019	0.48	-0.715	-0.82947
0.16782	-11.12129	0.46743	0.861	0.006	0.298	-0.808	-0.93844
0.1888	-11.14189	0.46175	0.861	0.001	0.256	-0.821	-0.95354
0.20978	-11.16673	0.45532	0.86	-0.002	0.246	-0.824	-0.95814
0.23076	-11.19414	0.4508	0.86	-0.005	0.248	-0.823	-0.95698
0.25174	-11.22288	0.44773	0.859	-0.007	0.255	-0.82	-0.9546
0.27271	-11.25204	0.44494	0.858	-0.01	0.266	-0.816	-0.95105
0.29369	-11.28095	0.44159	0.858	-0.012	0.279	-0.811	-0.94522
0.31467	-11.3091	0.44021	0.857	-0.015	0.294	-0.805	-0.93932
0.33565	-11.3361	0.43596	0.857	-0.018	0.31	-0.798	-0.93116
0.35663	-11.36165	0.434	0.856	-0.021	0.329	-0.79	-0.9229
0.3776	-11.38552	0.43122	0.856	-0.025	0.35	-0.781	-0.91238
0.39858	-11.40752	0.4304	0.856	-0.029	0.374	-0.768	-0.8972
0.41956	-11.42751	0.42669	0.855	-0.035	0.404	-0.753	-0.8807
0.44054	-11.44538	0.42468	0.855	-0.042	0.44	-0.731	-0.85497
0.46152	-11.46103	0.42457	0.855	-0.051	0.488	-0.699	-0.81754
0.4825	-11.47438	0.42037	0.854	-0.065	0.553	-0.648	-0.75878
0.50347	-11.48539	0.41983	0.854	-0.086	0.643	-0.556	-0.65105
0.52445	-11.49399	0.41901	0.854	-0.116	0.761	-0.369	-0.43208
0.54543	-11.50016	0.41917	0.854	-0.15	0.84	0.001	0.00117
0.56641	-11.50386	0.4199	0.854	-0.149	0.702	0.462	0.54098
0.58739	-11.50507	0.41905	0.854	-0.117	0.448	0.717	0.83958
0.58739	-11.50507	0.41905	0.854	-0.117	0.448	0.717	0.83958
0.60836	-11.50381	0.41905	0.854	-0.088	0.262	0.808	0.94614
0.62934	-11.50008	0.41943	0.854	-0.069	0.147	0.838	0.98126
0.65032	-11.49389	0.41943	0.854	-0.056	0.072	0.849	0.99415
0.6713	-11.48528	0.41907	0.854	-0.047	0.022	0.852	0.99766
0.69228	-11.47427	0.42229	0.854	-0.04	-0.014	0.853	0.99883
0.71325	-11.46091	0.42531	0.855	-0.035	-0.04	0.853	0.99766
0.73423	-11.44526	0.42556	0.855	-0.03	-0.059	0.852	0.99649
0.75521	-11.4274	0.42689	0.855	-0.027	-0.074	0.851	0.99532
0.77619	-11.4074	0.42913	0.856	-0.024	-0.085	0.851	0.99416
0.79717	-11.3854	0.431	0.856	-0.021	-0.093	0.85	0.99299
0.81814	-11.36154	0.43343	0.856	-0.019	-0.099	0.85	0.99299
0.83912	-11.33599	0.43666	0.857	-0.017	-0.104	0.85	0.99183
0.8601	-11.30899	0.43921	0.857	-0.015	-0.107	0.85	0.99183
0.88108	-11.28085	0.44109	0.858	-0.013	-0.11	0.85	0.99068
0.90206	-11.25194	0.44494	0.858	-0.011	-0.111	0.851	0.99184
0.92303	-11.22278	0.44673	0.859	-0.009	-0.113	0.851	0.99069
0.94401	-11.19405	0.45023	0.86	-0.007	-0.114	0.852	0.9907
0.96499	-11.16665	0.45481	0.86	-0.005	-0.118	0.852	0.9907
0.98597	-11.14182	0.46175	0.861	-0.002	-0.127	0.851	0.98839
1.00695	-11.12123	0.46681	0.861	0.001	-0.15	0.848	0.9849
1.02792	-11.10714	0.4747	0.862	0.01	-0.244	0.826	0.95824
1.0489	-11.10218	0.491	0.862	0.049	-0.638	-0.576	-0.66821
1.06988	-11.10801	0.52619	0.862	0.013	-0.106	-0.855	-0.99188
1.09086	-11.1229	0.57628	0.861	0.009	-0.043	-0.86	-0.99884
1.11184	-11.13819	0.63597	0.86	0.007	-0.024	-0.86	-1
1.13281	-11.14817	0.6713	0.86	0.007	-0.015	-0.859	-0.99884
1.15379	-11.15355	0.68465	0.859	0.013	0.005	-0.859	-1
1.17477	-11.15536	0.68737	0.859	0.086	0.222	0.825	0.96042
							--
#	BAND	=	0	0	14		--
0	-11.04329	0.03854	0.867	-0.291	0.716	-0.391	-0.45098
0.02098	-11.04291	0.03999	0.867	-0.009	0.051	0.865	0.99769
0.04196	-11.03864	0.04498	0.867	-0.004	0.037	0.866	0.99885
0.06293	-11.03042	0.05458	0.867	-0.002	0.029	0.866	0.99885
0.08391	-11.01821	0.07217	0.866	-0.001	0.022	0.866	1
0.10489	-11.00292	0.12941	0.866	-0.001	0.015	0.865	0.99885
0.12587	-10.99145	0.29598	0.865	-0.002	0	0.864	0.99884
0.14685	-10.99081	0.39999	0.864	-0.003	-0.02	0.863	0.99884
0.16782	-11.00073	0.43367	0.864	-0.002	-0.038	0.862	0.99769
0.1888	-11.01963	0.44339	0.863	0	-0.055	0.861	0.99768
0.20978	-11.04519	0.44445	0.863	0.001	-0.072	0.86	0.99652
0.23076	-11.07496	0.44728	0.863	0.002	-0.088	0.858	0.99421
0.25174	-11.10692	0.44684	0.862	0.003	-0.103	0.856	0.99304
0.27271	-11.13963	0.44735	0.862	0.005	-0.118	0.853	0.98956
0.29369	-11.17209	0.44569	0.862	0.006	-0.133	0.851	0.98724
0.31467	-11.20362	0.44472	0.861	0.008	-0.147	0.848	0.9849
0.33565	-11.23374	0.44456	0.861	0.01	-0.162	0.845	0.98142
0.35663	-11.26212	0.44575	0.86	0.012	-0.178	0.841	0.97791
0.3776	-11.28852	0.4468	0.86	0.015	-0.195	0.837	0.97326
0.39858	-11.31275	0.44882	0.859	0.018	-0.215	0.832	0.96857
0.41956	-11.33469	0.44827	0.859	0.022	-0.239	0.825	0.96042
0.44054	-11.35423	0.45113	0.859	0.027	-0.269	0.815	0.94878
0.46152	-11.37128	0.45096	0.859	0.034	-0.308	0.8	0.93132
0.4825	-11.38581	0.45199	0.858	0.045	-0.365	0.775	0.90326
0.50347	-11.39774	0.45267	0.858	0.061	-0.455	0.725	0.84499
0.52445	-11.40705	0.45382	0.858	0.09	-0.606	0.6	0.6993
0.54543	-11.41371	0.4524	0.858	0.134	-0.815	0.229	0.2669
0.56641	-11.41774	0.45277	0.858	0.136	-0.734	-0.422	-0.49184
0.58739	-11.41911	0.45301	0.858	0.093	-0.443	-0.728	-0.84848
0.58739	-11.41911	0.45301	0.858	0.093	-0.443	-0.728	-0.84848
0.60836	-11.4178	0.45301	0.858	0.065	-0.268	-0.812	-0.94639
0.62934	-11.41381	0.45279	0.858	0.048	-0.171	-0.839	-0.97786
0.65032	-11.40716	0.45305	0.858	0.038	-0.111	-0.85	-0.99068
0.6713	-11.39786	0.45287	0.858	0.031	-0.072	-0.854	-0.99534
0.69228	-11.38593	0.45216	0.858	0.026	-0.044	-0.857	-0.99883
0.71325	-11.37141	0.45019	0.859	0.022	-0.023	-0.858	-0.99884
0.73423	-11.35435	0.45052	0.859	0.019	-0.007	-0.858	-0.99884
0.75521	-11.33481	0.44674	0.859	0.016	0.006	-0.859	-1
0.77619	-11.31287	0.44607	0.859	0.014	0.016	-0.859	-1
0.79717	-11.28864	0.44669	0.86	0.012	0.024	-0.859	-0.99884
0.81814	-11.26224	0.44502	0.86	0.01	0.03	-0.859	-0.99884
0.83912	-11.23386	0.44372	0.861	0.009	0.034	-0.86	-0.99884
0.8601	-11.20374	0.4458	0.861	0.007	0.037	-0.86	-0.99884
0.88108	-11.17222	0.44681	0.862	0.006	0.039	-0.86	-0.99768
0.90206	-11.13976	0.44751	0.862	0.005	0.039	-0.861	-0.99884
0.92303	-11.10704	0.44684	0.862	0.003	0.038	-0.861	-0.99884
0.94401	-11.07508	0.4464	0.863	0.002	0.035	-0.862	-0.99884
0.96499	-11.04531	0.44488	0.863	0.001	0.031	-0.862	-0.99884
0.98597	-11.01974	0.44439	0.863	0	0.024	-0.863	-1
1.00695	-11.00082	0.43367	0.864	-0.002	0.017	-0.863	-0.99884
1.02792	-10.99088	0.40049	0.864	-0.003	0.008	-0.863	-0.99884
1.0489	-10.99148	0.29643	0.865	-0.002	-0.001	-0.864	-0.99884
1.06988	-11.00293	0.12941	0.866	-0.002	-0.008	-0.866	-1
1.09086	-11.01823	0.07217	0.866	-0.002	-0.011	-0.866	-1
1.11184	-11.03045	0.05458	0.867	-0.003	-0.013	-0.866	-0.99885
1.13281	-11.03868	0.04498	0.867	-0.004	-0.013	-0.866	-0.99885
1.15379	-11.04296	0.03999	0.867	-0.009	-0.003	-0.866	-0.99885
1.17477	-11.04329	0.03854	0.867	-0.291	0.716	-0.391	-0.45098
							--
#	BAND	=	0	0	15		--
0	-11.02818	0.03854	0.867	0.291	-0.716	0.391	0.45098
0.02098	-11.0246	0.04019	0.867	0.009	-0.051	-0.865	-0.99769
0.04196	-11.01699	0.04498	0.867	0.004	-0.037	-0.866	-0.99885
0.06293	-11.00549	0.05421	0.868	0.002	-0.029	-0.867	-0.99885
0.08391	-10.99014	0.0744	0.868	0.001	-0.022	-0.867	-0.99885
0.10489	-10.97474	0.3403	0.865	0	-0.017	-0.864	-0.99884
0.12587	-10.96848	0.49587	0.863	0.002	0	-0.863	-1
0.14685	-10.97035	0.49888	0.863	0.003	0.02	-0.863	-1
0.16782	-10.98137	0.48823	0.864	0.002	0.038	-0.862	-0.99769
0.1888	-11.00103	0.47756	0.864	0	0.055	-0.861	-0.99653
0.20978	-11.0272	0.46952	0.863	-0.001	0.072	-0.86	-0.99652
0.23076	-11.05746	0.46236	0.863	-0.002	0.088	-0.858	-0.99421
0.25174	-11.08983	0.46079	0.863	-0.003	0.103	-0.856	-0.99189
0.27271	-11.12286	0.45696	0.862	-0.005	0.118	-0.854	-0.99072
0.29369	-11.15558	0.45449	0.862	-0.006	0.133	-0.851	-0.98724
0.31467	-11.18731	0.45216	0.861	-0.008	0.147	-0.848	-0.9849
0.33565	-11.21761	0.45021	0.861	-0.01	0.162	-0.845	-0.98142
0.35663	-11.24615	0.45169	0.86	-0.012	0.178	-0.841	-0.97791
0.3776	-11.27268	0.45127	0.86	-0.015	0.195	-0.837	-0.97326
0.39858	-11.29703	0.45247	0.86	-0.018	0.215	-0.832	-0.96744
0.41956	-11.31908	0.45064	0.859	-0.022	0.239	-0.825	-0.96042
0.44054	-11.33872	0.45297	0.859	-0.027	0.269	-0.815	-0.94878
0.46152	-11.35588	0.4517	0.859	-0.034	0.308	-0.8	-0.93132
0.4825	-11.37049	0.45208	0.858	-0.045	0.366	-0.775	-0.90326
0.50347	-11.3825	0.45393	0.858	-0.061	0.455	-0.725	-0.84499
0.52445	-11.39188	0.4545	0.858	-0.09	0.606	-0.6	-0.6993
0.54543	-11.3986	0.45305	0.858	-0.134	0.815	-0.229	-0.2669
0.56641	-11.40263	0.45301	0.858	-0.136	0.734	0.422	0.49184
0.58739	-11.40395	0.45323	0.858	-0.093	0.443	0.728	0.84848
0.58739	-11.40395	0.45323	0.858	-0.093	0.443	0.728	0.84848
0.60836	-11.40257	0.45399	0.858	-0.065	0.268	0.812	0.94639
0.62934	-11.3985	0.45342	0.858	-0.048	0.171	0.839	0.97786
0.65032	-11.39177	0.45483	0.858	-0.038	0.111	0.85	0.99068
0.6713	-11.38238	0.4547	0.858	-0.031	0.072	0.854	0.99534
0.69228	-11.37036	0.45265	0.858	-0.026	0.044	0.857	0.99883
0.71325	-11.35575	0.45297	0.859	-0.022	0.023	0.858	0.99884
0.73423	-11.3386	0.45313	0.859	-0.019	0.006	0.858	0.99884
0.75521	-11.31896	0.45126	0.859	-0.016	-0.006	0.859	1
0.77619	-11.29691	0.45247	0.86	-0.014	-0.016	0.859	0.99884
0.79717	-11.27255	0.45246	0.86	-0.012	-0.024	0.859	0.99884
0.81814	-11.24602	0.45127	0.86	-0.01	-0.03	0.859	0.99884
0.83912	-11.21749	0.45055	0.861	-0.009	-0.034	0.86	0.99884
0.8601	-11.18719	0.45473	0.861	-0.007	-0.037	0.86	0.99884
0.88108	-11.15545	0.45422	0.862	-0.006	-0.039	0.86	0.99768
0.90206	-11.12273	0.457	0.862	-0.005	-0.039	0.861	0.99884
0.92303	-11.0897	0.45978	0.863	-0.003	-0.038	0.861	0.99768
0.94401	-11.05734	0.46263	0.863	-0.002	-0.035	0.862	0.99884
0.96499	-11.02708	0.4704	0.863	-0.001	-0.031	0.862	0.99884
0.98597	-11.00091	0.47756	0.864	0	-0.024	0.863	0.99884
1.00695	-10.98126	0.48674	0.864	0.002	-0.017	0.863	0.99884
1.02792	-10.97025	0.49822	0.863	0.003	-0.008	0.863	1
1.0489	-10.96841	0.49491	0.863	0.002	0.001	0.863	1
1.06988	-10.97471	0.33559	0.865	0.001	0.007	0.865	1
1.09086	-10.99012	0.0744	0.868	0.002	0.011	0.868	1
1.11184	-11.00546	0.05421	0.868	0.003	0.013	0.867	0.99885
1.13281	-11.01696	0.04498	0.867	0.004	0.013	0.867	1
1.15379	-11.02455	0.04011	0.867	0.009	0.003	0.867	1
1.17477	-11.02818	0.03854	0.867	0.291	-0.716	0.391	0.45098
							--
#	BAND	=	0	0	16		--
0	-11.01155	0.78599	0.857	-0.543	-0.503	0.432	0.50408
0.02098	-11.01041	0.78429	0.857	-0.207	-0.269	-0.787	-0.91832
0.04196	-11.00689	0.77575	0.858	-0.082	-0.144	-0.841	-0.98019
0.06293	-11.00104	0.76447	0.858	-0.04	-0.094	-0.852	-0.99301
0.08391	-10.99293	0.73925	0.859	-0.021	-0.065	-0.856	-0.99651
0.10489	-10.979	0.47173	0.864	-0.024	-0.073	-0.859	-0.99421
0.12587	-10.9573	0.53247	0.863	-0.003	0.006	0.863	1
0.14685	-10.9278	0.44045	0.865	-0.001	0.003	0.865	1
0.16782	-10.897	0.43948	0.865	0	-0.003	0.865	1
0.1888	-10.87407	0.49408	0.865	0.001	-0.008	0.864	0.99884
0.20978	-10.869	0.58779	0.863	0.003	-0.014	0.863	1
0.23076	-10.88359	0.66288	0.862	0.005	-0.022	0.861	0.99884
0.25174	-10.90956	0.69934	0.861	0.007	-0.03	0.86	0.99884
0.27271	-10.93997	0.71873	0.86	0.009	-0.038	0.859	0.99884
0.29369	-10.97143	0.73211	0.859	0.012	-0.045	0.858	0.99884
0.31467	-11.00242	0.74173	0.859	0.014	-0.053	0.857	0.99767
0.33565	-11.03213	0.74647	0.858	0.017	-0.062	0.855	0.9965
0.35663	-11.06012	0.75094	0.857	0.02	-0.071	0.854	0.9965
0.3776	-11.08612	0.75464	0.857	0.024	-0.081	0.852	0.99417
0.39858	-11.10994	0.7564	0.856	0.028	-0.093	0.851	0.99416
0.41956	-11.13145	0.75597	0.856	0.034	-0.107	0.848	0.99065
0.44054	-11.15057	0.76053	0.856	0.041	-0.125	0.845	0.98715
0.46152	-11.16722	0.75906	0.855	0.051	-0.15	0.84	0.98246
0.4825	-11.18135	0.76033	0.855	0.065	-0.185	0.832	0.9731
0.50347	-11.19291	0.7599	0.855	0.088	-0.242	0.815	0.95322
0.52445	-11.20189	0.76194	0.855	0.131	-0.347	0.77	0.90058
0.54543	-11.20829	0.76159	0.855	0.226	-0.576	0.589	0.68889
0.56641	-11.21217	0.76312	0.855	0.314	-0.771	-0.19	-0.22222
0.58739	-11.21365	0.76312	0.854	0.187	-0.44	-0.708	-0.82904
0.58739	-11.21365	0.76312	0.854	0.187	-0.44	-0.708	-0.82904
0.60836	-11.21255	0.76362	0.854	0.116	-0.261	-0.805	-0.94262
0.62934	-11.20882	0.76159	0.855	0.082	-0.176	-0.832	-0.9731
0.65032	-11.20247	0.76098	0.855	0.063	-0.128	-0.842	-0.9848
0.6713	-11.19349	0.75971	0.855	0.05	-0.098	-0.847	-0.99064
0.69228	-11.18193	0.76033	0.855	0.042	-0.077	-0.85	-0.99415
0.71325	-11.1678	0.7581	0.855	0.035	-0.061	-0.852	-0.99649
0.73423	-11.15114	0.75957	0.856	0.03	-0.049	-0.854	-0.99766
0.75521	-11.13202	0.75724	0.856	0.026	-0.04	-0.854	-0.99766
0.77619	-11.1105	0.75544	0.857	0.023	-0.032	-0.855	-0.99767
0.79717	-11.08667	0.75368	0.857	0.02	-0.025	-0.856	-0.99883
0.81814	-11.06067	0.74998	0.858	0.017	-0.02	-0.857	-0.99883
0.83912	-11.03267	0.74647	0.858	0.015	-0.015	-0.858	-1
0.8601	-11.00294	0.74273	0.859	0.013	-0.011	-0.858	-0.99884
0.88108	-10.97194	0.73215	0.859	0.011	-0.007	-0.859	-1
0.90206	-10.94044	0.71938	0.86	0.009	-0.004	-0.86	-1
0.92303	-10.91001	0.69999	0.861	0.007	-0.002	-0.861	-1
0.94401	-10.88397	0.66192	0.862	0.005	0	-0.862	-1
0.96499	-10.86928	0.58859	0.863	0.003	0.002	-0.863	-1
0.98597	-10.87424	0.49413	0.865	0.001	0.001	-0.864	-0.99884
1.00695	-10.89712	0.43987	0.865	0	0	-0.865	-1
1.02792	-10.92788	0.4398	0.865	-0.001	-0.004	-0.865	-1
1.0489	-10.95739	0.53267	0.863	-0.003	-0.009	-0.863	-1
1.06988	-10.97895	0.47333	0.863	-0.027	-0.01	0.863	1
1.09086	-10.9929	0.73925	0.859	-0.021	0.001	0.859	1
1.11184	-11.00106	0.76447	0.858	-0.04	-0.006	0.857	0.99883
1.13281	-11.00694	0.77575	0.858	-0.075	-0.029	0.854	0.99534
1.15379	-11.01047	0.78345	0.857	-0.159	-0.1	0.836	0.9755
1.17477	-11.01155	0.78599	0.857	-0.543	-0.503	0.432	0.50408
							--
#	BAND	=	0	0	17		--
0	-10.99637	0.78687	0.857	0.543	0.503	-0.432	-0.50408
0.02098	-10.99496	0.78464	0.857	0.207	0.269	0.787	0.91832
0.04196	-10.99085	0.77725	0.858	0.082	0.144	0.841	0.98019
0.06293	-10.98422	0.76704	0.859	0.04	0.094	0.852	0.99185
0.08391	-10.97512	0.74432	0.859	0.021	0.065	0.856	0.99651
0.10489	-10.96274	0.68893	0.861	0.025	0.076	0.857	0.99535
0.12587	-10.93703	0.3159	0.866	0.003	-0.005	-0.866	-1
0.14685	-10.90339	0.31888	0.867	0.001	-0.002	-0.867	-1
0.16782	-10.86875	0.35147	0.868	0	0.003	-0.868	-1
0.1888	-10.84099	0.4308	0.868	-0.001	0.008	-0.867	-0.99885
0.20978	-10.83333	0.5651	0.866	-0.003	0.014	-0.866	-1
0.23076	-10.85026	0.66435	0.864	-0.005	0.022	-0.863	-0.99884
0.25174	-10.87961	0.7082	0.862	-0.007	0.03	-0.862	-1
0.27271	-10.91269	0.72797	0.861	-0.009	0.038	-0.86	-0.99884
0.29369	-10.94617	0.73822	0.86	-0.012	0.046	-0.859	-0.99884
0.31467	-10.97871	0.74642	0.86	-0.014	0.053	-0.858	-0.99767
0.33565	-11.00968	0.75018	0.859	-0.017	0.062	-0.856	-0.99651
0.35663	-11.03872	0.75244	0.858	-0.02	0.071	-0.855	-0.9965
0.3776	-11.06562	0.75472	0.857	-0.024	0.081	-0.853	-0.99533
0.39858	-11.09024	0.75733	0.857	-0.028	0.093	-0.851	-0.993
0.41956	-11.11247	0.75859	0.856	-0.034	0.107	-0.849	-0.99182
0.44054	-11.13225	0.7611	0.856	-0.041	0.125	-0.845	-0.98715
0.46152	-11.14952	0.76102	0.856	-0.051	0.15	-0.841	-0.98248
0.4825	-11.16423	0.76075	0.855	-0.065	0.185	-0.832	-0.9731
0.50347	-11.17634	0.76359	0.855	-0.088	0.242	-0.815	-0.95322
0.52445	-11.18584	0.76266	0.855	-0.131	0.347	-0.77	-0.90058
0.54543	-11.19267	0.76362	0.855	-0.226	0.576	-0.589	-0.68889
0.56641	-11.19673	0.76408	0.854	-0.314	0.771	0.19	0.22248
0.58739	-11.19791	0.76408	0.854	-0.187	0.44	0.708	0.82904
0.58739	-11.19791	0.76408	0.854	-0.187	0.44	0.708	0.82904
0.60836	-11.19635	0.76408	0.854	-0.116	0.261	0.805	0.94262
0.62934	-11.19213	0.76408	0.855	-0.082	0.176	0.832	0.9731
0.65032	-11.18526	0.76274	0.855	-0.063	0.128	0.843	0.98596
0.6713	-11.17575	0.76313	0.855	-0.05	0.098	0.848	0.99181
0.69228	-11.16363	0.76171	0.855	-0.042	0.077	0.851	0.99532
0.71325	-11.14892	0.76071	0.856	-0.035	0.061	0.852	0.99533
0.73423	-11.13166	0.76037	0.856	-0.03	0.049	0.854	0.99766
0.75521	-11.11188	0.75878	0.856	-0.026	0.039	0.855	0.99883
0.77619	-11.08965	0.75829	0.857	-0.023	0.032	0.856	0.99883
0.79717	-11.06504	0.75506	0.857	-0.02	0.025	0.857	1
0.81814	-11.03814	0.75163	0.858	-0.017	0.02	0.857	0.99883
0.83912	-11.00911	0.75114	0.859	-0.015	0.015	0.858	0.99884
0.8601	-10.97815	0.7465	0.859	-0.013	0.011	0.859	1
0.88108	-10.94563	0.73918	0.86	-0.011	0.007	0.86	1
0.90206	-10.91217	0.72632	0.861	-0.009	0.004	0.861	1
0.92303	-10.87913	0.70816	0.862	-0.007	0.002	0.862	1
0.94401	-10.84984	0.66531	0.864	-0.005	-0.001	0.864	1
0.96499	-10.83304	0.56448	0.866	-0.003	-0.002	0.866	1
0.98597	-10.84084	0.42946	0.868	-0.001	-0.001	0.867	0.99885
1.00695	-10.86867	0.35142	0.868	0	0	0.868	1
1.02792	-10.90335	0.31856	0.867	0.001	0.004	0.867	1
1.0489	-10.93699	0.31586	0.866	0.003	0.009	0.866	1
1.06988	-10.96282	0.68893	0.861	0.028	0.01	-0.86	-0.99884
1.09086	-10.97516	0.74432	0.859	0.021	-0.001	-0.859	-1
1.11184	-10.98422	0.76608	0.859	0.04	0.006	-0.857	-0.99767
1.13281	-10.99081	0.77725	0.858	0.075	0.029	-0.854	-0.99534
1.15379	-10.99489	0.78464	0.857	0.159	0.1	-0.836	-0.9755
1.17477	-10.99637	0.78687	0.857	0.543	0.503	-0.432	-0.50408
							--
#	BAND	=	0	0	18		--
0	-10.34396	0.21223	0.878	-0.523	-0.621	-0.331	-0.37699
0.02098	-10.38199	0.26251	0.878	-0.032	-0.242	-0.842	-0.959
0.04196	-10.43366	0.29806	0.877	-0.044	-0.364	-0.796	-0.90764
0.06293	-10.48445	0.32448	0.876	-0.088	-0.69	0.531	0.60616
0.08391	-10.53232	0.35034	0.875	-0.012	-0.107	0.868	0.992
0.10489	-10.57596	0.37951	0.874	0.001	-0.047	0.872	0.99771
0.12587	-10.615	0.42042	0.873	0.02	-0.079	0.868	0.99427
0.14685	-10.65035	0.49478	0.871	0.04	-0.129	-0.86	-0.98737
0.16782	-10.68325	0.52872	0.869	0.011	-0.031	-0.868	-0.99885
0.1888	-10.70793	0.50033	0.869	0.005	-0.011	-0.868	-0.99885
0.20978	-10.71194	0.39768	0.869	0.002	-0.001	-0.869	-1
0.23076	-10.6909	0.31731	0.871	0.001	0.004	-0.87	-0.99885
0.25174	-10.65698	0.28747	0.872	0	0.006	-0.871	-0.99885
0.27271	-10.61892	0.27747	0.873	-0.001	0.008	-0.872	-0.99885
0.29369	-10.58012	0.26971	0.873	-0.001	0.009	-0.873	-1
0.31467	-10.54203	0.26422	0.874	-0.002	0.01	-0.874	-1
0.33565	-10.50539	0.26209	0.875	-0.002	0.01	-0.874	-0.99886
0.35663	-10.47066	0.25904	0.875	-0.002	0.01	-0.875	-1
0.3776	-10.43815	0.25804	0.876	-0.003	0.01	-0.875	-0.99886
0.39858	-10.40812	0.25434	0.876	-0.003	0.01	-0.875	-0.99886
0.41956	-10.38078	0.25306	0.876	-0.004	0.01	-0.876	-1
0.44054	-10.35627	0.25193	0.877	-0.005	0.01	-0.876	-0.99886
0.46152	-10.33475	0.24972	0.877	-0.005	0.01	-0.876	-0.99886
0.4825	-10.31632	0.24929	0.877	-0.007	0.01	-0.877	-1
0.50347	-10.30108	0.24876	0.877	-0.008	0.011	-0.877	-1
0.52445	-10.2891	0.24904	0.878	-0.011	0.011	-0.877	-0.99886
0.54543	-10.28045	0.24758	0.878	-0.017	0.012	-0.877	-0.99886
0.56641	-10.27517	0.24789	0.878	-0.033	0.016	-0.876	-0.99772
0.58739	-10.27328	0.2477	0.878	-0.39	0.097	-0.78	-0.88838
0.58739	-10.27328	0.2477	0.878	-0.39	0.097	-0.78	-0.88838
0.60836	-10.27514	0.24789	0.878	-0.04	0.001	0.876	0.99772
0.62934	-10.28042	0.24758	0.878	-0.02	-0.004	0.877	0.99886
0.65032	-10.28907	0.24896	0.878	-0.013	-0.006	0.877	0.99886
0.6713	-10.30105	0.24876	0.877	-0.01	-0.007	0.877	1
0.69228	-10.31629	0.24924	0.877	-0.008	-0.007	0.877	1
0.71325	-10.33472	0.24972	0.877	-0.006	-0.008	0.876	0.99886
0.73423	-10.35624	0.25193	0.877	-0.006	-0.008	0.876	0.99886
0.75521	-10.38074	0.25306	0.876	-0.005	-0.009	0.876	1
0.77619	-10.40809	0.25434	0.876	-0.004	-0.009	0.875	0.99886
0.79717	-10.43812	0.25804	0.876	-0.004	-0.01	0.875	0.99886
0.81814	-10.47062	0.25904	0.875	-0.003	-0.01	0.875	1
0.83912	-10.50535	0.26209	0.875	-0.003	-0.01	0.874	0.99886
0.8601	-10.542	0.26422	0.874	-0.002	-0.01	0.874	1
0.88108	-10.58008	0.26971	0.873	-0.002	-0.011	0.873	1
0.90206	-10.61887	0.27747	0.873	-0.001	-0.011	0.872	0.99885
0.92303	-10.65691	0.28822	0.872	0	-0.01	0.871	0.99885
0.94401	-10.69079	0.31762	0.871	0	-0.01	0.87	0.99885
0.96499	-10.71175	0.39799	0.869	0.002	-0.011	0.869	1
0.98597	-10.70765	0.50163	0.869	0.005	-0.013	0.868	0.99885
1.00695	-10.68297	0.52834	0.869	0.012	-0.023	0.868	0.99885
1.02792	-10.65014	0.49394	0.871	0.077	-0.154	0.853	0.97933
1.0489	-10.61511	0.42226	0.873	0.015	-0.047	-0.871	-0.99771
1.06988	-10.57604	0.38051	0.874	0.002	-0.022	-0.873	-0.99886
1.09086	-10.53237	0.35034	0.875	-0.007	0.012	-0.874	-0.99886
1.11184	-10.48449	0.32506	0.876	-0.039	0.217	-0.847	-0.96689
1.13281	-10.43361	0.29806	0.877	-0.051	0.406	0.775	0.88369
1.15379	-10.38194	0.26251	0.878	-0.028	0.229	0.846	0.96355
1.17477	-10.34396	0.21223	0.878	-0.523	-0.621	-0.331	-0.37699
							--
#	BAND	=	0	0	19		--
0	-10.32891	0.21223	0.878	0.523	0.621	0.331	0.37699
0.02098	-10.36646	0.26514	0.878	0.032	0.242	0.842	0.959
0.04196	-10.41839	0.29845	0.877	0.044	0.364	0.796	0.90764
0.06293	-10.46935	0.32513	0.876	0.088	0.69	-0.531	-0.60616
0.08391	-10.51688	0.35188	0.875	0.012	0.107	-0.868	-0.992
0.10489	-10.56018	0.38779	0.874	-0.001	0.047	-0.872	-0.99771
0.12587	-10.59931	0.43653	0.873	-0.02	0.079	-0.868	-0.99427
0.14685	-10.63456	0.46188	0.871	-0.04	0.129	0.86	0.98737
0.16782	-10.66379	0.48347	0.871	-0.011	0.031	0.87	0.99885
0.1888	-10.68283	0.4583	0.87	-0.005	0.011	0.87	1
0.20978	-10.68317	0.38951	0.871	-0.002	0.001	0.871	1
0.23076	-10.66343	0.33135	0.872	-0.001	-0.004	0.872	1
0.25174	-10.63197	0.30355	0.873	0	-0.006	0.873	1
0.27271	-10.59579	0.29003	0.874	0.001	-0.008	0.873	0.99886
0.29369	-10.55832	0.28211	0.874	0.001	-0.009	0.874	1
0.31467	-10.52119	0.27739	0.875	0.002	-0.01	0.874	0.99886
0.33565	-10.48528	0.2723	0.875	0.002	-0.01	0.875	1
0.35663	-10.45114	0.2699	0.876	0.002	-0.01	0.875	0.99886
0.3776	-10.41914	0.26537	0.876	0.003	-0.01	0.876	1
0.39858	-10.38957	0.263	0.876	0.003	-0.01	0.876	1
0.41956	-10.36264	0.2599	0.877	0.004	-0.01	0.876	0.99886
0.44054	-10.33853	0.25801	0.877	0.005	-0.01	0.876	0.99886
0.46152	-10.3174	0.25534	0.877	0.005	-0.01	0.877	1
0.4825	-10.29935	0.25313	0.877	0.007	-0.01	0.877	1
0.50347	-10.2845	0.25135	0.878	0.008	-0.011	0.877	0.99886
0.52445	-10.27291	0.24986	0.878	0.011	-0.011	0.877	0.99886
0.54543	-10.26464	0.24988	0.878	0.017	-0.012	0.877	0.99886
0.56641	-10.25975	0.24907	0.878	0.033	-0.016	0.876	0.99772
0.58739	-10.25824	0.2477	0.878	0.39	-0.097	0.78	0.88838
0.58739	-10.25824	0.2477	0.878	0.39	-0.097	0.78	0.88838
0.60836	-10.25978	0.24907	0.878	0.04	-0.001	-0.876	-0.99772
0.62934	-10.26468	0.24961	0.878	0.02	0.004	-0.877	-0.99886
0.65032	-10.27294	0.24986	0.878	0.013	0.006	-0.877	-0.99886
0.6713	-10.28453	0.25135	0.878	0.01	0.007	-0.877	-0.99886
0.69228	-10.29939	0.25282	0.877	0.008	0.007	-0.877	-1
0.71325	-10.31743	0.25534	0.877	0.006	0.008	-0.877	-1
0.73423	-10.33857	0.25747	0.877	0.006	0.008	-0.876	-0.99886
0.75521	-10.36267	0.2599	0.877	0.005	0.009	-0.876	-0.99886
0.77619	-10.3896	0.26272	0.876	0.004	0.009	-0.876	-1
0.79717	-10.41918	0.26537	0.876	0.004	0.01	-0.876	-1
0.81814	-10.45118	0.2699	0.876	0.003	0.01	-0.875	-0.99886
0.83912	-10.48532	0.2723	0.875	0.003	0.01	-0.875	-1
0.8601	-10.52123	0.27739	0.875	0.002	0.01	-0.874	-0.99886
0.88108	-10.55837	0.28211	0.874	0.002	0.011	-0.874	-1
0.90206	-10.59585	0.29003	0.874	0.001	0.011	-0.873	-0.99886
0.92303	-10.63204	0.30323	0.873	0	0.01	-0.873	-1
0.94401	-10.66354	0.33135	0.872	0	0.01	-0.872	-1
0.96499	-10.68334	0.39001	0.871	-0.002	0.011	-0.871	-1
0.98597	-10.68304	0.45783	0.87	-0.005	0.013	-0.87	-1
1.00695	-10.66401	0.48316	0.871	-0.012	0.023	-0.87	-0.99885
1.02792	-10.63473	0.46188	0.871	-0.077	0.154	-0.854	-0.98048
1.0489	-10.59919	0.43568	0.873	-0.015	0.047	0.871	0.99771
1.06988	-10.5601	0.38779	0.874	-0.002	0.022	0.873	0.99886
1.09086	-10.51682	0.35188	0.875	0.007	-0.012	0.874	0.99886
1.11184	-10.46932	0.3249	0.876	0.039	-0.217	0.847	0.96689
1.13281	-10.41844	0.29813	0.877	0.051	-0.406	-0.775	-0.88369
1.15379	-10.36651	0.26514	0.878	0.028	-0.23	-0.846	-0.96355
1.17477	-10.32891	0.21223	0.878	0.523	0.621	0.331	0.37699
							--
#	BAND	=	0	0	20		--
0	-10.33083	0.30818	0.878	0.002	0.489	-0.729	-0.8303
0.02098	-10.34816	0.34908	0.877	-0.095	-0.779	-0.391	-0.44584
0.04196	-10.3799	0.38239	0.877	-0.09	-0.465	0.737	0.84036
0.06293	-10.41193	0.43524	0.875	0.046	-0.529	-0.695	-0.79429
0.08391	-10.44656	0.53427	0.873	0.029	-0.106	-0.866	-0.99198
0.10489	-10.48322	0.58981	0.871	0.02	-0.062	-0.868	-0.99656
0.12587	-10.51527	0.58057	0.87	0.014	-0.039	-0.869	-0.99885
0.14685	-10.53622	0.5337	0.87	0.01	-0.022	-0.87	-1
0.16782	-10.54238	0.48517	0.871	0.008	-0.009	-0.871	-1
0.1888	-10.53434	0.45215	0.872	0.006	0.002	-0.872	-1
0.20978	-10.51535	0.43149	0.873	0.005	0.011	-0.873	-1
0.23076	-10.489	0.41945	0.874	0.004	0.019	-0.873	-0.99886
0.25174	-10.45813	0.41357	0.875	0.004	0.025	-0.874	-0.99886
0.27271	-10.42479	0.40965	0.875	0.003	0.03	-0.874	-0.99886
0.29369	-10.3904	0.40909	0.876	0.003	0.034	-0.875	-0.99886
0.31467	-10.35597	0.40868	0.877	0.003	0.037	-0.875	-0.99772
0.33565	-10.32224	0.40911	0.877	0.003	0.04	-0.876	-0.99886
0.35663	-10.28978	0.41084	0.878	0.002	0.041	-0.876	-0.99772
0.3776	-10.25901	0.41061	0.878	0.002	0.043	-0.877	-0.99886
0.39858	-10.23029	0.41234	0.879	0.002	0.043	-0.877	-0.99772
0.41956	-10.20392	0.41221	0.879	0.002	0.043	-0.878	-0.99886
0.44054	-10.18013	0.41258	0.879	0.002	0.042	-0.878	-0.99886
0.46152	-10.15912	0.41433	0.88	0.002	0.04	-0.878	-0.99773
0.4825	-10.14105	0.41396	0.88	0.002	0.036	-0.879	-0.99886
0.50347	-10.12606	0.41507	0.88	0.002	0.03	-0.879	-0.99886
0.52445	-10.11425	0.41668	0.88	0.002	0.019	-0.879	-0.99886
0.54543	-10.10572	0.41597	0.88	0.002	-0.002	-0.88	-1
0.56641	-10.10051	0.41589	0.88	0.003	-0.056	-0.878	-0.99773
0.58739	-10.09867	0.41675	0.88	0.006	-0.412	-0.778	-0.88409
0.58739	-10.09867	0.41675	0.88	0.006	-0.412	-0.778	-0.88409
0.60836	-10.10042	0.41589	0.88	0.002	-0.292	0.83	0.94318
0.62934	-10.10562	0.41663	0.88	0	-0.165	0.864	0.98182
0.65032	-10.11416	0.41668	0.88	0	-0.13	0.87	0.98864
0.6713	-10.12596	0.41507	0.88	0	-0.113	0.872	0.99091
0.69228	-10.14095	0.41396	0.88	0	-0.103	0.873	0.99205
0.71325	-10.15902	0.41433	0.88	0	-0.096	0.874	0.99318
0.73423	-10.18003	0.41258	0.879	0	-0.091	0.874	0.99431
0.75521	-10.20382	0.41221	0.879	0	-0.086	0.874	0.99431
0.77619	-10.23019	0.41234	0.879	0	-0.082	0.874	0.99431
0.79717	-10.25891	0.41061	0.878	0.001	-0.078	0.874	0.99544
0.81814	-10.28967	0.41084	0.878	0.001	-0.075	0.874	0.99544
0.83912	-10.32213	0.40911	0.877	0.001	-0.071	0.874	0.99658
0.8601	-10.35585	0.40868	0.877	0.002	-0.067	0.874	0.99658
0.88108	-10.39028	0.40909	0.876	0.002	-0.063	0.873	0.99658
0.90206	-10.42466	0.40965	0.875	0.002	-0.058	0.873	0.99771
0.92303	-10.45798	0.41357	0.875	0.003	-0.053	0.873	0.99771
0.94401	-10.48883	0.41945	0.874	0.004	-0.048	0.872	0.99771
0.96499	-10.51515	0.43245	0.873	0.005	-0.043	0.872	0.99885
0.98597	-10.53408	0.45215	0.872	0.006	-0.037	0.871	0.99885
1.00695	-10.54204	0.48454	0.871	0.008	-0.032	0.87	0.99885
1.02792	-10.53578	0.53508	0.87	0.011	-0.028	0.869	0.99885
1.0489	-10.51477	0.57868	0.87	0.016	-0.026	0.869	0.99885
1.06988	-10.48273	0.58709	0.871	0.024	-0.027	0.87	0.99885
1.09086	-10.44621	0.53132	0.873	0.04	-0.041	0.871	0.99771
1.11184	-10.41191	0.42655	0.876	0.037	-0.166	-0.858	-0.97945
1.13281	-10.37996	0.38155	0.877	-0.056	-0.02	-0.874	-0.99658
1.15379	-10.34815	0.34828	0.877	-0.176	0.178	-0.84	-0.95781
1.17477	-10.33083	0.30818	0.878	0.002	0.489	-0.729	-0.8303
							--
#	BAND	=	0	0	21		--
0	-10.31578	0.30818	0.878	-0.002	-0.489	0.729	0.8303
0.02098	-10.33307	0.34846	0.877	0.095	0.779	0.391	0.44584
0.04196	-10.36479	0.3845	0.877	0.09	0.465	-0.737	-0.84036
0.06293	-10.39678	0.4269	0.876	-0.046	0.529	0.695	0.79338
0.08391	-10.42946	0.49801	0.874	-0.029	0.106	0.866	0.99085
0.10489	-10.46291	0.55317	0.872	-0.02	0.062	0.869	0.99656
0.12587	-10.49213	0.55535	0.872	-0.014	0.039	0.87	0.99771
0.14685	-10.51142	0.5269	0.872	-0.01	0.022	0.871	0.99885
0.16782	-10.51734	0.49071	0.872	-0.008	0.009	0.872	1
0.1888	-10.50997	0.45747	0.873	-0.006	-0.002	0.873	1
0.20978	-10.49195	0.43556	0.874	-0.005	-0.011	0.873	0.99886
0.23076	-10.46655	0.42477	0.875	-0.004	-0.019	0.874	0.99886
0.25174	-10.43652	0.41594	0.875	-0.004	-0.025	0.875	1
0.27271	-10.40388	0.41428	0.876	-0.003	-0.03	0.875	0.99886
0.29369	-10.3701	0.41255	0.877	-0.003	-0.034	0.876	0.99886
0.31467	-10.3362	0.41071	0.877	-0.003	-0.037	0.876	0.99886
0.33565	-10.30294	0.41144	0.878	-0.003	-0.04	0.876	0.99772
0.35663	-10.2709	0.41201	0.878	-0.002	-0.041	0.877	0.99886
0.3776	-10.24053	0.4108	0.879	-0.002	-0.043	0.877	0.99772
0.39858	-10.21219	0.41358	0.879	-0.002	-0.043	0.878	0.99886
0.41956	-10.18617	0.41271	0.879	-0.002	-0.043	0.878	0.99886
0.44054	-10.16272	0.41404	0.88	-0.002	-0.042	0.878	0.99773
0.46152	-10.14205	0.4132	0.88	-0.002	-0.04	0.878	0.99773
0.4825	-10.12432	0.4151	0.88	-0.002	-0.036	0.879	0.99886
0.50347	-10.10966	0.41413	0.88	-0.002	-0.03	0.879	0.99886
0.52445	-10.09818	0.41634	0.88	-0.002	-0.019	0.88	1
0.54543	-10.08997	0.4169	0.88	-0.002	0.002	0.88	1
0.56641	-10.08509	0.4169	0.88	-0.003	0.056	0.878	0.99773
0.58739	-10.08356	0.41675	0.88	-0.006	0.412	0.778	0.88409
0.58739	-10.08356	0.41675	0.88	-0.006	0.412	0.778	0.88409
0.60836	-10.08518	0.4169	0.88	-0.002	0.292	-0.83	-0.94318
0.62934	-10.09007	0.4169	0.88	0	0.165	-0.864	-0.98182
0.65032	-10.09828	0.41634	0.88	0	0.13	-0.87	-0.98864
0.6713	-10.10975	0.41413	0.88	0	0.113	-0.872	-0.99091
0.69228	-10.12441	0.4151	0.88	0	0.103	-0.874	-0.99318
0.71325	-10.14215	0.4132	0.88	0	0.096	-0.874	-0.99318
0.73423	-10.16283	0.41404	0.88	0	0.091	-0.875	-0.99432
0.75521	-10.18627	0.41271	0.879	0	0.086	-0.875	-0.99545
0.77619	-10.21229	0.41358	0.879	0	0.082	-0.875	-0.99545
0.79717	-10.24064	0.4108	0.879	-0.001	0.078	-0.875	-0.99545
0.81814	-10.27101	0.41136	0.878	-0.001	0.075	-0.875	-0.99658
0.83912	-10.30306	0.41144	0.878	-0.001	0.071	-0.874	-0.99544
0.8601	-10.33632	0.41071	0.877	-0.002	0.067	-0.874	-0.99658
0.88108	-10.37023	0.41255	0.877	-0.002	0.063	-0.874	-0.99658
0.90206	-10.40402	0.41489	0.876	-0.002	0.058	-0.874	-0.99772
0.92303	-10.43667	0.41599	0.875	-0.003	0.053	-0.873	-0.99771
0.94401	-10.46673	0.42438	0.875	-0.004	0.048	-0.873	-0.99771
0.96499	-10.49216	0.43556	0.874	-0.005	0.043	-0.873	-0.99886
0.98597	-10.51023	0.45751	0.873	-0.006	0.037	-0.872	-0.99885
1.00695	-10.51767	0.49032	0.872	-0.008	0.032	-0.871	-0.99885
1.02792	-10.51181	0.52678	0.872	-0.011	0.028	-0.871	-0.99885
1.0489	-10.49255	0.55658	0.872	-0.016	0.026	-0.871	-0.99885
1.06988	-10.4633	0.55592	0.872	-0.024	0.027	-0.871	-0.99885
1.09086	-10.42972	0.50063	0.874	-0.04	0.041	-0.872	-0.99771
1.11184	-10.39678	0.4339	0.875	-0.037	0.166	0.858	0.98057
1.13281	-10.36473	0.38408	0.877	0.056	0.02	0.874	0.99658
1.15379	-10.33308	0.34893	0.877	0.176	-0.178	0.84	0.95781
1.17477	-10.31578	0.30818	0.878	-0.002	-0.489	0.729	0.8303
							--
#	BAND	=	0	0	22		--
0	-10.31196	0.4062	0.879	0.024	-0.641	-0.599	-0.68146
0.02098	-10.31495	0.38234	0.877	-0.043	0.012	0.876	0.99886
0.04196	-10.33333	0.71778	0.87	0.069	-0.145	-0.854	-0.98161
0.06293	-10.36789	0.71585	0.869	0.044	-0.101	-0.862	-0.99194
0.08391	-10.39471	0.60977	0.871	0.031	-0.069	-0.867	-0.99541
0.10489	-10.40714	0.52789	0.872	0.024	-0.044	-0.87	-0.99771
0.12587	-10.40702	0.48613	0.873	0.019	-0.023	-0.872	-0.99885
0.14685	-10.39677	0.46775	0.874	0.016	-0.007	-0.873	-0.99886
0.16782	-10.37835	0.45922	0.875	0.014	0.007	-0.874	-0.99886
0.1888	-10.35362	0.45428	0.876	0.013	0.018	-0.875	-0.99886
0.20978	-10.32424	0.45052	0.876	0.012	0.027	-0.875	-0.99886
0.23076	-10.29168	0.44975	0.877	0.011	0.035	-0.876	-0.99886
0.25174	-10.25712	0.45009	0.878	0.011	0.041	-0.876	-0.99772
0.27271	-10.22152	0.45059	0.879	0.011	0.045	-0.877	-0.99772
0.29369	-10.18569	0.451	0.879	0.011	0.049	-0.877	-0.99772
0.31467	-10.15027	0.452	0.88	0.011	0.052	-0.878	-0.99773
0.33565	-10.11579	0.45286	0.881	0.011	0.053	-0.878	-0.99659
0.35663	-10.0827	0.45263	0.881	0.012	0.054	-0.879	-0.99773
0.3776	-10.05138	0.45637	0.882	0.012	0.054	-0.88	-0.99773
0.39858	-10.02216	0.45544	0.882	0.013	0.052	-0.88	-0.99773
0.41956	-9.99531	0.4552	0.883	0.014	0.05	-0.881	-0.99773
0.44054	-9.97107	0.45626	0.883	0.015	0.046	-0.881	-0.99773
0.46152	-9.94965	0.45705	0.883	0.017	0.039	-0.882	-0.99887
0.4825	-9.93122	0.45844	0.884	0.02	0.029	-0.882	-0.99774
0.50347	-9.91593	0.45878	0.884	0.023	0.014	-0.883	-0.99887
0.52445	-9.90389	0.46009	0.884	0.029	-0.01	-0.883	-0.99887
0.54543	-9.89518	0.46031	0.884	0.039	-0.052	-0.881	-0.99661
0.56641	-9.88988	0.45958	0.884	0.06	-0.145	-0.87	-0.98416
0.58739	-9.88803	0.46035	0.884	0.125	-0.442	-0.755	-0.85407
0.58739	-9.88803	0.46035	0.884	0.125	-0.442	-0.755	-0.85407
0.60836	-9.88973	0.45858	0.884	0.161	-0.753	0.434	0.49095
0.62934	-9.89501	0.45858	0.884	0.068	-0.396	0.787	0.89027
0.65032	-9.90371	0.46009	0.884	0.041	-0.284	0.836	0.9457
0.6713	-9.91575	0.45878	0.884	0.029	-0.234	0.851	0.96267
0.69228	-9.93105	0.45844	0.884	0.022	-0.205	0.859	0.97172
0.71325	-9.94947	0.45767	0.883	0.018	-0.187	0.863	0.97735
0.73423	-9.97089	0.45626	0.883	0.015	-0.174	0.865	0.97961
0.75521	-9.99512	0.4552	0.883	0.014	-0.164	0.867	0.98188
0.77619	-10.02197	0.45544	0.882	0.012	-0.155	0.868	0.98413
0.79717	-10.05119	0.45457	0.882	0.011	-0.148	0.869	0.98526
0.81814	-10.08251	0.45263	0.881	0.011	-0.142	0.869	0.98638
0.83912	-10.1156	0.45186	0.881	0.01	-0.136	0.87	0.98751
0.8601	-10.15007	0.45228	0.88	0.01	-0.13	0.87	0.98864
0.88108	-10.18549	0.44942	0.879	0.01	-0.124	0.87	0.98976
0.90206	-10.22131	0.45059	0.879	0.01	-0.118	0.87	0.98976
0.92303	-10.25689	0.45009	0.878	0.01	-0.112	0.87	0.99089
0.94401	-10.29144	0.44975	0.877	0.011	-0.105	0.87	0.99202
0.96499	-10.32398	0.45052	0.876	0.012	-0.098	0.87	0.99315
0.98597	-10.35333	0.45389	0.876	0.013	-0.091	0.87	0.99315
1.00695	-10.37803	0.45765	0.875	0.015	-0.082	0.87	0.99429
1.02792	-10.3964	0.46901	0.874	0.018	-0.074	0.87	0.99542
1.0489	-10.40658	0.4892	0.873	0.022	-0.064	0.87	0.99656
1.06988	-10.40655	0.52865	0.872	0.028	-0.056	0.869	0.99656
1.09086	-10.39386	0.61178	0.871	0.038	-0.052	0.868	0.99656
1.11184	-10.36668	0.71274	0.869	0.06	-0.062	0.864	0.99425
1.13281	-10.33206	0.69282	0.87	0.118	-0.117	0.854	0.98161
1.15379	-10.31502	0.38222	0.877	-0.033	-0.055	-0.875	-0.99772
1.17477	-10.31196	0.4062	0.879	0.024	-0.642	-0.599	-0.68146
							--
#	BAND	=	0	0	23		--
0	-10.2969	0.4062	0.879	-0.024	0.641	0.599	0.68146
0.02098	-10.29981	0.383	0.877	0.043	-0.012	-0.876	-0.99886
0.04196	-10.31364	0.56396	0.874	-0.069	0.145	0.858	0.98169
0.06293	-10.34458	0.68497	0.871	-0.044	0.101	0.863	0.99082
0.08391	-10.37121	0.62112	0.871	-0.031	0.069	0.868	0.99656
0.10489	-10.38468	0.54456	0.873	-0.024	0.044	0.871	0.99771
0.12587	-10.38541	0.50101	0.874	-0.019	0.023	0.873	0.99886
0.14685	-10.37573	0.4752	0.874	-0.016	0.007	0.874	1
0.16782	-10.35775	0.46254	0.875	-0.014	-0.007	0.875	1
0.1888	-10.33337	0.45706	0.876	-0.013	-0.018	0.875	0.99886
0.20978	-10.30433	0.45433	0.877	-0.012	-0.027	0.876	0.99886
0.23076	-10.27206	0.45028	0.878	-0.011	-0.035	0.876	0.99772
0.25174	-10.23778	0.44987	0.878	-0.011	-0.041	0.877	0.99886
0.27271	-10.20245	0.44997	0.879	-0.011	-0.045	0.877	0.99772
0.29369	-10.16688	0.45132	0.88	-0.011	-0.049	0.878	0.99773
0.31467	-10.1317	0.45349	0.88	-0.011	-0.052	0.878	0.99773
0.33565	-10.09747	0.45232	0.881	-0.011	-0.053	0.879	0.99773
0.35663	-10.06463	0.4535	0.882	-0.012	-0.054	0.879	0.9966
0.3776	-10.03355	0.45293	0.882	-0.012	-0.054	0.88	0.99773
0.39858	-10.00458	0.45424	0.883	-0.013	-0.053	0.88	0.9966
0.41956	-9.97798	0.45674	0.883	-0.014	-0.05	0.881	0.99773
0.44054	-9.954	0.45628	0.883	-0.015	-0.046	0.881	0.99773
0.46152	-9.93284	0.45722	0.884	-0.017	-0.039	0.882	0.99774
0.4825	-9.91468	0.45795	0.884	-0.02	-0.029	0.883	0.99887
0.50347	-9.89965	0.45914	0.884	-0.023	-0.014	0.883	0.99887
0.52445	-9.88788	0.45843	0.884	-0.029	0.01	0.883	0.99887
0.54543	-9.87944	0.45955	0.884	-0.039	0.052	0.881	0.99661
0.56641	-9.87441	0.45939	0.884	-0.06	0.145	0.87	0.98416
0.58739	-9.87281	0.45935	0.884	-0.125	0.442	0.755	0.85407
0.58739	-9.87281	0.45935	0.884	-0.125	0.442	0.755	0.85407
0.60836	-9.87456	0.45951	0.884	-0.161	0.753	-0.434	-0.49095
0.62934	-9.87961	0.45955	0.884	-0.068	0.396	-0.787	-0.89027
0.65032	-9.88805	0.45916	0.884	-0.041	0.284	-0.836	-0.9457
0.6713	-9.89982	0.4591	0.884	-0.029	0.234	-0.852	-0.9638
0.69228	-9.91485	0.45795	0.884	-0.022	0.205	-0.859	-0.97172
0.71325	-9.93302	0.45722	0.884	-0.018	0.187	-0.863	-0.97624
0.73423	-9.95418	0.45628	0.883	-0.015	0.174	-0.865	-0.97961
0.75521	-9.97816	0.45674	0.883	-0.014	0.164	-0.867	-0.98188
0.77619	-10.00476	0.45424	0.883	-0.012	0.155	-0.868	-0.98301
0.79717	-10.03374	0.45378	0.882	-0.011	0.148	-0.869	-0.98526
0.81814	-10.06482	0.45369	0.882	-0.011	0.142	-0.87	-0.98639
0.83912	-10.09767	0.45232	0.881	-0.01	0.136	-0.87	-0.98751
0.8601	-10.13191	0.45349	0.88	-0.01	0.13	-0.87	-0.98864
0.88108	-10.16709	0.45216	0.88	-0.01	0.124	-0.87	-0.98864
0.90206	-10.20268	0.45111	0.879	-0.01	0.118	-0.871	-0.9909
0.92303	-10.23801	0.44987	0.878	-0.01	0.112	-0.871	-0.99203
0.94401	-10.27231	0.45028	0.878	-0.011	0.105	-0.871	-0.99203
0.96499	-10.3046	0.45356	0.877	-0.012	0.098	-0.871	-0.99316
0.98597	-10.33367	0.45629	0.876	-0.013	0.091	-0.871	-0.99429
1.00695	-10.35808	0.46327	0.875	-0.015	0.082	-0.871	-0.99543
1.02792	-10.37612	0.47517	0.874	-0.018	0.074	-0.871	-0.99657
1.0489	-10.38589	0.50078	0.874	-0.022	0.065	-0.871	-0.99657
1.06988	-10.38529	0.54445	0.873	-0.028	0.056	-0.87	-0.99656
1.09086	-10.37205	0.6215	0.871	-0.038	0.052	-0.869	-0.9977
1.11184	-10.34564	0.6896	0.871	-0.06	0.062	-0.866	-0.99426
1.13281	-10.31435	0.59085	0.873	-0.118	0.117	-0.857	-0.98167
1.15379	-10.29974	0.38343	0.877	0.033	0.055	0.875	0.99772
1.17477	-10.2969	0.4062	0.879	-0.024	0.642	0.599	0.68146
							--
#	BAND	=	0	0	24		--
0	-10.2984	0.10907	0.877	-0.111	-0.089	-0.865	-0.98632
0.02098	-10.30399	0.86031	0.866	0.119	-0.196	-0.834	-0.96305
0.04196	-10.31943	0.51498	0.874	0.071	-0.123	-0.861	-0.98513
0.06293	-10.32033	0.46359	0.875	0.055	-0.066	-0.87	-0.99429
0.08391	-10.31297	0.45623	0.875	0.045	-0.026	-0.873	-0.99771
0.10489	-10.29789	0.45336	0.876	0.038	0.002	-0.874	-0.99772
0.12587	-10.27595	0.45409	0.876	0.034	0.023	-0.875	-0.99886
0.14685	-10.24832	0.45342	0.877	0.03	0.038	-0.875	-0.99772
0.16782	-10.21618	0.45349	0.878	0.028	0.05	-0.875	-0.99658
0.1888	-10.18065	0.4551	0.879	0.026	0.06	-0.876	-0.99659
0.20978	-10.14273	0.45646	0.88	0.025	0.067	-0.876	-0.99545
0.23076	-10.10328	0.45846	0.881	0.024	0.073	-0.877	-0.99546
0.25174	-10.06306	0.4603	0.881	0.024	0.077	-0.877	-0.99546
0.27271	-10.0227	0.46397	0.882	0.024	0.081	-0.878	-0.99546
0.29369	-9.98277	0.46309	0.883	0.024	0.083	-0.878	-0.99434
0.31467	-9.94373	0.46649	0.884	0.024	0.084	-0.879	-0.99434
0.33565	-9.90603	0.46628	0.885	0.025	0.084	-0.88	-0.99435
0.35663	-9.87003	0.46753	0.885	0.026	0.084	-0.881	-0.99548
0.3776	-9.83608	0.46756	0.886	0.027	0.082	-0.881	-0.99436
0.39858	-9.80447	0.4702	0.887	0.029	0.079	-0.882	-0.99436
0.41956	-9.77547	0.47162	0.887	0.031	0.075	-0.883	-0.99549
0.44054	-9.74933	0.47142	0.888	0.034	0.068	-0.884	-0.9955
0.46152	-9.72623	0.47126	0.888	0.038	0.059	-0.885	-0.99662
0.4825	-9.70637	0.47176	0.889	0.043	0.046	-0.886	-0.99663
0.50347	-9.68989	0.47117	0.889	0.051	0.027	-0.886	-0.99663
0.52445	-9.67692	0.47209	0.889	0.063	-0.002	-0.886	-0.99663
0.54543	-9.66755	0.47366	0.889	0.083	-0.053	-0.883	-0.99325
0.56641	-9.66186	0.47371	0.889	0.122	-0.153	-0.867	-0.97525
0.58739	-9.65989	0.47248	0.889	0.217	-0.409	-0.758	-0.85264
0.58739	-9.65989	0.47248	0.889	0.217	-0.409	-0.758	-0.85264
0.60836	-9.66171	0.47371	0.889	0.327	-0.825	0.048	0.05399
0.62934	-9.66736	0.47209	0.889	0.176	-0.558	0.669	0.75253
0.65032	-9.67672	0.47209	0.889	0.106	-0.403	0.785	0.88301
0.6713	-9.68969	0.47289	0.889	0.075	-0.331	0.821	0.92351
0.69228	-9.70617	0.47114	0.889	0.058	-0.291	0.837	0.94151
0.71325	-9.72603	0.47164	0.888	0.048	-0.266	0.845	0.95158
0.73423	-9.74912	0.47142	0.888	0.041	-0.249	0.851	0.95833
0.75521	-9.77527	0.47016	0.887	0.036	-0.236	0.854	0.9628
0.77619	-9.80426	0.46996	0.887	0.033	-0.227	0.856	0.96505
0.79717	-9.83587	0.46694	0.886	0.03	-0.219	0.858	0.9684
0.81814	-9.86982	0.46842	0.885	0.028	-0.212	0.859	0.97062
0.83912	-9.90581	0.46755	0.885	0.027	-0.207	0.859	0.97062
0.8601	-9.94351	0.46629	0.884	0.026	-0.202	0.86	0.97285
0.88108	-9.98254	0.46447	0.883	0.026	-0.197	0.86	0.97395
0.90206	-10.02248	0.46397	0.882	0.025	-0.193	0.86	0.97506
0.92303	-10.06283	0.45964	0.881	0.026	-0.189	0.86	0.97616
0.94401	-10.10304	0.45846	0.88	0.026	-0.185	0.86	0.97727
0.96499	-10.14247	0.45635	0.88	0.027	-0.181	0.86	0.97727
0.98597	-10.18039	0.45598	0.879	0.029	-0.177	0.86	0.97838
1.00695	-10.21591	0.45403	0.878	0.032	-0.173	0.86	0.9795
1.02792	-10.24803	0.45485	0.877	0.035	-0.168	0.859	0.97948
1.0489	-10.27564	0.45443	0.876	0.04	-0.164	0.859	0.98059
1.06988	-10.29755	0.4539	0.876	0.048	-0.161	0.859	0.98059
1.09086	-10.31261	0.45791	0.875	0.061	-0.158	0.858	0.98057
1.11184	-10.31991	0.46703	0.875	0.083	-0.157	0.856	0.97829
1.13281	-10.31871	0.54231	0.873	0.123	-0.159	0.849	0.97251
1.15379	-10.30178	0.85935	0.866	0.321	-0.399	0.697	0.80485
1.17477	-10.2984	0.10907	0.877	-0.111	-0.089	-0.865	-0.98632
							--
#	BAND	=	0	0	25		--
0	-10.28318	0.10907	0.877	0.111	0.089	0.865	0.98632
0.02098	-10.28197	0.85832	0.866	-0.119	0.196	0.835	0.9642
0.04196	-10.29972	0.66374	0.871	-0.071	0.123	0.859	0.98622
0.06293	-10.30259	0.4938	0.874	-0.055	0.066	0.87	0.99542
0.08391	-10.29526	0.4672	0.875	-0.045	0.026	0.873	0.99771
0.10489	-10.28004	0.45923	0.876	-0.038	-0.002	0.874	0.99772
0.12587	-10.25799	0.45712	0.876	-0.034	-0.023	0.875	0.99886
0.14685	-10.23027	0.45516	0.877	-0.03	-0.038	0.875	0.99772
0.16782	-10.19808	0.45609	0.878	-0.028	-0.05	0.876	0.99772
0.1888	-10.16253	0.45566	0.879	-0.026	-0.06	0.876	0.99659
0.20978	-10.12462	0.45637	0.88	-0.025	-0.067	0.876	0.99545
0.23076	-10.08521	0.45815	0.881	-0.024	-0.073	0.877	0.99546
0.25174	-10.04505	0.46075	0.882	-0.024	-0.077	0.877	0.99433
0.27271	-10.00476	0.46137	0.883	-0.024	-0.081	0.878	0.99434
0.29369	-9.96492	0.46247	0.883	-0.024	-0.083	0.879	0.99547
0.31467	-9.92599	0.46419	0.884	-0.024	-0.084	0.879	0.99434
0.33565	-9.8884	0.46541	0.885	-0.025	-0.085	0.88	0.99435
0.35663	-9.85255	0.4682	0.886	-0.026	-0.084	0.881	0.99436
0.3776	-9.81874	0.46711	0.886	-0.027	-0.082	0.882	0.99549
0.39858	-9.7873	0.46887	0.887	-0.029	-0.079	0.882	0.99436
0.41956	-9.75848	0.46978	0.888	-0.031	-0.075	0.883	0.99437
0.44054	-9.73252	0.46986	0.888	-0.034	-0.068	0.884	0.9955
0.46152	-9.70963	0.47138	0.888	-0.038	-0.059	0.885	0.99662
0.4825	-9.68998	0.47042	0.889	-0.043	-0.046	0.886	0.99663
0.50347	-9.67372	0.47118	0.889	-0.051	-0.027	0.887	0.99775
0.52445	-9.66098	0.47177	0.889	-0.063	0.002	0.886	0.99663
0.54543	-9.65184	0.47261	0.889	-0.083	0.053	0.883	0.99325
0.56641	-9.64638	0.47305	0.889	-0.122	0.153	0.867	0.97525
0.58739	-9.64462	0.47275	0.889	-0.217	0.409	0.758	0.85264
0.58739	-9.64462	0.47275	0.889	-0.217	0.409	0.758	0.85264
0.60836	-9.64653	0.47213	0.889	-0.327	0.825	-0.048	-0.05399
0.62934	-9.65204	0.47207	0.889	-0.176	0.558	-0.669	-0.75253
0.65032	-9.66118	0.47172	0.889	-0.106	0.403	-0.785	-0.88301
0.6713	-9.67393	0.47118	0.889	-0.075	0.331	-0.821	-0.92351
0.69228	-9.69019	0.47192	0.889	-0.058	0.291	-0.837	-0.94151
0.71325	-9.70984	0.47066	0.888	-0.048	0.266	-0.846	-0.9527
0.73423	-9.73273	0.47032	0.888	-0.041	0.249	-0.851	-0.95833
0.75521	-9.75869	0.46978	0.888	-0.036	0.236	-0.854	-0.96171
0.77619	-9.78751	0.46887	0.887	-0.033	0.227	-0.856	-0.96505
0.79717	-9.81896	0.46711	0.886	-0.03	0.219	-0.858	-0.9684
0.81814	-9.85277	0.46732	0.886	-0.028	0.212	-0.859	-0.96953
0.83912	-9.88863	0.46641	0.885	-0.027	0.207	-0.86	-0.97175
0.8601	-9.92622	0.46546	0.884	-0.026	0.202	-0.86	-0.97285
0.88108	-9.96515	0.46343	0.883	-0.026	0.197	-0.86	-0.97395
0.90206	-10.00501	0.46049	0.883	-0.025	0.193	-0.86	-0.97395
0.92303	-10.0453	0.45914	0.882	-0.026	0.189	-0.86	-0.97506
0.94401	-10.08547	0.45738	0.881	-0.026	0.185	-0.86	-0.97616
0.96499	-10.12489	0.45671	0.88	-0.027	0.181	-0.86	-0.97727
0.98597	-10.16281	0.45566	0.879	-0.029	0.177	-0.86	-0.97838
1.00695	-10.19838	0.45621	0.878	-0.032	0.173	-0.86	-0.9795
1.02792	-10.23058	0.45562	0.877	-0.035	0.168	-0.86	-0.98062
1.0489	-10.25833	0.45809	0.877	-0.04	0.164	-0.86	-0.98062
1.06988	-10.28042	0.45908	0.876	-0.048	0.161	-0.859	-0.98059
1.09086	-10.29569	0.46681	0.875	-0.061	0.158	-0.858	-0.98057
1.11184	-10.30313	0.48893	0.874	-0.083	0.157	-0.856	-0.97941
1.13281	-10.30098	0.63841	0.871	-0.123	0.159	-0.847	-0.97245
1.15379	-10.28419	0.85939	0.866	-0.321	0.399	-0.698	-0.806
1.17477	-10.28318	0.10907	0.877	0.111	0.089	0.865	0.98632
							--
#	BAND	=	0	0	26		--
0	-10.29411	0.86292	0.866	0.29	-0.414	-0.702	-0.81062
0.02098	-10.28351	0.32536	0.878	-0.022	0.279	0.831	0.94647
0.04196	-10.26817	0.39541	0.877	0.256	0.831	0.106	0.12087
0.06293	-10.24782	0.421	0.877	0.103	0.195	-0.848	-0.96693
0.08391	-10.22107	0.4327	0.878	0.07	0.14	-0.863	-0.98292
0.10489	-10.18868	0.44202	0.878	0.056	0.13	-0.866	-0.98633
0.12587	-10.15172	0.44402	0.879	0.048	0.129	-0.868	-0.98749
0.14685	-10.11118	0.44953	0.88	0.043	0.129	-0.869	-0.9875
0.16782	-10.06797	0.45269	0.881	0.039	0.13	-0.87	-0.98751
0.1888	-10.0229	0.4557	0.882	0.037	0.131	-0.871	-0.98753
0.20978	-9.97667	0.45799	0.883	0.035	0.132	-0.872	-0.98754
0.23076	-9.92989	0.45824	0.884	0.034	0.132	-0.873	-0.98756
0.25174	-9.88311	0.46244	0.885	0.033	0.131	-0.874	-0.98757
0.27271	-9.83682	0.46491	0.886	0.033	0.131	-0.875	-0.98758
0.29369	-9.79146	0.46696	0.887	0.033	0.129	-0.877	-0.98873
0.31467	-9.74745	0.46703	0.888	0.033	0.127	-0.878	-0.98874
0.33565	-9.70515	0.47016	0.889	0.034	0.124	-0.879	-0.98875
0.35663	-9.66491	0.47071	0.89	0.035	0.12	-0.881	-0.98989
0.3776	-9.62705	0.4704	0.891	0.037	0.115	-0.882	-0.9899
0.39858	-9.59187	0.47143	0.892	0.039	0.109	-0.884	-0.99103
0.41956	-9.55962	0.47394	0.892	0.041	0.101	-0.885	-0.99215
0.44054	-9.53057	0.4745	0.893	0.045	0.091	-0.887	-0.99328
0.46152	-9.50492	0.47551	0.894	0.05	0.078	-0.888	-0.99329
0.4825	-9.48286	0.47839	0.894	0.056	0.06	-0.89	-0.99553
0.50347	-9.46457	0.4783	0.894	0.065	0.034	-0.891	-0.99664
0.52445	-9.45018	0.47746	0.895	0.079	-0.004	-0.891	-0.99553
0.54543	-9.43979	0.4783	0.895	0.101	-0.066	-0.886	-0.98994
0.56641	-9.43348	0.47752	0.895	0.139	-0.176	-0.866	-0.9676
0.58739	-9.43132	0.47713	0.895	0.213	-0.404	-0.769	-0.85922
0.58739	-9.43132	0.47713	0.895	0.213	-0.404	-0.769	-0.85922
0.60836	-9.43334	0.47656	0.895	0.31	-0.783	-0.301	-0.33631
0.62934	-9.43958	0.47734	0.895	0.242	-0.763	0.398	0.44469
0.65032	-9.44995	0.4783	0.895	0.156	-0.588	0.656	0.73296
0.6713	-9.46433	0.4773	0.894	0.111	-0.485	0.743	0.8311
0.69228	-9.48262	0.47593	0.894	0.086	-0.426	0.78	0.87248
0.71325	-9.50468	0.47693	0.894	0.071	-0.39	0.8	0.89485
0.73423	-9.53033	0.47396	0.893	0.061	-0.365	0.812	0.90929
0.75521	-9.55938	0.47283	0.892	0.054	-0.349	0.819	0.91816
0.77619	-9.59163	0.47143	0.892	0.049	-0.337	0.824	0.92377
0.79717	-9.62681	0.4719	0.891	0.045	-0.329	0.826	0.92705
0.81814	-9.66467	0.46975	0.89	0.043	-0.323	0.828	0.93034
0.83912	-9.70491	0.46939	0.889	0.041	-0.319	0.828	0.93138
0.8601	-9.74721	0.46599	0.888	0.04	-0.317	0.828	0.93243
0.88108	-9.79122	0.4659	0.887	0.039	-0.317	0.827	0.93236
0.90206	-9.83658	0.46387	0.886	0.039	-0.318	0.826	0.93228
0.92303	-9.88287	0.46075	0.885	0.04	-0.321	0.823	0.92994
0.94401	-9.92965	0.45889	0.884	0.041	-0.325	0.82	0.9276
0.96499	-9.97643	0.45745	0.883	0.043	-0.333	0.816	0.92412
0.98597	-10.02266	0.45542	0.882	0.046	-0.343	0.811	0.9195
1.00695	-10.06773	0.45269	0.881	0.05	-0.359	0.802	0.91033
1.02792	-10.11093	0.44942	0.88	0.056	-0.383	0.79	0.89773
1.0489	-10.15148	0.44502	0.879	0.066	-0.421	0.768	0.87372
1.06988	-10.18846	0.43958	0.878	0.082	-0.49	0.723	0.82346
1.09086	-10.22088	0.43286	0.878	0.114	-0.632	0.597	0.67995
1.11184	-10.24774	0.4207	0.877	0.158	-0.86	0.054	0.06157
1.13281	-10.26834	0.39661	0.877	0.063	-0.456	-0.746	-0.85063
1.15379	-10.28362	0.32507	0.878	-0.013	-0.224	-0.848	-0.96583
1.17477	-10.29411	0.86292	0.866	0.29	-0.414	-0.702	-0.81062
							--
#	BAND	=	0	0	27		--
0	-10.27605	0.86124	0.866	-0.29	0.414	0.702	0.81062
0.02098	-10.26815	0.33015	0.878	0.022	-0.279	-0.831	-0.94647
0.04196	-10.25306	0.39623	0.877	-0.256	-0.831	-0.106	-0.12087
0.06293	-10.23228	0.4229	0.877	-0.103	-0.195	0.848	0.96693
0.08391	-10.20508	0.43262	0.878	-0.07	-0.14	0.863	0.98292
0.10489	-10.17235	0.43925	0.878	-0.056	-0.13	0.866	0.98633
0.12587	-10.13512	0.44585	0.879	-0.048	-0.129	0.868	0.98749
0.14685	-10.09437	0.44943	0.88	-0.043	-0.129	0.869	0.9875
0.16782	-10.05101	0.45032	0.881	-0.039	-0.131	0.87	0.98751
0.1888	-10.00582	0.45356	0.882	-0.037	-0.131	0.871	0.98753
0.20978	-9.9595	0.45844	0.883	-0.035	-0.132	0.872	0.98754
0.23076	-9.91266	0.45871	0.884	-0.034	-0.132	0.873	0.98756
0.25174	-9.86585	0.46184	0.885	-0.033	-0.132	0.874	0.98757
0.27271	-9.81955	0.46375	0.886	-0.033	-0.131	0.876	0.98871
0.29369	-9.7742	0.46589	0.887	-0.033	-0.129	0.877	0.98873
0.31467	-9.73022	0.46617	0.888	-0.033	-0.127	0.878	0.98874
0.33565	-9.68797	0.46798	0.889	-0.034	-0.124	0.88	0.98988
0.35663	-9.64781	0.46847	0.89	-0.035	-0.12	0.881	0.98989
0.3776	-9.61004	0.47061	0.891	-0.037	-0.115	0.882	0.9899
0.39858	-9.57496	0.47285	0.892	-0.039	-0.109	0.884	0.99103
0.41956	-9.54285	0.47237	0.893	-0.041	-0.101	0.885	0.99104
0.44054	-9.51394	0.47326	0.893	-0.045	-0.091	0.887	0.99328
0.46152	-9.48845	0.47439	0.894	-0.05	-0.078	0.888	0.99329
0.4825	-9.46657	0.47559	0.894	-0.056	-0.06	0.89	0.99553
0.50347	-9.44846	0.47711	0.895	-0.065	-0.034	0.891	0.99553
0.52445	-9.43426	0.477	0.895	-0.079	0.004	0.891	0.99553
0.54543	-9.42407	0.47799	0.895	-0.101	0.066	0.886	0.98994
0.56641	-9.41797	0.47584	0.895	-0.139	0.176	0.866	0.9676
0.58739	-9.41598	0.47656	0.895	-0.213	0.404	0.769	0.85922
0.58739	-9.41598	0.47656	0.895	-0.213	0.404	0.769	0.85922
0.60836	-9.41811	0.47718	0.895	-0.31	0.783	0.301	0.33631
0.62934	-9.42428	0.47645	0.895	-0.242	0.763	-0.398	-0.44469
0.65032	-9.4345	0.477	0.895	-0.156	0.588	-0.656	-0.73296
0.6713	-9.4487	0.47627	0.895	-0.111	0.485	-0.743	-0.83017
0.69228	-9.46681	0.47444	0.894	-0.086	0.426	-0.781	-0.8736
0.71325	-9.48869	0.47496	0.894	-0.071	0.39	-0.801	-0.89597
0.73423	-9.51418	0.47303	0.893	-0.061	0.366	-0.812	-0.90929
0.75521	-9.5431	0.47202	0.893	-0.054	0.349	-0.819	-0.91713
0.77619	-9.57521	0.47319	0.892	-0.049	0.337	-0.824	-0.92377
0.79717	-9.61029	0.47096	0.891	-0.045	0.329	-0.827	-0.92817
0.81814	-9.64806	0.46923	0.89	-0.043	0.323	-0.828	-0.93034
0.83912	-9.68822	0.46759	0.889	-0.041	0.319	-0.829	-0.93251
0.8601	-9.73047	0.46657	0.888	-0.04	0.317	-0.828	-0.93243
0.88108	-9.77445	0.46589	0.887	-0.039	0.317	-0.828	-0.93348
0.90206	-9.8198	0.46248	0.886	-0.039	0.318	-0.826	-0.93228
0.92303	-9.8661	0.4621	0.885	-0.04	0.321	-0.824	-0.93107
0.94401	-9.91292	0.45871	0.884	-0.041	0.325	-0.821	-0.92873
0.96499	-9.95976	0.45844	0.883	-0.043	0.333	-0.816	-0.92412
0.98597	-10.00608	0.45356	0.882	-0.046	0.343	-0.811	-0.9195
1.00695	-10.05127	0.45171	0.881	-0.05	0.359	-0.803	-0.91146
1.02792	-10.09464	0.44943	0.88	-0.056	0.383	-0.79	-0.89773
1.0489	-10.13538	0.447	0.879	-0.066	0.421	-0.768	-0.87372
1.06988	-10.1726	0.43878	0.878	-0.082	0.49	-0.723	-0.82346
1.09086	-10.2053	0.43496	0.878	-0.114	0.632	-0.597	-0.67995
1.11184	-10.23239	0.42113	0.877	-0.158	0.86	-0.054	-0.06157
1.13281	-10.25291	0.39656	0.877	-0.063	0.456	0.746	0.85063
1.15379	-10.26804	0.33073	0.878	0.013	0.224	0.848	0.96583
1.17477	-10.27605	0.86124	0.866	-0.29	0.414	0.702	0.81062
							--
#	BAND	=	0	0	28		--
0	-10.28946	0.50746	0.879	-0.158	-0.488	-0.712	-0.81001
0.02098	-10.26575	0.3107	0.879	-0.011	0.223	0.85	0.96701
0.04196	-10.22617	0.3365	0.879	0.004	0.301	0.825	0.93857
0.06293	-10.18573	0.38196	0.879	0.084	0.693	0.533	0.60637
0.08391	-10.14208	0.40548	0.88	0.121	0.697	-0.522	-0.59318
0.10489	-10.09518	0.41625	0.881	0.084	0.435	-0.76	-0.86266
0.12587	-10.04557	0.42892	0.882	0.067	0.336	-0.812	-0.92063
0.14685	-9.99391	0.43307	0.883	0.057	0.287	-0.832	-0.94224
0.16782	-9.94085	0.44063	0.884	0.051	0.258	-0.843	-0.95362
0.1888	-9.88693	0.44633	0.885	0.047	0.239	-0.85	-0.96045
0.20978	-9.83268	0.44867	0.886	0.044	0.225	-0.856	-0.96614
0.23076	-9.77855	0.4548	0.888	0.041	0.214	-0.86	-0.96847
0.25174	-9.72497	0.45654	0.889	0.04	0.205	-0.864	-0.97188
0.27271	-9.67237	0.45773	0.89	0.039	0.197	-0.867	-0.97416
0.29369	-9.62111	0.46083	0.891	0.038	0.189	-0.87	-0.97643
0.31467	-9.57157	0.46365	0.893	0.038	0.182	-0.873	-0.9776
0.33565	-9.5241	0.46553	0.894	0.038	0.174	-0.875	-0.97875
0.35663	-9.47904	0.46861	0.895	0.039	0.167	-0.878	-0.98101
0.3776	-9.43669	0.47063	0.896	0.04	0.158	-0.88	-0.98214
0.39858	-9.39737	0.472	0.897	0.042	0.148	-0.883	-0.98439
0.41956	-9.36135	0.47445	0.898	0.044	0.137	-0.886	-0.98664
0.44054	-9.3289	0.47491	0.898	0.048	0.123	-0.888	-0.98886
0.46152	-9.30026	0.47733	0.899	0.052	0.105	-0.891	-0.9911
0.4825	-9.27563	0.47901	0.9	0.058	0.082	-0.894	-0.99333
0.50347	-9.2552	0.47973	0.9	0.067	0.05	-0.896	-0.99556
0.52445	-9.23913	0.47904	0.901	0.081	0.004	-0.896	-0.99445
0.54543	-9.22754	0.47988	0.901	0.101	-0.069	-0.892	-0.99001
0.56641	-9.22052	0.47988	0.901	0.135	-0.193	-0.869	-0.96448
0.58739	-9.21812	0.47988	0.901	0.193	-0.424	-0.771	-0.85572
0.58739	-9.21812	0.47988	0.901	0.193	-0.424	-0.771	-0.85572
0.60836	-9.2204	0.47988	0.901	0.259	-0.766	-0.396	-0.43951
0.62934	-9.22736	0.47988	0.901	0.228	-0.847	0.204	0.22642
0.65032	-9.23893	0.47938	0.901	0.161	-0.716	0.521	0.57825
0.6713	-9.255	0.47877	0.9	0.119	-0.612	0.649	0.72111
0.69228	-9.27542	0.47901	0.9	0.094	-0.547	0.707	0.78556
0.71325	-9.30005	0.47733	0.899	0.079	-0.506	0.738	0.82091
0.73423	-9.32869	0.47542	0.898	0.068	-0.48	0.756	0.84187
0.75521	-9.36114	0.47354	0.898	0.061	-0.463	0.766	0.85301
0.77619	-9.39716	0.472	0.897	0.057	-0.453	0.772	0.86065
0.79717	-9.43648	0.4714	0.896	0.053	-0.447	0.774	0.86384
0.81814	-9.47883	0.46837	0.895	0.051	-0.446	0.774	0.8648
0.83912	-9.5239	0.46607	0.894	0.049	-0.448	0.771	0.86242
0.8601	-9.57137	0.463	0.893	0.049	-0.453	0.767	0.8589
0.88108	-9.62091	0.46083	0.891	0.049	-0.462	0.76	0.85297
0.90206	-9.67217	0.45919	0.89	0.05	-0.475	0.751	0.84382
0.92303	-9.72478	0.45419	0.889	0.051	-0.492	0.738	0.83015
0.94401	-9.77836	0.45333	0.888	0.053	-0.515	0.72	0.81081
0.96499	-9.8325	0.44929	0.886	0.056	-0.546	0.695	0.78442
0.98597	-9.88677	0.44494	0.885	0.061	-0.587	0.659	0.74463
1.00695	-9.9407	0.4413	0.884	0.067	-0.643	0.602	0.681
1.02792	-9.99379	0.43469	0.883	0.074	-0.719	0.506	0.57305
1.0489	-10.04548	0.42847	0.882	0.083	-0.812	0.331	0.37528
1.06988	-10.09517	0.41928	0.881	0.087	-0.876	0.015	0.01703
1.09086	-10.1422	0.40296	0.88	0.069	-0.775	-0.409	-0.46477
1.11184	-10.18593	0.38128	0.879	0.033	-0.519	-0.708	-0.80546
1.13281	-10.2263	0.33788	0.879	0	-0.297	-0.826	-0.9397
1.15379	-10.26583	0.31018	0.879	-0.012	-0.201	-0.855	-0.9727
1.17477	-10.28946	0.50746	0.879	-0.158	-0.488	-0.712	-0.81001
							--
#	BAND	=	0	0	29		--
0	-10.2744	0.50792	0.879	0.158	0.488	0.712	0.81001
0.02098	-10.25005	0.30657	0.879	0.011	-0.223	-0.85	-0.96701
0.04196	-10.21054	0.33852	0.879	-0.004	-0.301	-0.825	-0.93857
0.06293	-10.17044	0.38282	0.879	-0.084	-0.693	-0.533	-0.60637
0.08391	-10.12676	0.40286	0.88	-0.121	-0.697	0.522	0.59318
0.10489	-10.07961	0.41865	0.881	-0.084	-0.435	0.76	0.86266
0.12587	-10.02976	0.42503	0.882	-0.067	-0.336	0.812	0.92063
0.14685	-9.97791	0.43294	0.883	-0.057	-0.287	0.832	0.94224
0.16782	-9.92467	0.43818	0.884	-0.051	-0.258	0.843	0.95362
0.1888	-9.87062	0.44294	0.885	-0.047	-0.239	0.851	0.96158
0.20978	-9.81625	0.448	0.887	-0.044	-0.225	0.856	0.96505
0.23076	-9.76202	0.45087	0.888	-0.041	-0.214	0.86	0.96847
0.25174	-9.70838	0.45434	0.889	-0.04	-0.205	0.864	0.97188
0.27271	-9.65572	0.45704	0.89	-0.039	-0.197	0.867	0.97416
0.29369	-9.60443	0.45944	0.892	-0.038	-0.189	0.87	0.97534
0.31467	-9.55488	0.46396	0.893	-0.038	-0.182	0.873	0.9776
0.33565	-9.50742	0.46521	0.894	-0.038	-0.174	0.875	0.97875
0.35663	-9.46239	0.46742	0.895	-0.039	-0.167	0.878	0.98101
0.3776	-9.42009	0.46904	0.896	-0.04	-0.158	0.88	0.98214
0.39858	-9.38083	0.47132	0.897	-0.042	-0.148	0.883	0.98439
0.41956	-9.3449	0.47297	0.898	-0.044	-0.137	0.886	0.98664
0.44054	-9.31255	0.47433	0.899	-0.048	-0.123	0.888	0.98776
0.46152	-9.28403	0.47688	0.899	-0.052	-0.105	0.891	0.9911
0.4825	-9.25953	0.47714	0.9	-0.058	-0.082	0.894	0.99333
0.50347	-9.23925	0.47783	0.9	-0.067	-0.05	0.896	0.99556
0.52445	-9.22334	0.4803	0.901	-0.081	-0.004	0.897	0.99556
0.54543	-9.21191	0.4788	0.901	-0.101	0.069	0.892	0.99001
0.56641	-9.20505	0.47988	0.901	-0.135	0.193	0.869	0.96448
0.58739	-9.2028	0.47988	0.901	-0.193	0.424	0.771	0.85572
0.58739	-9.2028	0.47988	0.901	-0.193	0.424	0.771	0.85572
0.60836	-9.20516	0.47988	0.901	-0.259	0.766	0.396	0.43951
0.62934	-9.21209	0.47988	0.901	-0.228	0.847	-0.205	-0.22752
0.65032	-9.22354	0.4798	0.901	-0.161	0.716	-0.522	-0.57936
0.6713	-9.23946	0.47817	0.9	-0.119	0.612	-0.649	-0.72111
0.69228	-9.25975	0.47849	0.9	-0.094	0.547	-0.707	-0.78556
0.71325	-9.28425	0.47684	0.899	-0.079	0.506	-0.738	-0.82091
0.73423	-9.31277	0.47426	0.899	-0.068	0.48	-0.756	-0.84093
0.75521	-9.34512	0.47385	0.898	-0.061	0.463	-0.766	-0.85301
0.77619	-9.38105	0.47143	0.897	-0.057	0.453	-0.772	-0.86065
0.79717	-9.42031	0.46904	0.896	-0.053	0.447	-0.774	-0.86384
0.81814	-9.4626	0.46658	0.895	-0.051	0.446	-0.774	-0.8648
0.83912	-9.50764	0.46536	0.894	-0.049	0.448	-0.772	-0.86353
0.8601	-9.5551	0.4638	0.893	-0.049	0.453	-0.767	-0.8589
0.88108	-9.60465	0.45944	0.892	-0.049	0.462	-0.76	-0.85202
0.90206	-9.65593	0.45693	0.89	-0.05	0.475	-0.751	-0.84382
0.92303	-9.70858	0.4543	0.889	-0.051	0.492	-0.738	-0.83015
0.94401	-9.76222	0.45135	0.888	-0.053	0.515	-0.72	-0.81081
0.96499	-9.81644	0.44777	0.887	-0.056	0.546	-0.695	-0.78354
0.98597	-9.8708	0.44309	0.885	-0.061	0.587	-0.659	-0.74463
1.00695	-9.92484	0.43863	0.884	-0.067	0.643	-0.602	-0.681
1.02792	-9.97805	0.43404	0.883	-0.074	0.719	-0.506	-0.57305
1.0489	-10.02986	0.42519	0.882	-0.083	0.812	-0.331	-0.37528
1.06988	-10.07964	0.41638	0.881	-0.087	0.876	-0.015	-0.01703
1.09086	-10.12666	0.40329	0.88	-0.069	0.775	0.409	0.46477
1.11184	-10.17025	0.38286	0.879	-0.033	0.519	0.708	0.80546
1.13281	-10.21041	0.33818	0.879	0	0.297	0.826	0.9397
1.15379	-10.24998	0.30542	0.879	0.012	0.201	0.855	0.9727
1.17477	-10.2744	0.50792	0.879	0.158	0.488	0.712	0.81001
							--
#	BAND	=	0	0	30		--
0	-10.25309	0.60669	0.879	0.422	0.588	-0.497	-0.56542
0.02098	-10.23438	0.54412	0.879	-0.006	0.11	0.872	0.99204
0.04196	-10.19144	0.45038	0.88	0.028	0.342	0.81	0.92045
0.06293	-10.13835	0.41403	0.881	0.058	0.532	0.699	0.79342
0.08391	-10.0815	0.41027	0.882	0.091	0.773	0.413	0.46825
0.10489	-10.02256	0.41311	0.883	0.107	0.87	-0.101	-0.11438
0.12587	-9.96221	0.41882	0.884	0.091	0.734	-0.484	-0.54751
0.14685	-9.90092	0.42272	0.886	0.073	0.588	-0.657	-0.74153
0.16782	-9.83912	0.43081	0.887	0.061	0.488	-0.738	-0.83202
0.1888	-9.77718	0.43768	0.888	0.052	0.42	-0.78	-0.87838
0.20978	-9.71549	0.4433	0.89	0.046	0.372	-0.806	-0.90562
0.23076	-9.65442	0.44537	0.891	0.041	0.336	-0.824	-0.9248
0.25174	-9.59434	0.45015	0.893	0.038	0.308	-0.836	-0.93617
0.27271	-9.5356	0.45276	0.894	0.035	0.285	-0.846	-0.94631
0.29369	-9.47855	0.45852	0.895	0.034	0.266	-0.854	-0.95419
0.31467	-9.42354	0.46157	0.897	0.032	0.249	-0.86	-0.95875
0.33565	-9.37091	0.46497	0.898	0.031	0.234	-0.866	-0.96437
0.35663	-9.32101	0.46748	0.899	0.031	0.22	-0.871	-0.96885
0.3776	-9.27414	0.47008	0.9	0.031	0.205	-0.876	-0.97333
0.39858	-9.23064	0.47355	0.902	0.031	0.19	-0.88	-0.97561
0.41956	-9.19081	0.47605	0.903	0.032	0.175	-0.884	-0.97896
0.44054	-9.15491	0.47948	0.904	0.034	0.156	-0.889	-0.98341
0.46152	-9.12322	0.47977	0.904	0.037	0.135	-0.893	-0.98783
0.4825	-9.09597	0.48224	0.905	0.04	0.107	-0.897	-0.99116
0.50347	-9.07336	0.48336	0.906	0.046	0.07	-0.901	-0.99448
0.52445	-9.05558	0.48608	0.906	0.055	0.016	-0.904	-0.99779
0.54543	-9.04276	0.48684	0.906	0.069	-0.07	-0.901	-0.99448
0.56641	-9.035	0.48683	0.907	0.093	-0.218	-0.875	-0.96472
0.58739	-9.03238	0.48683	0.907	0.132	-0.49	-0.751	-0.828
0.58739	-9.03238	0.48683	0.907	0.132	-0.49	-0.751	-0.828
0.60836	-9.03493	0.48711	0.907	0.164	-0.833	-0.316	-0.3484
0.62934	-9.04265	0.48588	0.906	0.135	-0.864	0.237	0.26159
0.65032	-9.05546	0.48597	0.906	0.097	-0.744	0.508	0.56071
0.6713	-9.07323	0.48336	0.906	0.073	-0.654	0.622	0.68653
0.69228	-9.09584	0.48368	0.905	0.06	-0.598	0.676	0.74696
0.71325	-9.12309	0.47977	0.904	0.051	-0.564	0.704	0.77876
0.73423	-9.15478	0.47873	0.904	0.045	-0.544	0.719	0.79535
0.75521	-9.19068	0.47678	0.903	0.042	-0.534	0.726	0.80399
0.77619	-9.23052	0.47339	0.902	0.04	-0.531	0.727	0.80599
0.79717	-9.27402	0.46892	0.9	0.038	-0.535	0.723	0.80333
0.81814	-9.32088	0.46533	0.899	0.038	-0.543	0.715	0.79533
0.83912	-9.37079	0.46458	0.898	0.038	-0.557	0.703	0.78285
0.8601	-9.42343	0.46079	0.897	0.038	-0.576	0.686	0.76477
0.88108	-9.47844	0.45921	0.895	0.04	-0.6	0.662	0.73966
0.90206	-9.5355	0.45286	0.894	0.041	-0.632	0.631	0.70582
0.92303	-9.59425	0.44793	0.893	0.044	-0.67	0.588	0.65845
0.94401	-9.65434	0.44591	0.891	0.047	-0.716	0.528	0.59259
0.96499	-9.71543	0.44213	0.89	0.05	-0.768	0.445	0.5
0.98597	-9.77714	0.43737	0.888	0.054	-0.824	0.326	0.36712
1.00695	-9.83911	0.43174	0.887	0.057	-0.869	0.162	0.18264
1.02792	-9.90096	0.42289	0.886	0.058	-0.882	-0.05	-0.05643
1.0489	-9.9623	0.41847	0.884	0.055	-0.834	-0.286	-0.32353
1.06988	-10.02269	0.41369	0.883	0.047	-0.727	-0.498	-0.56399
1.09086	-10.08166	0.40988	0.882	0.036	-0.593	-0.651	-0.7381
1.11184	-10.1385	0.41265	0.881	0.025	-0.467	-0.746	-0.84677
1.13281	-10.19156	0.45114	0.88	0.013	-0.363	-0.801	-0.91023
1.15379	-10.23442	0.54369	0.879	-0.005	-0.185	-0.859	-0.97725
1.17477	-10.25309	0.60669	0.879	0.422	0.588	-0.497	-0.56542
							--
#	BAND	=	0	0	31		--
0	-10.23805	0.60669	0.879	-0.422	-0.588	0.497	0.56542
0.02098	-10.21929	0.54173	0.879	0.006	-0.11	-0.872	-0.99204
0.04196	-10.17615	0.44651	0.88	-0.028	-0.342	-0.81	-0.92045
0.06293	-10.12303	0.41133	0.881	-0.058	-0.532	-0.699	-0.79342
0.08391	-10.06623	0.40907	0.882	-0.091	-0.773	-0.413	-0.46825
0.10489	-10.00729	0.41226	0.883	-0.107	-0.87	0.101	0.11438
0.12587	-9.94687	0.42047	0.884	-0.091	-0.734	0.484	0.54751
0.14685	-9.88548	0.42358	0.886	-0.073	-0.588	0.657	0.74153
0.16782	-9.82356	0.42957	0.887	-0.061	-0.488	0.738	0.83202
0.1888	-9.76151	0.4367	0.888	-0.052	-0.42	0.781	0.8795
0.20978	-9.69973	0.44193	0.89	-0.046	-0.372	0.806	0.90562
0.23076	-9.63857	0.44697	0.891	-0.041	-0.336	0.824	0.9248
0.25174	-9.57841	0.44946	0.893	-0.038	-0.308	0.836	0.93617
0.27271	-9.5196	0.45369	0.894	-0.035	-0.286	0.846	0.94631
0.29369	-9.4625	0.45685	0.896	-0.034	-0.266	0.854	0.95313
0.31467	-9.40745	0.46182	0.897	-0.032	-0.249	0.86	0.95875
0.33565	-9.3548	0.46283	0.898	-0.031	-0.234	0.866	0.96437
0.35663	-9.30488	0.46804	0.899	-0.031	-0.22	0.871	0.96885
0.3776	-9.25803	0.47139	0.901	-0.031	-0.205	0.876	0.97225
0.39858	-9.21456	0.4728	0.902	-0.031	-0.191	0.88	0.97561
0.41956	-9.17476	0.47578	0.903	-0.032	-0.175	0.885	0.98007
0.44054	-9.13893	0.47833	0.904	-0.034	-0.156	0.889	0.98341
0.46152	-9.10732	0.4797	0.904	-0.037	-0.135	0.893	0.98783
0.4825	-9.08016	0.48361	0.905	-0.04	-0.107	0.897	0.99116
0.50347	-9.05766	0.4841	0.906	-0.046	-0.07	0.901	0.99448
0.52445	-9.03999	0.48436	0.906	-0.055	-0.016	0.904	0.99779
0.54543	-9.02729	0.48776	0.906	-0.069	0.07	0.901	0.99448
0.56641	-9.01966	0.48884	0.907	-0.093	0.218	0.875	0.96472
0.58739	-9.01714	0.48847	0.907	-0.132	0.49	0.751	0.828
0.58739	-9.01714	0.48847	0.907	-0.132	0.49	0.751	0.828
0.60836	-9.01974	0.48784	0.907	-0.164	0.833	0.316	0.3484
0.62934	-9.02741	0.48688	0.906	-0.135	0.864	-0.237	-0.26159
0.65032	-9.04013	0.48535	0.906	-0.097	0.744	-0.508	-0.56071
0.6713	-9.0578	0.4841	0.906	-0.073	0.654	-0.622	-0.68653
0.69228	-9.0803	0.48185	0.905	-0.06	0.598	-0.676	-0.74696
0.71325	-9.10746	0.47909	0.904	-0.051	0.564	-0.704	-0.77876
0.73423	-9.13907	0.47725	0.904	-0.045	0.544	-0.719	-0.79535
0.75521	-9.1749	0.47716	0.903	-0.042	0.534	-0.726	-0.80399
0.77619	-9.21469	0.4744	0.902	-0.04	0.531	-0.727	-0.80599
0.79717	-9.25817	0.47159	0.901	-0.038	0.535	-0.723	-0.80244
0.81814	-9.30502	0.46769	0.899	-0.038	0.543	-0.715	-0.79533
0.83912	-9.35493	0.46244	0.898	-0.038	0.557	-0.703	-0.78285
0.8601	-9.40757	0.46256	0.897	-0.038	0.576	-0.686	-0.76477
0.88108	-9.46261	0.45832	0.896	-0.04	0.601	-0.662	-0.73884
0.90206	-9.51971	0.45228	0.894	-0.041	0.632	-0.631	-0.70582
0.92303	-9.57851	0.44904	0.893	-0.044	0.67	-0.588	-0.65845
0.94401	-9.63866	0.44469	0.891	-0.047	0.716	-0.528	-0.59259
0.96499	-9.6998	0.44174	0.89	-0.05	0.768	-0.445	-0.5
0.98597	-9.76156	0.4352	0.888	-0.054	0.824	-0.327	-0.36824
1.00695	-9.82358	0.42838	0.887	-0.057	0.87	-0.162	-0.18264
1.02792	-9.88546	0.42554	0.886	-0.058	0.882	0.05	0.05643
1.0489	-9.9468	0.41977	0.884	-0.055	0.834	0.286	0.32353
1.06988	-10.00716	0.41195	0.883	-0.047	0.727	0.498	0.56399
1.09086	-10.06607	0.40871	0.882	-0.036	0.593	0.651	0.7381
1.11184	-10.12289	0.41133	0.881	-0.025	0.467	0.746	0.84677
1.13281	-10.17604	0.44673	0.88	-0.013	0.363	0.801	0.91023
1.15379	-10.21925	0.54273	0.879	0.005	0.185	0.859	0.97725
1.17477	-10.23805	0.60669	0.879	-0.422	-0.588	0.497	0.56542
							--
#	BAND	=	0	0	32		--
0	-10.18019	0.70907	0.878	0.06	-0.131	-0.865	-0.98519
0.02098	-10.17328	0.69772	0.878	-0.136	0.769	-0.398	-0.4533
0.04196	-10.13896	0.65009	0.879	0.017	0.295	-0.828	-0.94198
0.06293	-10.08573	0.59823	0.881	0.028	0.195	-0.858	-0.97389
0.08391	-10.02459	0.55977	0.883	0.027	0.181	-0.863	-0.97735
0.10489	-9.95978	0.53451	0.885	0.025	0.186	-0.864	-0.97627
0.12587	-9.89304	0.51832	0.886	0.023	0.196	-0.863	-0.97404
0.14685	-9.8253	0.50697	0.888	0.021	0.204	-0.863	-0.97185
0.16782	-9.75716	0.50054	0.889	0.019	0.21	-0.863	-0.97075
0.1888	-9.68909	0.4949	0.891	0.017	0.212	-0.864	-0.9697
0.20978	-9.62149	0.4911	0.892	0.016	0.211	-0.866	-0.97085
0.23076	-9.55475	0.49217	0.894	0.015	0.207	-0.869	-0.97204
0.25174	-9.48924	0.49086	0.895	0.014	0.202	-0.872	-0.9743
0.27271	-9.42531	0.49372	0.897	0.013	0.196	-0.875	-0.97547
0.29369	-9.36332	0.49766	0.898	0.012	0.188	-0.878	-0.97773
0.31467	-9.30362	0.49931	0.9	0.011	0.18	-0.881	-0.97889
0.33565	-9.24656	0.50129	0.901	0.011	0.172	-0.884	-0.98113
0.35663	-9.19249	0.50478	0.903	0.011	0.163	-0.887	-0.98228
0.3776	-9.14173	0.50906	0.904	0.011	0.153	-0.89	-0.98451
0.39858	-9.09463	0.51281	0.905	0.011	0.143	-0.893	-0.98674
0.41956	-9.05149	0.51572	0.906	0.011	0.132	-0.896	-0.98896
0.44054	-9.01262	0.51726	0.908	0.011	0.118	-0.899	-0.99009
0.46152	-8.97829	0.51905	0.908	0.012	0.102	-0.902	-0.99339
0.4825	-8.94877	0.52275	0.909	0.013	0.081	-0.905	-0.9956
0.50347	-8.92427	0.52503	0.91	0.015	0.052	-0.908	-0.9978
0.52445	-8.90498	0.52599	0.911	0.019	0.008	-0.91	-0.9989
0.54543	-8.89108	0.52682	0.911	0.024	-0.064	-0.908	-0.99671
0.56641	-8.88266	0.52713	0.911	0.034	-0.201	-0.888	-0.97475
0.58739	-8.87981	0.52713	0.911	0.054	-0.504	-0.757	-0.83095
0.58739	-8.87981	0.52713	0.911	0.054	-0.504	-0.757	-0.83095
0.60836	-8.88258	0.52628	0.911	0.071	-0.902	-0.103	-0.11306
0.62934	-8.89097	0.5267	0.911	0.047	-0.753	0.509	0.55873
0.65032	-8.90487	0.52579	0.911	0.031	-0.591	0.692	0.7596
0.6713	-8.92414	0.52503	0.91	0.023	-0.506	0.756	0.83077
0.69228	-8.94865	0.52287	0.909	0.019	-0.459	0.784	0.86249
0.71325	-8.97817	0.51874	0.908	0.016	-0.432	0.798	0.87885
0.73423	-9.0125	0.51726	0.908	0.014	-0.418	0.805	0.88656
0.75521	-9.05138	0.51547	0.906	0.013	-0.411	0.807	0.89073
0.77619	-9.09451	0.51265	0.905	0.013	-0.409	0.807	0.89171
0.79717	-9.14162	0.50733	0.904	0.012	-0.413	0.804	0.88938
0.81814	-9.19237	0.50382	0.903	0.012	-0.419	0.799	0.88483
0.83912	-9.24645	0.50168	0.901	0.013	-0.429	0.792	0.87902
0.8601	-9.30352	0.50146	0.9	0.013	-0.442	0.783	0.87
0.88108	-9.36322	0.49723	0.898	0.014	-0.457	0.773	0.8608
0.90206	-9.42521	0.49345	0.897	0.014	-0.474	0.761	0.84838
0.92303	-9.48914	0.49198	0.895	0.016	-0.491	0.748	0.83575
0.94401	-9.55466	0.49217	0.894	0.017	-0.509	0.734	0.82103
0.96499	-9.6214	0.49275	0.892	0.018	-0.526	0.72	0.80717
0.98597	-9.689	0.49538	0.891	0.02	-0.541	0.707	0.79349
1.00695	-9.75708	0.50111	0.889	0.023	-0.553	0.695	0.78178
1.02792	-9.82522	0.50601	0.888	0.025	-0.561	0.687	0.77365
1.0489	-9.89296	0.51804	0.886	0.028	-0.564	0.682	0.76975
1.06988	-9.9597	0.53505	0.885	0.032	-0.567	0.678	0.7661
1.09086	-10.02451	0.56007	0.883	0.035	-0.576	0.668	0.75651
1.11184	-10.08565	0.59916	0.881	0.037	-0.618	0.626	0.71056
1.13281	-10.13892	0.64929	0.879	0.021	-0.761	0.44	0.50057
1.15379	-10.1733	0.6973	0.878	-0.1	-0.815	-0.309	-0.35194
1.17477	-10.18019	0.70907	0.878	0.06	-0.131	-0.865	-0.98519
							--
#	BAND	=	0	0	33		--
0	-10.16511	0.70907	0.878	-0.06	0.131	0.865	0.98519
0.02098	-10.15816	0.69573	0.878	0.136	-0.77	0.398	0.4533
0.04196	-10.12353	0.6487	0.879	-0.017	-0.295	0.828	0.94198
0.06293	-10.07011	0.59995	0.881	-0.028	-0.195	0.858	0.97389
0.08391	-10.00892	0.56455	0.883	-0.027	-0.181	0.863	0.97735
0.10489	-9.94409	0.53948	0.884	-0.025	-0.186	0.864	0.97738
0.12587	-9.87734	0.52231	0.886	-0.023	-0.196	0.863	0.97404
0.14685	-9.80958	0.51169	0.888	-0.021	-0.204	0.863	0.97185
0.16782	-9.74141	0.504	0.889	-0.019	-0.21	0.863	0.97075
0.1888	-9.6733	0.4986	0.891	-0.017	-0.212	0.864	0.9697
0.20978	-9.60566	0.49469	0.892	-0.016	-0.211	0.866	0.97085
0.23076	-9.53887	0.49486	0.894	-0.015	-0.208	0.869	0.97204
0.25174	-9.4733	0.49612	0.895	-0.014	-0.202	0.872	0.9743
0.27271	-9.40933	0.49452	0.897	-0.013	-0.196	0.875	0.97547
0.29369	-9.34729	0.49912	0.898	-0.012	-0.188	0.878	0.97773
0.31467	-9.28755	0.50024	0.9	-0.011	-0.18	0.881	0.97889
0.33565	-9.23046	0.50415	0.901	-0.011	-0.172	0.884	0.98113
0.35663	-9.17637	0.50545	0.903	-0.011	-0.163	0.887	0.98228
0.3776	-9.12562	0.50955	0.904	-0.011	-0.153	0.89	0.98451
0.39858	-9.07854	0.51318	0.905	-0.011	-0.143	0.893	0.98674
0.41956	-9.03544	0.51759	0.907	-0.011	-0.132	0.896	0.98787
0.44054	-8.99663	0.51883	0.908	-0.011	-0.118	0.899	0.99009
0.46152	-8.96238	0.52027	0.909	-0.012	-0.102	0.902	0.9923
0.4825	-8.93295	0.52209	0.909	-0.013	-0.081	0.905	0.9956
0.50347	-8.90856	0.52557	0.91	-0.015	-0.052	0.908	0.9978
0.52445	-8.8894	0.52691	0.911	-0.019	-0.008	0.91	0.9989
0.54543	-8.87563	0.52651	0.911	-0.024	0.064	0.908	0.99671
0.56641	-8.86735	0.52762	0.911	-0.034	0.201	0.888	0.97475
0.58739	-8.86462	0.52662	0.911	-0.054	0.504	0.757	0.83095
0.58739	-8.86462	0.52662	0.911	-0.054	0.504	0.757	0.83095
0.60836	-8.86743	0.52662	0.911	-0.071	0.902	0.103	0.11306
0.62934	-8.87574	0.52639	0.911	-0.047	0.753	-0.51	-0.55982
0.65032	-8.88953	0.52691	0.911	-0.031	0.591	-0.692	-0.7596
0.6713	-8.90869	0.52535	0.91	-0.023	0.506	-0.756	-0.83077
0.69228	-8.93308	0.52297	0.909	-0.019	0.459	-0.784	-0.86249
0.71325	-8.96251	0.51927	0.909	-0.016	0.432	-0.798	-0.87789
0.73423	-8.99676	0.51968	0.908	-0.014	0.418	-0.805	-0.88656
0.75521	-9.03557	0.51843	0.907	-0.013	0.411	-0.807	-0.88975
0.77619	-9.07866	0.51218	0.905	-0.013	0.41	-0.807	-0.89171
0.79717	-9.12574	0.50875	0.904	-0.012	0.413	-0.804	-0.88938
0.81814	-9.17649	0.50626	0.903	-0.012	0.42	-0.799	-0.88483
0.83912	-9.23058	0.50385	0.901	-0.013	0.429	-0.792	-0.87902
0.8601	-9.28767	0.49924	0.9	-0.013	0.442	-0.783	-0.87
0.88108	-9.3474	0.49943	0.899	-0.014	0.457	-0.773	-0.85984
0.90206	-9.40943	0.49602	0.897	-0.014	0.474	-0.761	-0.84838
0.92303	-9.47341	0.49409	0.895	-0.016	0.491	-0.748	-0.83575
0.94401	-9.53897	0.49521	0.894	-0.017	0.509	-0.734	-0.82103
0.96499	-9.60575	0.49408	0.892	-0.018	0.526	-0.72	-0.80717
0.98597	-9.67339	0.49768	0.891	-0.02	0.541	-0.707	-0.79349
1.00695	-9.7415	0.50284	0.889	-0.023	0.553	-0.695	-0.78178
1.02792	-9.80967	0.51122	0.888	-0.025	0.561	-0.687	-0.77365
1.0489	-9.87743	0.5211	0.886	-0.028	0.564	-0.682	-0.76975
1.06988	-9.94418	0.53712	0.885	-0.032	0.567	-0.678	-0.7661
1.09086	-10.00901	0.56374	0.883	-0.035	0.576	-0.668	-0.75651
1.11184	-10.07019	0.5996	0.881	-0.037	0.618	-0.626	-0.71056
1.13281	-10.12358	0.64979	0.879	-0.021	0.761	-0.44	-0.50057
1.15379	-10.15814	0.69611	0.878	0.1	0.815	0.309	0.35194
1.17477	-10.16511	0.70907	0.878	-0.06	0.131	0.865	0.98519
							--
#	BAND	=	0	0	34		--
0	-10.10145	0.8115	0.877	-0.662	-0.02	0.574	0.6545
0.02098	-10.07847	0.80041	0.878	-0.606	0.632	0.053	0.06036
0.04196	-10.02986	0.7925	0.879	-0.174	0.391	-0.767	-0.87258
0.06293	-9.97228	0.78522	0.88	-0.052	0.219	-0.851	-0.96705
0.08391	-9.91062	0.7769	0.882	-0.019	0.156	-0.867	-0.98299
0.10489	-9.84669	0.77288	0.884	-0.007	0.125	-0.874	-0.98869
0.12587	-9.78137	0.76834	0.885	-0.001	0.108	-0.878	-0.99209
0.14685	-9.71521	0.76148	0.887	0.001	0.097	-0.881	-0.99324
0.16782	-9.64864	0.7553	0.889	0.003	0.089	-0.884	-0.99438
0.1888	-9.582	0.74938	0.89	0.004	0.084	-0.886	-0.99551
0.20978	-9.51564	0.74209	0.892	0.004	0.08	-0.888	-0.99552
0.23076	-9.44987	0.73516	0.894	0.004	0.076	-0.89	-0.99553
0.25174	-9.38501	0.72583	0.896	0.004	0.073	-0.892	-0.99554
0.27271	-9.32142	0.71999	0.898	0.004	0.071	-0.894	-0.99555
0.29369	-9.25943	0.71179	0.899	0.004	0.069	-0.896	-0.99666
0.31467	-9.1994	0.70466	0.901	0.004	0.066	-0.898	-0.99667
0.33565	-9.14169	0.69528	0.903	0.004	0.064	-0.9	-0.99668
0.35663	-9.0867	0.68852	0.904	0.004	0.062	-0.902	-0.99779
0.3776	-9.0348	0.68176	0.906	0.004	0.059	-0.903	-0.99669
0.39858	-8.98638	0.67438	0.907	0.004	0.056	-0.905	-0.99779
0.41956	-8.94181	0.66964	0.909	0.004	0.052	-0.907	-0.9978
0.44054	-8.90147	0.66296	0.91	0.004	0.047	-0.908	-0.9978
0.46152	-8.8657	0.65886	0.911	0.004	0.04	-0.91	-0.9989
0.4825	-8.83481	0.65433	0.912	0.005	0.031	-0.911	-0.9989
0.50347	-8.8091	0.65135	0.913	0.006	0.017	-0.912	-0.9989
0.52445	-8.7888	0.64807	0.914	0.007	-0.006	-0.913	-0.99891
0.54543	-8.77412	0.64471	0.914	0.009	-0.048	-0.912	-0.99781
0.56641	-8.76521	0.64572	0.914	0.015	-0.15	-0.901	-0.98578
0.58739	-8.76216	0.64588	0.914	0.04	-0.586	-0.7	-0.76586
0.58739	-8.76216	0.64588	0.914	0.04	-0.586	-0.7	-0.76586
0.60836	-8.76512	0.64572	0.914	0.03	-0.564	0.718	0.78556
0.62934	-8.77403	0.64689	0.914	0.013	-0.312	0.858	0.93873
0.65032	-8.78871	0.64764	0.913	0.009	-0.238	0.882	0.96605
0.6713	-8.809	0.65135	0.913	0.007	-0.204	0.889	0.97371
0.69228	-8.83471	0.6539	0.912	0.006	-0.185	0.893	0.97917
0.71325	-8.8656	0.66066	0.911	0.005	-0.174	0.894	0.98134
0.73423	-8.90137	0.6638	0.91	0.005	-0.167	0.894	0.98242
0.75521	-8.9417	0.66998	0.909	0.005	-0.162	0.894	0.9835
0.77619	-8.98627	0.67438	0.907	0.004	-0.16	0.893	0.98456
0.79717	-9.03468	0.68056	0.906	0.004	-0.159	0.891	0.98344
0.81814	-9.08657	0.68798	0.904	0.004	-0.16	0.89	0.98451
0.83912	-9.14156	0.69554	0.903	0.004	-0.161	0.888	0.98339
0.8601	-9.19926	0.70662	0.901	0.004	-0.164	0.885	0.98224
0.88108	-9.25928	0.71314	0.899	0.005	-0.168	0.883	0.9822
0.90206	-9.32127	0.72034	0.898	0.005	-0.174	0.88	0.97996
0.92303	-9.38485	0.72683	0.896	0.005	-0.181	0.877	0.97879
0.94401	-9.4497	0.73516	0.894	0.005	-0.19	0.873	0.97651
0.96499	-9.51546	0.74029	0.892	0.004	-0.201	0.869	0.97422
0.98597	-9.58182	0.74846	0.89	0.004	-0.215	0.863	0.96966
1.00695	-9.64846	0.7553	0.889	0.003	-0.233	0.857	0.964
1.02792	-9.71504	0.76148	0.887	0.001	-0.258	0.848	0.95603
1.0489	-9.78121	0.76768	0.885	-0.002	-0.291	0.836	0.94463
1.06988	-9.84655	0.773	0.883	-0.008	-0.337	0.816	0.92412
1.09086	-9.91052	0.77775	0.882	-0.023	-0.408	0.781	0.88549
1.11184	-9.97223	0.78618	0.88	-0.057	-0.514	0.712	0.80909
1.13281	-10.0299	0.79308	0.879	-0.151	-0.654	0.566	0.64391
1.15379	-10.07855	0.8006	0.878	-0.404	-0.663	0.407	0.46355
1.17477	-10.10145	0.8115	0.877	-0.662	-0.02	0.574	0.6545
							--
#	BAND	=	0	0	35		--
0	-10.08604	0.8115	0.877	0.662	0.02	-0.574	-0.6545
0.02098	-10.06316	0.8008	0.878	0.606	-0.632	-0.053	-0.06036
0.04196	-10.01425	0.79268	0.879	0.174	-0.391	0.767	0.87258
0.06293	-9.95615	0.78532	0.88	0.052	-0.219	0.851	0.96705
0.08391	-9.89402	0.77966	0.882	0.019	-0.156	0.867	0.98299
0.10489	-9.82967	0.77258	0.884	0.007	-0.126	0.874	0.98869
0.12587	-9.764	0.77103	0.885	0.001	-0.108	0.878	0.99209
0.14685	-9.69756	0.7644	0.887	-0.001	-0.097	0.881	0.99324
0.16782	-9.63077	0.75783	0.889	-0.003	-0.09	0.884	0.99438
0.1888	-9.56398	0.75264	0.891	-0.004	-0.084	0.886	0.99439
0.20978	-9.49751	0.74597	0.892	-0.004	-0.08	0.888	0.99552
0.23076	-9.43168	0.7386	0.894	-0.004	-0.076	0.89	0.99553
0.25174	-9.36682	0.73207	0.896	-0.004	-0.073	0.892	0.99554
0.27271	-9.30326	0.7242	0.898	-0.004	-0.071	0.894	0.99555
0.29369	-9.24135	0.71584	0.899	-0.004	-0.069	0.896	0.99666
0.31467	-9.18142	0.70885	0.901	-0.004	-0.066	0.898	0.99667
0.33565	-9.12386	0.70046	0.903	-0.004	-0.064	0.9	0.99668
0.35663	-9.06903	0.69374	0.905	-0.004	-0.062	0.902	0.99669
0.3776	-9.01732	0.68836	0.906	-0.004	-0.059	0.904	0.99779
0.39858	-8.9691	0.68044	0.908	-0.004	-0.056	0.905	0.9967
0.41956	-8.92475	0.67098	0.909	-0.004	-0.052	0.907	0.9978
0.44054	-8.88464	0.66667	0.91	-0.004	-0.047	0.908	0.9978
0.46152	-8.8491	0.66278	0.911	-0.004	-0.04	0.91	0.9989
0.4825	-8.81846	0.65826	0.912	-0.005	-0.031	0.911	0.9989
0.50347	-8.79299	0.65401	0.913	-0.006	-0.017	0.912	0.9989
0.52445	-8.77294	0.64993	0.914	-0.007	0.006	0.913	0.99891
0.54543	-8.75851	0.64784	0.914	-0.009	0.048	0.912	0.99781
0.56641	-8.74985	0.64736	0.914	-0.015	0.15	0.901	0.98578
0.58739	-8.74702	0.64572	0.914	-0.04	0.586	0.7	0.76586
0.58739	-8.74702	0.64572	0.914	-0.04	0.586	0.7	0.76586
0.60836	-8.74994	0.64668	0.914	-0.03	0.564	-0.718	-0.78556
0.62934	-8.75861	0.64784	0.914	-0.013	0.312	-0.858	-0.93873
0.65032	-8.77304	0.64993	0.914	-0.009	0.238	-0.882	-0.96499
0.6713	-8.79309	0.65463	0.913	-0.007	0.204	-0.889	-0.97371
0.69228	-8.81856	0.65791	0.912	-0.006	0.185	-0.893	-0.97917
0.71325	-8.84921	0.66355	0.911	-0.005	0.174	-0.894	-0.98134
0.73423	-8.88475	0.66667	0.91	-0.005	0.167	-0.894	-0.98242
0.75521	-8.92487	0.6713	0.909	-0.004	0.162	-0.894	-0.9835
0.77619	-8.96923	0.68044	0.908	-0.004	0.16	-0.893	-0.98348
0.79717	-9.01745	0.68779	0.906	-0.004	0.159	-0.892	-0.98455
0.81814	-9.06917	0.69374	0.905	-0.004	0.16	-0.89	-0.98343
0.83912	-9.12401	0.70036	0.903	-0.004	0.161	-0.888	-0.98339
0.8601	-9.18158	0.70847	0.901	-0.004	0.164	-0.886	-0.98335
0.88108	-9.24151	0.71603	0.9	-0.005	0.168	-0.883	-0.98111
0.90206	-9.30343	0.72224	0.898	-0.005	0.174	-0.88	-0.97996
0.92303	-9.367	0.73162	0.896	-0.005	0.181	-0.877	-0.97879
0.94401	-9.43186	0.73825	0.894	-0.005	0.19	-0.873	-0.97651
0.96499	-9.49769	0.74401	0.892	-0.004	0.201	-0.869	-0.97422
0.98597	-9.56417	0.75283	0.891	-0.004	0.215	-0.864	-0.9697
1.00695	-9.63096	0.75948	0.889	-0.003	0.233	-0.857	-0.964
1.02792	-9.69775	0.76494	0.887	-0.001	0.258	-0.848	-0.95603
1.0489	-9.76417	0.76907	0.885	0.002	0.291	-0.836	-0.94463
1.06988	-9.82982	0.77346	0.884	0.008	0.338	-0.816	-0.92308
1.09086	-9.89413	0.77955	0.882	0.023	0.408	-0.781	-0.88549
1.11184	-9.9562	0.78536	0.88	0.057	0.514	-0.712	-0.80909
1.13281	-10.01419	0.79188	0.879	0.151	0.654	-0.566	-0.64391
1.15379	-10.06308	0.79972	0.878	0.404	0.663	-0.407	-0.46355
1.17477	-10.08604	0.8115	0.877	0.662	0.02	-0.574	-0.6545
							--
#	BAND	=	0	0	36		--
0	-4.22524	0.03088	0.64	-0.086	-0.244	-0.35	-0.54688
0.02098	-4.22964	0.03058	0.64	-0.021	0.076	0.402	0.62813
0.04196	-4.23419	0.03045	0.641	-0.018	0.073	0.411	0.64119
0.06293	-4.23814	0.03032	0.641	-0.017	0.066	0.419	0.65367
0.08391	-4.24136	0.03033	0.641	-0.017	0.057	0.425	0.66303
0.10489	-4.24378	0.03002	0.64	-0.017	0.047	0.431	0.67344
0.12587	-4.24532	0.02993	0.64	-0.018	0.037	0.436	0.68125
0.14685	-4.24597	0.02998	0.64	-0.018	0.025	0.44	0.6875
0.16782	-4.24577	0.03035	0.64	-0.019	0.012	0.444	0.69375
0.1888	-4.24479	0.03066	0.639	-0.02	-0.003	0.448	0.7011
0.20978	-4.24319	0.03119	0.639	-0.022	-0.021	0.452	0.70736
0.23076	-4.24122	0.03214	0.638	-0.023	-0.043	0.456	0.71473
0.25174	-4.23919	0.03434	0.637	-0.025	-0.071	0.459	0.72057
0.27271	-4.23748	0.03619	0.635	-0.027	-0.105	0.462	0.72756
0.29369	-4.23644	0.03987	0.633	-0.029	-0.148	0.461	0.72828
0.31467	-4.23639	0.0436	0.631	-0.031	-0.198	0.456	0.72266
0.33565	-4.23744	0.0485	0.629	-0.032	-0.252	0.443	0.70429
0.35663	-4.23951	0.05369	0.626	-0.032	-0.306	0.423	0.67572
0.3776	-4.24236	0.05822	0.624	-0.032	-0.354	0.398	0.63782
0.39858	-4.24564	0.06239	0.622	-0.031	-0.395	0.371	0.59646
0.41956	-4.24904	0.06672	0.621	-0.031	-0.427	0.344	0.55395
0.44054	-4.25227	0.06918	0.619	-0.03	-0.451	0.319	0.51535
0.46152	-4.25515	0.07052	0.619	-0.03	-0.47	0.298	0.48142
0.4825	-4.25752	0.07204	0.618	-0.03	-0.483	0.281	0.45469
0.50347	-4.25929	0.07322	0.617	-0.03	-0.492	0.267	0.43274
0.52445	-4.2604	0.0734	0.617	-0.031	-0.498	0.256	0.41491
0.54543	-4.2608	0.07417	0.616	-0.033	-0.502	0.247	0.40097
0.56641	-4.26049	0.07428	0.616	-0.04	-0.505	0.236	0.38312
0.58739	-4.25949	0.07469	0.616	-0.386	-0.212	-0.372	-0.6039
0.58739	-4.25949	0.07469	0.616	-0.386	-0.212	-0.372	-0.6039
0.60836	-4.26049	0.07437	0.616	0.012	0.492	-0.264	-0.42857
0.62934	-4.2608	0.07417	0.616	0.019	0.495	-0.261	-0.4237
0.65032	-4.2604	0.0734	0.617	0.021	0.493	-0.265	-0.4295
0.6713	-4.2593	0.0729	0.617	0.023	0.488	-0.274	-0.44408
0.69228	-4.25754	0.07189	0.618	0.024	0.479	-0.287	-0.4644
0.71325	-4.25517	0.07052	0.619	0.025	0.466	-0.304	-0.49111
0.73423	-4.2523	0.06918	0.62	0.026	0.448	-0.324	-0.52258
0.75521	-4.24908	0.06668	0.621	0.027	0.423	-0.348	-0.56039
0.77619	-4.24571	0.06243	0.622	0.028	0.391	-0.375	-0.60289
0.79717	-4.24246	0.05826	0.624	0.029	0.35	-0.402	-0.64423
0.81814	-4.23964	0.05348	0.626	0.029	0.301	-0.427	-0.68211
0.83912	-4.23762	0.04811	0.629	0.029	0.247	-0.446	-0.70906
0.8601	-4.23662	0.04347	0.631	0.028	0.192	-0.458	-0.72583
0.88108	-4.23675	0.03992	0.633	0.027	0.142	-0.463	-0.73144
0.90206	-4.23785	0.03606	0.635	0.025	0.1	-0.463	-0.72913
0.92303	-4.23961	0.0343	0.637	0.023	0.066	-0.46	-0.72214
0.94401	-4.24169	0.03201	0.638	0.021	0.039	-0.456	-0.71473
0.96499	-4.2437	0.03123	0.639	0.02	0.017	-0.452	-0.70736
0.98597	-4.24534	0.03041	0.639	0.018	0	-0.448	-0.7011
1.00695	-4.24634	0.03035	0.64	0.017	-0.016	-0.445	-0.69531
1.02792	-4.24657	0.02998	0.64	0.016	-0.029	-0.441	-0.68906
1.0489	-4.24593	0.02998	0.64	0.015	-0.041	-0.436	-0.68125
1.06988	-4.2444	0.03002	0.64	0.014	-0.052	-0.431	-0.67344
1.09086	-4.24199	0.03024	0.641	0.013	-0.062	-0.425	-0.66303
1.11184	-4.23877	0.03032	0.641	0.013	-0.072	-0.419	-0.65367
1.13281	-4.23482	0.03045	0.641	0.011	-0.083	-0.411	-0.64119
1.15379	-4.23026	0.03058	0.64	0.008	-0.096	-0.401	-0.62656
1.17477	-4.22524	0.03088	0.64	-0.086	-0.244	-0.35	-0.54688
							--
#	BAND	=	0	0	37		--
0	-4.20957	0.03104	0.64	0.086	0.245	0.349	0.54531
0.02098	-4.20482	0.03126	0.64	0.021	-0.092	-0.381	-0.59531
0.04196	-4.19922	0.03196	0.64	0.017	-0.106	-0.369	-0.57656
0.06293	-4.19358	0.03238	0.639	0.016	-0.116	-0.356	-0.55712
0.08391	-4.18805	0.03288	0.639	0.016	-0.126	-0.342	-0.53521
0.10489	-4.18279	0.03406	0.638	0.016	-0.135	-0.328	-0.51411
0.12587	-4.17798	0.03457	0.637	0.016	-0.145	-0.315	-0.49451
0.14685	-4.1738	0.03572	0.636	0.016	-0.154	-0.303	-0.47642
0.16782	-4.17047	0.0366	0.635	0.017	-0.163	-0.294	-0.46299
0.1888	-4.16815	0.03872	0.634	0.018	-0.171	-0.289	-0.45584
0.20978	-4.16702	0.04087	0.633	0.019	-0.174	-0.29	-0.45814
0.23076	-4.16718	0.04306	0.632	0.02	-0.171	-0.299	-0.4731
0.25174	-4.16867	0.04621	0.631	0.022	-0.158	-0.315	-0.49921
0.27271	-4.17144	0.04917	0.629	0.024	-0.129	-0.338	-0.53736
0.29369	-4.17532	0.05305	0.628	0.027	-0.081	-0.364	-0.57962
0.31467	-4.18015	0.05669	0.627	0.029	-0.016	-0.388	-0.61882
0.33565	-4.18573	0.06088	0.625	0.03	0.064	-0.402	-0.6432
0.35663	-4.19189	0.066	0.624	0.031	0.147	-0.403	-0.64583
0.3776	-4.19838	0.06944	0.623	0.031	0.226	-0.392	-0.62921
0.39858	-4.20497	0.07321	0.621	0.031	0.293	-0.372	-0.59903
0.41956	-4.21142	0.07581	0.62	0.031	0.348	-0.349	-0.5629
0.44054	-4.21758	0.07612	0.619	0.03	0.39	-0.326	-0.52666
0.46152	-4.22328	0.07623	0.618	0.03	0.422	-0.305	-0.49353
0.4825	-4.22845	0.07702	0.618	0.03	0.447	-0.286	-0.46278
0.50347	-4.233	0.07633	0.617	0.03	0.465	-0.271	-0.43922
0.52445	-4.2369	0.07597	0.617	0.031	0.479	-0.259	-0.41977
0.54543	-4.24013	0.07524	0.616	0.033	0.49	-0.249	-0.40422
0.56641	-4.24264	0.0756	0.616	0.04	0.499	-0.237	-0.38474
0.58739	-4.24439	0.07508	0.616	0.386	0.212	0.371	0.60227
0.58739	-4.24439	0.07508	0.616	0.386	0.212	0.371	0.60227
0.60836	-4.24265	0.0756	0.616	-0.012	-0.486	0.265	0.43019
0.62934	-4.24014	0.07524	0.616	-0.019	-0.483	0.263	0.42695
0.65032	-4.23693	0.07597	0.617	-0.022	-0.474	0.268	0.43436
0.6713	-4.23303	0.07633	0.617	-0.023	-0.461	0.278	0.45057
0.69228	-4.22848	0.07702	0.618	-0.024	-0.443	0.292	0.47249
0.71325	-4.22333	0.07655	0.618	-0.025	-0.418	0.31	0.50162
0.73423	-4.21763	0.07639	0.619	-0.026	-0.386	0.331	0.53473
0.75521	-4.21149	0.07581	0.62	-0.027	-0.343	0.354	0.57097
0.77619	-4.20504	0.07336	0.621	-0.028	-0.289	0.376	0.60548
0.79717	-4.19847	0.06939	0.622	-0.028	-0.221	0.395	0.63505
0.81814	-4.19197	0.06595	0.624	-0.028	-0.141	0.406	0.65064
0.83912	-4.18581	0.06151	0.625	-0.028	-0.057	0.404	0.6464
0.8601	-4.1802	0.05713	0.627	-0.026	0.022	0.389	0.62041
0.88108	-4.17534	0.05333	0.628	-0.025	0.087	0.365	0.58121
0.90206	-4.1714	0.04976	0.629	-0.022	0.134	0.338	0.53736
0.92303	-4.16858	0.04641	0.63	-0.02	0.163	0.315	0.5
0.94401	-4.16703	0.04311	0.632	-0.019	0.176	0.298	0.47152
0.96499	-4.1668	0.04077	0.633	-0.017	0.179	0.29	0.45814
0.98597	-4.16787	0.03892	0.634	-0.016	0.175	0.288	0.45426
1.00695	-4.17013	0.03665	0.635	-0.015	0.168	0.293	0.46142
1.02792	-4.17341	0.03572	0.636	-0.014	0.159	0.302	0.47484
1.0489	-4.17754	0.03457	0.637	-0.014	0.149	0.314	0.49294
1.06988	-4.1823	0.03422	0.638	-0.013	0.14	0.327	0.51254
1.09086	-4.18752	0.03284	0.639	-0.012	0.132	0.341	0.53365
1.11184	-4.19303	0.03255	0.639	-0.012	0.124	0.355	0.55556
1.13281	-4.19865	0.03196	0.64	-0.011	0.117	0.368	0.575
1.15379	-4.20423	0.03126	0.64	-0.008	0.113	0.38	0.59375
1.17477	-4.20957	0.03104	0.64	0.086	0.245	0.349	0.54531
							--
#	BAND	=	0	0	38		--
0	-3.92873	0.19653	0.638	-0.023	0.047	0.082	0.12853
0.02098	-3.93482	0.19804	0.636	-0.001	-0.532	-0.151	-0.23742
0.04196	-3.9439	0.19886	0.634	0	-0.531	-0.181	-0.28549
0.06293	-3.9556	0.19944	0.632	0	-0.522	-0.215	-0.34019
0.08391	-3.96937	0.2009	0.63	0.001	-0.504	-0.251	-0.39841
0.10489	-3.98471	0.20326	0.629	0.002	-0.478	-0.29	-0.46105
0.12587	-4.00111	0.20407	0.627	0.002	-0.443	-0.333	-0.5311
0.14685	-4.0181	0.20557	0.625	0.003	-0.397	-0.377	-0.6032
0.16782	-4.03534	0.20833	0.624	0.003	-0.337	-0.422	-0.67628
0.1888	-4.05248	0.21067	0.623	0.003	-0.257	-0.465	-0.74639
0.20978	-4.06926	0.21241	0.621	0.003	-0.157	-0.5	-0.80515
0.23076	-4.08544	0.21327	0.62	0.002	-0.034	-0.518	-0.83548
0.25174	-4.10084	0.21584	0.619	-0.001	0.104	-0.508	-0.82068
0.27271	-4.11532	0.2184	0.618	-0.005	0.243	-0.463	-0.74919
0.29369	-4.12868	0.2209	0.617	-0.011	0.365	-0.387	-0.62723
0.31467	-4.14082	0.22246	0.617	-0.019	0.457	-0.289	-0.4684
0.33565	-4.15169	0.22505	0.616	-0.029	0.517	-0.184	-0.2987
0.35663	-4.16132	0.2276	0.616	-0.042	0.548	-0.083	-0.13474
0.3776	-4.1698	0.23002	0.616	-0.058	0.559	0.006	0.00974
0.39858	-4.17722	0.23196	0.615	-0.079	0.556	0.074	0.12033
0.41956	-4.18369	0.23365	0.615	-0.107	0.549	0.11	0.17886
0.44054	-4.18924	0.2343	0.614	-0.147	0.545	0.1	0.16287
0.46152	-4.19394	0.23582	0.614	-0.204	0.539	0.011	0.01792
0.4825	-4.19782	0.23517	0.613	-0.26	0.485	-0.182	-0.2969
0.50347	-4.20093	0.23654	0.613	-0.265	0.346	-0.383	-0.6248
0.52445	-4.20327	0.23646	0.613	-0.238	0.218	-0.483	-0.78793
0.54543	-4.20489	0.23702	0.612	-0.229	0.148	-0.514	-0.83987
0.56641	-4.20582	0.2383	0.612	-0.288	0.126	-0.493	-0.80556
0.58739	-4.20611	0.23889	0.612	-0.37	0.025	0.455	0.74346
0.58739	-4.20611	0.23889	0.612	-0.37	0.025	0.455	0.74346
0.60836	-4.20583	0.23798	0.612	0.017	-0.077	0.575	0.93954
0.62934	-4.20491	0.23652	0.612	0.079	-0.119	0.562	0.9183
0.65032	-4.20329	0.23581	0.613	0.121	-0.193	0.532	0.86786
0.6713	-4.20094	0.23573	0.613	0.165	-0.327	0.448	0.73083
0.69228	-4.19783	0.23388	0.613	0.186	-0.485	0.252	0.41109
0.71325	-4.19394	0.2357	0.614	0.159	-0.552	0.038	0.06189
0.73423	-4.18925	0.23378	0.614	0.119	-0.556	-0.071	-0.11564
0.75521	-4.1837	0.23365	0.615	0.088	-0.555	-0.09	-0.14634
0.77619	-4.17724	0.23101	0.615	0.066	-0.558	-0.059	-0.09593
0.79717	-4.16982	0.2289	0.616	0.049	-0.559	0.004	0.00649
0.81814	-4.16134	0.22699	0.616	0.036	-0.547	0.09	0.1461
0.83912	-4.15171	0.22505	0.616	0.025	-0.515	0.189	0.30682
0.8601	-4.14085	0.22208	0.617	0.016	-0.455	0.292	0.47326
0.88108	-4.12871	0.2209	0.617	0.008	-0.363	0.388	0.62885
0.90206	-4.11535	0.2184	0.618	0.003	-0.242	0.463	0.74919
0.92303	-4.10087	0.21584	0.619	-0.001	-0.104	0.508	0.82068
0.94401	-4.08547	0.21288	0.62	-0.003	0.033	0.518	0.83548
0.96499	-4.06928	0.21241	0.621	-0.004	0.155	0.501	0.80676
0.98597	-4.05251	0.21017	0.623	-0.004	0.256	0.466	0.74799
1.00695	-4.03536	0.20833	0.624	-0.004	0.335	0.423	0.67788
1.02792	-4.01812	0.20518	0.625	-0.003	0.396	0.378	0.6048
1.0489	-4.00112	0.20407	0.627	-0.002	0.442	0.334	0.5327
1.06988	-3.98472	0.20326	0.629	-0.002	0.477	0.292	0.46423
1.09086	-3.96939	0.2007	0.63	-0.001	0.503	0.252	0.4
1.11184	-3.9556	0.19905	0.632	-0.001	0.521	0.216	0.34177
1.13281	-3.94391	0.19886	0.634	0	0.531	0.182	0.28707
1.15379	-3.93482	0.19804	0.636	0	0.532	0.152	0.23899
1.17477	-3.92873	0.19653	0.638	-0.023	0.047	0.082	0.12853
							--
#	BAND	=	0	0	39		--
0	-3.9137	0.19653	0.638	0.023	-0.047	-0.082	-0.12853
0.02098	-3.91081	0.1959	0.639	0.001	0.509	0.101	0.15806
0.04196	-3.91108	0.19388	0.64	0.002	0.489	0.086	0.13438
0.06293	-3.91641	0.21624	0.633	-0.001	0.516	0.164	0.25908
0.08391	-3.93174	0.23829	0.628	-0.001	0.525	0.25	0.39809
0.10489	-3.94975	0.23736	0.626	-0.002	0.502	0.295	0.47125
0.12587	-3.96876	0.23569	0.625	-0.002	0.469	0.341	0.5456
0.14685	-3.98816	0.23498	0.623	-0.002	0.424	0.389	0.6244
0.16782	-4.00753	0.23448	0.622	-0.003	0.363	0.438	0.70418
0.1888	-4.02654	0.23578	0.621	-0.003	0.283	0.484	0.77939
0.20978	-4.04489	0.23628	0.62	-0.002	0.181	0.522	0.84194
0.23076	-4.06235	0.23732	0.619	-0.001	0.056	0.543	0.87722
0.25174	-4.07876	0.24033	0.618	0.002	-0.085	0.536	0.86731
0.27271	-4.09403	0.2407	0.618	0.006	-0.228	0.494	0.79935
0.29369	-4.10806	0.24103	0.617	0.012	-0.355	0.419	0.67909
0.31467	-4.12085	0.24145	0.616	0.02	-0.454	0.321	0.5211
0.33565	-4.13242	0.24003	0.616	0.03	-0.52	0.215	0.34903
0.35663	-4.14283	0.23982	0.615	0.043	-0.557	0.111	0.18049
0.3776	-4.15209	0.23943	0.615	0.059	-0.571	0.018	0.02927
0.39858	-4.16024	0.23888	0.615	0.079	-0.57	-0.054	-0.0878
0.41956	-4.16732	0.23836	0.614	0.107	-0.563	-0.095	-0.15472
0.44054	-4.17336	0.23929	0.614	0.147	-0.558	-0.089	-0.14495
0.46152	-4.17839	0.24095	0.613	0.204	-0.55	-0.003	-0.00489
0.4825	-4.18247	0.24171	0.613	0.26	-0.494	0.187	0.30506
0.50347	-4.18565	0.24216	0.613	0.265	-0.353	0.387	0.63132
0.52445	-4.18804	0.24164	0.612	0.238	-0.223	0.486	0.79412
0.54543	-4.18971	0.2406	0.612	0.229	-0.152	0.516	0.84314
0.56641	-4.19073	0.2405	0.612	0.288	-0.127	0.493	0.80556
0.58739	-4.19107	0.23951	0.612	0.37	-0.025	-0.455	-0.74346
0.58739	-4.19107	0.23951	0.612	0.37	-0.025	-0.455	-0.74346
0.60836	-4.19071	0.24011	0.612	-0.017	0.079	-0.576	-0.94118
0.62934	-4.1897	0.2406	0.612	-0.079	0.123	-0.564	-0.92157
0.65032	-4.18802	0.24138	0.612	-0.121	0.199	-0.535	-0.87418
0.6713	-4.18564	0.242	0.613	-0.165	0.334	-0.451	-0.73573
0.69228	-4.18247	0.24181	0.613	-0.186	0.494	-0.258	-0.42088
0.71325	-4.1784	0.24082	0.613	-0.159	0.563	-0.045	-0.07341
0.73423	-4.17337	0.24023	0.614	-0.119	0.568	0.06	0.09772
0.75521	-4.16733	0.23948	0.614	-0.089	0.569	0.075	0.12215
0.77619	-4.16024	0.23934	0.615	-0.067	0.572	0.04	0.06504
0.79717	-4.15208	0.23963	0.615	-0.05	0.571	-0.029	-0.04715
0.81814	-4.14281	0.23982	0.615	-0.037	0.555	-0.119	-0.1935
0.83912	-4.1324	0.24046	0.616	-0.026	0.518	-0.22	-0.35714
0.8601	-4.12082	0.24145	0.616	-0.017	0.451	-0.324	-0.52597
0.88108	-4.10803	0.24103	0.617	-0.01	0.354	-0.42	-0.68071
0.90206	-4.09399	0.24042	0.618	-0.004	0.227	-0.494	-0.79935
0.92303	-4.07872	0.24005	0.618	0	0.086	-0.536	-0.86731
0.94401	-4.06231	0.23732	0.619	0.002	-0.055	-0.543	-0.87722
0.96499	-4.04485	0.23628	0.62	0.003	-0.179	-0.523	-0.84355
0.98597	-4.02651	0.23546	0.621	0.004	-0.281	-0.485	-0.781
1.00695	-4.00751	0.23448	0.622	0.003	-0.361	-0.439	-0.70579
1.02792	-3.98814	0.23489	0.623	0.003	-0.422	-0.39	-0.626
1.0489	-3.96874	0.23569	0.625	0.002	-0.468	-0.342	-0.5472
1.06988	-3.94974	0.23705	0.626	0.002	-0.501	-0.297	-0.47444
1.09086	-3.93173	0.23829	0.628	0.002	-0.524	-0.251	-0.39968
1.11184	-3.9164	0.21624	0.633	0.001	-0.516	-0.165	-0.26066
1.13281	-3.91108	0.19427	0.64	-0.002	-0.489	-0.086	-0.13438
1.15379	-3.91081	0.1959	0.639	-0.001	-0.509	-0.101	-0.15806
1.17477	-3.9137	0.19653	0.638	0.023	-0.047	-0.082	-0.12853
							--
#	BAND	=	0	0	40		--
0	-3.89517	0.26504	0.636	-0.045	0.156	0.069	0.10849
0.02098	-3.90314	0.26075	0.634	0	0.541	0.157	0.24763
0.04196	-3.91447	0.25705	0.632	0	0.54	0.181	0.28639
0.06293	-3.92623	0.2267	0.637	0.004	0.479	0.12	0.18838
0.08391	-3.93205	0.19901	0.641	0.005	0.426	0.061	0.09516
0.10489	-3.9379	0.19429	0.64	0.009	0.395	0.058	0.09063
0.12587	-3.94693	0.24068	0.627	0.04	0.129	-0.468	-0.74641
0.14685	-3.96541	0.24102	0.625	0.018	0.144	-0.494	-0.7904
0.16782	-3.98401	0.24169	0.624	0.015	0.241	-0.469	-0.7516
0.1888	-4.00229	0.24237	0.623	0.012	0.325	-0.429	-0.6886
0.20978	-4.01997	0.24233	0.622	0.009	0.393	-0.38	-0.61093
0.23076	-4.03682	0.24589	0.621	0.006	0.448	-0.326	-0.52496
0.25174	-4.05264	0.24842	0.62	0.003	0.49	-0.269	-0.43387
0.27271	-4.06728	0.24931	0.619	0	0.521	-0.21	-0.33926
0.29369	-4.08057	0.25249	0.619	-0.003	0.542	-0.152	-0.24556
0.31467	-4.09246	0.25409	0.618	-0.007	0.554	-0.096	-0.15534
0.33565	-4.10295	0.25543	0.618	-0.011	0.56	-0.045	-0.07282
0.35663	-4.11213	0.2578	0.618	-0.014	0.561	-0.001	-0.00162
0.3776	-4.12015	0.25956	0.617	-0.018	0.561	0.036	0.05835
0.39858	-4.12716	0.26161	0.617	-0.021	0.56	0.065	0.10535
0.41956	-4.1333	0.26358	0.617	-0.024	0.56	0.088	0.14263
0.44054	-4.13863	0.26732	0.616	-0.027	0.56	0.105	0.17045
0.46152	-4.14318	0.26969	0.616	-0.03	0.561	0.116	0.18831
0.4825	-4.14697	0.27095	0.615	-0.032	0.562	0.124	0.20163
0.50347	-4.15001	0.2715	0.615	-0.034	0.563	0.129	0.20976
0.52445	-4.15231	0.27232	0.614	-0.036	0.565	0.132	0.21498
0.54543	-4.15386	0.27482	0.614	-0.04	0.565	0.136	0.2215
0.56641	-4.15468	0.27525	0.614	-0.05	0.563	0.148	0.24104
0.58739	-4.15476	0.27586	0.614	-0.349	-0.09	0.458	0.74593
0.58739	-4.15476	0.27586	0.614	-0.349	-0.09	0.458	0.74593
0.60836	-4.15467	0.27525	0.614	0.013	-0.576	-0.1	-0.16287
0.62934	-4.15386	0.27482	0.614	0.022	-0.572	-0.113	-0.18404
0.65032	-4.15231	0.27232	0.614	0.025	-0.569	-0.117	-0.19055
0.6713	-4.15002	0.27088	0.615	0.025	-0.566	-0.118	-0.19187
0.69228	-4.14698	0.27192	0.615	0.025	-0.564	-0.115	-0.18699
0.71325	-4.14319	0.26969	0.616	0.024	-0.562	-0.11	-0.17857
0.73423	-4.13864	0.26704	0.616	0.023	-0.561	-0.099	-0.16071
0.75521	-4.13332	0.26358	0.617	0.021	-0.56	-0.084	-0.13614
0.77619	-4.12719	0.26178	0.617	0.019	-0.56	-0.062	-0.10049
0.79717	-4.12018	0.25956	0.617	0.016	-0.561	-0.033	-0.05348
0.81814	-4.11216	0.2578	0.618	0.013	-0.561	0.003	0.00485
0.83912	-4.10297	0.25515	0.618	0.01	-0.56	0.047	0.07605
0.8601	-4.09248	0.25409	0.618	0.006	-0.554	0.097	0.15696
0.88108	-4.08059	0.25249	0.619	0.003	-0.541	0.153	0.24717
0.90206	-4.06729	0.24931	0.619	-0.001	-0.52	0.211	0.34087
0.92303	-4.05265	0.24842	0.62	-0.004	-0.489	0.27	0.43548
0.94401	-4.03683	0.24589	0.621	-0.007	-0.447	0.327	0.52657
0.96499	-4.01997	0.24233	0.622	-0.009	-0.393	0.381	0.61254
0.98597	-4.00229	0.24237	0.623	-0.012	-0.325	0.429	0.6886
1.00695	-3.98401	0.24152	0.624	-0.015	-0.241	0.469	0.7516
1.02792	-3.96542	0.24129	0.625	-0.019	-0.144	0.494	0.7904
1.0489	-3.94695	0.24072	0.627	-0.041	-0.134	0.466	0.74322
1.06988	-3.93791	0.19374	0.64	-0.009	-0.396	-0.058	-0.09063
1.09086	-3.93205	0.19944	0.641	-0.006	-0.426	-0.06	-0.0936
1.11184	-3.92624	0.2267	0.637	-0.004	-0.479	-0.12	-0.18838
1.13281	-3.91447	0.25705	0.632	0	-0.539	-0.182	-0.28797
1.15379	-3.90313	0.26075	0.634	0	-0.54	-0.157	-0.24763
1.17477	-3.89517	0.26504	0.636	-0.045	0.156	0.069	0.10849
							--
#	BAND	=	0	0	41		--
0	-3.88016	0.26504	0.636	0.045	-0.156	-0.069	-0.10849
0.02098	-3.87615	0.26605	0.638	-0.001	-0.51	-0.113	-0.17712
0.04196	-3.87631	0.26098	0.639	-0.001	-0.488	-0.11	-0.17214
0.06293	-3.88244	0.24384	0.634	0.005	-0.45	-0.238	-0.37539
0.08391	-3.89663	0.23969	0.63	0.011	-0.321	-0.396	-0.62857
0.10489	-3.91365	0.2373	0.628	0.009	-0.184	-0.468	-0.74522
0.12587	-3.92972	0.19342	0.636	-0.028	0.12	0.121	0.19025
0.14685	-3.94225	0.24065	0.627	-0.018	-0.048	0.453	0.72249
0.16782	-3.95906	0.25958	0.625	-0.015	-0.177	0.485	0.776
0.1888	-3.97615	0.26453	0.623	-0.012	-0.27	0.457	0.73355
0.20978	-3.99279	0.26897	0.623	-0.009	-0.345	0.415	0.66613
0.23076	-4.00877	0.27037	0.622	-0.006	-0.407	0.366	0.58842
0.25174	-4.02395	0.2735	0.621	-0.002	-0.457	0.312	0.50242
0.27271	-4.03826	0.27301	0.62	0.001	-0.496	0.255	0.41129
0.29369	-4.05164	0.27413	0.619	0.004	-0.527	0.198	0.31987
0.31467	-4.06406	0.27552	0.619	0.008	-0.549	0.142	0.2294
0.33565	-4.07552	0.27482	0.618	0.012	-0.564	0.088	0.14239
0.35663	-4.086	0.27671	0.617	0.015	-0.572	0.039	0.06321
0.3776	-4.09549	0.2767	0.617	0.019	-0.576	-0.004	-0.00648
0.39858	-4.10401	0.27702	0.616	0.022	-0.577	-0.04	-0.06494
0.41956	-4.11156	0.27833	0.616	0.025	-0.576	-0.068	-0.11039
0.44054	-4.11814	0.27802	0.615	0.027	-0.575	-0.09	-0.14634
0.46152	-4.12379	0.27951	0.615	0.03	-0.573	-0.106	-0.17236
0.4825	-4.12853	0.27723	0.615	0.032	-0.572	-0.116	-0.18862
0.50347	-4.13239	0.27615	0.614	0.034	-0.572	-0.123	-0.20033
0.52445	-4.13542	0.27813	0.614	0.036	-0.571	-0.128	-0.20847
0.54543	-4.13764	0.27831	0.614	0.04	-0.569	-0.134	-0.21824
0.56641	-4.13907	0.277	0.614	0.05	-0.565	-0.147	-0.23941
0.58739	-4.13973	0.27586	0.614	0.349	0.09	-0.459	-0.74756
0.58739	-4.13973	0.27586	0.614	0.349	0.09	-0.459	-0.74756
0.60836	-4.13908	0.27732	0.614	-0.013	0.578	0.099	0.16124
0.62934	-4.13764	0.27831	0.614	-0.022	0.576	0.111	0.18078
0.65032	-4.13542	0.27813	0.614	-0.025	0.575	0.113	0.18404
0.6713	-4.1324	0.27615	0.614	-0.026	0.574	0.112	0.18241
0.69228	-4.12853	0.27723	0.615	-0.025	0.574	0.108	0.17561
0.71325	-4.12379	0.27951	0.615	-0.025	0.575	0.099	0.16098
0.73423	-4.11814	0.27841	0.615	-0.023	0.576	0.085	0.13821
0.75521	-4.11155	0.27828	0.616	-0.022	0.577	0.064	0.1039
0.77619	-4.104	0.27702	0.616	-0.019	0.577	0.036	0.05844
0.79717	-4.09549	0.2762	0.617	-0.017	0.576	0.001	0.00162
0.81814	-4.08599	0.27671	0.617	-0.014	0.572	-0.041	-0.06645
0.83912	-4.0755	0.27482	0.618	-0.01	0.563	-0.09	-0.14563
0.8601	-4.06404	0.27531	0.619	-0.007	0.549	-0.143	-0.23102
0.88108	-4.05161	0.27413	0.619	-0.004	0.526	-0.199	-0.32149
0.90206	-4.03823	0.27301	0.62	0	0.496	-0.256	-0.4129
0.92303	-4.02391	0.2735	0.621	0.003	0.456	-0.312	-0.50242
0.94401	-4.00873	0.27037	0.622	0.006	0.406	-0.366	-0.58842
0.96499	-3.99275	0.26897	0.623	0.009	0.345	-0.416	-0.66774
0.98597	-3.97611	0.26433	0.623	0.012	0.27	-0.458	-0.73515
1.00695	-3.95902	0.26019	0.625	0.015	0.178	-0.485	-0.776
1.02792	-3.94221	0.24065	0.627	0.019	0.049	-0.453	-0.72249
1.0489	-3.92969	0.19337	0.636	0.029	-0.116	-0.117	-0.18396
1.06988	-3.91365	0.2373	0.628	-0.009	0.184	0.468	0.74522
1.09086	-3.89663	0.23969	0.63	-0.011	0.32	0.397	0.63016
1.11184	-3.88245	0.24384	0.634	-0.005	0.45	0.238	0.37539
1.13281	-3.87631	0.26098	0.639	0.001	0.488	0.11	0.17214
1.15379	-3.87615	0.26577	0.638	0.001	0.511	0.113	0.17712
1.17477	-3.88016	0.26504	0.636	0.045	-0.156	-0.069	-0.10849
							--
#	BAND	=	0	0	42		--
0	-3.86454	0.25159	0.635	-0.043	-0.095	0.356	0.56063
0.02098	-3.87011	0.25241	0.634	0.011	-0.536	-0.133	-0.20978
0.04196	-3.87999	0.25967	0.634	0.013	-0.483	-0.21	-0.33123
0.06293	-3.89042	0.2754	0.638	0.01	-0.352	-0.192	-0.30094
0.08391	-3.90267	0.26409	0.63	-0.012	0.379	0.34	0.53968
0.10489	-3.91932	0.27009	0.629	-0.012	0.25	0.433	0.68839
0.12587	-3.93571	0.26475	0.631	-0.003	0.182	0.371	0.58796
0.14685	-3.94654	0.21445	0.639	0.012	0.303	0.065	0.10172
0.16782	-3.95214	0.19165	0.64	0.022	0.295	0.009	0.01406
0.1888	-3.95636	0.17979	0.637	0.157	0.226	-0.049	-0.07692
0.20978	-3.97139	0.24896	0.624	0.034	0.354	-0.383	-0.61378
0.23076	-3.98716	0.25479	0.623	0.019	0.408	-0.34	-0.54575
0.25174	-4.00195	0.25833	0.623	0.013	0.45	-0.293	-0.4703
0.27271	-4.01558	0.26125	0.622	0.008	0.484	-0.243	-0.39068
0.29369	-4.02791	0.2638	0.621	0.004	0.51	-0.191	-0.30757
0.31467	-4.03885	0.26717	0.621	0.001	0.527	-0.142	-0.22866
0.33565	-4.04839	0.26912	0.621	-0.002	0.538	-0.096	-0.15459
0.35663	-4.0566	0.27254	0.62	-0.005	0.545	-0.055	-0.08871
0.3776	-4.06363	0.27662	0.62	-0.008	0.549	-0.021	-0.03387
0.39858	-4.06965	0.28009	0.62	-0.01	0.553	0.007	0.01129
0.41956	-4.07485	0.28087	0.619	-0.012	0.556	0.03	0.04847
0.44054	-4.07933	0.28543	0.619	-0.014	0.559	0.048	0.07754
0.46152	-4.08317	0.2882	0.618	-0.015	0.562	0.064	0.10356
0.4825	-4.08636	0.2903	0.618	-0.017	0.565	0.076	0.12298
0.50347	-4.08891	0.29246	0.617	-0.018	0.568	0.085	0.13776
0.52445	-4.0908	0.29428	0.617	-0.019	0.57	0.093	0.15073
0.54543	-4.092	0.29621	0.617	-0.022	0.571	0.099	0.16045
0.56641	-4.0925	0.29784	0.616	-0.028	0.571	0.108	0.17532
0.58739	-4.09231	0.29776	0.616	-0.357	-0.265	0.378	0.61364
0.58739	-4.09231	0.29776	0.616	-0.357	-0.265	0.378	0.61364
0.60836	-4.09252	0.29784	0.616	0.005	-0.576	-0.082	-0.13312
0.62934	-4.09202	0.29621	0.617	0.01	-0.573	-0.086	-0.13938
0.65032	-4.09082	0.29428	0.617	0.012	-0.571	-0.084	-0.13614
0.6713	-4.08893	0.29246	0.617	0.013	-0.569	-0.079	-0.12804
0.69228	-4.08638	0.28899	0.618	0.012	-0.566	-0.071	-0.11489
0.71325	-4.08319	0.2882	0.618	0.012	-0.563	-0.06	-0.09709
0.73423	-4.07936	0.28515	0.619	0.011	-0.559	-0.046	-0.07431
0.75521	-4.07488	0.28157	0.619	0.01	-0.556	-0.027	-0.04362
0.77619	-4.06969	0.28009	0.62	0.008	-0.553	-0.005	-0.00806
0.79717	-4.06366	0.27658	0.62	0.006	-0.549	0.023	0.0371
0.81814	-4.05664	0.27211	0.62	0.004	-0.545	0.057	0.09194
0.83912	-4.04842	0.26912	0.621	0.001	-0.538	0.097	0.1562
0.8601	-4.03887	0.26717	0.621	-0.002	-0.527	0.142	0.22866
0.88108	-4.02792	0.26457	0.621	-0.005	-0.509	0.192	0.30918
0.90206	-4.01559	0.26198	0.622	-0.009	-0.484	0.243	0.39068
0.92303	-4.00195	0.25876	0.623	-0.013	-0.451	0.293	0.4703
0.94401	-3.98716	0.25564	0.623	-0.02	-0.408	0.34	0.54575
0.96499	-3.97139	0.24896	0.624	-0.035	-0.355	0.382	0.61218
0.98597	-3.95635	0.18013	0.637	-0.16	-0.23	0.046	0.07221
1.00695	-3.95214	0.19165	0.64	-0.022	-0.296	-0.009	-0.01406
1.02792	-3.94655	0.21406	0.639	-0.012	-0.303	-0.065	-0.10172
1.0489	-3.9357	0.26432	0.631	0.004	-0.182	-0.372	-0.58954
1.06988	-3.9193	0.27	0.629	0.012	-0.249	-0.433	-0.68839
1.09086	-3.90265	0.26409	0.63	0.012	-0.378	-0.34	-0.53968
1.11184	-3.89041	0.27644	0.638	-0.01	0.351	0.193	0.30251
1.13281	-3.87998	0.26017	0.634	-0.013	0.482	0.212	0.33438
1.15379	-3.87011	0.25267	0.634	-0.012	0.535	0.138	0.21767
1.17477	-3.86454	0.25159	0.635	-0.043	-0.095	0.356	0.56063
							--
#	BAND	=	0	0	43		--
0	-3.8495	0.25159	0.635	0.043	0.095	-0.356	-0.56063
0.02098	-3.8505	0.25163	0.634	-0.012	0.546	0.094	0.14826
0.04196	-3.85876	0.25975	0.632	-0.014	0.526	0.189	0.29905
0.06293	-3.87178	0.26289	0.631	-0.017	0.41	0.334	0.52932
0.08391	-3.88197	0.27741	0.641	-0.002	-0.405	-0.013	-0.02028
0.10489	-3.88885	0.27346	0.641	-0.003	-0.374	-0.023	-0.03588
0.12587	-3.89594	0.26273	0.641	-0.005	-0.327	-0.013	-0.02028
0.14685	-3.90547	0.225	0.629	0.011	0.152	-0.394	-0.62639
0.16782	-3.92266	0.23791	0.627	-0.002	0.236	-0.435	-0.69378
0.1888	-3.9396	0.24689	0.627	-0.142	0.332	-0.348	-0.55502
0.20978	-3.94535	0.18703	0.633	-0.031	0.104	0.15	0.23697
0.23076	-3.955	0.25009	0.626	-0.023	-0.226	0.355	0.56709
0.25174	-3.96761	0.27258	0.624	-0.014	-0.345	0.344	0.55128
0.27271	-3.98012	0.28243	0.623	-0.009	-0.412	0.302	0.48475
0.29369	-3.99203	0.28646	0.623	-0.004	-0.461	0.253	0.4061
0.31467	-4.00325	0.29009	0.622	-0.001	-0.498	0.203	0.32637
0.33565	-4.01373	0.29154	0.621	0.003	-0.525	0.154	0.24799
0.35663	-4.02345	0.29444	0.62	0.006	-0.545	0.108	0.17419
0.3776	-4.03238	0.2959	0.619	0.008	-0.558	0.067	0.10824
0.39858	-4.0405	0.29721	0.619	0.011	-0.566	0.031	0.05008
0.41956	-4.04782	0.29884	0.618	0.013	-0.572	0	0
0.44054	-4.05431	0.29892	0.618	0.014	-0.575	-0.026	-0.04207
0.46152	-4.06	0.29951	0.617	0.016	-0.576	-0.047	-0.07618
0.4825	-4.06486	0.30024	0.617	0.017	-0.577	-0.064	-0.10373
0.50347	-4.06891	0.29877	0.617	0.018	-0.577	-0.077	-0.1248
0.52445	-4.07217	0.30033	0.616	0.02	-0.576	-0.087	-0.14123
0.54543	-4.07464	0.30022	0.616	0.022	-0.575	-0.096	-0.15584
0.56641	-4.07634	0.30074	0.616	0.028	-0.573	-0.106	-0.17208
0.58739	-4.07728	0.29776	0.616	0.357	0.265	-0.378	-0.61364
0.58739	-4.07728	0.29776	0.616	0.357	0.265	-0.378	-0.61364
0.60836	-4.07633	0.29997	0.616	-0.005	0.578	0.08	0.12987
0.62934	-4.07463	0.30022	0.616	-0.01	0.578	0.083	0.13474
0.65032	-4.07216	0.30033	0.616	-0.012	0.578	0.079	0.12825
0.6713	-4.0689	0.29877	0.617	-0.013	0.578	0.071	0.11507
0.69228	-4.06485	0.29968	0.617	-0.013	0.578	0.059	0.09562
0.71325	-4.05999	0.29971	0.617	-0.012	0.577	0.043	0.06969
0.73423	-4.0543	0.29892	0.618	-0.012	0.575	0.023	0.03722
0.75521	-4.04781	0.29884	0.618	-0.01	0.572	-0.002	-0.00324
0.77619	-4.04049	0.29721	0.619	-0.009	0.566	-0.033	-0.05331
0.79717	-4.03236	0.29651	0.62	-0.007	0.558	-0.068	-0.10968
0.81814	-4.02343	0.29444	0.62	-0.005	0.544	-0.109	-0.17581
0.83912	-4.0137	0.29154	0.621	-0.002	0.525	-0.155	-0.2496
0.8601	-4.00322	0.29009	0.622	0.001	0.498	-0.204	-0.32797
0.88108	-3.99199	0.28646	0.623	0.005	0.461	-0.253	-0.4061
0.90206	-3.98008	0.28243	0.623	0.009	0.412	-0.302	-0.48475
0.92303	-3.96757	0.27258	0.624	0.015	0.345	-0.344	-0.55128
0.94401	-3.95495	0.25009	0.626	0.023	0.227	-0.354	-0.5655
0.96499	-3.94531	0.18719	0.633	0.032	-0.104	-0.148	-0.23381
0.98597	-3.9396	0.24614	0.627	0.144	-0.328	0.351	0.55981
1.00695	-3.92265	0.23834	0.627	0.001	-0.235	0.435	0.69378
1.02792	-3.90546	0.22518	0.629	-0.011	-0.152	0.395	0.62798
1.0489	-3.89593	0.26335	0.641	0.005	0.328	0.013	0.02028
1.06988	-3.88884	0.27346	0.641	0.003	0.374	0.023	0.03588
1.09086	-3.88196	0.27738	0.641	0.002	0.405	0.012	0.01872
1.11184	-3.87177	0.26289	0.631	0.017	-0.407	-0.336	-0.53249
1.13281	-3.85875	0.25975	0.632	0.015	-0.524	-0.192	-0.3038
1.15379	-3.8505	0.25166	0.634	0.012	-0.544	-0.098	-0.15457
1.17477	-3.8495	0.25159	0.635	0.043	0.095	-0.356	-0.56063
							--
#	BAND	=	0	0	44		--
0	-3.84154	0.31785	0.634	-0.082	-0.239	0.293	0.46215
0.02098	-3.8466	0.31184	0.635	-0.001	0.451	0.222	0.34961
0.04196	-3.85276	0.29371	0.636	0.003	0.318	0.201	0.31604
0.06293	-3.86112	0.26568	0.636	0.008	0.137	0.128	0.20126
0.08391	-3.87247	0.24106	0.635	0.015	-0.04	-0.044	-0.06929
0.10489	-3.8867	0.22249	0.632	0.019	-0.085	-0.288	-0.4557
0.12587	-3.90294	0.22866	0.63	0.015	-0.001	-0.424	-0.67302
0.14685	-3.91735	0.27002	0.64	-0.015	-0.338	-0.066	-0.10313
0.16782	-3.92444	0.26391	0.632	-0.075	-0.202	0.296	0.46835
0.1888	-3.93851	0.289	0.629	-0.012	-0.121	0.383	0.6089
0.20978	-3.95103	0.27681	0.632	0.009	-0.086	0.211	0.33386
0.23076	-3.95655	0.20363	0.637	0.027	0.118	-0.074	-0.11617
0.25174	-3.95943	0.19049	0.633	0.044	0.159	-0.257	-0.406
0.27271	-3.96679	0.2398	0.627	0.031	0.301	-0.327	-0.52153
0.29369	-3.97589	0.26203	0.626	0.019	0.39	-0.283	-0.45208
0.31467	-3.9845	0.27337	0.625	0.012	0.443	-0.23	-0.368
0.33565	-3.99214	0.27777	0.624	0.007	0.478	-0.179	-0.28686
0.35663	-3.99871	0.28086	0.623	0.003	0.501	-0.133	-0.21348
0.3776	-4.00421	0.28429	0.623	0	0.518	-0.092	-0.14767
0.39858	-4.00877	0.28628	0.623	-0.002	0.53	-0.058	-0.0931
0.41956	-4.01256	0.28992	0.622	-0.004	0.539	-0.03	-0.04823
0.44054	-4.01572	0.29306	0.622	-0.006	0.548	-0.007	-0.01125
0.46152	-4.01836	0.29498	0.621	-0.008	0.555	0.013	0.02093
0.4825	-4.02051	0.29716	0.621	-0.009	0.561	0.028	0.04509
0.50347	-4.02218	0.30076	0.62	-0.011	0.566	0.04	0.06452
0.52445	-4.02336	0.30349	0.62	-0.012	0.57	0.05	0.08065
0.54543	-4.024	0.30268	0.619	-0.014	0.573	0.056	0.09047
0.56641	-4.02406	0.30398	0.619	-0.019	0.575	0.062	0.10016
0.58739	-4.02355	0.30684	0.619	-0.405	-0.398	0.146	0.23586
0.58739	-4.02355	0.30684	0.619	-0.405	-0.398	0.146	0.23586
0.60836	-4.02408	0.30398	0.619	0.001	-0.577	-0.054	-0.08724
0.62934	-4.02402	0.30259	0.619	0.005	-0.574	-0.053	-0.08562
0.65032	-4.02339	0.30349	0.62	0.006	-0.571	-0.047	-0.07581
0.6713	-4.02221	0.30076	0.62	0.006	-0.566	-0.039	-0.0629
0.69228	-4.02054	0.29716	0.621	0.006	-0.561	-0.027	-0.04348
0.71325	-4.0184	0.29498	0.621	0.005	-0.555	-0.012	-0.01932
0.73423	-4.01577	0.29306	0.622	0.004	-0.548	0.007	0.01125
0.75521	-4.01261	0.28992	0.622	0.003	-0.539	0.03	0.04823
0.77619	-4.00882	0.28628	0.623	0.001	-0.53	0.058	0.0931
0.79717	-4.00425	0.28429	0.623	-0.001	-0.518	0.092	0.14767
0.81814	-3.99874	0.28086	0.623	-0.004	-0.501	0.133	0.21348
0.83912	-3.99217	0.27777	0.624	-0.008	-0.478	0.179	0.28686
0.8601	-3.98452	0.27337	0.625	-0.012	-0.443	0.229	0.3664
0.88108	-3.9759	0.26203	0.626	-0.019	-0.39	0.282	0.45048
0.90206	-3.96679	0.2398	0.627	-0.032	-0.302	0.327	0.52153
0.92303	-3.95942	0.19015	0.633	-0.045	-0.16	0.257	0.406
0.94401	-3.95656	0.20324	0.637	-0.028	-0.119	0.074	0.11617
0.96499	-3.95103	0.27726	0.632	-0.009	0.086	-0.213	-0.33703
0.98597	-3.93849	0.28831	0.629	0.013	0.121	-0.384	-0.61049
1.00695	-3.92442	0.26422	0.632	0.073	0.203	-0.295	-0.46677
1.02792	-3.91734	0.27002	0.64	0.014	0.339	0.064	0.1
1.0489	-3.90294	0.22882	0.63	-0.016	0.001	0.424	0.67302
1.06988	-3.88669	0.22249	0.632	-0.02	0.085	0.288	0.4557
1.09086	-3.87246	0.24106	0.635	-0.016	0.039	0.044	0.06929
1.11184	-3.86111	0.26568	0.636	-0.008	-0.138	-0.129	-0.20283
1.13281	-3.85275	0.29298	0.636	-0.003	-0.319	-0.201	-0.31604
1.15379	-3.8466	0.31184	0.635	0.001	-0.452	-0.221	-0.34803
1.17477	-3.84154	0.31785	0.634	-0.082	-0.239	0.293	0.46215
							--
#	BAND	=	0	0	45		--
0	-3.82653	0.31753	0.634	0.082	0.239	-0.293	-0.46215
0.02098	-3.82364	0.3154	0.635	0.005	-0.467	-0.206	-0.32441
0.04196	-3.8245	0.32134	0.634	0.008	-0.366	-0.294	-0.46372
0.06293	-3.83423	0.25569	0.631	-0.001	0.37	-0.345	-0.54675
0.08391	-3.84916	0.27144	0.63	-0.011	0.502	-0.104	-0.16508
0.10489	-3.86424	0.28923	0.631	-0.016	0.473	0.18	0.28526
0.12587	-3.87916	0.29096	0.631	-0.014	0.312	0.348	0.55151
0.14685	-3.89409	0.29061	0.631	-0.005	0.152	0.405	0.64184
0.16782	-3.90808	0.28125	0.638	0.059	-0.064	0.105	0.16458
0.1888	-3.91376	0.24638	0.639	0.002	-0.161	-0.021	-0.03286
0.20978	-3.91932	0.23372	0.636	-0.006	0.016	-0.079	-0.12421
0.23076	-3.92728	0.25569	0.632	-0.015	0.251	-0.152	-0.24051
0.25174	-3.93513	0.25768	0.633	-0.035	0.327	-0.005	-0.0079
0.27271	-3.93798	0.21459	0.633	-0.028	0.155	0.168	0.2654
0.29369	-3.94117	0.23466	0.629	-0.021	-0.13	0.287	0.45628
0.31467	-3.94733	0.26782	0.627	-0.014	-0.321	0.286	0.45614
0.33565	-3.95444	0.28408	0.625	-0.008	-0.413	0.242	0.3872
0.35663	-3.96159	0.29171	0.624	-0.004	-0.469	0.195	0.3125
0.3776	-3.96849	0.29582	0.623	-0.001	-0.506	0.149	0.23917
0.39858	-3.97503	0.30291	0.622	0.002	-0.531	0.107	0.17203
0.41956	-3.98112	0.30338	0.622	0.004	-0.549	0.071	0.11415
0.44054	-3.98669	0.30547	0.621	0.006	-0.561	0.039	0.0628
0.46152	-3.99171	0.3061	0.62	0.008	-0.569	0.012	0.01935
0.4825	-3.99612	0.30781	0.62	0.009	-0.574	-0.009	-0.01452
0.50347	-3.99991	0.30757	0.619	0.011	-0.577	-0.027	-0.04362
0.52445	-4.00305	0.30742	0.619	0.012	-0.578	-0.041	-0.06624
0.54543	-4.00553	0.30727	0.619	0.014	-0.579	-0.051	-0.08239
0.56641	-4.00736	0.30583	0.619	0.019	-0.578	-0.059	-0.09532
0.58739	-4.00851	0.30684	0.619	0.405	0.398	-0.146	-0.23586
0.58739	-4.00851	0.30684	0.619	0.405	0.398	-0.146	-0.23586
0.60836	-4.00734	0.30583	0.619	-0.001	0.579	0.051	0.08239
0.62934	-4.00551	0.30727	0.619	-0.005	0.579	0.047	0.07593
0.65032	-4.00303	0.30792	0.619	-0.007	0.579	0.038	0.06139
0.6713	-3.99988	0.30757	0.619	-0.007	0.577	0.025	0.04039
0.69228	-3.9961	0.30781	0.62	-0.006	0.574	0.008	0.0129
0.71325	-3.99169	0.30664	0.62	-0.006	0.569	-0.013	-0.02097
0.73423	-3.98667	0.30547	0.621	-0.004	0.561	-0.04	-0.06441
0.75521	-3.98109	0.30358	0.622	-0.003	0.549	-0.071	-0.11415
0.77619	-3.975	0.30291	0.622	-0.001	0.531	-0.108	-0.17363
0.79717	-3.96846	0.29582	0.623	0.002	0.506	-0.149	-0.23917
0.81814	-3.96156	0.29171	0.624	0.005	0.469	-0.195	-0.3125
0.83912	-3.95441	0.28417	0.625	0.009	0.413	-0.242	-0.3872
0.8601	-3.9473	0.26787	0.627	0.015	0.321	-0.286	-0.45614
0.88108	-3.94114	0.23466	0.629	0.022	0.13	-0.286	-0.45469
0.90206	-3.93797	0.21444	0.634	0.028	-0.155	-0.167	-0.26341
0.92303	-3.93514	0.25898	0.633	0.036	-0.328	0.006	0.00948
0.94401	-3.92728	0.2553	0.632	0.016	-0.252	0.152	0.24051
0.96499	-3.91931	0.23372	0.636	0.007	-0.016	0.08	0.12579
0.98597	-3.91374	0.24638	0.639	-0.001	0.161	0.021	0.03286
1.00695	-3.90806	0.2819	0.638	-0.056	0.062	-0.107	-0.16771
1.02792	-3.89407	0.29042	0.631	0.006	-0.153	-0.404	-0.64025
1.0489	-3.87914	0.29096	0.631	0.014	-0.312	-0.347	-0.54992
1.06988	-3.86423	0.28923	0.631	0.017	-0.473	-0.179	-0.28368
1.09086	-3.84915	0.27135	0.63	0.012	-0.502	0.105	0.16667
1.11184	-3.83423	0.25614	0.631	0.001	-0.368	0.347	0.54992
1.13281	-3.82452	0.32134	0.634	-0.008	0.366	0.294	0.46372
1.15379	-3.82364	0.31601	0.635	-0.005	0.468	0.206	0.32441
1.17477	-3.82653	0.31753	0.634	0.082	0.239	-0.293	-0.46215
							--
#	BAND	=	0	0	46		--
0	-3.80832	0.12486	0.633	-0.213	0.126	-0.371	-0.5861
0.02098	-3.82071	0.14446	0.633	0.001	0.309	-0.36	-0.56872
0.04196	-3.83394	0.16415	0.632	-0.005	0.328	-0.24	-0.37975
0.06293	-3.84308	0.26042	0.636	-0.003	-0.249	-0.118	-0.18553
0.08391	-3.85105	0.28112	0.635	0	-0.228	-0.187	-0.29449
0.10489	-3.8615	0.2917	0.635	0.003	-0.179	-0.226	-0.35591
0.12587	-3.87368	0.30053	0.634	0.005	-0.133	-0.261	-0.41167
0.14685	-3.8867	0.30842	0.633	0.007	-0.087	-0.294	-0.46445
0.16782	-3.89984	0.31488	0.633	0.007	-0.042	-0.32	-0.50553
0.1888	-3.91238	0.32402	0.632	0.005	-0.019	-0.323	-0.51108
0.20978	-3.92296	0.33066	0.634	0	-0.09	-0.252	-0.39748
0.23076	-3.92925	0.30308	0.636	-0.011	-0.229	-0.113	-0.17767
0.25174	-3.93357	0.28923	0.634	-0.02	-0.305	0.002	0.00315
0.27271	-3.93937	0.31039	0.633	-0.004	-0.248	-0.005	-0.0079
0.29369	-3.9425	0.27801	0.634	0.01	-0.043	-0.182	-0.28707
0.31467	-3.94269	0.25795	0.633	0.016	0.132	-0.274	-0.43286
0.33565	-3.94323	0.26355	0.631	0.016	0.263	-0.283	-0.44849
0.35663	-3.94473	0.27856	0.629	0.013	0.359	-0.246	-0.3911
0.3776	-3.94659	0.28719	0.628	0.01	0.423	-0.199	-0.31688
0.39858	-3.94841	0.2956	0.627	0.008	0.466	-0.155	-0.24721
0.41956	-3.95	0.29907	0.626	0.006	0.496	-0.117	-0.1869
0.44054	-3.95135	0.30223	0.625	0.005	0.518	-0.084	-0.1344
0.46152	-3.95247	0.3019	0.624	0.004	0.536	-0.057	-0.09135
0.4825	-3.95335	0.30218	0.624	0.003	0.549	-0.035	-0.05609
0.50347	-3.954	0.30218	0.623	0.002	0.559	-0.017	-0.02729
0.52445	-3.95438	0.30577	0.623	0.001	0.567	-0.004	-0.00642
0.54543	-3.95442	0.30279	0.622	-0.001	0.573	0.006	0.00965
0.56641	-3.95408	0.30275	0.622	-0.006	0.577	0.015	0.02412
0.58739	-3.95335	0.3048	0.622	-0.417	-0.127	0.379	0.60932
0.58739	-3.95335	0.3048	0.622	-0.417	-0.127	0.379	0.60932
0.60836	-3.95409	0.30275	0.622	-0.012	-0.577	0.001	0.00161
0.62934	-3.95443	0.30345	0.622	-0.008	-0.573	0.002	0.00322
0.65032	-3.9544	0.305	0.623	-0.006	-0.567	0.009	0.01445
0.6713	-3.95402	0.30218	0.623	-0.006	-0.559	0.021	0.03371
0.69228	-3.95339	0.30198	0.624	-0.006	-0.549	0.038	0.0609
0.71325	-3.9525	0.3019	0.624	-0.006	-0.535	0.059	0.09455
0.73423	-3.95139	0.30223	0.625	-0.007	-0.518	0.085	0.136
0.75521	-3.95005	0.29853	0.626	-0.008	-0.496	0.118	0.1885
0.77619	-3.94845	0.29515	0.627	-0.009	-0.465	0.156	0.2488
0.79717	-3.94663	0.28719	0.628	-0.011	-0.423	0.199	0.31688
0.81814	-3.94476	0.27887	0.629	-0.014	-0.359	0.246	0.3911
0.83912	-3.94325	0.26316	0.631	-0.017	-0.263	0.283	0.44849
0.8601	-3.94271	0.25795	0.633	-0.017	-0.132	0.274	0.43286
0.88108	-3.94251	0.27801	0.634	-0.011	0.043	0.182	0.28707
0.90206	-3.93937	0.31039	0.633	0.003	0.248	0.005	0.0079
0.92303	-3.93357	0.28923	0.634	0.019	0.305	-0.002	-0.00315
0.94401	-3.92926	0.30308	0.636	0.011	0.229	0.112	0.1761
0.96499	-3.92298	0.33116	0.634	0	0.091	0.251	0.3959
0.98597	-3.9124	0.32402	0.632	-0.006	0.019	0.323	0.51108
1.00695	-3.89986	0.31488	0.633	-0.008	0.042	0.32	0.50553
1.02792	-3.88672	0.30858	0.633	-0.007	0.087	0.294	0.46445
1.0489	-3.87369	0.30053	0.634	-0.005	0.134	0.26	0.41009
1.06988	-3.86152	0.29114	0.635	-0.003	0.18	0.226	0.35591
1.09086	-3.85105	0.28051	0.635	-0.001	0.229	0.186	0.29291
1.11184	-3.84308	0.25989	0.636	0.003	0.248	0.116	0.18239
1.13281	-3.83392	0.16443	0.633	0.005	-0.328	0.239	0.37757
1.15379	-3.82069	0.14384	0.633	-0.002	-0.309	0.36	0.56872
1.17477	-3.80832	0.12486	0.633	-0.213	0.126	-0.371	-0.5861
							--
#	BAND	=	0	0	47		--
0	-3.79329	0.12486	0.633	0.213	-0.126	0.371	0.5861
0.02098	-3.78892	0.36152	0.633	-0.004	-0.128	0.421	0.66509
0.04196	-3.79703	0.38884	0.634	0	-0.071	0.404	0.63722
0.06293	-3.80754	0.39162	0.635	0	-0.055	0.379	0.59685
0.08391	-3.81956	0.38798	0.635	0	-0.031	0.354	0.55748
0.10489	-3.83242	0.38029	0.635	-0.001	0	0.332	0.52283
0.12587	-3.84563	0.369	0.635	-0.003	0.029	0.317	0.49921
0.14685	-3.85883	0.36184	0.635	-0.005	0.047	0.311	0.48976
0.16782	-3.87172	0.35662	0.634	-0.006	0.047	0.315	0.49685
0.1888	-3.88399	0.3554	0.634	-0.005	0.027	0.322	0.50789
0.20978	-3.89537	0.35381	0.633	-0.001	-0.006	0.323	0.51027
0.23076	-3.90545	0.35814	0.633	0.007	-0.025	0.306	0.48341
0.25174	-3.91268	0.34705	0.635	0.017	0.017	0.206	0.32441
0.27271	-3.91509	0.30839	0.636	0.005	0.034	0.118	0.18553
0.29369	-3.91566	0.2904	0.636	-0.005	0.058	0.148	0.2327
0.31467	-3.91542	0.27338	0.635	-0.011	0.026	0.217	0.34173
0.33565	-3.91444	0.25766	0.634	-0.013	-0.088	0.259	0.40852
0.35663	-3.91377	0.25677	0.632	-0.011	-0.226	0.259	0.40981
0.3776	-3.91435	0.26763	0.629	-0.009	-0.343	0.235	0.37361
0.39858	-3.9162	0.27882	0.627	-0.007	-0.425	0.198	0.31579
0.41956	-3.91885	0.2868	0.626	-0.006	-0.48	0.158	0.2524
0.44054	-3.9219	0.29457	0.625	-0.005	-0.517	0.12	0.192
0.46152	-3.92505	0.2951	0.624	-0.004	-0.541	0.087	0.13942
0.4825	-3.9281	0.30186	0.623	-0.003	-0.557	0.058	0.0931
0.50347	-3.93091	0.30358	0.623	-0.002	-0.568	0.035	0.05618
0.52445	-3.9334	0.30459	0.622	-0.001	-0.575	0.016	0.02572
0.54543	-3.93549	0.30412	0.622	0.001	-0.578	0.002	0.00322
0.56641	-3.93714	0.3063	0.622	0.006	-0.58	-0.011	-0.01768
0.58739	-3.93831	0.30534	0.622	0.417	0.127	-0.379	-0.60932
0.58739	-3.93831	0.30534	0.622	0.417	0.127	-0.379	-0.60932
0.60836	-3.93713	0.3063	0.622	0.012	0.58	-0.005	-0.00804
0.62934	-3.93548	0.30423	0.622	0.008	0.578	-0.009	-0.01447
0.65032	-3.9334	0.30459	0.622	0.006	0.575	-0.021	-0.03376
0.6713	-3.93091	0.30358	0.623	0.006	0.568	-0.038	-0.061
0.69228	-3.92809	0.30186	0.623	0.006	0.557	-0.061	-0.09791
0.71325	-3.92504	0.29552	0.624	0.006	0.541	-0.089	-0.14263
0.73423	-3.92189	0.29457	0.625	0.006	0.516	-0.122	-0.1952
0.75521	-3.91884	0.2868	0.626	0.007	0.48	-0.159	-0.25399
0.77619	-3.91619	0.27866	0.627	0.009	0.425	-0.198	-0.31579
0.79717	-3.91433	0.26763	0.629	0.01	0.343	-0.235	-0.37361
0.81814	-3.91375	0.25677	0.632	0.012	0.226	-0.259	-0.40981
0.83912	-3.91443	0.25798	0.634	0.014	0.087	-0.259	-0.40852
0.8601	-3.91541	0.27338	0.635	0.012	-0.026	-0.217	-0.34173
0.88108	-3.91565	0.28936	0.636	0.006	-0.058	-0.148	-0.2327
0.90206	-3.91507	0.30839	0.636	-0.004	-0.034	-0.119	-0.18711
0.92303	-3.91266	0.34705	0.635	-0.015	-0.018	-0.207	-0.32598
0.94401	-3.90544	0.35814	0.633	-0.006	0.024	-0.306	-0.48341
0.96499	-3.89535	0.35458	0.633	0.002	0.006	-0.323	-0.51027
0.98597	-3.88398	0.35594	0.634	0.005	-0.027	-0.322	-0.50789
1.00695	-3.87171	0.35673	0.634	0.006	-0.047	-0.315	-0.49685
1.02792	-3.85881	0.36184	0.635	0.005	-0.048	-0.311	-0.48976
1.0489	-3.84561	0.369	0.635	0.004	-0.03	-0.317	-0.49921
1.06988	-3.8324	0.38029	0.635	0.001	0	-0.332	-0.52283
1.09086	-3.81954	0.38798	0.635	0	0.03	-0.354	-0.55748
1.11184	-3.80752	0.39162	0.635	-0.001	0.054	-0.379	-0.59685
1.13281	-3.79701	0.38968	0.634	0	0.071	-0.404	-0.63722
1.15379	-3.78891	0.362	0.633	0.003	0.128	-0.421	-0.66509
1.17477	-3.79329	0.12486	0.633	0.213	-0.126	0.371	0.5861
							--
#	BAND	=	0	0	48		--
0	-3.79782	0.39853	0.633	-0.11	-0.139	0.391	0.61769
0.02098	-3.79796	0.31879	0.634	0.003	0.249	-0.041	-0.06467
0.04196	-3.79857	0.40473	0.633	0.001	0.131	-0.386	-0.60979
0.06293	-3.80343	0.41495	0.633	0	0.089	-0.403	-0.63665
0.08391	-3.81098	0.42127	0.633	0	0.066	-0.395	-0.62401
0.10489	-3.8204	0.42928	0.633	-0.001	0.049	-0.379	-0.59874
0.12587	-3.83098	0.43003	0.633	-0.001	0.035	-0.362	-0.57188
0.14685	-3.84209	0.42933	0.632	-0.001	0.025	-0.346	-0.54747
0.16782	-3.85324	0.43084	0.632	-0.001	0.019	-0.334	-0.52848
0.1888	-3.86399	0.43039	0.632	-0.001	0.019	-0.325	-0.51424
0.20978	-3.87399	0.42908	0.632	-0.001	0.023	-0.318	-0.50316
0.23076	-3.88294	0.42652	0.632	-0.001	0.029	-0.311	-0.49209
0.25174	-3.89046	0.42492	0.632	-0.002	0.032	-0.302	-0.47785
0.27271	-3.8962	0.42089	0.632	-0.002	0.024	-0.288	-0.4557
0.29369	-3.89989	0.41113	0.633	-0.003	0.004	-0.275	-0.43444
0.31467	-3.90161	0.39932	0.633	-0.003	-0.013	-0.272	-0.4297
0.33565	-3.9017	0.38452	0.633	-0.003	-0.004	-0.285	-0.45024
0.35663	-3.9004	0.36699	0.633	-0.002	0.038	-0.31	-0.48973
0.3776	-3.89799	0.34927	0.633	-0.001	0.099	-0.337	-0.53239
0.39858	-3.89518	0.33636	0.632	0	0.168	-0.355	-0.56171
0.41956	-3.89263	0.33039	0.63	0.001	0.244	-0.358	-0.56825
0.44054	-3.89067	0.32822	0.629	0.001	0.32	-0.344	-0.5469
0.46152	-3.88934	0.32884	0.628	0.001	0.387	-0.317	-0.50478
0.4825	-3.88851	0.33059	0.627	0.001	0.44	-0.287	-0.45774
0.50347	-3.888	0.33008	0.626	0.001	0.48	-0.258	-0.41214
0.52445	-3.88768	0.32966	0.625	0	0.509	-0.234	-0.3744
0.54543	-3.88739	0.328	0.625	-0.002	0.529	-0.215	-0.344
0.56641	-3.88704	0.32595	0.625	-0.009	0.543	-0.196	-0.3136
0.58739	-3.88656	0.32562	0.625	-0.309	0.126	0.463	0.7408
0.58739	-3.88656	0.32562	0.625	-0.309	0.126	0.463	0.7408
0.60836	-3.88705	0.32557	0.625	-0.019	-0.526	0.236	0.3776
0.62934	-3.88741	0.32806	0.625	-0.012	-0.52	0.234	0.3744
0.65032	-3.8877	0.3282	0.625	-0.009	-0.502	0.246	0.3936
0.6713	-3.88803	0.33009	0.626	-0.007	-0.475	0.266	0.42492
0.69228	-3.88854	0.33068	0.627	-0.006	-0.436	0.292	0.46571
0.71325	-3.88938	0.32884	0.628	-0.005	-0.384	0.32	0.50955
0.73423	-3.89071	0.32822	0.629	-0.004	-0.318	0.345	0.54849
0.75521	-3.89267	0.33039	0.63	-0.003	-0.243	0.359	0.56984
0.77619	-3.89522	0.33636	0.632	-0.002	-0.168	0.355	0.56171
0.79717	-3.89803	0.34927	0.633	0	-0.099	0.337	0.53239
0.81814	-3.90043	0.36699	0.633	0.001	-0.039	0.31	0.48973
0.83912	-3.90173	0.38391	0.633	0.002	0.003	0.285	0.45024
0.8601	-3.90164	0.39932	0.633	0.003	0.013	0.272	0.4297
0.88108	-3.89992	0.41113	0.633	0.002	-0.004	0.275	0.43444
0.90206	-3.89623	0.42089	0.632	0.001	-0.024	0.288	0.4557
0.92303	-3.89049	0.42438	0.632	0.001	-0.032	0.301	0.47627
0.94401	-3.88297	0.42652	0.632	0.001	-0.03	0.311	0.49209
0.96499	-3.87402	0.42923	0.632	0.001	-0.023	0.318	0.50316
0.98597	-3.86401	0.43039	0.632	0.001	-0.019	0.324	0.51266
1.00695	-3.85326	0.43065	0.632	0.001	-0.019	0.333	0.5269
1.02792	-3.84212	0.42933	0.632	0.001	-0.025	0.346	0.54747
1.0489	-3.831	0.43003	0.633	0.001	-0.035	0.362	0.57188
1.06988	-3.82043	0.42928	0.633	0.001	-0.049	0.379	0.59874
1.09086	-3.811	0.42127	0.633	0	-0.066	0.395	0.62401
1.11184	-3.80345	0.41495	0.633	0	-0.089	0.403	0.63665
1.13281	-3.79859	0.40473	0.633	0	-0.131	0.386	0.60979
1.15379	-3.79797	0.31846	0.634	-0.003	-0.251	0.041	0.06467
1.17477	-3.79782	0.39853	0.633	-0.11	-0.139	0.391	0.61769
							--
#	BAND	=	0	0	49		--
0	-3.7828	0.39853	0.633	0.11	0.139	-0.391	-0.61769
0.02098	-3.77876	0.2309	0.633	-0.003	-0.41	0	0
0.04196	-3.76889	0.11148	0.634	-0.003	-0.35	0.34	0.53628
0.06293	-3.75917	0.10166	0.635	-0.002	-0.309	0.35	0.55118
0.08391	-3.75455	0.37171	0.634	-0.001	-0.135	0.339	0.5347
0.10489	-3.76824	0.4642	0.634	0	-0.049	0.336	0.52997
0.12587	-3.78304	0.46556	0.634	0.001	-0.045	0.328	0.51735
0.14685	-3.79761	0.46677	0.633	0.001	-0.041	0.321	0.50711
0.16782	-3.81149	0.46511	0.633	0.002	-0.037	0.316	0.49921
0.1888	-3.82437	0.46207	0.633	0.002	-0.032	0.313	0.49447
0.20978	-3.83598	0.46246	0.632	0.002	-0.029	0.311	0.49209
0.23076	-3.84616	0.45659	0.632	0.002	-0.029	0.311	0.49209
0.25174	-3.8548	0.45553	0.632	0.002	-0.031	0.313	0.49525
0.27271	-3.8618	0.4504	0.631	0.002	-0.035	0.314	0.49762
0.29369	-3.86703	0.44416	0.631	0.003	-0.036	0.315	0.49921
0.31467	-3.87035	0.43574	0.632	0.003	-0.029	0.316	0.5
0.33565	-3.87171	0.41996	0.632	0.003	-0.017	0.32	0.50633
0.35663	-3.8715	0.40237	0.632	0.003	-0.017	0.335	0.53006
0.3776	-3.87037	0.38439	0.632	0.002	-0.044	0.36	0.56962
0.39858	-3.86901	0.36765	0.631	0	-0.106	0.383	0.60697
0.41956	-3.86786	0.35225	0.63	0	-0.193	0.39	0.61905
0.44054	-3.86718	0.34133	0.629	-0.001	-0.286	0.375	0.59618
0.46152	-3.86708	0.3313	0.628	-0.001	-0.368	0.345	0.54936
0.4825	-3.86748	0.33038	0.627	-0.001	-0.431	0.31	0.49442
0.50347	-3.86821	0.32519	0.626	-0.001	-0.477	0.276	0.44089
0.52445	-3.86911	0.32605	0.625	0	-0.509	0.246	0.3936
0.54543	-3.87003	0.32477	0.625	0.002	-0.53	0.223	0.3568
0.56641	-3.87086	0.32349	0.625	0.009	-0.544	0.199	0.3184
0.58739	-3.87151	0.32478	0.625	0.309	-0.126	-0.463	-0.7408
0.58739	-3.87151	0.32478	0.625	0.309	-0.126	-0.463	-0.7408
0.60836	-3.87086	0.32445	0.625	0.019	0.526	-0.24	-0.384
0.62934	-3.87002	0.32503	0.625	0.012	0.521	-0.242	-0.3872
0.65032	-3.8691	0.32719	0.625	0.009	0.503	-0.258	-0.4128
0.6713	-3.8682	0.32665	0.626	0.007	0.473	-0.284	-0.45367
0.69228	-3.86746	0.33067	0.627	0.006	0.428	-0.315	-0.50239
0.71325	-3.86707	0.3313	0.628	0.005	0.365	-0.348	-0.55414
0.73423	-3.86716	0.34105	0.629	0.004	0.284	-0.377	-0.59936
0.75521	-3.86783	0.35225	0.63	0.003	0.192	-0.391	-0.62063
0.77619	-3.86898	0.36765	0.631	0.001	0.106	-0.383	-0.60697
0.79717	-3.87035	0.38439	0.632	0	0.045	-0.36	-0.56962
0.81814	-3.87147	0.40187	0.632	-0.002	0.017	-0.335	-0.53006
0.83912	-3.87169	0.41996	0.632	-0.002	0.018	-0.32	-0.50633
0.8601	-3.87032	0.43486	0.632	-0.002	0.029	-0.316	-0.5
0.88108	-3.86701	0.44332	0.631	-0.002	0.037	-0.315	-0.49921
0.90206	-3.86178	0.4504	0.631	-0.002	0.036	-0.314	-0.49762
0.92303	-3.85478	0.45553	0.632	-0.001	0.032	-0.312	-0.49367
0.94401	-3.84614	0.45721	0.632	-0.001	0.029	-0.311	-0.49209
0.96499	-3.83596	0.46162	0.632	-0.002	0.029	-0.311	-0.49209
0.98597	-3.82435	0.46207	0.633	-0.002	0.033	-0.313	-0.49447
1.00695	-3.81148	0.46342	0.633	-0.002	0.037	-0.316	-0.49921
1.02792	-3.79759	0.46677	0.633	-0.001	0.041	-0.321	-0.50711
1.0489	-3.78302	0.46556	0.634	-0.001	0.044	-0.328	-0.51735
1.06988	-3.76822	0.4642	0.634	0	0.049	-0.336	-0.52997
1.09086	-3.75454	0.36931	0.634	0.001	0.135	-0.339	-0.5347
1.11184	-3.75919	0.10166	0.635	0.003	0.309	-0.35	-0.55118
1.13281	-3.7689	0.11148	0.634	0.004	0.35	-0.34	-0.53628
1.15379	-3.77878	0.2309	0.633	0.004	0.412	-0.001	-0.00158
1.17477	-3.7828	0.39853	0.633	0.11	0.139	-0.391	-0.61769
							--
#	BAND	=	0	0	50		--
0	-3.72498	0.48775	0.634	-0.154	-0.504	0.028	0.04416
0.02098	-3.73221	0.48457	0.634	-0.002	-0.022	0.399	0.62934
0.04196	-3.74223	0.48131	0.635	-0.001	-0.024	0.382	0.60157
0.06293	-3.7544	0.4746	0.635	-0.001	-0.025	0.365	0.5748
0.08391	-3.76482	0.20131	0.637	0	-0.17	0.337	0.52904
0.10489	-3.76041	0.10353	0.637	0.001	-0.227	0.281	0.44113
0.12587	-3.75822	0.10146	0.638	0.003	-0.196	0.219	0.34326
0.14685	-3.75892	0.10638	0.639	0.004	-0.154	0.149	0.23318
0.16782	-3.76191	0.15366	0.638	0.004	-0.09	0.049	0.0768
0.1888	-3.76777	0.42658	0.632	0.001	0.027	-0.26	-0.41139
0.20978	-3.77613	0.50206	0.629	0	0.032	-0.346	-0.55008
0.23076	-3.78433	0.5121	0.629	0	0.024	-0.356	-0.56598
0.25174	-3.79177	0.50857	0.628	0	0.018	-0.358	-0.57006
0.27271	-3.79821	0.50834	0.628	0	0.013	-0.359	-0.57166
0.29369	-3.80351	0.50526	0.628	0	0.009	-0.361	-0.57484
0.31467	-3.80758	0.50641	0.628	-0.001	0.003	-0.365	-0.58121
0.33565	-3.81044	0.50259	0.628	-0.001	-0.005	-0.371	-0.59076
0.35663	-3.81219	0.4997	0.628	-0.001	-0.014	-0.381	-0.60669
0.3776	-3.81296	0.49548	0.628	-0.001	-0.023	-0.394	-0.62739
0.39858	-3.81296	0.49017	0.628	-0.001	-0.031	-0.41	-0.65287
0.41956	-3.81241	0.48529	0.628	-0.001	-0.04	-0.429	-0.68312
0.44054	-3.81154	0.479	0.627	-0.001	-0.05	-0.45	-0.7177
0.46152	-3.81059	0.47505	0.627	-0.002	-0.062	-0.472	-0.75279
0.4825	-3.80969	0.47317	0.626	-0.002	-0.075	-0.493	-0.78754
0.50347	-3.8089	0.47002	0.625	-0.002	-0.087	-0.512	-0.8192
0.52445	-3.80818	0.46692	0.624	-0.003	-0.097	-0.528	-0.84615
0.54543	-3.80746	0.46719	0.624	-0.004	-0.105	-0.54	-0.86538
0.56641	-3.80666	0.46715	0.623	-0.008	-0.109	-0.549	-0.88122
0.58739	-3.80571	0.46971	0.623	-0.31	0.203	0.441	0.70787
0.58739	-3.80571	0.46971	0.623	-0.31	0.203	0.441	0.70787
0.60836	-3.8067	0.46715	0.623	-0.007	0.114	0.548	0.87961
0.62934	-3.80751	0.46719	0.624	-0.003	0.107	0.54	0.86538
0.65032	-3.80823	0.46692	0.624	-0.002	0.099	0.528	0.84615
0.6713	-3.80895	0.47002	0.625	-0.001	0.088	0.512	0.8192
0.69228	-3.80974	0.47317	0.626	-0.001	0.076	0.493	0.78754
0.71325	-3.81064	0.47421	0.627	-0.001	0.063	0.472	0.75279
0.73423	-3.8116	0.479	0.627	0	0.05	0.45	0.7177
0.75521	-3.81247	0.48517	0.628	0	0.04	0.429	0.68312
0.77619	-3.81302	0.49017	0.628	0	0.031	0.41	0.65287
0.79717	-3.81302	0.49621	0.628	0	0.023	0.394	0.62739
0.81814	-3.81225	0.50066	0.628	0	0.014	0.381	0.60669
0.83912	-3.8105	0.50259	0.628	0	0.005	0.371	0.59076
0.8601	-3.80764	0.50641	0.628	0	-0.003	0.365	0.58121
0.88108	-3.80357	0.50526	0.628	0	-0.008	0.361	0.57484
0.90206	-3.79827	0.50834	0.628	0	-0.013	0.359	0.57166
0.92303	-3.79183	0.50945	0.628	0	-0.017	0.358	0.57006
0.94401	-3.78439	0.51049	0.629	0	-0.024	0.356	0.56598
0.96499	-3.77619	0.50121	0.629	0	-0.032	0.346	0.55008
0.98597	-3.76782	0.42747	0.632	-0.002	-0.027	0.26	0.41139
1.00695	-3.76195	0.15366	0.638	-0.004	0.09	-0.048	-0.07524
1.02792	-3.75895	0.10703	0.639	-0.004	0.154	-0.149	-0.23318
1.0489	-3.75824	0.10146	0.638	-0.003	0.196	-0.218	-0.34169
1.06988	-3.76043	0.10353	0.637	-0.001	0.227	-0.281	-0.44113
1.09086	-3.76483	0.20252	0.637	0	0.169	-0.337	-0.52904
1.11184	-3.75438	0.4746	0.635	0	0.023	-0.366	-0.57638
1.13281	-3.74222	0.48023	0.635	0	0.02	-0.382	-0.60157
1.15379	-3.7322	0.48457	0.634	0	0.014	-0.4	-0.63091
1.17477	-3.72498	0.48775	0.634	-0.154	-0.504	0.028	0.04416
							--
#	BAND	=	0	0	51		--
0	-3.7099	0.48859	0.634	0.154	0.504	-0.028	-0.04416
0.02098	-3.70572	0.49236	0.633	0.002	0.022	-0.423	-0.66825
0.04196	-3.70454	0.49637	0.633	0.001	0.023	-0.425	-0.67141
0.06293	-3.70622	0.50031	0.632	0.001	0.026	-0.421	-0.66614
0.08391	-3.71041	0.50178	0.632	0	0.029	-0.412	-0.6519
0.10489	-3.71666	0.50524	0.631	0	0.03	-0.4	-0.63391
0.12587	-3.72441	0.50438	0.631	0	0.027	-0.387	-0.61331
0.14685	-3.73308	0.49819	0.63	0	0.016	-0.369	-0.58571
0.16782	-3.74196	0.45155	0.631	0	-0.019	-0.315	-0.49921
0.1888	-3.74904	0.17607	0.637	0.003	-0.111	-0.04	-0.06279
0.20978	-3.75348	0.09697	0.64	0.005	-0.092	0.021	0.03281
0.23076	-3.75708	0.0882	0.64	0.005	-0.062	0.013	0.02031
0.25174	-3.75976	0.08449	0.64	0.004	-0.033	0.003	0.00469
0.27271	-3.76132	0.08471	0.64	0.004	-0.005	-0.003	-0.00469
0.29369	-3.76159	0.08287	0.64	0.003	0.024	-0.003	-0.00469
0.31467	-3.76312	0.52096	0.628	0.001	-0.016	0.39	0.62102
0.33565	-3.76715	0.52576	0.627	0.001	0.001	0.409	0.65231
0.35663	-3.77032	0.52182	0.627	0.001	0.018	0.425	0.67783
0.3776	-3.77282	0.51691	0.627	0.001	0.037	0.444	0.70813
0.39858	-3.77493	0.51288	0.626	0.001	0.053	0.463	0.73962
0.41956	-3.77686	0.50424	0.625	0.001	0.068	0.483	0.7728
0.44054	-3.77875	0.49879	0.625	0.001	0.08	0.503	0.8048
0.46152	-3.78068	0.49166	0.624	0.002	0.09	0.52	0.83333
0.4825	-3.78264	0.48661	0.624	0.002	0.098	0.534	0.85577
0.50347	-3.78456	0.48117	0.623	0.002	0.105	0.545	0.8748
0.52445	-3.78639	0.47788	0.623	0.003	0.11	0.552	0.88604
0.54543	-3.78805	0.47347	0.623	0.004	0.113	0.556	0.89246
0.56641	-3.7895	0.47096	0.623	0.008	0.114	0.557	0.89406
0.58739	-3.79066	0.46971	0.623	0.31	-0.203	-0.441	-0.70787
0.58739	-3.79066	0.46971	0.623	0.31	-0.203	-0.441	-0.70787
0.60836	-3.78946	0.47096	0.623	0.007	-0.118	-0.556	-0.89246
0.62934	-3.78801	0.47347	0.623	0.003	-0.116	-0.556	-0.89246
0.65032	-3.78635	0.47788	0.623	0.002	-0.112	-0.552	-0.88604
0.6713	-3.78453	0.48201	0.623	0.001	-0.106	-0.545	-0.8748
0.69228	-3.7826	0.48661	0.624	0.001	-0.099	-0.534	-0.85577
0.71325	-3.78065	0.49166	0.624	0	-0.09	-0.52	-0.83333
0.73423	-3.77872	0.49975	0.625	0	-0.08	-0.503	-0.8048
0.75521	-3.77683	0.50604	0.626	0	-0.068	-0.483	-0.77157
0.77619	-3.7749	0.51288	0.626	0	-0.053	-0.463	-0.73962
0.79717	-3.7728	0.51775	0.627	0	-0.036	-0.444	-0.70813
0.81814	-3.77029	0.5212	0.627	0	-0.018	-0.426	-0.67943
0.83912	-3.76712	0.52576	0.627	0	-0.001	-0.409	-0.65231
0.8601	-3.76309	0.52113	0.628	0	0.016	-0.389	-0.61943
0.88108	-3.76169	0.08287	0.64	-0.003	-0.025	0.004	0.00625
0.90206	-3.76141	0.08471	0.64	-0.004	0.004	0.003	0.00469
0.92303	-3.75984	0.08449	0.64	-0.004	0.033	-0.003	-0.00469
0.94401	-3.75714	0.0882	0.64	-0.005	0.062	-0.013	-0.02031
0.96499	-3.75354	0.09697	0.64	-0.005	0.092	-0.021	-0.03281
0.98597	-3.74909	0.17615	0.637	-0.003	0.111	0.04	0.06279
1.00695	-3.74201	0.45117	0.631	0	0.019	0.314	0.49762
1.02792	-3.73312	0.49819	0.63	0	-0.016	0.369	0.58571
1.0489	-3.72445	0.50438	0.631	0	-0.026	0.387	0.61331
1.06988	-3.7167	0.50447	0.631	0	-0.029	0.4	0.63391
1.09086	-3.71044	0.50113	0.632	0	-0.028	0.412	0.6519
1.11184	-3.70624	0.50115	0.632	0	-0.024	0.421	0.66614
1.13281	-3.70456	0.49637	0.633	0	-0.019	0.425	0.67141
1.15379	-3.70573	0.49236	0.633	0	-0.014	0.423	0.66825
1.17477	-3.7099	0.48859	0.634	0.154	0.504	-0.028	-0.04416
							--
#	BAND	=	0	0	52		--
0	-3.6347	0.11077	0.654	0.014	-0.01	-0.021	-0.03211
0.02098	-3.64477	0.10646	0.652	0.005	-0.085	-0.066	-0.10123
0.04196	-3.65348	0.10075	0.65	0.003	-0.078	-0.077	-0.11846
0.06293	-3.66079	0.09575	0.649	0.002	-0.056	-0.081	-0.12481
0.08391	-3.6664	0.09384	0.648	0.001	-0.026	-0.072	-0.11111
0.10489	-3.67254	0.5002	0.635	0	-0.084	0.298	0.46929
0.12587	-3.68717	0.5463	0.633	0	-0.099	0.338	0.53397
0.14685	-3.70165	0.54575	0.632	0	-0.099	0.339	0.53639
0.16782	-3.71541	0.54475	0.632	0	-0.094	0.342	0.54114
0.1888	-3.72817	0.54279	0.631	0	-0.086	0.346	0.54834
0.20978	-3.73975	0.54521	0.63	0	-0.076	0.351	0.55714
0.23076	-3.75006	0.54202	0.63	0	-0.064	0.357	0.56667
0.25174	-3.75902	0.53858	0.629	0	-0.052	0.365	0.58029
0.27271	-3.76664	0.53708	0.629	0	-0.04	0.373	0.593
0.29369	-3.77296	0.53499	0.628	0	-0.027	0.383	0.60987
0.31467	-3.77537	0.09004	0.641	0.003	0.059	0.007	0.01092
0.33565	-3.77262	0.08125	0.641	0.002	0.091	0.013	0.02028
0.35663	-3.76811	0.07966	0.642	0.002	0.124	0.03	0.04673
0.3776	-3.76168	0.07876	0.642	0.001	0.158	0.053	0.08255
0.39858	-3.75325	0.07619	0.643	0.001	0.19	0.081	0.12597
0.41956	-3.74278	0.07361	0.645	0	0.218	0.113	0.17519
0.44054	-3.73032	0.07171	0.646	0	0.239	0.147	0.22755
0.46152	-3.71597	0.06968	0.648	0	0.252	0.179	0.27623
0.4825	-3.69993	0.06741	0.649	-0.001	0.259	0.208	0.32049
0.50347	-3.68254	0.06475	0.651	-0.001	0.259	0.23	0.3533
0.52445	-3.66425	0.06472	0.653	-0.001	0.258	0.245	0.37519
0.54543	-3.64565	0.06715	0.654	-0.001	0.257	0.249	0.38073
0.56641	-3.62769	0.10881	0.654	-0.001	0.272	0.195	0.29817
0.58739	-3.61885	0.54008	0.626	0.057	0.517	0.177	0.28275
0.58739	-3.61885	0.54008	0.626	0.057	0.517	0.177	0.28275
0.60836	-3.628	0.10496	0.654	0.001	-0.271	-0.199	-0.30428
0.62934	-3.64599	0.06676	0.654	0.001	-0.257	-0.249	-0.38073
0.65032	-3.6646	0.0644	0.653	0.001	-0.258	-0.244	-0.37366
0.6713	-3.68288	0.06479	0.651	0.001	-0.26	-0.23	-0.3533
0.69228	-3.70025	0.0675	0.649	0	-0.259	-0.208	-0.32049
0.71325	-3.71627	0.06968	0.648	0	-0.253	-0.179	-0.27623
0.73423	-3.73059	0.07167	0.646	0	-0.239	-0.146	-0.22601
0.75521	-3.74302	0.0737	0.645	0	-0.218	-0.113	-0.17519
0.77619	-3.75346	0.07619	0.643	-0.001	-0.19	-0.081	-0.12597
0.79717	-3.76186	0.07876	0.642	-0.001	-0.158	-0.053	-0.08255
0.81814	-3.76827	0.07966	0.642	-0.002	-0.125	-0.03	-0.04673
0.83912	-3.77276	0.08125	0.641	-0.002	-0.092	-0.013	-0.02028
0.8601	-3.77549	0.09072	0.64	-0.003	-0.06	-0.008	-0.0125
0.88108	-3.77293	0.53499	0.628	0	0.027	-0.383	-0.60987
0.90206	-3.76661	0.53708	0.629	0	0.041	-0.373	-0.593
0.92303	-3.75898	0.53954	0.629	0	0.053	-0.365	-0.58029
0.94401	-3.75002	0.54202	0.63	0	0.064	-0.357	-0.56667
0.96499	-3.73971	0.54448	0.63	0	0.076	-0.351	-0.55714
0.98597	-3.72813	0.54475	0.631	0	0.086	-0.346	-0.54834
1.00695	-3.71536	0.54475	0.632	0	0.094	-0.342	-0.54114
1.02792	-3.70161	0.54575	0.632	0	0.099	-0.34	-0.53797
1.0489	-3.68713	0.5463	0.633	0	0.1	-0.338	-0.53397
1.06988	-3.67249	0.5008	0.635	-0.001	0.085	-0.299	-0.47087
1.09086	-3.66634	0.09384	0.648	-0.001	0.026	0.071	0.10957
1.11184	-3.66074	0.09575	0.649	-0.002	0.056	0.081	0.12481
1.13281	-3.65343	0.10075	0.65	-0.003	0.078	0.077	0.11846
1.15379	-3.64472	0.10646	0.652	-0.005	0.085	0.066	0.10123
1.17477	-3.6347	0.11077	0.654	0.014	-0.01	-0.021	-0.03211
							--
#	BAND	=	0	0	53		--
0	-3.61962	0.11077	0.654	-0.014	0.01	0.021	0.03211
0.02098	-3.60891	0.11264	0.655	-0.008	0.061	0.031	0.04733
0.04196	-3.61454	0.55576	0.636	-0.001	-0.063	0.376	0.59119
0.06293	-3.62782	0.55407	0.635	0	-0.078	0.361	0.5685
0.08391	-3.64216	0.54766	0.635	0	-0.09	0.347	0.54646
0.10489	-3.65407	0.13634	0.646	-0.001	-0.01	-0.009	-0.01393
0.12587	-3.65445	0.08695	0.647	-0.002	0.026	-0.02	-0.03091
0.14685	-3.65156	0.08611	0.646	-0.003	0.044	0.012	0.01858
0.16782	-3.6463	0.08568	0.646	-0.003	0.058	0.039	0.06037
0.1888	-3.63957	0.08769	0.646	-0.003	0.071	0.057	0.08824
0.20978	-3.63217	0.09193	0.646	-0.002	0.085	0.069	0.10681
0.23076	-3.62475	0.09871	0.646	-0.002	0.097	0.076	0.11765
0.25174	-3.61819	0.18614	0.643	-0.001	0.094	0.005	0.00778
0.27271	-3.61935	0.56457	0.629	0.001	0.009	-0.351	-0.55803
0.29369	-3.6223	0.5758	0.629	0.001	0.004	-0.36	-0.57234
0.31467	-3.62442	0.57655	0.629	0.001	0.002	-0.364	-0.5787
0.33565	-3.62565	0.57682	0.629	0.001	0.001	-0.37	-0.58824
0.35663	-3.62606	0.573	0.629	0.001	0	-0.378	-0.60095
0.3776	-3.62569	0.57241	0.629	0.001	-0.002	-0.388	-0.61685
0.39858	-3.62464	0.57278	0.629	0.001	-0.005	-0.399	-0.63434
0.41956	-3.62303	0.56968	0.629	0.001	-0.01	-0.413	-0.6566
0.44054	-3.62102	0.56889	0.628	0.001	-0.018	-0.429	-0.68312
0.46152	-3.61877	0.57069	0.628	0.001	-0.028	-0.448	-0.71338
0.4825	-3.61642	0.57256	0.627	0.002	-0.039	-0.467	-0.74482
0.50347	-3.61403	0.57268	0.626	0.002	-0.05	-0.486	-0.77636
0.52445	-3.61155	0.57314	0.625	0.002	-0.061	-0.502	-0.8032
0.54543	-3.60891	0.57164	0.624	0.003	-0.076	-0.512	-0.82051
0.56641	-3.60577	0.53933	0.626	0.004	-0.143	-0.456	-0.72843
0.58739	-3.60364	0.53864	0.626	-0.057	-0.515	-0.18	-0.28754
0.58739	-3.60364	0.53864	0.626	-0.057	-0.515	-0.18	-0.28754
0.60836	-3.6059	0.54143	0.625	0	0.173	0.452	0.7232
0.62934	-3.60901	0.57164	0.624	0	0.094	0.509	0.81571
0.65032	-3.61165	0.57302	0.625	-0.001	0.073	0.5	0.8
0.6713	-3.61412	0.57268	0.626	-0.001	0.058	0.484	0.77316
0.69228	-3.61652	0.57256	0.627	-0.001	0.045	0.466	0.74322
0.71325	-3.61887	0.57069	0.627	-0.001	0.033	0.447	0.71292
0.73423	-3.62111	0.56977	0.628	-0.001	0.022	0.428	0.68153
0.75521	-3.62313	0.56872	0.629	-0.001	0.013	0.412	0.65501
0.77619	-3.62474	0.57278	0.629	-0.001	0.007	0.398	0.63275
0.79717	-3.62579	0.57241	0.629	-0.001	0.004	0.387	0.61526
0.81814	-3.62616	0.57388	0.629	-0.001	0.002	0.378	0.60095
0.83912	-3.62576	0.57682	0.629	-0.001	0	0.37	0.58824
0.8601	-3.62452	0.57655	0.629	-0.001	-0.001	0.363	0.57711
0.88108	-3.62241	0.57464	0.629	-0.001	-0.003	0.359	0.57075
0.90206	-3.61945	0.56509	0.629	-0.001	-0.008	0.351	0.55803
0.92303	-3.61812	0.19419	0.643	0.001	-0.092	0.003	0.00467
0.94401	-3.62463	0.09851	0.646	0.002	-0.098	-0.077	-0.1192
0.96499	-3.63204	0.09193	0.646	0.002	-0.085	-0.07	-0.10836
0.98597	-3.63945	0.08765	0.646	0.003	-0.072	-0.058	-0.08978
1.00695	-3.64619	0.08568	0.646	0.003	-0.059	-0.039	-0.06037
1.02792	-3.65146	0.08611	0.646	0.003	-0.045	-0.013	-0.02012
1.0489	-3.65437	0.08686	0.647	0.002	-0.027	0.019	0.02937
1.06988	-3.654	0.13547	0.646	0.001	0.009	0.009	0.01393
1.09086	-3.64212	0.54862	0.635	-0.001	0.09	-0.347	-0.54646
1.11184	-3.62778	0.55407	0.635	-0.001	0.079	-0.361	-0.5685
1.13281	-3.6145	0.55487	0.636	-0.001	0.064	-0.376	-0.59119
1.15379	-3.60894	0.11255	0.655	0.008	-0.061	-0.031	-0.04733
1.17477	-3.61962	0.11077	0.654	-0.014	0.01	0.021	0.03211
							--
#	BAND	=	0	0	54		--
0	-3.60881	0.56117	0.636	-0.307	0.176	0.217	0.34119
0.02098	-3.618	0.55862	0.636	-0.001	-0.049	0.393	0.61792
0.04196	-3.6154	0.13058	0.656	-0.007	0.037	-0.003	-0.00457
0.06293	-3.61059	0.16206	0.654	-0.005	0.02	-0.022	-0.03364
0.08391	-3.60575	0.18903	0.652	-0.004	0.008	-0.024	-0.03681
0.10489	-3.60035	0.30305	0.646	-0.003	0.001	-0.138	-0.21362
0.12587	-3.60051	0.54152	0.633	0	0.023	-0.397	-0.62717
0.14685	-3.60424	0.56377	0.631	0	0.023	-0.403	-0.63867
0.16782	-3.60911	0.56986	0.631	0.001	0.018	-0.395	-0.62599
0.1888	-3.61455	0.57045	0.63	0.001	0.014	-0.384	-0.60952
0.20978	-3.62007	0.57295	0.63	0.001	0.01	-0.374	-0.59365
0.23076	-3.6253	0.57281	0.63	0.001	0.007	-0.362	-0.5746
0.25174	-3.6295	0.49185	0.632	0.001	0.02	-0.274	-0.43354
0.27271	-3.62596	0.12003	0.646	-0.001	0.113	0.096	0.14861
0.29369	-3.62061	0.11507	0.647	0	0.121	0.118	0.18238
0.31467	-3.61599	0.12386	0.647	0	0.124	0.13	0.20093
0.33565	-3.61185	0.13425	0.648	0	0.124	0.138	0.21296
0.35663	-3.60777	0.14467	0.649	0	0.118	0.137	0.21109
0.3776	-3.60321	0.15339	0.651	0	0.106	0.127	0.19508
0.39858	-3.59783	0.16174	0.653	0	0.086	0.11	0.16845
0.41956	-3.59161	0.17142	0.654	0	0.055	0.094	0.14373
0.44054	-3.58606	0.29751	0.647	0	0.027	0.223	0.34467
0.46152	-3.58962	0.55434	0.625	-0.001	0.077	0.532	0.8512
0.4825	-3.59543	0.57172	0.623	-0.001	0.085	0.553	0.88764
0.50347	-3.60095	0.57403	0.623	-0.002	0.087	0.556	0.89246
0.52445	-3.606	0.57419	0.622	-0.002	0.088	0.554	0.89068
0.54543	-3.61054	0.57517	0.623	-0.003	0.091	0.548	0.87961
0.56641	-3.61448	0.56217	0.623	-0.004	0.134	0.525	0.8427
0.58739	-3.60909	0.10871	0.654	-0.034	-0.293	-0.116	-0.17737
0.58739	-3.60909	0.10871	0.654	-0.034	-0.293	-0.116	-0.17737
0.60836	-3.61438	0.56279	0.623	0	-0.167	-0.517	-0.82986
0.62934	-3.61044	0.57512	0.623	0	-0.109	-0.545	-0.8748
0.65032	-3.60591	0.57504	0.623	0.001	-0.1	-0.552	-0.88604
0.6713	-3.60087	0.57403	0.623	0.001	-0.096	-0.554	-0.88925
0.69228	-3.59535	0.57084	0.623	0.001	-0.091	-0.552	-0.88604
0.71325	-3.58954	0.55434	0.625	0.001	-0.082	-0.531	-0.8496
0.73423	-3.58601	0.29577	0.647	0	-0.029	-0.222	-0.34312
0.75521	-3.59157	0.17186	0.654	0	-0.055	-0.094	-0.14373
0.77619	-3.59779	0.16198	0.653	0	-0.086	-0.111	-0.16998
0.79717	-3.60316	0.15355	0.651	0	-0.106	-0.128	-0.19662
0.81814	-3.60772	0.14483	0.649	0	-0.118	-0.137	-0.21109
0.83912	-3.6118	0.13425	0.648	0	-0.124	-0.138	-0.21296
0.8601	-3.61592	0.12386	0.647	0	-0.124	-0.131	-0.20247
0.88108	-3.62053	0.11507	0.647	0	-0.122	-0.118	-0.18238
0.90206	-3.62586	0.11907	0.646	0.001	-0.113	-0.098	-0.1517
0.92303	-3.62956	0.48123	0.633	-0.001	-0.021	0.265	0.41864
0.94401	-3.62539	0.57194	0.63	-0.001	-0.006	0.362	0.5746
0.96499	-3.62016	0.57295	0.63	-0.001	-0.009	0.373	0.59206
0.98597	-3.61463	0.56945	0.63	-0.001	-0.013	0.384	0.60952
1.00695	-3.60919	0.56821	0.631	-0.001	-0.018	0.394	0.62441
1.02792	-3.60431	0.56281	0.631	0	-0.023	0.403	0.63867
1.0489	-3.60057	0.54152	0.633	0	-0.023	0.397	0.62717
1.06988	-3.60037	0.30559	0.646	0.003	-0.001	0.141	0.21827
1.09086	-3.60576	0.18899	0.652	0.004	-0.008	0.024	0.03681
1.11184	-3.61061	0.16226	0.654	0.005	-0.02	0.022	0.03364
1.13281	-3.61542	0.13058	0.656	0.007	-0.037	0.003	0.00457
1.15379	-3.61795	0.55862	0.636	-0.003	0.052	-0.392	-0.61635
1.17477	-3.60881	0.56117	0.636	-0.307	0.176	0.217	0.34119
							--
#	BAND	=	0	0	55		--
0	-3.59371	0.56117	0.636	0.307	-0.176	-0.217	-0.34119
0.02098	-3.58741	0.52252	0.638	0.001	0.019	-0.384	-0.60188
0.04196	-3.58476	0.33131	0.648	0	0.021	-0.197	-0.30401
0.06293	-3.58142	0.50758	0.637	0	0.043	-0.358	-0.56201
0.08391	-3.58073	0.52641	0.634	0	0.046	-0.373	-0.58833
0.10489	-3.58094	0.42922	0.638	-0.001	0.045	-0.244	-0.38245
0.12587	-3.57625	0.20247	0.649	-0.005	0.022	0.042	0.06471
0.14685	-3.56925	0.19197	0.65	-0.006	0.028	0.087	0.13385
0.16782	-3.56267	0.19663	0.65	-0.007	0.044	0.13	0.2
0.1888	-3.55709	0.20464	0.649	-0.009	0.064	0.184	0.28351
0.20978	-3.5528	0.2147	0.649	-0.012	0.078	0.25	0.38521
0.23076	-3.54995	0.22415	0.649	-0.015	0.064	0.301	0.46379
0.25174	-3.54851	0.22955	0.648	-0.018	-0.014	0.202	0.31173
0.27271	-3.54833	0.21485	0.646	-0.014	-0.104	-0.216	-0.33437
0.29369	-3.54955	0.2154	0.645	-0.005	-0.055	-0.344	-0.53333
0.31467	-3.55135	0.22695	0.646	-0.002	-0.026	-0.307	-0.47523
0.33565	-3.55283	0.24076	0.647	-0.002	-0.025	-0.269	-0.41577
0.35663	-3.55339	0.25103	0.648	-0.001	-0.038	-0.232	-0.35802
0.3776	-3.55279	0.28684	0.647	-0.001	-0.061	-0.154	-0.23802
0.39858	-3.55421	0.54689	0.628	0	0.003	0.437	0.69586
0.41956	-3.56043	0.5798	0.624	-0.001	0.064	0.539	0.86378
0.44054	-3.5656	0.45904	0.633	0	0.057	0.395	0.62401
0.46152	-3.56151	0.19444	0.656	0.001	-0.066	0.06	0.09146
0.4825	-3.55631	0.16268	0.659	0.001	-0.175	-0.004	-0.00607
0.50347	-3.55443	0.13474	0.66	0.001	-0.265	-0.07	-0.10606
0.52445	-3.55764	0.10885	0.66	0.001	-0.294	-0.138	-0.20909
0.54543	-3.56613	0.09053	0.659	0.001	-0.284	-0.19	-0.28832
0.56641	-3.57881	0.08095	0.658	0.001	-0.268	-0.22	-0.33435
0.58739	-3.59375	0.10454	0.655	0.034	0.292	0.119	0.18168
0.58739	-3.59375	0.10454	0.655	0.034	0.292	0.119	0.18168
0.60836	-3.57851	0.08087	0.658	-0.001	0.27	0.218	0.33131
0.62934	-3.56587	0.09053	0.659	-0.001	0.285	0.188	0.28528
0.65032	-3.55744	0.10951	0.66	-0.001	0.295	0.136	0.20606
0.6713	-3.55429	0.13499	0.66	-0.001	0.265	0.069	0.10455
0.69228	-3.55622	0.16298	0.659	-0.001	0.175	0.003	0.00455
0.71325	-3.56145	0.19431	0.656	-0.001	0.065	-0.06	-0.09146
0.73423	-3.56552	0.46069	0.633	0	-0.058	-0.397	-0.62717
0.75521	-3.56034	0.5798	0.624	0.001	-0.066	-0.538	-0.86218
0.77619	-3.55415	0.54373	0.628	0	-0.003	-0.432	-0.6879
0.79717	-3.55279	0.28492	0.647	0.001	0.061	0.154	0.23802
0.81814	-3.55338	0.25168	0.648	0.001	0.038	0.232	0.35802
0.83912	-3.55283	0.24076	0.647	0.002	0.025	0.269	0.41577
0.8601	-3.55134	0.22695	0.646	0.002	0.026	0.307	0.47523
0.88108	-3.54954	0.2154	0.645	0.005	0.054	0.344	0.53333
0.90206	-3.5483	0.21524	0.646	0.014	0.104	0.224	0.34675
0.92303	-3.54846	0.23009	0.648	0.018	0.014	-0.201	-0.31019
0.94401	-3.54991	0.22408	0.649	0.015	-0.065	-0.301	-0.46379
0.96499	-3.55276	0.21469	0.649	0.011	-0.078	-0.249	-0.38367
0.98597	-3.55706	0.20455	0.649	0.009	-0.064	-0.182	-0.28043
1.00695	-3.56265	0.19746	0.65	0.007	-0.044	-0.129	-0.19846
1.02792	-3.56924	0.19229	0.65	0.006	-0.028	-0.087	-0.13385
1.0489	-3.57625	0.20278	0.649	0.005	-0.022	-0.042	-0.06471
1.06988	-3.58097	0.42794	0.638	0.001	-0.045	0.241	0.37774
1.09086	-3.58077	0.52613	0.634	0	-0.046	0.373	0.58833
1.11184	-3.58146	0.50815	0.637	0	-0.044	0.359	0.56358
1.13281	-3.58478	0.33538	0.648	0	-0.022	0.2	0.30864
1.15379	-3.58745	0.52485	0.638	0.002	-0.021	0.385	0.60345
1.17477	-3.59371	0.56117	0.636	0.307	-0.176	-0.217	-0.34119
							--
#	BAND	=	0	0	56		--
0	-3.59695	0.19587	0.658	-0.155	-0.056	-0.097	-0.14742
0.02098	-3.60007	0.24112	0.654	0.001	-0.002	-0.136	-0.20795
0.04196	-3.59699	0.42126	0.642	0	0.03	-0.298	-0.46417
0.06293	-3.59201	0.22363	0.652	0	0.016	-0.126	-0.19325
0.08391	-3.58628	0.19573	0.652	0	-0.003	-0.118	-0.18098
0.10489	-3.58125	0.19208	0.65	0	-0.02	-0.133	-0.20462
0.12587	-3.57653	0.19401	0.649	0.001	-0.035	-0.151	-0.23267
0.14685	-3.57219	0.19487	0.648	0.002	-0.052	-0.177	-0.27315
0.16782	-3.56847	0.19715	0.648	0.003	-0.072	-0.214	-0.33025
0.1888	-3.56556	0.19939	0.647	0.005	-0.091	-0.265	-0.40958
0.20978	-3.56353	0.19839	0.646	0.007	-0.102	-0.33	-0.51084
0.23076	-3.56235	0.20285	0.646	0.011	-0.084	-0.379	-0.58669
0.25174	-3.5619	0.20976	0.646	0.014	-0.002	-0.278	-0.43034
0.27271	-3.56186	0.24344	0.648	0.011	0.088	0.139	0.21451
0.29369	-3.56119	0.2608	0.648	0.002	0.032	0.261	0.40278
0.31467	-3.55948	0.27503	0.649	0	-0.014	0.218	0.3359
0.33565	-3.55665	0.31132	0.647	0	-0.042	0.194	0.29985
0.35663	-3.55579	0.52674	0.631	0	0.013	0.391	0.61965
0.3776	-3.56104	0.54975	0.628	-0.001	0.088	0.44	0.70064
0.39858	-3.56404	0.29668	0.648	-0.001	0.041	-0.106	-0.16358
0.41956	-3.56095	0.25673	0.654	-0.001	0.008	-0.184	-0.28135
0.44054	-3.55634	0.25565	0.657	-0.001	0.043	-0.173	-0.26332
0.46152	-3.55094	0.2532	0.659	-0.001	0.129	-0.156	-0.23672
0.4825	-3.54505	0.25281	0.662	0	0.264	-0.135	-0.20393
0.50347	-3.53876	0.248	0.664	0	0.407	-0.106	-0.15964
0.52445	-3.5323	0.24928	0.666	0.001	0.503	-0.077	-0.11562
0.54543	-3.52627	0.25091	0.667	0.001	0.546	-0.053	-0.07946
0.56641	-3.52128	0.25092	0.668	0.001	0.56	-0.035	-0.0524
0.58739	-3.51773	0.25066	0.668	-0.054	-0.318	0.078	0.11677
0.58739	-3.51773	0.25066	0.668	-0.054	-0.318	0.078	0.11677
0.60836	-3.5213	0.25092	0.668	-0.002	-0.56	0.037	0.05539
0.62934	-3.52627	0.25106	0.667	-0.001	-0.546	0.054	0.08096
0.65032	-3.53229	0.24928	0.666	-0.001	-0.502	0.077	0.11562
0.6713	-3.53874	0.248	0.664	0	-0.406	0.107	0.16114
0.69228	-3.54503	0.25281	0.662	0	-0.263	0.135	0.20393
0.71325	-3.55093	0.2532	0.659	0.001	-0.128	0.156	0.23672
0.73423	-3.55633	0.25546	0.657	0.001	-0.043	0.172	0.2618
0.75521	-3.56094	0.25857	0.654	0.001	-0.008	0.183	0.27982
0.77619	-3.56401	0.29804	0.648	0.001	-0.043	0.101	0.15586
0.79717	-3.56094	0.54983	0.628	0.001	-0.089	-0.44	-0.70064
0.81814	-3.5557	0.52574	0.631	0.001	-0.014	-0.39	-0.61807
0.83912	-3.55659	0.31098	0.647	0	0.042	-0.193	-0.2983
0.8601	-3.55942	0.27503	0.649	0	0.014	-0.218	-0.3359
0.88108	-3.56115	0.26071	0.648	-0.002	-0.032	-0.262	-0.40432
0.90206	-3.56183	0.2435	0.648	-0.011	-0.088	-0.146	-0.22531
0.92303	-3.5619	0.2093	0.646	-0.015	0.002	0.277	0.42879
0.94401	-3.56234	0.20258	0.646	-0.011	0.085	0.378	0.58514
0.96499	-3.56352	0.19745	0.646	-0.007	0.102	0.328	0.50774
0.98597	-3.56554	0.19969	0.647	-0.005	0.091	0.264	0.40804
1.00695	-3.56845	0.19715	0.648	-0.003	0.072	0.213	0.3287
1.02792	-3.57217	0.19495	0.648	-0.002	0.052	0.177	0.27315
1.0489	-3.57652	0.19401	0.649	-0.001	0.035	0.151	0.23267
1.06988	-3.58123	0.19208	0.65	0	0.019	0.132	0.20308
1.09086	-3.58628	0.19601	0.652	0	0.003	0.118	0.18098
1.11184	-3.59201	0.22256	0.652	0	-0.016	0.125	0.19172
1.13281	-3.59702	0.41679	0.642	0.001	-0.031	0.295	0.4595
1.15379	-3.60007	0.24037	0.654	-0.002	0.001	0.135	0.20642
1.17477	-3.59695	0.19587	0.658	-0.155	-0.056	-0.097	-0.14742
							--
#	BAND	=	0	0	57		--
0	-3.58194	0.19587	0.658	0.155	0.056	0.097	0.14742
0.02098	-3.57625	0.18898	0.659	-0.007	0.086	0.115	0.17451
0.04196	-3.56931	0.16917	0.657	-0.021	0.058	0.098	0.14916
0.06293	-3.56338	0.18632	0.653	-0.019	0.053	0.114	0.17458
0.08391	-3.55669	0.22405	0.653	-0.01	0.099	0.17	0.26034
0.10489	-3.54864	0.24558	0.653	-0.006	0.119	0.206	0.31547
0.12587	-3.54038	0.26141	0.653	-0.004	0.123	0.218	0.33384
0.14685	-3.53274	0.2757	0.653	-0.003	0.119	0.183	0.28025
0.16782	-3.52657	0.28938	0.652	0	0.073	-0.036	-0.05521
0.1888	-3.52265	0.30079	0.651	0.002	0.004	-0.212	-0.32565
0.20978	-3.52039	0.30883	0.65	0.002	0.026	-0.218	-0.33538
0.23076	-3.51954	0.33423	0.649	0.001	0.082	-0.169	-0.2604
0.25174	-3.51993	0.38066	0.646	0	0.12	-0.079	-0.12229
0.27271	-3.52124	0.44263	0.642	0	0.115	0.049	0.07632
0.29369	-3.52352	0.50725	0.637	0	0.085	0.207	0.32496
0.31467	-3.52714	0.53668	0.633	0	0.068	0.34	0.53712
0.33565	-3.53182	0.51574	0.633	-0.001	0.075	0.399	0.63033
0.35663	-3.53387	0.29662	0.649	0	0.016	0.2	0.30817
0.3776	-3.52863	0.23994	0.655	0	-0.054	0.085	0.12977
0.39858	-3.52136	0.23346	0.657	0	-0.092	0.044	0.06697
0.41956	-3.5137	0.22764	0.659	0	-0.136	0.011	0.01669
0.44054	-3.50683	0.21895	0.661	0	-0.19	-0.019	-0.02874
0.46152	-3.50191	0.21003	0.662	0	-0.247	-0.044	-0.06647
0.4825	-3.49947	0.21095	0.663	0	-0.305	-0.056	-0.08446
0.50347	-3.49895	0.21797	0.665	0	-0.37	-0.049	-0.07368
0.52445	-3.49916	0.2321	0.666	0	-0.44	-0.029	-0.04354
0.54543	-3.49959	0.24459	0.667	-0.001	-0.498	-0.008	-0.01199
0.56641	-3.50059	0.24971	0.668	-0.001	-0.536	0.008	0.01198
0.58739	-3.50269	0.25066	0.668	0.054	0.318	-0.077	-0.11527
0.58739	-3.50269	0.25066	0.668	0.054	0.318	-0.077	-0.11527
0.60836	-3.50055	0.2494	0.668	0.002	0.535	-0.009	-0.01347
0.62934	-3.49952	0.24432	0.667	0.001	0.497	0.008	0.01199
0.65032	-3.49905	0.23232	0.666	0.001	0.439	0.029	0.04354
0.6713	-3.4988	0.21756	0.665	0	0.369	0.049	0.07368
0.69228	-3.49931	0.2104	0.663	0	0.304	0.056	0.08446
0.71325	-3.50175	0.21003	0.662	0	0.247	0.043	0.06495
0.73423	-3.5067	0.21895	0.661	0	0.19	0.018	0.02723
0.75521	-3.51359	0.22764	0.659	0	0.136	-0.012	-0.01821
0.77619	-3.52127	0.23346	0.657	0	0.092	-0.044	-0.06697
0.79717	-3.52855	0.23994	0.655	0	0.053	-0.086	-0.1313
0.81814	-3.53381	0.29662	0.649	0.001	-0.016	-0.2	-0.30817
0.83912	-3.53174	0.51727	0.633	0.001	-0.076	-0.399	-0.63033
0.8601	-3.52707	0.53637	0.633	0.001	-0.069	-0.339	-0.53555
0.88108	-3.52347	0.50369	0.637	0	-0.086	-0.205	-0.32182
0.90206	-3.52121	0.44302	0.642	0	-0.115	-0.046	-0.07165
0.92303	-3.51991	0.37949	0.646	0	-0.12	0.082	0.12693
0.94401	-3.51954	0.33308	0.649	-0.001	-0.081	0.171	0.26348
0.96499	-3.5204	0.30937	0.65	-0.002	-0.025	0.219	0.33692
0.98597	-3.52267	0.30125	0.651	-0.002	-0.003	0.214	0.32873
1.00695	-3.52658	0.28938	0.652	0	-0.07	0.042	0.06442
1.02792	-3.53273	0.27569	0.653	0.003	-0.118	-0.18	-0.27565
1.0489	-3.54037	0.26141	0.653	0.004	-0.122	-0.217	-0.33231
1.06988	-3.54864	0.24601	0.653	0.006	-0.119	-0.206	-0.31547
1.09086	-3.55669	0.22366	0.653	0.01	-0.099	-0.169	-0.25881
1.11184	-3.56339	0.1868	0.653	0.019	-0.053	-0.114	-0.17458
1.13281	-3.56933	0.16917	0.657	0.021	-0.058	-0.098	-0.14916
1.15379	-3.57626	0.18859	0.659	0.007	-0.086	-0.115	-0.17451
1.17477	-3.58194	0.19587	0.658	0.155	0.056	0.097	0.14742
							--
#	BAND	=	0	0	58		--
0	-3.57554	0.19991	0.658	-0.133	-0.07	-0.086	-0.1307
0.02098	-3.57863	0.19103	0.654	0.002	0.074	0.119	0.18196
0.04196	-3.57866	0.23583	0.653	0.011	0.088	0.163	0.24962
0.06293	-3.57175	0.25826	0.656	0	-0.004	0.12	0.18293
0.08391	-3.56394	0.27896	0.655	-0.003	-0.131	-0.064	-0.09771
0.10489	-3.55723	0.28814	0.654	0	-0.141	-0.133	-0.20336
0.12587	-3.5509	0.29344	0.653	0.001	-0.138	-0.159	-0.24349
0.14685	-3.54517	0.29984	0.652	0.002	-0.136	-0.138	-0.21166
0.16782	-3.54005	0.30519	0.651	0	-0.095	0.064	0.09831
0.1888	-3.53534	0.32037	0.65	-0.002	-0.033	0.222	0.34154
0.20978	-3.53182	0.34336	0.649	-0.002	-0.061	0.208	0.32049
0.23076	-3.52954	0.36878	0.648	-0.002	-0.125	0.147	0.22685
0.25174	-3.52806	0.38062	0.647	-0.001	-0.167	0.075	0.11592
0.27271	-3.52701	0.37389	0.647	-0.001	-0.145	0.012	0.01855
0.29369	-3.52587	0.34509	0.649	0	-0.072	-0.054	-0.0832
0.31467	-3.52378	0.31737	0.652	0	-0.003	-0.108	-0.16564
0.33565	-3.52029	0.30862	0.654	0	0.038	-0.132	-0.20183
0.35663	-3.51542	0.3011	0.656	0	0.063	-0.136	-0.20732
0.3776	-3.5093	0.29896	0.657	0	0.089	-0.129	-0.19635
0.39858	-3.5021	0.29466	0.659	0	0.126	-0.118	-0.17906
0.41956	-3.49398	0.29362	0.661	0	0.185	-0.105	-0.15885
0.44054	-3.48518	0.28859	0.664	0.001	0.265	-0.093	-0.14006
0.46152	-3.47596	0.28557	0.666	0.001	0.356	-0.08	-0.12012
0.4825	-3.46665	0.28367	0.668	0.001	0.436	-0.069	-0.10329
0.50347	-3.4577	0.28143	0.67	0.001	0.492	-0.059	-0.08806
0.52445	-3.44966	0.27897	0.671	0.002	0.526	-0.051	-0.07601
0.54543	-3.44304	0.27995	0.672	0.002	0.546	-0.044	-0.06548
0.56641	-3.43825	0.27952	0.673	0.001	0.555	-0.038	-0.05646
0.58739	-3.43555	0.27933	0.673	-0.132	0.022	0.04	0.05944
0.58739	-3.43555	0.27933	0.673	-0.132	0.022	0.04	0.05944
0.60836	-3.43825	0.27952	0.673	-0.003	-0.554	0.039	0.05795
0.62934	-3.44303	0.27995	0.672	-0.003	-0.546	0.044	0.06548
0.65032	-3.44965	0.27897	0.671	-0.002	-0.526	0.051	0.07601
0.6713	-3.4577	0.28203	0.67	-0.002	-0.492	0.059	0.08806
0.69228	-3.46665	0.28367	0.668	-0.002	-0.435	0.069	0.10329
0.71325	-3.47596	0.28557	0.666	-0.001	-0.355	0.08	0.12012
0.73423	-3.48518	0.28859	0.664	-0.001	-0.265	0.093	0.14006
0.75521	-3.49398	0.29323	0.661	-0.001	-0.184	0.106	0.16036
0.77619	-3.5021	0.29486	0.659	0	-0.126	0.118	0.17906
0.79717	-3.5093	0.29896	0.657	0	-0.088	0.129	0.19635
0.81814	-3.51542	0.3011	0.656	0	-0.063	0.135	0.20579
0.83912	-3.52028	0.30758	0.654	0	-0.038	0.131	0.20031
0.8601	-3.52376	0.31837	0.652	0	0.003	0.107	0.16411
0.88108	-3.52584	0.34584	0.649	0	0.072	0.052	0.08012
0.90206	-3.52697	0.37519	0.647	0.001	0.145	-0.014	-0.02164
0.92303	-3.52802	0.38146	0.647	0.001	0.167	-0.078	-0.12056
0.94401	-3.5295	0.36943	0.648	0.002	0.124	-0.148	-0.2284
0.96499	-3.53179	0.34486	0.649	0.002	0.06	-0.209	-0.32203
0.98597	-3.53532	0.32044	0.65	0.002	0.031	-0.223	-0.34308
1.00695	-3.54004	0.30492	0.651	0	0.092	-0.07	-0.10753
1.02792	-3.54517	0.30103	0.652	-0.001	0.136	0.135	0.20706
1.0489	-3.5509	0.29344	0.653	-0.001	0.138	0.158	0.24196
1.06988	-3.55723	0.28793	0.654	0	0.141	0.132	0.20183
1.09086	-3.56393	0.27826	0.655	0.003	0.131	0.063	0.09618
1.11184	-3.57174	0.25761	0.656	0	0.004	-0.121	-0.18445
1.13281	-3.57866	0.23625	0.653	-0.011	-0.089	-0.163	-0.24962
1.15379	-3.57863	0.19134	0.654	-0.002	-0.074	-0.119	-0.18196
1.17477	-3.57554	0.19991	0.658	-0.133	-0.07	-0.086	-0.1307
							--
#	BAND	=	0	0	59		--
0	-3.56052	0.19991	0.658	0.133	0.071	0.086	0.1307
0.02098	-3.55837	0.25146	0.657	0.003	-0.107	-0.111	-0.16895
0.04196	-3.55598	0.2699	0.657	0.007	-0.081	-0.119	-0.18113
0.06293	-3.55035	0.25701	0.658	0.012	0.021	-0.087	-0.13222
0.08391	-3.53817	0.22523	0.66	0.002	0.116	0.05	0.07576
0.10489	-3.52309	0.23151	0.66	-0.007	0.119	0.086	0.1303
0.12587	-3.50925	0.26027	0.659	-0.01	0.125	0.082	0.12443
0.14685	-3.49821	0.30359	0.657	-0.009	0.137	0.041	0.0624
0.16782	-3.49089	0.35757	0.654	-0.006	0.152	0.009	0.01376
0.1888	-3.48808	0.42689	0.649	-0.003	0.147	0.06	0.09245
0.20978	-3.48899	0.4685	0.645	-0.001	0.116	0.161	0.24961
0.23076	-3.49112	0.45612	0.644	-0.001	0.09	0.243	0.37733
0.25174	-3.49269	0.41343	0.646	-0.001	0.073	0.276	0.42724
0.27271	-3.49272	0.35739	0.65	-0.001	0.044	0.249	0.38308
0.29369	-3.49067	0.31876	0.653	-0.001	-0.004	0.185	0.28331
0.31467	-3.4865	0.29421	0.656	-0.001	-0.053	0.12	0.18293
0.33565	-3.48062	0.28115	0.658	-0.001	-0.092	0.07	0.10638
0.35663	-3.47356	0.27007	0.659	-0.001	-0.123	0.033	0.05008
0.3776	-3.46592	0.25941	0.661	-0.001	-0.153	0.004	0.00605
0.39858	-3.45835	0.25118	0.662	-0.001	-0.187	-0.018	-0.02719
0.41956	-3.45141	0.24393	0.664	-0.001	-0.23	-0.031	-0.04669
0.44054	-3.44533	0.24424	0.665	-0.001	-0.284	-0.034	-0.05113
0.46152	-3.43983	0.25092	0.667	-0.001	-0.348	-0.026	-0.03898
0.4825	-3.43449	0.25891	0.668	-0.002	-0.414	-0.011	-0.01647
0.50347	-3.42931	0.26942	0.67	-0.002	-0.469	0.003	0.00448
0.52445	-3.42478	0.27349	0.671	-0.002	-0.509	0.014	0.02086
0.54543	-3.42151	0.27693	0.672	-0.002	-0.535	0.022	0.03274
0.56641	-3.42	0.27782	0.673	-0.001	-0.549	0.028	0.0416
0.58739	-3.42053	0.27933	0.673	0.132	-0.022	-0.04	-0.05944
0.58739	-3.42053	0.27933	0.673	0.132	-0.022	-0.04	-0.05944
0.60836	-3.41999	0.27782	0.673	0.003	0.549	-0.028	-0.0416
0.62934	-3.4215	0.27693	0.672	0.003	0.534	-0.022	-0.03274
0.65032	-3.42476	0.27349	0.671	0.003	0.508	-0.014	-0.02086
0.6713	-3.42927	0.2695	0.67	0.002	0.468	-0.003	-0.00448
0.69228	-3.43442	0.25818	0.668	0.002	0.413	0.011	0.01647
0.71325	-3.43973	0.25027	0.667	0.002	0.347	0.026	0.03898
0.73423	-3.44521	0.24409	0.665	0.001	0.283	0.034	0.05113
0.75521	-3.45128	0.24393	0.664	0.001	0.23	0.031	0.04669
0.77619	-3.45823	0.25127	0.662	0.001	0.187	0.018	0.02719
0.79717	-3.46581	0.25941	0.661	0.001	0.153	-0.004	-0.00605
0.81814	-3.47347	0.26991	0.659	0.001	0.123	-0.033	-0.05008
0.83912	-3.48053	0.28115	0.658	0.001	0.091	-0.07	-0.10638
0.8601	-3.48643	0.29441	0.656	0.001	0.052	-0.12	-0.18293
0.88108	-3.49061	0.31867	0.653	0.001	0.003	-0.185	-0.28331
0.90206	-3.49267	0.35739	0.65	0.001	-0.045	-0.249	-0.38308
0.92303	-3.49263	0.41439	0.646	0.001	-0.073	-0.276	-0.42724
0.94401	-3.49107	0.45612	0.644	0.001	-0.091	-0.243	-0.37733
0.96499	-3.48895	0.4685	0.645	0.001	-0.117	-0.161	-0.24961
0.98597	-3.48805	0.42709	0.649	0.003	-0.147	-0.059	-0.09091
1.00695	-3.49087	0.35611	0.654	0.006	-0.153	-0.008	-0.01223
1.02792	-3.4982	0.30359	0.657	0.009	-0.137	-0.041	-0.0624
1.0489	-3.50924	0.26027	0.659	0.01	-0.125	-0.082	-0.12443
1.06988	-3.52309	0.231	0.66	0.007	-0.119	-0.086	-0.1303
1.09086	-3.53818	0.22523	0.66	-0.002	-0.116	-0.05	-0.07576
1.11184	-3.55036	0.25701	0.658	-0.012	-0.021	0.087	0.13222
1.13281	-3.55598	0.2697	0.657	-0.007	0.081	0.119	0.18113
1.15379	-3.55837	0.25119	0.657	-0.003	0.107	0.111	0.16895
1.17477	-3.56052	0.19991	0.658	0.133	0.071	0.086	0.1307
							--
#	BAND	=	0	0	60		--
0	-3.56821	0.26969	0.654	-0.055	0.095	0.151	0.23089
0.02098	-3.56732	0.29296	0.657	0	0.095	0.153	0.23288
0.04196	-3.55986	0.29557	0.658	0.001	0.078	0.146	0.22188
0.06293	-3.54908	0.29868	0.659	0.001	0.062	0.157	0.23824
0.08391	-3.53608	0.29764	0.66	-0.001	0.026	0.157	0.23788
0.10489	-3.52179	0.293	0.661	-0.006	-0.083	0.103	0.15582
0.12587	-3.50966	0.29775	0.659	-0.002	-0.178	-0.071	-0.10774
0.14685	-3.50048	0.30377	0.658	0.003	-0.162	-0.086	-0.1307
0.16782	-3.49234	0.30908	0.658	0.001	-0.18	-0.072	-0.10942
0.1888	-3.48576	0.32524	0.658	-0.005	-0.198	-0.099	-0.15046
0.20978	-3.48078	0.33098	0.658	-0.007	-0.139	-0.118	-0.17933
0.23076	-3.47634	0.32758	0.659	-0.007	-0.066	-0.123	-0.18665
0.25174	-3.47209	0.32456	0.66	-0.006	-0.01	-0.122	-0.18485
0.27271	-3.46788	0.32256	0.66	-0.005	0.03	-0.12	-0.18182
0.29369	-3.46353	0.32125	0.661	-0.005	0.06	-0.115	-0.17398
0.31467	-3.45881	0.32316	0.661	-0.005	0.084	-0.109	-0.1649
0.33565	-3.45348	0.31948	0.662	-0.004	0.109	-0.098	-0.14804
0.35663	-3.44732	0.31835	0.663	-0.004	0.139	-0.085	-0.12821
0.3776	-3.44022	0.31486	0.665	-0.004	0.181	-0.07	-0.10526
0.39858	-3.43217	0.30771	0.667	-0.004	0.236	-0.055	-0.08246
0.41956	-3.42334	0.30312	0.669	-0.004	0.302	-0.043	-0.06428
0.44054	-3.41395	0.29685	0.671	-0.004	0.366	-0.034	-0.05067
0.46152	-3.40436	0.29099	0.674	-0.004	0.419	-0.029	-0.04303
0.4825	-3.39499	0.28793	0.676	-0.004	0.456	-0.027	-0.03994
0.50347	-3.38632	0.28302	0.677	-0.004	0.481	-0.026	-0.0384
0.52445	-3.37879	0.2791	0.679	-0.004	0.496	-0.025	-0.03682
0.54543	-3.37277	0.27415	0.68	-0.004	0.505	-0.025	-0.03676
0.56641	-3.36853	0.27172	0.68	-0.004	0.509	-0.024	-0.03529
0.58739	-3.36625	0.27291	0.68	-0.097	0.27	0.002	0.00294
0.58739	-3.36625	0.27291	0.68	-0.097	0.27	0.002	0.00294
0.60836	-3.36852	0.27249	0.68	0.003	-0.509	0.024	0.03529
0.62934	-3.37277	0.27415	0.68	0.003	-0.504	0.025	0.03676
0.65032	-3.37878	0.28037	0.679	0.004	-0.496	0.026	0.03829
0.6713	-3.38631	0.28379	0.677	0.004	-0.481	0.026	0.0384
0.69228	-3.39498	0.2882	0.676	0.004	-0.456	0.027	0.03994
0.71325	-3.40435	0.29235	0.674	0.004	-0.418	0.03	0.04451
0.73423	-3.41395	0.29724	0.671	0.004	-0.365	0.034	0.05067
0.75521	-3.42333	0.30312	0.669	0.004	-0.301	0.043	0.06428
0.77619	-3.43217	0.30743	0.667	0.004	-0.236	0.055	0.08246
0.79717	-3.44021	0.31482	0.665	0.004	-0.18	0.07	0.10526
0.81814	-3.44732	0.31835	0.663	0.004	-0.139	0.085	0.12821
0.83912	-3.45347	0.31948	0.662	0.004	-0.108	0.098	0.14804
0.8601	-3.4588	0.32316	0.661	0.004	-0.084	0.109	0.1649
0.88108	-3.46352	0.32125	0.661	0.005	-0.06	0.115	0.17398
0.90206	-3.46787	0.32256	0.66	0.005	-0.03	0.12	0.18182
0.92303	-3.47207	0.32456	0.66	0.006	0.01	0.122	0.18485
0.94401	-3.47633	0.328	0.659	0.007	0.066	0.122	0.18513
0.96499	-3.48077	0.33137	0.658	0.007	0.139	0.117	0.17781
0.98597	-3.48575	0.32524	0.658	0.005	0.198	0.098	0.14894
1.00695	-3.49233	0.30854	0.658	0	0.18	0.071	0.1079
1.02792	-3.50047	0.30377	0.658	-0.003	0.162	0.086	0.1307
1.0489	-3.50965	0.29817	0.659	0.002	0.178	0.071	0.10774
1.06988	-3.52178	0.293	0.661	0.006	0.083	-0.103	-0.15582
1.09086	-3.53607	0.29864	0.66	0.001	-0.026	-0.157	-0.23788
1.11184	-3.54906	0.29859	0.659	0	-0.063	-0.157	-0.23824
1.13281	-3.55983	0.29596	0.658	0	-0.078	-0.146	-0.22188
1.15379	-3.5673	0.29312	0.657	0	-0.095	-0.153	-0.23288
1.17477	-3.56821	0.26969	0.654	-0.055	0.095	0.151	0.23089
							--
#	BAND	=	0	0	61		--
0	-3.5532	0.26964	0.654	0.055	-0.095	-0.151	-0.23089
0.02098	-3.54605	0.21355	0.655	0.004	-0.09	-0.13	-0.19847
0.04196	-3.53495	0.19479	0.657	0.006	-0.086	-0.114	-0.17352
0.06293	-3.52283	0.2186	0.658	0.008	-0.063	-0.119	-0.18085
0.08391	-3.51157	0.26316	0.658	0.01	-0.027	-0.143	-0.21733
0.10489	-3.50084	0.28035	0.659	0.014	0.067	-0.122	-0.18513
0.12587	-3.48731	0.26735	0.663	0.005	0.139	0.032	0.04827
0.14685	-3.47224	0.28991	0.663	-0.007	0.094	0.068	0.10256
0.16782	-3.46388	0.39916	0.654	-0.005	0.089	0.188	0.28746
0.1888	-3.46046	0.38114	0.653	0.002	0.112	0.279	0.42726
0.20978	-3.4552	0.33197	0.656	0.005	0.084	0.257	0.39177
0.23076	-3.44909	0.31083	0.658	0.005	0.037	0.208	0.31611
0.25174	-3.44306	0.29497	0.659	0.004	-0.006	0.16	0.24279
0.27271	-3.43721	0.28326	0.66	0.004	-0.044	0.114	0.17273
0.29369	-3.43135	0.2698	0.661	0.003	-0.08	0.072	0.10893
0.31467	-3.42535	0.26098	0.662	0.003	-0.112	0.035	0.05287
0.33565	-3.41918	0.25483	0.663	0.003	-0.143	0.005	0.00754
0.35663	-3.41287	0.25042	0.664	0.003	-0.176	-0.017	-0.0256
0.3776	-3.40641	0.25032	0.666	0.003	-0.214	-0.031	-0.04655
0.39858	-3.39974	0.25479	0.668	0.003	-0.26	-0.035	-0.0524
0.41956	-3.39265	0.26349	0.669	0.003	-0.315	-0.032	-0.04783
0.44054	-3.38506	0.27235	0.671	0.003	-0.371	-0.023	-0.03428
0.46152	-3.37714	0.27962	0.673	0.003	-0.419	-0.012	-0.01783
0.4825	-3.36939	0.28091	0.675	0.003	-0.456	-0.002	-0.00296
0.50347	-3.36241	0.28025	0.676	0.003	-0.481	0.007	0.01036
0.52445	-3.35677	0.2774	0.678	0.003	-0.497	0.013	0.01917
0.54543	-3.35288	0.27581	0.679	0.004	-0.506	0.018	0.02651
0.56641	-3.35101	0.27276	0.68	0.004	-0.51	0.021	0.03088
0.58739	-3.35123	0.27364	0.68	0.097	-0.27	-0.002	-0.00294
0.58739	-3.35123	0.27364	0.68	0.097	-0.27	-0.002	-0.00294
0.60836	-3.35102	0.27283	0.68	-0.003	0.509	-0.021	-0.03088
0.62934	-3.35289	0.27581	0.679	-0.003	0.505	-0.018	-0.02651
0.65032	-3.35677	0.2774	0.678	-0.003	0.497	-0.013	-0.01917
0.6713	-3.36241	0.27971	0.676	-0.003	0.481	-0.007	-0.01036
0.69228	-3.36938	0.28015	0.675	-0.003	0.456	0.002	0.00296
0.71325	-3.37712	0.27861	0.673	-0.003	0.419	0.012	0.01783
0.73423	-3.38502	0.27186	0.671	-0.003	0.37	0.023	0.03428
0.75521	-3.3926	0.26349	0.669	-0.002	0.314	0.032	0.04783
0.77619	-3.39966	0.25437	0.668	-0.002	0.259	0.035	0.0524
0.79717	-3.40632	0.25012	0.666	-0.002	0.213	0.031	0.04655
0.81814	-3.41277	0.24934	0.664	-0.002	0.175	0.017	0.0256
0.83912	-3.41909	0.25483	0.663	-0.003	0.143	-0.005	-0.00754
0.8601	-3.42527	0.26081	0.662	-0.003	0.112	-0.035	-0.05287
0.88108	-3.43128	0.2698	0.661	-0.003	0.08	-0.071	-0.10741
0.90206	-3.43715	0.28334	0.66	-0.003	0.044	-0.114	-0.17273
0.92303	-3.44302	0.29497	0.659	-0.004	0.005	-0.16	-0.24279
0.94401	-3.44906	0.31083	0.658	-0.004	-0.038	-0.208	-0.31611
0.96499	-3.45517	0.33197	0.656	-0.004	-0.084	-0.257	-0.39177
0.98597	-3.46043	0.38114	0.653	-0.002	-0.112	-0.279	-0.42726
1.00695	-3.46388	0.3982	0.654	0.005	-0.089	-0.187	-0.28593
1.02792	-3.47226	0.28991	0.663	0.007	-0.094	-0.067	-0.10106
1.0489	-3.48733	0.26715	0.663	-0.005	-0.139	-0.032	-0.04827
1.06988	-3.50085	0.28015	0.659	-0.014	-0.067	0.122	0.18513
1.09086	-3.51157	0.26277	0.658	-0.01	0.027	0.143	0.21733
1.11184	-3.52282	0.2186	0.658	-0.008	0.063	0.119	0.18085
1.13281	-3.53494	0.19495	0.657	-0.006	0.086	0.114	0.17352
1.15379	-3.54605	0.21386	0.655	-0.004	0.09	0.13	0.19847
1.17477	-3.5532	0.26964	0.654	0.055	-0.095	-0.151	-0.23089
							--
#	BAND	=	0	0	62		--
0	-3.54652	0.38518	0.657	-0.029	0.05	0.138	0.21005
0.02098	-3.54511	0.38076	0.658	-0.003	-0.075	-0.093	-0.14134
0.04196	-3.53858	0.36746	0.658	-0.001	-0.099	-0.108	-0.16413
0.06293	-3.52768	0.32971	0.66	0.004	-0.118	-0.116	-0.17576
0.08391	-3.51336	0.27661	0.661	0.009	-0.116	-0.112	-0.16944
0.10489	-3.49752	0.25089	0.663	0.012	-0.091	-0.109	-0.1644
0.12587	-3.48214	0.25762	0.663	0.014	-0.027	-0.091	-0.13725
0.14685	-3.47025	0.34854	0.657	0.01	0.119	0.095	0.1446
0.16782	-3.46079	0.30499	0.661	-0.01	0.1	0.19	0.28744
0.1888	-3.44736	0.26222	0.666	-0.031	0.069	0.13	0.1952
0.20978	-3.43435	0.25728	0.667	-0.06	0.044	0.085	0.12744
0.23076	-3.42312	0.26516	0.667	-0.136	0.013	0.042	0.06297
0.25174	-3.41408	0.27664	0.666	-0.309	-0.014	-0.017	-0.02553
0.27271	-3.40735	0.28415	0.666	-0.113	0.03	-0.025	-0.03754
0.29369	-3.40113	0.29739	0.667	-0.063	0.085	-0.028	-0.04198
0.31467	-3.39497	0.30736	0.668	-0.04	0.14	-0.03	-0.04491
0.33565	-3.38869	0.31231	0.67	-0.027	0.187	-0.026	-0.03881
0.35663	-3.38212	0.31274	0.672	-0.019	0.229	-0.019	-0.02827
0.3776	-3.37521	0.31177	0.674	-0.014	0.266	-0.01	-0.01484
0.39858	-3.36803	0.30543	0.677	-0.01	0.3	-0.002	-0.00295
0.41956	-3.36079	0.29916	0.679	-0.008	0.329	0.005	0.00736
0.44054	-3.35375	0.29348	0.681	-0.006	0.35	0.01	0.01468
0.46152	-3.34723	0.28602	0.684	-0.005	0.363	0.014	0.02047
0.4825	-3.34149	0.27946	0.686	-0.004	0.368	0.019	0.0277
0.50347	-3.33677	0.27044	0.688	-0.003	0.365	0.024	0.03488
0.52445	-3.33309	0.26571	0.69	-0.003	0.357	0.03	0.04348
0.54543	-3.33038	0.2644	0.692	-0.002	0.348	0.035	0.05058
0.56641	-3.32843	0.26154	0.692	-0.002	0.34	0.039	0.05636
0.58739	-3.32708	0.25928	0.693	-0.066	0.088	0.085	0.12266
0.58739	-3.32708	0.25928	0.693	-0.066	0.088	0.085	0.12266
0.60836	-3.32842	0.26154	0.692	0.001	-0.342	-0.038	-0.05491
0.62934	-3.33036	0.2644	0.692	0.002	-0.349	-0.034	-0.04913
0.65032	-3.33308	0.26582	0.69	0.002	-0.358	-0.029	-0.04203
0.6713	-3.33675	0.27044	0.688	0.003	-0.365	-0.024	-0.03488
0.69228	-3.34147	0.27946	0.686	0.004	-0.368	-0.019	-0.0277
0.71325	-3.3472	0.2863	0.684	0.005	-0.364	-0.014	-0.02047
0.73423	-3.35373	0.29402	0.681	0.006	-0.351	-0.01	-0.01468
0.75521	-3.36076	0.29916	0.679	0.007	-0.329	-0.005	-0.00736
0.77619	-3.36801	0.30543	0.677	0.01	-0.3	0.002	0.00295
0.79717	-3.37518	0.31115	0.674	0.013	-0.266	0.01	0.01484
0.81814	-3.38209	0.31274	0.672	0.018	-0.228	0.019	0.02827
0.83912	-3.38865	0.3139	0.67	0.026	-0.187	0.027	0.0403
0.8601	-3.39493	0.30635	0.668	0.039	-0.14	0.03	0.04491
0.88108	-3.40107	0.29739	0.667	0.062	-0.085	0.029	0.04348
0.90206	-3.40729	0.28587	0.666	0.112	-0.031	0.026	0.03904
0.92303	-3.41403	0.2756	0.666	0.313	0.014	0.017	0.02553
0.94401	-3.42311	0.26432	0.667	0.13	-0.013	-0.043	-0.06447
0.96499	-3.43435	0.25728	0.667	0.058	-0.044	-0.086	-0.12894
0.98597	-3.44737	0.26222	0.666	0.03	-0.069	-0.131	-0.1967
1.00695	-3.4608	0.30422	0.661	0.009	-0.1	-0.19	-0.28744
1.02792	-3.47025	0.3481	0.657	-0.01	-0.12	-0.095	-0.1446
1.0489	-3.48213	0.25762	0.663	-0.013	0.027	0.091	0.13725
1.06988	-3.49752	0.25089	0.663	-0.012	0.091	0.109	0.1644
1.09086	-3.51336	0.27616	0.661	-0.009	0.116	0.112	0.16944
1.11184	-3.5277	0.3301	0.66	-0.004	0.118	0.116	0.17576
1.13281	-3.5386	0.36776	0.658	0	0.099	0.108	0.16413
1.15379	-3.54513	0.38076	0.658	0.002	0.075	0.094	0.14286
1.17477	-3.54652	0.38518	0.657	-0.029	0.05	0.138	0.21005
							--
#	BAND	=	0	0	63		--
0	-3.53149	0.38518	0.657	0.029	-0.05	-0.138	-0.21005
0.02098	-3.52756	0.3834	0.657	0.002	0.049	0.088	0.13394
0.04196	-3.51892	0.37855	0.658	-0.001	0.053	0.092	0.13982
0.06293	-3.50666	0.37149	0.66	-0.005	0.059	0.091	0.13788
0.08391	-3.49192	0.36657	0.662	-0.008	0.064	0.085	0.1284
0.10489	-3.47588	0.36108	0.664	-0.007	0.06	0.074	0.11145
0.12587	-3.4601	0.36435	0.665	-0.001	0.006	0.06	0.09023
0.14685	-3.44812	0.33089	0.664	0.007	-0.191	0.02	0.03012
0.16782	-3.43638	0.27104	0.666	0.019	-0.164	-0.069	-0.1036
0.1888	-3.42487	0.26736	0.667	0.033	-0.116	-0.072	-0.10795
0.20978	-3.41473	0.27278	0.667	0.06	-0.078	-0.055	-0.08246
0.23076	-3.40606	0.2736	0.666	0.135	-0.043	-0.034	-0.05105
0.25174	-3.39823	0.26982	0.667	0.308	-0.022	0.002	0.003
0.27271	-3.39022	0.26969	0.667	0.112	-0.076	-0.012	-0.01799
0.29369	-3.38273	0.27021	0.667	0.062	-0.136	-0.025	-0.03748
0.31467	-3.37536	0.26814	0.668	0.039	-0.192	-0.032	-0.0479
0.33565	-3.36785	0.27113	0.669	0.026	-0.235	-0.035	-0.05232
0.35663	-3.36016	0.27533	0.671	0.018	-0.269	-0.036	-0.05365
0.3776	-3.35234	0.28088	0.673	0.013	-0.299	-0.034	-0.05052
0.39858	-3.34449	0.28489	0.675	0.01	-0.327	-0.031	-0.04593
0.41956	-3.33677	0.28322	0.678	0.007	-0.35	-0.027	-0.03982
0.44054	-3.32945	0.2812	0.68	0.006	-0.368	-0.023	-0.03382
0.46152	-3.3229	0.27309	0.682	0.005	-0.376	-0.021	-0.03079
0.4825	-3.31757	0.26427	0.685	0.004	-0.374	-0.021	-0.03066
0.50347	-3.31383	0.25554	0.687	0.003	-0.364	-0.024	-0.03493
0.52445	-3.31175	0.25188	0.69	0.003	-0.351	-0.029	-0.04203
0.54543	-3.31104	0.25326	0.692	0.002	-0.34	-0.034	-0.04913
0.56641	-3.31125	0.25437	0.692	0.002	-0.335	-0.038	-0.05491
0.58739	-3.31207	0.25928	0.693	0.066	-0.088	-0.085	-0.12266
0.58739	-3.31207	0.25928	0.693	0.066	-0.088	-0.085	-0.12266
0.60836	-3.31126	0.25533	0.692	-0.001	0.337	0.038	0.05491
0.62934	-3.31105	0.25326	0.692	-0.002	0.341	0.034	0.04913
0.65032	-3.31176	0.25249	0.69	-0.002	0.351	0.028	0.04058
0.6713	-3.31384	0.25554	0.687	-0.003	0.365	0.024	0.03493
0.69228	-3.31757	0.26427	0.685	-0.004	0.375	0.021	0.03066
0.71325	-3.3229	0.27269	0.682	-0.004	0.376	0.021	0.03079
0.73423	-3.32944	0.2812	0.68	-0.006	0.368	0.023	0.03382
0.75521	-3.33676	0.28322	0.678	-0.007	0.35	0.027	0.03982
0.77619	-3.34447	0.28489	0.675	-0.009	0.326	0.031	0.04593
0.79717	-3.35231	0.28116	0.673	-0.013	0.299	0.034	0.05052
0.81814	-3.36013	0.27577	0.671	-0.018	0.269	0.036	0.05365
0.83912	-3.36781	0.27113	0.669	-0.025	0.234	0.035	0.05232
0.8601	-3.37532	0.26765	0.668	-0.038	0.192	0.032	0.0479
0.88108	-3.3827	0.26876	0.667	-0.061	0.137	0.025	0.03748
0.90206	-3.3902	0.26914	0.667	-0.111	0.076	0.011	0.01649
0.92303	-3.39821	0.26917	0.667	-0.312	0.022	-0.002	-0.003
0.94401	-3.40602	0.27455	0.666	-0.129	0.043	0.035	0.05255
0.96499	-3.41468	0.2727	0.667	-0.058	0.078	0.056	0.08396
0.98597	-3.42483	0.26727	0.667	-0.032	0.116	0.072	0.10795
1.00695	-3.43634	0.27043	0.666	-0.019	0.164	0.069	0.1036
1.02792	-3.4481	0.33039	0.664	-0.007	0.191	-0.019	-0.02861
1.0489	-3.46008	0.36442	0.665	0.001	-0.005	-0.06	-0.09023
1.06988	-3.47586	0.36108	0.664	0.007	-0.06	-0.074	-0.11145
1.09086	-3.4919	0.36657	0.662	0.008	-0.064	-0.085	-0.1284
1.11184	-3.50663	0.37149	0.66	0.006	-0.059	-0.091	-0.13788
1.13281	-3.5189	0.37855	0.658	0.002	-0.053	-0.092	-0.13982
1.15379	-3.52754	0.3834	0.657	-0.001	-0.049	-0.089	-0.13546
1.17477	-3.53149	0.38518	0.657	0.029	-0.05	-0.138	-0.21005
							--
#	BAND	=	0	0	64		--
0	-3.50177	0.46482	0.655	0.008	-0.01	0.165	0.25191
0.02098	-3.5025	0.45955	0.655	0.003	0.012	-0.165	-0.25191
0.04196	-3.49961	0.45298	0.655	0.003	0.013	-0.157	-0.23969
0.06293	-3.49377	0.44976	0.656	0.002	0.005	-0.141	-0.21494
0.08391	-3.48538	0.44144	0.658	0.001	-0.009	-0.111	-0.16869
0.10489	-3.47486	0.43261	0.66	0	-0.02	-0.054	-0.08182
0.12587	-3.46374	0.43414	0.658	-0.004	0.006	0.075	0.11398
0.14685	-3.45187	0.38396	0.661	-0.001	0.101	0.133	0.20121
0.16782	-3.43607	0.34865	0.667	0.004	0.102	0.086	0.12894
0.1888	-3.41957	0.33107	0.67	0.006	0.07	0.058	0.08657
0.20978	-3.40361	0.3173	0.672	0.006	0.028	0.039	0.05804
0.23076	-3.38886	0.31025	0.674	0.006	-0.018	0.025	0.03709
0.25174	-3.37564	0.30626	0.674	0.005	-0.064	0.013	0.01929
0.27271	-3.36389	0.30688	0.675	0.005	-0.107	0.002	0.00296
0.29369	-3.35328	0.30771	0.676	0.007	-0.153	-0.012	-0.01775
0.31467	-3.34376	0.30713	0.678	0.012	-0.225	-0.029	-0.04277
0.33565	-3.33587	0.31455	0.68	0.014	-0.175	-0.021	-0.03088
0.35663	-3.32943	0.31954	0.682	0.011	-0.075	0.004	0.00587
0.3776	-3.32384	0.31993	0.684	0.01	-0.031	0.023	0.03363
0.39858	-3.31903	0.32186	0.686	0.01	-0.012	0.04	0.05831
0.41956	-3.31502	0.32293	0.688	0.01	-0.014	0.055	0.07994
0.44054	-3.31179	0.3218	0.69	0.01	-0.038	0.068	0.09855
0.46152	-3.30927	0.3289	0.691	0.01	-0.087	0.076	0.10999
0.4825	-3.30723	0.34031	0.692	0.009	-0.154	0.078	0.11272
0.50347	-3.30541	0.34952	0.693	0.007	-0.223	0.075	0.10823
0.52445	-3.30364	0.35837	0.693	0.005	-0.278	0.069	0.09957
0.54543	-3.30199	0.36565	0.693	0.003	-0.311	0.065	0.0938
0.56641	-3.30072	0.36687	0.693	0.001	-0.33	0.062	0.08947
0.58739	-3.30002	0.37178	0.693	-0.06	0.011	-0.088	-0.12698
0.58739	-3.30002	0.37178	0.693	-0.06	0.011	-0.088	-0.12698
0.60836	-3.30074	0.36775	0.693	-0.005	0.316	-0.066	-0.09524
0.62934	-3.30201	0.36502	0.693	-0.005	0.304	-0.067	-0.09668
0.65032	-3.30365	0.35888	0.693	-0.006	0.273	-0.07	-0.10101
0.6713	-3.30543	0.34975	0.693	-0.008	0.22	-0.075	-0.10823
0.69228	-3.30724	0.34031	0.692	-0.009	0.152	-0.079	-0.11416
0.71325	-3.30928	0.3289	0.691	-0.01	0.085	-0.077	-0.11143
0.73423	-3.3118	0.32114	0.69	-0.011	0.037	-0.068	-0.09855
0.75521	-3.31502	0.32239	0.688	-0.011	0.013	-0.055	-0.07994
0.77619	-3.31903	0.32143	0.686	-0.01	0.012	-0.04	-0.05831
0.79717	-3.32384	0.31993	0.684	-0.01	0.03	-0.023	-0.03363
0.81814	-3.32942	0.31954	0.682	-0.011	0.074	-0.004	-0.00587
0.83912	-3.33586	0.31343	0.68	-0.014	0.173	0.02	0.02941
0.8601	-3.34373	0.30632	0.678	-0.012	0.225	0.029	0.04277
0.88108	-3.35325	0.30783	0.676	-0.007	0.154	0.012	0.01775
0.90206	-3.36386	0.30688	0.675	-0.006	0.107	-0.002	-0.00296
0.92303	-3.37562	0.30703	0.674	-0.006	0.064	-0.013	-0.01929
0.94401	-3.38884	0.31021	0.674	-0.006	0.018	-0.025	-0.03709
0.96499	-3.4036	0.3173	0.672	-0.007	-0.028	-0.039	-0.05804
0.98597	-3.41955	0.33129	0.67	-0.006	-0.07	-0.059	-0.08806
1.00695	-3.43605	0.34908	0.667	-0.004	-0.102	-0.086	-0.12894
1.02792	-3.45186	0.38396	0.661	0.001	-0.101	-0.133	-0.20121
1.0489	-3.46376	0.43414	0.658	0.004	-0.006	-0.075	-0.11398
1.06988	-3.47488	0.43261	0.66	0	0.02	0.054	0.08182
1.09086	-3.48541	0.44144	0.658	-0.001	0.009	0.111	0.16869
1.11184	-3.4938	0.44976	0.656	-0.002	-0.005	0.141	0.21494
1.13281	-3.49965	0.45298	0.655	-0.002	-0.013	0.157	0.23969
1.15379	-3.50254	0.46016	0.655	-0.003	-0.012	0.165	0.25191
1.17477	-3.50177	0.46482	0.655	0.008	-0.01	0.165	0.25191
							--
#	BAND	=	0	0	65		--
0	-3.48672	0.46482	0.655	-0.008	0.01	-0.165	-0.25191
0.02098	-3.48186	0.46615	0.655	-0.003	0.015	0.164	0.25038
0.04196	-3.473	0.46883	0.656	-0.002	0.033	0.154	0.23476
0.06293	-3.46082	0.46745	0.657	-0.001	0.049	0.14	0.21309
0.08391	-3.44613	0.46564	0.659	-0.001	0.062	0.128	0.19423
0.10489	-3.43024	0.48818	0.655	-0.005	0.067	0.189	0.28855
0.12587	-3.42993	0.50578	0.653	0.001	-0.067	0.167	0.25574
0.14685	-3.42226	0.41752	0.664	-0.001	-0.109	0.012	0.01807
0.16782	-3.40809	0.37662	0.669	-0.004	-0.114	-0.029	-0.04335
0.1888	-3.39278	0.35641	0.672	-0.005	-0.101	-0.032	-0.04762
0.20978	-3.37821	0.34622	0.673	-0.005	-0.077	-0.029	-0.04309
0.23076	-3.36515	0.33972	0.674	-0.005	-0.044	-0.023	-0.03412
0.25174	-3.35372	0.33753	0.674	-0.005	-0.005	-0.019	-0.02819
0.27271	-3.34374	0.3347	0.675	-0.005	0.035	-0.014	-0.02074
0.29369	-3.33491	0.33648	0.676	-0.006	0.087	-0.005	-0.0074
0.31467	-3.32691	0.33995	0.677	-0.011	0.168	0.013	0.0192
0.33565	-3.31906	0.33257	0.679	-0.013	0.13	0.008	0.01178
0.35663	-3.31153	0.327	0.681	-0.01	0.041	-0.013	-0.01909
0.3776	-3.30495	0.32311	0.684	-0.009	0.005	-0.028	-0.04094
0.39858	-3.29951	0.32262	0.686	-0.009	-0.004	-0.041	-0.05977
0.41956	-3.29523	0.32471	0.688	-0.009	0.006	-0.055	-0.07994
0.44054	-3.29208	0.32837	0.69	-0.01	0.037	-0.067	-0.0971
0.46152	-3.28988	0.33893	0.691	-0.009	0.09	-0.076	-0.10999
0.4825	-3.28832	0.35154	0.692	-0.008	0.157	-0.08	-0.11561
0.50347	-3.2871	0.35986	0.693	-0.007	0.223	-0.077	-0.11111
0.52445	-3.28608	0.36678	0.693	-0.005	0.274	-0.071	-0.10245
0.54543	-3.28529	0.37051	0.693	-0.003	0.306	-0.066	-0.09524
0.56641	-3.28489	0.37302	0.693	-0.001	0.327	-0.062	-0.08947
0.58739	-3.28498	0.37178	0.693	0.06	-0.011	0.088	0.12698
0.58739	-3.28498	0.37178	0.693	0.06	-0.011	0.088	0.12698
0.60836	-3.28487	0.37319	0.693	0.005	-0.313	0.066	0.09524
0.62934	-3.28527	0.37013	0.693	0.005	-0.299	0.068	0.09812
0.65032	-3.28606	0.36705	0.693	0.006	-0.269	0.072	0.1039
0.6713	-3.28708	0.36025	0.693	0.008	-0.22	0.077	0.11111
0.69228	-3.28829	0.35154	0.692	0.009	-0.155	0.08	0.11561
0.71325	-3.28986	0.33893	0.691	0.01	-0.088	0.076	0.10999
0.73423	-3.29206	0.32837	0.69	0.01	-0.036	0.067	0.0971
0.75521	-3.29522	0.32471	0.688	0.01	-0.005	0.055	0.07994
0.77619	-3.29949	0.32212	0.686	0.009	0.005	0.041	0.05977
0.79717	-3.30493	0.32311	0.684	0.009	-0.005	0.028	0.04094
0.81814	-3.3115	0.3272	0.681	0.01	-0.04	0.013	0.01909
0.83912	-3.31903	0.33157	0.679	0.013	-0.128	-0.007	-0.01031
0.8601	-3.32689	0.33972	0.677	0.011	-0.169	-0.013	-0.0192
0.88108	-3.3349	0.33655	0.676	0.006	-0.088	0.004	0.00592
0.90206	-3.34373	0.3347	0.675	0.005	-0.036	0.014	0.02074
0.92303	-3.35371	0.33664	0.674	0.005	0.005	0.019	0.02819
0.94401	-3.36514	0.33972	0.674	0.005	0.043	0.024	0.03561
0.96499	-3.37821	0.3465	0.673	0.005	0.077	0.029	0.04309
0.98597	-3.39278	0.35598	0.672	0.005	0.101	0.032	0.04762
1.00695	-3.40809	0.37586	0.669	0.004	0.114	0.028	0.04185
1.02792	-3.42226	0.41779	0.664	0.001	0.109	-0.013	-0.01958
1.0489	-3.42995	0.50578	0.653	-0.001	0.067	-0.168	-0.25727
1.06988	-3.43025	0.48998	0.654	0.006	-0.066	-0.191	-0.29205
1.09086	-3.44611	0.46564	0.659	0.001	-0.062	-0.128	-0.19423
1.11184	-3.46079	0.46745	0.657	0.001	-0.049	-0.14	-0.21309
1.13281	-3.47297	0.46883	0.656	0.002	-0.033	-0.154	-0.23476
1.15379	-3.48183	0.46615	0.655	0.002	-0.015	-0.164	-0.25038
1.17477	-3.48672	0.46482	0.655	-0.008	0.01	-0.165	-0.25191
							--
#	BAND	=	0	0	66		--
0	-3.43047	0.54199	0.654	-0.215	0.043	-0.028	-0.04281
0.02098	-3.43687	0.54073	0.654	0	0.006	-0.052	-0.07951
0.04196	-3.43986	0.54064	0.654	0.001	0.008	-0.008	-0.01223
0.06293	-3.44033	0.54463	0.654	0.001	0.006	0.059	0.09021
0.08391	-3.44082	0.55339	0.652	0.002	-0.004	0.148	0.22699
0.10489	-3.44299	0.52757	0.656	0.006	-0.023	0.136	0.20732
0.12587	-3.42737	0.46086	0.664	0.001	0.075	0.086	0.12952
0.14685	-3.40977	0.45503	0.666	0.001	0.081	0.074	0.11111
0.16782	-3.39234	0.4495	0.668	0.001	0.082	0.06	0.08982
0.1888	-3.37553	0.44559	0.67	0.001	0.076	0.043	0.06418
0.20978	-3.35977	0.43824	0.672	0.001	0.055	0.021	0.03125
0.23076	-3.34549	0.43509	0.674	0.002	0.009	-0.004	-0.00593
0.25174	-3.33286	0.42727	0.676	0.002	-0.053	-0.027	-0.03994
0.27271	-3.32176	0.42092	0.677	0.002	-0.111	-0.038	-0.05613
0.29369	-3.31195	0.41603	0.679	0.002	-0.155	-0.039	-0.05744
0.31467	-3.30335	0.41101	0.681	0.001	-0.188	-0.035	-0.0514
0.33565	-3.29595	0.41204	0.683	0.001	-0.214	-0.029	-0.04246
0.35663	-3.28972	0.41207	0.685	0.001	-0.236	-0.024	-0.03504
0.3776	-3.28454	0.41568	0.686	0.001	-0.258	-0.019	-0.0277
0.39858	-3.28023	0.42409	0.687	0.001	-0.28	-0.015	-0.02183
0.41956	-3.27654	0.43366	0.688	0.001	-0.303	-0.011	-0.01599
0.44054	-3.27318	0.44253	0.689	0.001	-0.327	-0.007	-0.01016
0.46152	-3.26992	0.45248	0.689	0.001	-0.349	-0.003	-0.00435
0.4825	-3.26663	0.45975	0.69	0.001	-0.369	0.001	0.00145
0.50347	-3.26334	0.46462	0.69	0.001	-0.386	0.004	0.0058
0.52445	-3.26016	0.47107	0.69	0.001	-0.4	0.007	0.01014
0.54543	-3.25727	0.47502	0.69	0.001	-0.41	0.009	0.01304
0.56641	-3.25485	0.47798	0.69	0.001	-0.417	0.011	0.01594
0.58739	-3.25309	0.4793	0.69	0.008	-0.236	-0.05	-0.07246
0.58739	-3.25309	0.4793	0.69	0.008	-0.236	-0.05	-0.07246
0.60836	-3.25483	0.47798	0.69	-0.001	0.415	-0.013	-0.01884
0.62934	-3.25725	0.47386	0.69	-0.001	0.409	-0.011	-0.01594
0.65032	-3.26014	0.47107	0.69	-0.001	0.399	-0.008	-0.01159
0.6713	-3.26332	0.46551	0.69	-0.001	0.385	-0.005	-0.00725
0.69228	-3.26662	0.45975	0.69	-0.001	0.368	-0.002	-0.0029
0.71325	-3.26991	0.45248	0.689	-0.001	0.348	0.002	0.0029
0.73423	-3.27318	0.44326	0.689	-0.001	0.326	0.006	0.00871
0.75521	-3.27654	0.43504	0.688	0	0.303	0.01	0.01453
0.77619	-3.28023	0.42359	0.687	0	0.28	0.014	0.02038
0.79717	-3.28453	0.41568	0.686	-0.001	0.258	0.019	0.0277
0.81814	-3.28971	0.41207	0.685	-0.001	0.236	0.024	0.03504
0.83912	-3.29595	0.4112	0.683	-0.001	0.214	0.029	0.04246
0.8601	-3.30334	0.4119	0.681	-0.001	0.189	0.034	0.04993
0.88108	-3.31193	0.41571	0.679	-0.001	0.156	0.039	0.05744
0.90206	-3.32173	0.4198	0.677	-0.001	0.111	0.038	0.05613
0.92303	-3.33282	0.42727	0.675	-0.001	0.053	0.027	0.04
0.94401	-3.34544	0.43524	0.674	0	-0.009	0.005	0.00742
0.96499	-3.35972	0.43824	0.672	0	-0.054	-0.021	-0.03125
0.98597	-3.37548	0.44559	0.67	0	-0.076	-0.043	-0.06418
1.00695	-3.39229	0.44896	0.668	0	-0.082	-0.06	-0.08982
1.02792	-3.40973	0.45575	0.666	0	-0.081	-0.074	-0.11111
1.0489	-3.42734	0.46086	0.664	-0.001	-0.074	-0.085	-0.12801
1.06988	-3.443	0.52743	0.656	-0.007	0.022	-0.132	-0.20122
1.09086	-3.44087	0.55262	0.652	-0.002	0.004	-0.148	-0.22699
1.11184	-3.44035	0.54294	0.654	-0.001	-0.006	-0.059	-0.09021
1.13281	-3.43987	0.53991	0.654	-0.001	-0.008	0.008	0.01223
1.15379	-3.43688	0.54161	0.654	0	-0.006	0.052	0.07951
1.17477	-3.43047	0.54199	0.654	-0.215	0.043	-0.028	-0.04281
							--
#	BAND	=	0	0	67		--
0	-3.41546	0.54272	0.654	0.215	-0.042	0.027	0.04128
0.02098	-3.40597	0.54457	0.654	0	0.015	0.097	0.14832
0.04196	-3.39477	0.54515	0.653	-0.001	0.029	0.11	0.16845
0.06293	-3.3876	0.5553	0.65	-0.002	-0.005	0.094	0.14462
0.08391	-3.38821	0.54892	0.652	-0.002	-0.054	0.017	0.02607
0.10489	-3.38518	0.52928	0.656	-0.002	-0.062	-0.039	-0.05945
0.12587	-3.37721	0.51512	0.66	-0.002	-0.062	-0.061	-0.09242
0.14685	-3.36652	0.50561	0.663	-0.002	-0.062	-0.068	-0.10256
0.16782	-3.35467	0.49542	0.665	-0.001	-0.062	-0.071	-0.10677
0.1888	-3.34247	0.48647	0.668	-0.001	-0.057	-0.069	-0.10329
0.20978	-3.33028	0.47746	0.67	-0.001	-0.04	-0.059	-0.08806
0.23076	-3.3182	0.46625	0.672	-0.001	0	-0.039	-0.05804
0.25174	-3.30634	0.44443	0.673	-0.001	0.052	-0.013	-0.01932
0.27271	-3.29493	0.44048	0.675	-0.002	0.106	0.004	0.00593
0.29369	-3.28434	0.44258	0.678	-0.002	0.152	0.012	0.0177
0.31467	-3.27497	0.44081	0.68	-0.001	0.186	0.015	0.02206
0.33565	-3.26692	0.44231	0.682	-0.001	0.214	0.015	0.02199
0.35663	-3.26018	0.44363	0.683	-0.001	0.24	0.014	0.0205
0.3776	-3.25466	0.4489	0.685	-0.001	0.265	0.011	0.01606
0.39858	-3.25021	0.45542	0.686	-0.001	0.29	0.007	0.0102
0.41956	-3.24664	0.46015	0.687	-0.001	0.314	0.004	0.00582
0.44054	-3.24376	0.46468	0.687	-0.001	0.338	0	0
0.46152	-3.24141	0.4687	0.688	-0.001	0.359	-0.003	-0.00436
0.4825	-3.23951	0.47323	0.689	-0.001	0.377	-0.006	-0.00871
0.50347	-3.23804	0.476	0.689	-0.001	0.393	-0.009	-0.01306
0.52445	-3.23707	0.47998	0.69	-0.001	0.405	-0.01	-0.01449
0.54543	-3.23669	0.48139	0.69	-0.001	0.413	-0.012	-0.01739
0.56641	-3.23699	0.4797	0.69	-0.001	0.419	-0.012	-0.01739
0.58739	-3.23803	0.4793	0.69	-0.008	0.236	0.05	0.07246
0.58739	-3.23803	0.4793	0.69	-0.008	0.236	0.05	0.07246
0.60836	-3.23702	0.4797	0.69	0.001	-0.417	0.014	0.02029
0.62934	-3.23671	0.482	0.69	0.001	-0.412	0.013	0.01884
0.65032	-3.23709	0.47998	0.69	0.001	-0.404	0.011	0.01594
0.6713	-3.23806	0.476	0.689	0.001	-0.392	0.009	0.01306
0.69228	-3.23953	0.47246	0.689	0.001	-0.377	0.007	0.01016
0.71325	-3.24143	0.46924	0.688	0.001	-0.358	0.004	0.00581
0.73423	-3.24377	0.46519	0.687	0	-0.337	0	0
0.75521	-3.24664	0.45926	0.687	0.001	-0.314	-0.003	-0.00437
0.77619	-3.25021	0.45542	0.686	0.001	-0.29	-0.007	-0.0102
0.79717	-3.25466	0.4489	0.685	0.001	-0.265	-0.011	-0.01606
0.81814	-3.26018	0.44402	0.683	0.001	-0.24	-0.013	-0.01903
0.83912	-3.26692	0.44208	0.682	0.001	-0.214	-0.015	-0.02199
0.8601	-3.27497	0.44081	0.68	0.001	-0.186	-0.015	-0.02206
0.88108	-3.28435	0.44181	0.678	0.001	-0.153	-0.012	-0.0177
0.90206	-3.29493	0.44326	0.676	0.001	-0.108	-0.004	-0.00592
0.92303	-3.30636	0.44864	0.673	0	-0.054	0.013	0.01932
0.94401	-3.31823	0.46687	0.672	0	0	0.039	0.05804
0.96499	-3.33031	0.47923	0.67	0	0.039	0.059	0.08806
0.98597	-3.34248	0.48647	0.668	0	0.057	0.069	0.10329
1.00695	-3.35467	0.49542	0.665	0.001	0.061	0.071	0.10677
1.02792	-3.3665	0.50496	0.663	0.001	0.062	0.068	0.10256
1.0489	-3.37717	0.51512	0.66	0.001	0.062	0.061	0.09242
1.06988	-3.38514	0.52928	0.656	0.002	0.062	0.039	0.05945
1.09086	-3.3882	0.54804	0.652	0.002	0.053	-0.017	-0.02607
1.11184	-3.38765	0.55434	0.65	0.002	0.005	-0.094	-0.14462
1.13281	-3.39479	0.54523	0.653	0.001	-0.029	-0.11	-0.16845
1.15379	-3.40597	0.54376	0.654	0.001	-0.015	-0.097	-0.14832
1.17477	-3.41546	0.54272	0.654	0.215	-0.042	0.027	0.04128
							--
#	BAND	=	0	0	68		--
0	-3.35848	0.59704	0.651	-0.137	0.04	-0.008	-0.01229
0.02098	-3.37144	0.5954	0.65	0	-0.057	0.081	0.12462
0.04196	-3.38233	0.59107	0.65	0	-0.069	0.07	0.10769
0.06293	-3.38463	0.57417	0.655	0.001	-0.032	0.062	0.09466
0.08391	-3.37279	0.56128	0.658	0.001	0.024	0.083	0.12614
0.10489	-3.35678	0.55736	0.659	0.001	0.046	0.089	0.13505
0.12587	-3.33989	0.55517	0.661	0.001	0.056	0.089	0.13464
0.14685	-3.32306	0.55303	0.662	0.001	0.058	0.083	0.12538
0.16782	-3.31822	0.04336	0.63	0.003	-0.188	0.227	0.36032
0.1888	-3.3256	0.04474	0.63	0.003	-0.204	0.181	0.2873
0.20978	-3.32871	0.04693	0.632	0.003	-0.218	0.127	0.20095
0.23076	-3.3266	0.0508	0.634	0.003	-0.224	0.07	0.11041
0.25174	-3.31891	0.06511	0.639	0.003	-0.22	0.016	0.02504
0.27271	-3.30619	0.06552	0.641	0.003	-0.219	-0.027	-0.04212
0.29369	-3.28905	0.05603	0.642	0.003	-0.224	-0.064	-0.09969
0.31467	-3.26762	0.05333	0.642	0.003	-0.23	-0.098	-0.15265
0.33565	-3.24186	0.0498	0.642	0.003	-0.237	-0.131	-0.20405
0.35663	-3.22074	0.54847	0.677	0	-0.286	-0.035	-0.0517
0.3776	-3.21414	0.54806	0.678	0	-0.31	-0.029	-0.04277
0.39858	-3.20769	0.554	0.679	0	-0.334	-0.024	-0.03535
0.41956	-3.20123	0.55623	0.68	0	-0.356	-0.018	-0.02647
0.44054	-3.19464	0.56402	0.68	0	-0.377	-0.013	-0.01912
0.46152	-3.18793	0.56648	0.681	0	-0.394	-0.008	-0.01175
0.4825	-3.1812	0.57134	0.681	0	-0.409	-0.003	-0.00441
0.50347	-3.17464	0.57193	0.682	0	-0.421	0	0
0.52445	-3.1685	0.57283	0.682	0	-0.429	0.003	0.0044
0.54543	-3.16304	0.57489	0.682	0.001	-0.435	0.004	0.00587
0.56641	-3.15848	0.57792	0.682	0.001	-0.437	0.004	0.00587
0.58739	-3.15502	0.57565	0.682	0.1	-0.168	0.008	0.01173
0.58739	-3.15502	0.57565	0.682	0.1	-0.168	0.008	0.01173
0.60836	-3.15845	0.57792	0.682	0.001	0.437	-0.004	-0.00587
0.62934	-3.16301	0.57489	0.682	0	0.434	-0.004	-0.00587
0.65032	-3.16846	0.57283	0.682	0	0.429	-0.003	-0.0044
0.6713	-3.17459	0.57193	0.682	0	0.421	0	0
0.69228	-3.18114	0.57134	0.681	0	0.409	0.003	0.00441
0.71325	-3.18787	0.56648	0.681	0	0.394	0.008	0.01175
0.73423	-3.19458	0.56317	0.68	0	0.377	0.013	0.01912
0.75521	-3.20116	0.55623	0.68	0	0.356	0.018	0.02647
0.77619	-3.20763	0.554	0.679	0	0.334	0.024	0.03535
0.79717	-3.21407	0.55005	0.678	0	0.311	0.029	0.04277
0.81814	-3.22067	0.54847	0.677	0	0.286	0.035	0.0517
0.83912	-3.24137	0.0498	0.641	-0.003	0.237	0.132	0.20593
0.8601	-3.26716	0.0531	0.642	-0.003	0.23	0.099	0.15421
0.88108	-3.28863	0.05607	0.642	-0.003	0.224	0.064	0.09969
0.90206	-3.3058	0.06339	0.641	-0.003	0.22	0.027	0.04212
0.92303	-3.31854	0.06321	0.638	-0.003	0.222	-0.016	-0.02508
0.94401	-3.32624	0.0508	0.634	-0.004	0.224	-0.07	-0.11041
0.96499	-3.32835	0.0465	0.632	-0.004	0.217	-0.126	-0.19937
0.98597	-3.32527	0.04469	0.63	-0.004	0.204	-0.18	-0.28571
1.00695	-3.31791	0.04336	0.63	-0.004	0.188	-0.226	-0.35873
1.02792	-3.32299	0.55303	0.662	0	-0.058	-0.083	-0.12538
1.0489	-3.33981	0.55517	0.661	0	-0.056	-0.089	-0.13464
1.06988	-3.35669	0.55594	0.659	0	-0.045	-0.089	-0.13505
1.09086	-3.37269	0.56128	0.658	0	-0.024	-0.083	-0.12614
1.11184	-3.38451	0.57332	0.655	0	0.032	-0.062	-0.09466
1.13281	-3.38226	0.59095	0.651	0	0.07	-0.07	-0.10753
1.15379	-3.37141	0.59444	0.65	0	0.057	-0.081	-0.12462
1.17477	-3.35848	0.59704	0.651	-0.137	0.04	-0.008	-0.01229
							--
#	BAND	=	0	0	69		--
0	-3.34337	0.59728	0.651	0.137	-0.04	0.008	0.01229
0.02098	-3.3299	0.5958	0.652	0.001	0.025	-0.077	-0.1181
0.04196	-3.3166	0.59433	0.654	0	0.009	-0.077	-0.11774
0.06293	-3.30402	0.59327	0.655	0	-0.006	-0.083	-0.12672
0.08391	-3.29249	0.59257	0.656	0	-0.018	-0.098	-0.14939
0.10489	-3.28222	0.58848	0.657	0	-0.026	-0.121	-0.18417
0.12587	-3.27961	0.04121	0.631	0.003	-0.158	0.297	0.47068
0.14685	-3.29259	0.04325	0.63	0.003	-0.172	0.265	0.42063
0.16782	-3.29191	0.55193	0.664	0.001	0.048	0.07	0.10542
0.1888	-3.2771	0.55289	0.665	0.002	0.018	0.044	0.06617
0.20978	-3.26431	0.55172	0.666	0.002	-0.038	0.002	0.003
0.23076	-3.25368	0.5509	0.667	0.002	-0.101	-0.038	-0.05697
0.25174	-3.24445	0.55178	0.668	0.001	-0.149	-0.057	-0.08533
0.27271	-3.2359	0.54801	0.67	0.001	-0.184	-0.059	-0.08806
0.29369	-3.22773	0.54489	0.672	0.001	-0.212	-0.053	-0.07887
0.31467	-3.21995	0.54439	0.674	0.001	-0.237	-0.047	-0.06973
0.33565	-3.21262	0.54596	0.676	0	-0.262	-0.04	-0.05917
0.35663	-3.19668	0.04689	0.641	0.003	-0.24	-0.161	-0.25117
0.3776	-3.16331	0.54553	0.676	0	0.286	0.013	0.01923
0.39858	-3.15715	0.56522	0.678	0	0.322	0.019	0.02802
0.41956	-3.15178	0.56746	0.679	0	0.34	0.017	0.02504
0.44054	-3.14714	0.57041	0.68	0	0.358	0.016	0.02353
0.46152	-3.14324	0.57025	0.68	0	0.374	0.013	0.01912
0.4825	-3.14014	0.57381	0.681	0	0.389	0.011	0.01615
0.50347	-3.13792	0.57614	0.681	0	0.403	0.007	0.01028
0.52445	-3.13671	0.57645	0.682	0	0.415	0.004	0.00587
0.54543	-3.1366	0.5771	0.682	-0.001	0.425	0.001	0.00147
0.56641	-3.13768	0.57557	0.682	-0.001	0.432	-0.001	-0.00147
0.58739	-3.13996	0.57565	0.682	-0.1	0.168	-0.008	-0.01173
0.58739	-3.13996	0.57565	0.682	-0.1	0.168	-0.008	-0.01173
0.60836	-3.1377	0.57557	0.682	-0.001	-0.431	0.001	0.00147
0.62934	-3.13661	0.5771	0.682	0	-0.424	-0.001	-0.00147
0.65032	-3.13671	0.57656	0.682	0	-0.415	-0.004	-0.00587
0.6713	-3.13792	0.57614	0.681	0	-0.403	-0.007	-0.01028
0.69228	-3.14013	0.57396	0.681	0	-0.389	-0.011	-0.01615
0.71325	-3.14323	0.57025	0.68	0	-0.374	-0.013	-0.01912
0.73423	-3.14712	0.57041	0.68	0	-0.358	-0.016	-0.02353
0.75521	-3.15175	0.56743	0.679	0	-0.34	-0.018	-0.02651
0.77619	-3.15712	0.56423	0.678	0	-0.322	-0.019	-0.02802
0.79717	-3.16327	0.55393	0.677	0	-0.295	-0.016	-0.02363
0.81814	-3.19615	0.04689	0.641	-0.003	0.24	0.161	0.25117
0.83912	-3.21256	0.54447	0.676	0	0.262	0.04	0.05917
0.8601	-3.21989	0.54355	0.674	0	0.238	0.047	0.06973
0.88108	-3.22766	0.54589	0.672	0	0.213	0.053	0.07887
0.90206	-3.23583	0.54801	0.67	0	0.185	0.059	0.08806
0.92303	-3.24439	0.55178	0.668	0	0.15	0.057	0.08533
0.94401	-3.2536	0.5509	0.667	0	0.101	0.038	0.05697
0.96499	-3.26423	0.55087	0.666	0	0.039	-0.002	-0.003
0.98597	-3.27703	0.55289	0.665	0	-0.017	-0.044	-0.06617
1.00695	-3.29183	0.55193	0.664	0	-0.048	-0.07	-0.10542
1.02792	-3.2923	0.04325	0.63	-0.004	0.172	-0.265	-0.42063
1.0489	-3.27933	0.04117	0.631	-0.004	0.158	-0.296	-0.4691
1.06988	-3.28227	0.5876	0.657	-0.001	0.026	0.121	0.18417
1.09086	-3.29254	0.59257	0.656	0	0.017	0.098	0.14939
1.11184	-3.30406	0.59327	0.655	0	0.005	0.083	0.12672
1.13281	-3.31663	0.59529	0.654	0	-0.009	0.077	0.11774
1.15379	-3.32992	0.5958	0.652	0	-0.025	0.077	0.1181
1.17477	-3.34337	0.59728	0.651	0.137	-0.04	0.008	0.01229
							--
#	BAND	=	0	0	70		--
0	-3.19378	0.03658	0.635	-0.287	-0.151	0.252	0.39685
0.02098	-3.2118	0.03662	0.635	0.003	-0.111	0.384	0.60472
0.04196	-3.22963	0.03706	0.634	0.004	-0.119	0.374	0.58991
0.06293	-3.24708	0.0386	0.633	0.004	-0.127	0.361	0.5703
0.08391	-3.26392	0.03932	0.632	0.004	-0.136	0.344	0.5443
0.10489	-3.27988	0.04034	0.632	0.004	-0.146	0.323	0.51108
0.12587	-3.28821	0.58597	0.657	-0.001	-0.031	-0.148	-0.22527
0.14685	-3.28025	0.58208	0.658	-0.001	-0.031	-0.17	-0.25836
0.16782	-3.27283	0.57914	0.659	-0.001	-0.021	-0.178	-0.27011
0.1888	-3.26512	0.57346	0.66	-0.002	0.006	-0.16	-0.24242
0.20978	-3.25615	0.5699	0.663	-0.002	0.058	-0.113	-0.17044
0.23076	-3.24555	0.5653	0.666	-0.002	0.116	-0.058	-0.08709
0.25174	-3.23405	0.55727	0.668	-0.002	0.161	-0.02	-0.02994
0.27271	-3.22263	0.55927	0.67	-0.001	0.194	0.001	0.00149
0.29369	-3.21185	0.55655	0.672	-0.001	0.219	0.011	0.01637
0.31467	-3.20199	0.5575	0.674	-0.001	0.242	0.016	0.02374
0.33565	-3.19312	0.55874	0.675	-0.001	0.263	0.018	0.02667
0.35663	-3.18524	0.55864	0.676	-0.001	0.283	0.019	0.02811
0.3776	-3.1772	0.05959	0.643	0.003	-0.224	-0.18	-0.27994
0.39858	-3.13882	0.0422	0.642	0.004	-0.237	-0.206	-0.32087
0.41956	-3.09702	0.04055	0.642	0.004	-0.229	-0.217	-0.33801
0.44054	-3.05259	0.03887	0.643	0.005	-0.217	-0.22	-0.34215
0.46152	-3.01444	0.64769	0.672	0.001	-0.175	-0.053	-0.07887
0.4825	-3.00643	0.64874	0.673	0.001	-0.193	-0.055	-0.08172
0.50347	-2.99869	0.65216	0.674	0.001	-0.211	-0.058	-0.08605
0.52445	-2.99132	0.65213	0.674	0.002	-0.227	-0.062	-0.09199
0.54543	-2.98441	0.65443	0.675	0.002	-0.241	-0.067	-0.09926
0.56641	-2.97803	0.65397	0.675	0.004	-0.251	-0.072	-0.10667
0.58739	-2.9727	0.65504	0.675	0.086	0.26	0.071	0.10519
0.58739	-2.9727	0.65504	0.675	0.086	0.26	0.071	0.10519
0.60836	-2.97843	0.65397	0.675	0.003	0.252	0.071	0.10519
0.62934	-2.98478	0.65443	0.675	0.001	0.241	0.066	0.09778
0.65032	-2.99168	0.65113	0.674	0.001	0.227	0.062	0.09199
0.6713	-2.99902	0.65216	0.674	0.001	0.211	0.058	0.08605
0.69228	-3.00674	0.64874	0.673	0	0.193	0.055	0.08172
0.71325	-3.01473	0.6467	0.672	0	0.175	0.052	0.07738
0.73423	-3.05196	0.03887	0.643	-0.005	0.217	0.221	0.3437
0.75521	-3.09641	0.04055	0.642	-0.005	0.229	0.218	0.33956
0.77619	-3.13822	0.0422	0.642	-0.004	0.237	0.206	0.32087
0.79717	-3.17664	0.0501	0.642	-0.003	0.233	0.184	0.2866
0.81814	-3.18521	0.55864	0.676	0	-0.284	-0.019	-0.02811
0.83912	-3.19309	0.55958	0.675	0	-0.263	-0.018	-0.02667
0.8601	-3.20195	0.5575	0.674	0	-0.242	-0.016	-0.02374
0.88108	-3.21181	0.55743	0.672	0	-0.22	-0.011	-0.01637
0.90206	-3.22259	0.55927	0.67	0.001	-0.194	-0.001	-0.00149
0.92303	-3.23402	0.55907	0.668	0	-0.162	0.019	0.02844
0.94401	-3.24552	0.5653	0.666	0	-0.117	0.057	0.08559
0.96499	-3.25614	0.5699	0.663	0	-0.058	0.112	0.16893
0.98597	-3.26513	0.57346	0.66	0	-0.007	0.16	0.24242
1.00695	-3.27285	0.57998	0.659	0	0.021	0.177	0.26859
1.02792	-3.28028	0.58208	0.658	-0.001	0.03	0.17	0.25836
1.0489	-3.28825	0.58682	0.657	-0.001	0.03	0.147	0.22374
1.06988	-3.27962	0.04034	0.632	-0.004	0.146	-0.322	-0.50949
1.09086	-3.26366	0.03932	0.632	-0.005	0.135	-0.343	-0.54272
1.11184	-3.24683	0.0386	0.633	-0.005	0.126	-0.36	-0.56872
1.13281	-3.22939	0.03706	0.634	-0.006	0.118	-0.374	-0.58991
1.15379	-3.21157	0.03662	0.635	-0.008	0.11	-0.384	-0.60472
1.17477	-3.19378	0.03658	0.635	-0.287	-0.151	0.252	0.39685
							--
#	BAND	=	0	0	71		--
0	-3.17848	0.03653	0.635	0.287	0.151	-0.252	-0.39685
0.02098	-3.16044	0.03643	0.636	-0.003	0.094	-0.395	-0.62107
0.04196	-3.14249	0.03691	0.637	-0.005	0.084	-0.396	-0.62166
0.06293	-3.14463	0.62858	0.639	0.004	0.19	-0.471	-0.73709
0.08391	-3.14543	0.62903	0.639	0.003	0.17	-0.456	-0.71362
0.10489	-3.14393	0.63069	0.64	0.002	0.144	-0.427	-0.66719
0.12587	-3.14032	0.62839	0.642	0.002	0.113	-0.385	-0.59969
0.14685	-3.13488	0.63057	0.644	0.002	0.081	-0.335	-0.52019
0.16782	-3.12791	0.62962	0.646	0.002	0.05	-0.282	-0.43653
0.1888	-3.11974	0.62655	0.649	0.001	0.023	-0.231	-0.35593
0.20978	-3.11066	0.62659	0.651	0.001	0	-0.188	-0.28879
0.23076	-3.101	0.62637	0.654	0.001	-0.019	-0.153	-0.23394
0.25174	-3.09102	0.62918	0.656	0.001	-0.034	-0.125	-0.19055
0.27271	-3.08096	0.62972	0.659	0.001	-0.048	-0.103	-0.1563
0.29369	-3.07098	0.62942	0.661	0.001	-0.06	-0.087	-0.13162
0.31467	-3.0612	0.63104	0.663	0.001	-0.072	-0.075	-0.11312
0.33565	-3.05168	0.63481	0.664	0.001	-0.084	-0.066	-0.0994
0.35663	-3.04243	0.63636	0.666	0.001	-0.096	-0.059	-0.08859
0.3776	-3.03344	0.63917	0.667	0.001	-0.11	-0.055	-0.08246
0.39858	-3.02466	0.64011	0.669	0.001	-0.124	-0.052	-0.07773
0.41956	-3.01608	0.64253	0.67	0.001	-0.14	-0.051	-0.07612
0.44054	-3.00767	0.64485	0.671	0.001	-0.157	-0.051	-0.07601
0.46152	-2.99149	0.03773	0.644	0.006	-0.201	-0.214	-0.3323
0.4825	-2.94485	0.03701	0.645	0.006	-0.181	-0.197	-0.30543
0.50347	-2.94166	0.65215	0.674	-0.001	0.246	0.111	0.16469
0.52445	-2.94461	0.65315	0.674	-0.002	0.254	0.101	0.14985
0.54543	-2.94826	0.65435	0.675	-0.002	0.259	0.092	0.1363
0.56641	-2.95262	0.65335	0.675	-0.004	0.26	0.084	0.12444
0.58739	-2.95725	0.6542	0.675	-0.086	-0.261	-0.071	-0.10519
0.58739	-2.95725	0.6542	0.675	-0.086	-0.261	-0.071	-0.10519
0.60836	-2.95217	0.65435	0.675	-0.003	-0.262	-0.085	-0.12593
0.62934	-2.94779	0.65435	0.675	-0.001	-0.26	-0.092	-0.1363
0.65032	-2.94411	0.65315	0.675	-0.001	-0.255	-0.101	-0.14963
0.6713	-2.94115	0.65314	0.674	0	-0.247	-0.111	-0.16469
0.69228	-2.94423	0.03701	0.645	-0.007	0.181	0.197	0.30543
0.71325	-2.99086	0.03773	0.644	-0.006	0.201	0.214	0.3323
0.73423	-3.00794	0.64485	0.671	0	0.157	0.051	0.07601
0.75521	-3.01633	0.64426	0.67	0	0.14	0.05	0.07463
0.77619	-3.0249	0.64011	0.669	0	0.125	0.051	0.07623
0.79717	-3.03366	0.63821	0.667	0	0.11	0.054	0.08096
0.81814	-3.04264	0.63636	0.666	0	0.097	0.059	0.08859
0.83912	-3.05187	0.63382	0.664	0	0.085	0.065	0.09789
0.8601	-3.06137	0.63361	0.663	0	0.073	0.074	0.11161
0.88108	-3.07114	0.6308	0.661	0	0.061	0.087	0.13162
0.90206	-3.0811	0.62876	0.658	0	0.049	0.103	0.15653
0.92303	-3.09113	0.62918	0.656	0	0.036	0.125	0.19055
0.94401	-3.10109	0.62721	0.654	0.001	0.02	0.152	0.23242
0.96499	-3.11072	0.62752	0.651	0.001	0.002	0.188	0.28879
0.98597	-3.11976	0.62755	0.649	0.001	-0.021	0.232	0.35747
1.00695	-3.1279	0.62866	0.646	0.001	-0.047	0.282	0.43653
1.02792	-3.13483	0.62961	0.644	0.002	-0.078	0.335	0.52019
1.0489	-3.14023	0.62743	0.642	0.002	-0.11	0.386	0.60125
1.06988	-3.14381	0.63069	0.64	0.002	-0.14	0.428	0.66875
1.09086	-3.14529	0.63003	0.639	0.003	-0.166	0.458	0.71674
1.11184	-3.14447	0.62957	0.639	0.004	-0.184	0.474	0.74178
1.13281	-3.1427	0.03691	0.637	0.007	-0.083	0.396	0.62166
1.15379	-3.16065	0.03652	0.636	0.008	-0.093	0.396	0.62264
1.17477	-3.17848	0.03653	0.635	0.287	0.151	-0.252	-0.39685
							--
#	BAND	=	0	0	72		--
0	-3.14342	0.63107	0.64	0.296	0.275	0.067	0.10469
0.02098	-3.1509	0.63072	0.639	0.011	0.211	-0.465	-0.7277
0.04196	-3.15644	0.63026	0.639	0.005	0.203	-0.473	-0.74022
0.06293	-3.13991	0.03853	0.637	-0.005	0.072	-0.392	-0.61538
0.08391	-3.12298	0.04135	0.637	-0.006	0.057	-0.384	-0.60283
0.10489	-3.10717	0.04709	0.637	-0.006	0.037	-0.368	-0.57771
0.12587	-3.09309	0.05855	0.637	-0.005	0.008	-0.34	-0.53375
0.14685	-3.08148	0.08081	0.636	-0.005	-0.035	-0.298	-0.46855
0.16782	-3.07248	0.10955	0.635	-0.004	-0.093	-0.245	-0.38583
0.1888	-3.06491	0.13831	0.635	-0.003	-0.159	-0.193	-0.30394
0.20978	-3.05683	0.16342	0.634	-0.002	-0.225	-0.152	-0.23975
0.23076	-3.04675	0.17593	0.635	-0.002	-0.285	-0.119	-0.1874
0.25174	-3.03392	0.18524	0.635	-0.001	-0.339	-0.093	-0.14646
0.27271	-3.01811	0.19137	0.636	0	-0.384	-0.072	-0.11321
0.29369	-2.99938	0.19435	0.637	0	-0.422	-0.054	-0.08477
0.31467	-2.97784	0.19832	0.637	0	-0.452	-0.038	-0.05965
0.33565	-2.96086	0.64035	0.665	-0.001	0.133	0.233	0.35038
0.35663	-2.95689	0.64431	0.666	-0.001	0.149	0.215	0.32282
0.3776	-2.95416	0.64448	0.668	-0.001	0.164	0.197	0.29491
0.39858	-2.95251	0.64676	0.669	-0.001	0.179	0.18	0.26906
0.41956	-2.95181	0.64796	0.67	-0.001	0.194	0.163	0.24328
0.44054	-2.95194	0.64832	0.671	-0.001	0.208	0.148	0.22057
0.46152	-2.95282	0.65155	0.672	-0.001	0.222	0.134	0.1994
0.4825	-2.9544	0.65179	0.673	-0.001	0.235	0.122	0.18128
0.50347	-2.91403	0.03629	0.646	0.007	-0.157	-0.169	-0.26161
0.52445	-2.87047	0.03599	0.647	0.008	-0.13	-0.13	-0.20093
0.54543	-2.83066	0.03568	0.648	0.009	-0.1	-0.08	-0.12346
0.56641	-2.79595	0.03632	0.649	0.009	-0.069	-0.024	-0.03698
0.58739	-2.76749	0.03647	0.649	-0.156	-0.076	0.036	0.05547
0.58739	-2.76749	0.03647	0.649	-0.156	-0.076	0.036	0.05547
0.60836	-2.79546	0.03632	0.649	-0.013	0.068	0.024	0.03698
0.62934	-2.83012	0.03568	0.648	-0.011	0.1	0.08	0.12346
0.65032	-2.86989	0.03599	0.647	-0.009	0.13	0.13	0.20093
0.6713	-2.91343	0.03629	0.646	-0.008	0.157	0.169	0.26161
0.69228	-2.95387	0.65179	0.673	0	-0.236	-0.123	-0.18276
0.71325	-2.95229	0.65255	0.672	0	-0.223	-0.135	-0.20089
0.73423	-2.9514	0.64843	0.671	0	-0.209	-0.149	-0.22206
0.75521	-2.95127	0.64619	0.67	0	-0.195	-0.164	-0.24478
0.77619	-2.95198	0.64683	0.669	0	-0.18	-0.18	-0.26906
0.79717	-2.95364	0.64448	0.668	0	-0.165	-0.198	-0.29641
0.81814	-2.95638	0.64431	0.666	0	-0.151	-0.216	-0.32432
0.83912	-2.96038	0.641	0.665	0	-0.134	-0.233	-0.35038
0.8601	-2.97785	0.19832	0.637	0	0.452	0.038	0.05965
0.88108	-2.99939	0.19435	0.637	0	0.422	0.054	0.08477
0.90206	-3.01813	0.19137	0.636	0.001	0.384	0.072	0.11321
0.92303	-3.03394	0.18528	0.635	0.001	0.338	0.093	0.14646
0.94401	-3.04678	0.17593	0.635	0.002	0.285	0.119	0.1874
0.96499	-3.05687	0.16342	0.634	0.002	0.225	0.152	0.23975
0.98597	-3.06496	0.13799	0.635	0.003	0.159	0.194	0.30551
1.00695	-3.07255	0.10959	0.635	0.004	0.093	0.245	0.38583
1.02792	-3.08158	0.08081	0.636	0.005	0.035	0.298	0.46855
1.0489	-3.09323	0.05855	0.637	0.006	-0.008	0.341	0.53532
1.06988	-3.10732	0.04718	0.637	0.006	-0.037	0.368	0.57771
1.09086	-3.12316	0.04135	0.637	0.007	-0.057	0.384	0.60283
1.11184	-3.1401	0.03858	0.637	0.007	-0.072	0.393	0.61695
1.13281	-3.15628	0.63026	0.639	0.006	-0.194	0.478	0.74804
1.15379	-3.15075	0.62981	0.639	0.011	-0.193	0.477	0.74648
1.17477	-3.14342	0.63107	0.64	0.296	0.275	0.067	0.10469
							--
#	BAND	=	0	0	73		--
0	-3.12776	0.63019	0.64	-0.296	-0.275	-0.068	-0.10625
0.02098	-3.11839	0.6295	0.641	-0.011	-0.197	0.445	0.69423
0.04196	-3.10715	0.63069	0.642	-0.006	-0.177	0.437	0.68069
0.06293	-3.09464	0.63077	0.644	-0.004	-0.154	0.428	0.6646
0.08391	-3.08119	0.6328	0.646	-0.003	-0.129	0.419	0.64861
0.10489	-3.06714	0.63195	0.647	-0.002	-0.102	0.409	0.63215
0.12587	-3.0528	0.6344	0.649	-0.002	-0.073	0.398	0.61325
0.14685	-3.03849	0.6326	0.651	-0.002	-0.044	0.385	0.5914
0.16782	-3.02458	0.62832	0.652	-0.002	-0.013	0.368	0.56442
0.1888	-3.0118	0.58875	0.651	-0.002	0.037	0.32	0.49155
0.20978	-3.00286	0.37445	0.639	-0.001	0.197	0.145	0.22692
0.23076	-2.99462	0.3145	0.636	0	0.286	0.084	0.13208
0.25174	-2.98314	0.32111	0.637	0	0.335	0.068	0.10675
0.27271	-2.96906	0.42251	0.644	-0.001	0.298	0.123	0.19099
0.29369	-2.95821	0.62163	0.661	-0.001	0.133	0.254	0.38427
0.31467	-2.95116	0.63874	0.663	-0.001	0.126	0.25	0.37707
0.33565	-2.93861	0.1989	0.639	0	-0.474	-0.025	-0.03912
0.35663	-2.91195	0.19629	0.64	0	-0.496	-0.015	-0.02344
0.3776	-2.88293	0.19572	0.641	0	-0.511	-0.008	-0.01248
0.39858	-2.85182	0.19435	0.643	-0.001	-0.521	-0.003	-0.00467
0.41956	-2.81901	0.18814	0.645	-0.001	-0.524	-0.003	-0.00465
0.44054	-2.78534	0.17549	0.647	-0.002	-0.509	-0.014	-0.02164
0.46152	-2.75289	0.14839	0.649	-0.005	-0.449	-0.051	-0.07858
0.4825	-2.72673	0.09512	0.651	-0.008	-0.297	-0.129	-0.19816
0.50347	-2.71281	0.05525	0.651	-0.011	-0.146	-0.186	-0.28571
0.52445	-2.71025	0.04209	0.65	-0.012	-0.072	-0.181	-0.27846
0.54543	-2.71649	0.03843	0.65	-0.012	-0.03	-0.145	-0.22308
0.56641	-2.73054	0.03694	0.65	-0.011	0.004	-0.094	-0.14462
0.58739	-2.75198	0.03647	0.649	0.156	0.076	-0.036	-0.05547
0.58739	-2.75198	0.03647	0.649	0.156	0.076	-0.036	-0.05547
0.60836	-2.73094	0.03694	0.65	0.014	-0.004	0.094	0.14462
0.62934	-2.71683	0.03848	0.65	0.013	0.03	0.145	0.22308
0.65032	-2.71054	0.04209	0.65	0.013	0.071	0.181	0.27846
0.6713	-2.71304	0.05505	0.651	0.012	0.145	0.187	0.28725
0.69228	-2.72687	0.09454	0.651	0.009	0.296	0.131	0.20123
0.71325	-2.75295	0.14816	0.649	0.005	0.448	0.051	0.07858
0.73423	-2.78537	0.17554	0.647	0.003	0.509	0.015	0.02318
0.75521	-2.81903	0.18819	0.645	0.001	0.523	0.004	0.0062
0.77619	-2.85183	0.19403	0.643	0.001	0.521	0.003	0.00467
0.79717	-2.88294	0.19529	0.641	0	0.511	0.008	0.01248
0.81814	-2.91196	0.19563	0.64	0	0.496	0.016	0.025
0.83912	-2.93862	0.1989	0.639	0	0.473	0.025	0.03912
0.8601	-2.95071	0.63874	0.663	0	-0.127	-0.251	-0.37858
0.88108	-2.9578	0.6178	0.66	0	-0.136	-0.254	-0.38485
0.90206	-2.9689	0.41064	0.644	0	-0.309	-0.114	-0.17702
0.92303	-2.98309	0.31956	0.636	0	-0.337	-0.066	-0.10377
0.94401	-2.99458	0.3136	0.636	0	-0.288	-0.082	-0.12893
0.96499	-3.00278	0.36915	0.639	0	-0.2	-0.141	-0.22066
0.98597	-3.01158	0.59003	0.651	0	-0.041	-0.319	-0.49002
1.00695	-3.02438	0.62928	0.652	-0.001	0.01	-0.369	-0.56595
1.02792	-3.03833	0.6326	0.651	-0.001	0.04	-0.387	-0.59447
1.0489	-3.05269	0.63436	0.649	-0.002	0.069	-0.4	-0.61633
1.06988	-3.06708	0.63191	0.647	-0.002	0.097	-0.411	-0.63524
1.09086	-3.08118	0.63187	0.646	-0.003	0.124	-0.422	-0.65325
1.11184	-3.09468	0.63072	0.644	-0.004	0.147	-0.432	-0.67081
1.13281	-3.10722	0.63065	0.642	-0.006	0.167	-0.444	-0.69159
1.15379	-3.1185	0.63046	0.641	-0.011	0.178	-0.457	-0.71295
1.17477	-3.12776	0.63019	0.64	-0.296	-0.275	-0.068	-0.10625
							--
#	BAND	=	0	0	74		--
0	-2.86449	0.22037	0.642	-0.097	0.029	0.071	0.11059
0.02098	-2.89513	0.2278	0.641	-0.036	0.006	-0.08	-0.1248
0.04196	-2.92374	0.23061	0.639	-0.033	0	-0.072	-0.11268
0.06293	-2.94943	0.2354	0.638	-0.03	-0.007	-0.06	-0.09404
0.08391	-2.97163	0.23755	0.637	-0.027	-0.015	-0.041	-0.06436
0.10489	-2.98975	0.24082	0.636	-0.024	-0.019	-0.012	-0.01887
0.12587	-3.00337	0.2415	0.635	-0.02	-0.007	0.031	0.04882
0.14685	-3.0125	0.24865	0.635	-0.013	0.038	0.078	0.12283
0.16782	-3.0175	0.26092	0.634	-0.006	0.105	0.102	0.16088
0.1888	-3.01782	0.31073	0.636	-0.002	0.152	0.129	0.20283
0.20978	-3.01076	0.53022	0.65	-0.001	0.082	0.273	0.42
0.23076	-2.9997	0.59383	0.655	-0.001	0.073	0.299	0.45649
0.25174	-2.98897	0.5921	0.656	-0.001	0.096	0.279	0.4253
0.27271	-2.97844	0.49629	0.651	-0.001	0.195	0.189	0.29032
0.29369	-2.96272	0.29848	0.637	0	0.414	0.024	0.03768
0.31467	-2.9416	0.28486	0.636	0	0.467	-0.004	-0.00629
0.33565	-2.91745	0.28061	0.637	0	0.497	-0.018	-0.02826
0.35663	-2.89074	0.28442	0.639	0	0.519	-0.028	-0.04382
0.3776	-2.86171	0.27905	0.64	0	0.536	-0.038	-0.05938
0.39858	-2.83063	0.27802	0.642	-0.001	0.548	-0.046	-0.07165
0.41956	-2.7978	0.27491	0.644	-0.001	0.552	-0.054	-0.08385
0.44054	-2.76382	0.26572	0.647	-0.001	0.531	-0.065	-0.10046
0.46152	-2.73026	0.23889	0.65	-0.003	0.362	-0.09	-0.13846
0.4825	-2.70101	0.20511	0.653	-0.005	-0.208	-0.081	-0.12404
0.50347	-2.67221	0.22928	0.657	-0.003	-0.487	-0.009	-0.0137
0.52445	-2.64249	0.24206	0.661	-0.002	-0.58	0.022	0.03328
0.54543	-2.61639	0.24875	0.665	-0.002	-0.618	0.033	0.04962
0.56641	-2.59768	0.2559	0.668	-0.002	-0.637	0.037	0.05539
0.58739	-2.58914	0.26326	0.669	-0.008	0.117	-0.137	-0.20478
0.58739	-2.58914	0.26326	0.669	-0.008	0.117	-0.137	-0.20478
0.60836	-2.59769	0.2559	0.668	0.002	0.638	-0.038	-0.05689
0.62934	-2.61639	0.24875	0.665	0.002	0.619	-0.034	-0.05113
0.65032	-2.64251	0.24206	0.661	0.002	0.581	-0.023	-0.0348
0.6713	-2.67225	0.22959	0.657	0.003	0.489	0.008	0.01218
0.69228	-2.70108	0.20511	0.653	0.005	0.213	0.081	0.12404
0.71325	-2.73029	0.23754	0.65	0.003	-0.358	0.091	0.14
0.73423	-2.76382	0.26592	0.647	0.001	-0.53	0.065	0.10046
0.75521	-2.7978	0.27437	0.644	0.001	-0.552	0.054	0.08385
0.77619	-2.83062	0.27802	0.642	0.001	-0.548	0.046	0.07165
0.79717	-2.86171	0.27877	0.64	0.001	-0.535	0.038	0.05938
0.81814	-2.89074	0.28442	0.639	0.001	-0.518	0.028	0.04382
0.83912	-2.91744	0.28134	0.637	0	-0.496	0.018	0.02826
0.8601	-2.9416	0.28486	0.636	0	-0.467	0.004	0.00629
0.88108	-2.96269	0.30196	0.637	0	-0.412	-0.025	-0.03925
0.90206	-2.9782	0.5074	0.652	0	-0.185	-0.199	-0.30521
0.92303	-2.98865	0.59498	0.657	0	-0.095	-0.282	-0.42922
0.94401	-2.99941	0.5956	0.655	0	-0.073	-0.301	-0.45954
0.96499	-3.01055	0.53475	0.65	0	-0.08	-0.278	-0.42769
0.98597	-3.01778	0.31227	0.636	0.001	-0.15	-0.131	-0.20597
1.00695	-3.0175	0.26188	0.634	0.005	-0.105	-0.102	-0.16088
1.02792	-3.01251	0.24865	0.635	0.012	-0.037	-0.078	-0.12283
1.0489	-3.00339	0.2415	0.635	0.019	0.008	-0.031	-0.04882
1.06988	-2.98978	0.24082	0.636	0.023	0.02	0.013	0.02044
1.09086	-2.97165	0.23755	0.637	0.026	0.015	0.041	0.06436
1.11184	-2.94945	0.2354	0.638	0.029	0.007	0.06	0.09404
1.13281	-2.92376	0.23061	0.639	0.032	0	0.072	0.11268
1.15379	-2.89515	0.2278	0.641	0.035	-0.006	0.08	0.1248
1.17477	-2.86449	0.22037	0.642	-0.097	0.029	0.071	0.11059
							--
#	BAND	=	0	0	75		--
0	-2.84947	0.22037	0.642	0.096	-0.029	-0.072	-0.11215
0.02098	-2.86718	0.25629	0.64	0.037	0.01	0.088	0.1375
0.04196	-2.89554	0.26108	0.638	0.033	0.018	0.078	0.12226
0.06293	-2.92117	0.2648	0.637	0.03	0.029	0.063	0.0989
0.08391	-2.94352	0.2704	0.636	0.027	0.043	0.039	0.06132
0.10489	-2.96193	0.27512	0.635	0.024	0.058	0	0
0.12587	-2.97539	0.27276	0.635	0.019	0.066	-0.063	-0.09921
0.14685	-2.98237	0.25774	0.636	0.011	0.053	-0.14	-0.22013
0.16782	-2.98177	0.23373	0.637	0.004	0.029	-0.201	-0.31554
0.1888	-2.97444	0.20841	0.638	-0.001	0.009	-0.232	-0.36364
0.20978	-2.96239	0.19483	0.639	-0.002	-0.007	-0.244	-0.38185
0.23076	-2.94728	0.1919	0.64	-0.003	-0.026	-0.243	-0.37969
0.25174	-2.92998	0.18909	0.64	-0.003	-0.047	-0.235	-0.36719
0.27271	-2.9109	0.18974	0.641	-0.003	-0.071	-0.226	-0.35257
0.29369	-2.89024	0.19137	0.641	-0.003	-0.097	-0.215	-0.33541
0.31467	-2.86813	0.19082	0.642	-0.004	-0.122	-0.205	-0.31931
0.33565	-2.84476	0.19	0.643	-0.004	-0.145	-0.197	-0.30638
0.35663	-2.82037	0.18278	0.644	-0.004	-0.163	-0.191	-0.29658
0.3776	-2.79536	0.17793	0.645	-0.005	-0.175	-0.189	-0.29302
0.39858	-2.77037	0.16818	0.647	-0.005	-0.176	-0.192	-0.29675
0.41956	-2.74622	0.15936	0.648	-0.006	-0.166	-0.194	-0.29938
0.44054	-2.72361	0.15979	0.649	-0.006	-0.139	-0.184	-0.28351
0.46152	-2.70154	0.19946	0.651	-0.003	-0.007	-0.126	-0.19355
0.4825	-2.67401	0.27369	0.654	0.002	0.434	-0.048	-0.07339
0.50347	-2.64246	0.28227	0.658	0.002	0.583	-0.04	-0.06079
0.52445	-2.61357	0.28148	0.662	0.002	0.621	-0.041	-0.06193
0.54543	-2.59082	0.27589	0.666	0.002	0.638	-0.041	-0.06156
0.56641	-2.57701	0.27009	0.668	0.002	0.645	-0.04	-0.05988
0.58739	-2.57411	0.26326	0.669	0.008	-0.117	0.137	0.20478
0.58739	-2.57411	0.26326	0.669	0.008	-0.117	0.137	0.20478
0.60836	-2.57701	0.27009	0.668	-0.002	-0.647	0.041	0.06138
0.62934	-2.59082	0.27589	0.666	-0.002	-0.639	0.042	0.06306
0.65032	-2.61357	0.28148	0.662	-0.002	-0.622	0.041	0.06193
0.6713	-2.64247	0.28227	0.658	-0.002	-0.584	0.041	0.06231
0.69228	-2.67405	0.27361	0.654	-0.002	-0.438	0.048	0.07339
0.71325	-2.70166	0.1998	0.651	0.003	0.003	0.126	0.19355
0.73423	-2.72375	0.16029	0.649	0.006	0.138	0.184	0.28351
0.75521	-2.74634	0.15901	0.648	0.006	0.166	0.194	0.29938
0.77619	-2.77048	0.16818	0.647	0.005	0.176	0.192	0.29675
0.79717	-2.79546	0.17778	0.645	0.005	0.174	0.19	0.29457
0.81814	-2.82046	0.18224	0.644	0.004	0.163	0.191	0.29658
0.83912	-2.84484	0.18938	0.643	0.004	0.144	0.197	0.30638
0.8601	-2.8682	0.19065	0.642	0.004	0.121	0.205	0.31931
0.88108	-2.89031	0.19137	0.641	0.004	0.096	0.215	0.33541
0.90206	-2.91098	0.18954	0.641	0.004	0.071	0.226	0.35257
0.92303	-2.93006	0.18909	0.64	0.004	0.047	0.236	0.36875
0.94401	-2.94737	0.1919	0.64	0.003	0.026	0.243	0.37969
0.96499	-2.96248	0.19483	0.639	0.003	0.007	0.244	0.38185
0.98597	-2.97452	0.20872	0.638	0.001	-0.01	0.232	0.36364
1.00695	-2.98184	0.2338	0.637	-0.003	-0.029	0.201	0.31554
1.02792	-2.98242	0.25766	0.636	-0.01	-0.053	0.14	0.22013
1.0489	-2.97541	0.27276	0.635	-0.018	-0.066	0.062	0.09764
1.06988	-2.96193	0.27512	0.635	-0.023	-0.059	0	0
1.09086	-2.94352	0.2704	0.636	-0.026	-0.043	-0.039	-0.06132
1.11184	-2.92116	0.2648	0.637	-0.029	-0.029	-0.063	-0.0989
1.13281	-2.89553	0.26108	0.638	-0.032	-0.018	-0.078	-0.12226
1.15379	-2.86717	0.25629	0.64	-0.036	-0.01	-0.088	-0.1375
1.17477	-2.84947	0.22037	0.642	0.096	-0.029	-0.072	-0.11215
							--
#	BAND	=	0	0	76		--
0	-2.85072	0.2523	0.642	-0.079	0.027	0.082	0.12773
0.02098	-2.83092	0.2201	0.644	0.039	-0.015	0.082	0.12733
0.04196	-2.82365	0.2882	0.642	-0.135	-0.057	-0.027	-0.04206
0.06293	-2.8449	0.29322	0.641	-0.111	-0.054	-0.003	-0.00468
0.08391	-2.86346	0.29744	0.64	-0.086	-0.047	0.022	0.03438
0.10489	-2.87891	0.30059	0.639	-0.06	-0.037	0.043	0.06729
0.12587	-2.89094	0.30262	0.638	-0.04	-0.028	0.056	0.08777
0.14685	-2.89928	0.30273	0.637	-0.026	-0.019	0.065	0.10204
0.16782	-2.90379	0.30403	0.637	-0.017	-0.01	0.07	0.10989
0.1888	-2.90443	0.30372	0.637	-0.011	0.001	0.073	0.1146
0.20978	-2.90122	0.30291	0.637	-0.007	0.015	0.074	0.11617
0.23076	-2.89433	0.30274	0.637	-0.005	0.032	0.074	0.11617
0.25174	-2.88394	0.30269	0.637	-0.004	0.053	0.071	0.11146
0.27271	-2.87029	0.30052	0.638	-0.003	0.076	0.066	0.10345
0.29369	-2.85362	0.29988	0.639	-0.002	0.102	0.059	0.09233
0.31467	-2.83413	0.29822	0.64	-0.002	0.127	0.05	0.07813
0.33565	-2.81205	0.29751	0.641	-0.002	0.149	0.039	0.06084
0.35663	-2.78755	0.297	0.642	-0.002	0.164	0.026	0.0405
0.3776	-2.76081	0.29427	0.643	-0.002	0.168	0.012	0.01866
0.39858	-2.73207	0.29236	0.645	-0.003	0.152	-0.003	-0.00465
0.41956	-2.70163	0.28985	0.647	-0.003	0.101	-0.017	-0.02628
0.44054	-2.66997	0.28694	0.65	-0.004	0	-0.029	-0.04462
0.46152	-2.63772	0.28606	0.653	-0.005	-0.147	-0.035	-0.0536
0.4825	-2.60561	0.28604	0.656	-0.005	-0.299	-0.034	-0.05183
0.50347	-2.57463	0.28748	0.66	-0.005	-0.415	-0.028	-0.04242
0.52445	-2.54632	0.29026	0.664	-0.005	-0.491	-0.021	-0.03163
0.54543	-2.52281	0.29344	0.667	-0.005	-0.539	-0.016	-0.02399
0.56641	-2.50654	0.29545	0.669	-0.005	-0.566	-0.014	-0.02093
0.58739	-2.49964	0.29683	0.67	0.001	0.115	-0.132	-0.19701
0.58739	-2.49964	0.29683	0.67	0.001	0.115	-0.132	-0.19701
0.60836	-2.50652	0.29525	0.669	0.005	0.573	0.011	0.01644
0.62934	-2.52279	0.29344	0.667	0.005	0.543	0.015	0.02249
0.65032	-2.5463	0.29049	0.664	0.005	0.494	0.02	0.03012
0.6713	-2.57462	0.28748	0.66	0.005	0.418	0.027	0.04091
0.69228	-2.60559	0.28604	0.656	0.005	0.302	0.033	0.0503
0.71325	-2.6377	0.28575	0.653	0.005	0.149	0.035	0.0536
0.73423	-2.66995	0.28713	0.65	0.004	0.001	0.029	0.04462
0.75521	-2.70162	0.28985	0.647	0.003	-0.099	0.017	0.02628
0.77619	-2.73205	0.29287	0.645	0.003	-0.151	0.003	0.00465
0.79717	-2.76079	0.29427	0.643	0.002	-0.168	-0.012	-0.01866
0.81814	-2.78753	0.297	0.642	0.002	-0.164	-0.026	-0.0405
0.83912	-2.81203	0.29751	0.641	0.002	-0.148	-0.039	-0.06084
0.8601	-2.83412	0.29822	0.64	0.002	-0.126	-0.05	-0.07813
0.88108	-2.8536	0.30042	0.639	0.002	-0.101	-0.059	-0.09233
0.90206	-2.87028	0.30052	0.638	0.003	-0.076	-0.066	-0.10345
0.92303	-2.88392	0.30222	0.637	0.004	-0.053	-0.071	-0.11146
0.94401	-2.89431	0.30339	0.637	0.005	-0.032	-0.074	-0.11617
0.96499	-2.90121	0.30291	0.637	0.007	-0.014	-0.074	-0.11617
0.98597	-2.90441	0.30372	0.637	0.011	-0.001	-0.073	-0.1146
1.00695	-2.90377	0.30403	0.637	0.016	0.01	-0.07	-0.10989
1.02792	-2.89926	0.30273	0.637	0.025	0.019	-0.065	-0.10204
1.0489	-2.89092	0.30235	0.638	0.039	0.028	-0.056	-0.08777
1.06988	-2.87889	0.30059	0.639	0.06	0.038	-0.042	-0.06573
1.09086	-2.86345	0.29744	0.64	0.086	0.048	-0.021	-0.03281
1.11184	-2.84489	0.29322	0.641	0.11	0.055	0.004	0.00624
1.13281	-2.82364	0.2882	0.643	0.134	0.057	0.027	0.04199
1.15379	-2.8309	0.2201	0.644	-0.04	0.015	-0.082	-0.12733
1.17477	-2.85072	0.2523	0.642	-0.078	0.027	0.082	0.12773
							--
#	BAND	=	0	0	77		--
0	-2.83568	0.25176	0.642	0.079	-0.026	-0.081	-0.12617
0.02098	-2.8038	0.24149	0.643	-0.039	-0.003	-0.092	-0.14308
0.04196	-2.80516	0.28925	0.642	0.135	0.054	0.033	0.0514
0.06293	-2.82574	0.29648	0.64	0.111	0.059	0.008	0.0125
0.08391	-2.84342	0.29793	0.639	0.086	0.056	-0.022	-0.03443
0.10489	-2.85727	0.29801	0.639	0.061	0.051	-0.049	-0.07668
0.12587	-2.86687	0.29671	0.638	0.04	0.047	-0.072	-0.11285
0.14685	-2.872	0.29322	0.638	0.026	0.045	-0.092	-0.1442
0.16782	-2.87266	0.29073	0.639	0.016	0.044	-0.112	-0.17527
0.1888	-2.86902	0.28321	0.639	0.01	0.042	-0.13	-0.20344
0.20978	-2.86144	0.27652	0.64	0.006	0.04	-0.148	-0.23125
0.23076	-2.85041	0.27016	0.641	0.004	0.035	-0.163	-0.25429
0.25174	-2.83647	0.26154	0.642	0.002	0.03	-0.174	-0.27103
0.27271	-2.82016	0.2579	0.642	0.001	0.022	-0.181	-0.28193
0.29369	-2.80192	0.25374	0.643	0	0.013	-0.184	-0.28616
0.31467	-2.78212	0.2501	0.644	-0.001	0.004	-0.183	-0.28416
0.33565	-2.76108	0.248	0.645	-0.001	-0.006	-0.177	-0.27442
0.35663	-2.73899	0.24927	0.646	-0.001	-0.014	-0.165	-0.25542
0.3776	-2.71595	0.25289	0.647	-0.001	-0.017	-0.146	-0.22566
0.39858	-2.69185	0.25954	0.648	0	-0.008	-0.119	-0.18364
0.41956	-2.66637	0.27286	0.649	0.001	0.026	-0.084	-0.12943
0.44054	-2.63909	0.28562	0.651	0.003	0.103	-0.046	-0.07066
0.46152	-2.6099	0.2972	0.653	0.005	0.226	-0.015	-0.02297
0.4825	-2.57953	0.30053	0.656	0.005	0.358	0.002	0.00305
0.50347	-2.54971	0.30344	0.66	0.006	0.458	0.008	0.01212
0.52445	-2.5228	0.30117	0.664	0.006	0.521	0.01	0.01506
0.54543	-2.50141	0.30085	0.667	0.006	0.558	0.01	0.01499
0.56641	-2.48807	0.29901	0.669	0.005	0.575	0.01	0.01495
0.58739	-2.48459	0.29683	0.67	-0.001	-0.115	0.132	0.19701
0.58739	-2.48459	0.29683	0.67	-0.001	-0.115	0.132	0.19701
0.60836	-2.48808	0.29967	0.669	-0.005	-0.583	-0.007	-0.01046
0.62934	-2.50142	0.30085	0.667	-0.006	-0.562	-0.008	-0.01199
0.65032	-2.52281	0.30117	0.664	-0.006	-0.524	-0.009	-0.01355
0.6713	-2.54973	0.30294	0.66	-0.006	-0.461	-0.008	-0.01212
0.69228	-2.57956	0.30053	0.656	-0.005	-0.36	-0.002	-0.00305
0.71325	-2.60994	0.2972	0.653	-0.005	-0.228	0.015	0.02297
0.73423	-2.63915	0.28562	0.651	-0.003	-0.105	0.045	0.06912
0.75521	-2.66644	0.27277	0.649	-0.001	-0.027	0.083	0.12789
0.77619	-2.69192	0.261	0.648	0	0.007	0.119	0.18364
0.79717	-2.71603	0.25289	0.647	0.001	0.017	0.146	0.22566
0.81814	-2.73908	0.24927	0.646	0.001	0.014	0.165	0.25542
0.83912	-2.76116	0.24791	0.645	0.001	0.006	0.177	0.27442
0.8601	-2.7822	0.24971	0.644	0.001	-0.004	0.183	0.28416
0.88108	-2.802	0.25396	0.643	0	-0.013	0.184	0.28616
0.90206	-2.82024	0.25786	0.642	0	-0.022	0.181	0.28193
0.92303	-2.83654	0.26216	0.642	-0.002	-0.03	0.174	0.27103
0.94401	-2.85047	0.27078	0.641	-0.003	-0.036	0.162	0.25273
0.96499	-2.8615	0.27652	0.64	-0.006	-0.04	0.148	0.23125
0.98597	-2.86908	0.28321	0.639	-0.01	-0.042	0.13	0.20344
1.00695	-2.8727	0.29073	0.639	-0.016	-0.044	0.112	0.17527
1.02792	-2.87204	0.29322	0.638	-0.025	-0.045	0.092	0.1442
1.0489	-2.8669	0.29743	0.638	-0.039	-0.047	0.072	0.11285
1.06988	-2.85729	0.29801	0.639	-0.06	-0.051	0.049	0.07668
1.09086	-2.84344	0.29902	0.639	-0.086	-0.057	0.021	0.03286
1.11184	-2.82575	0.29679	0.64	-0.11	-0.059	-0.008	-0.0125
1.13281	-2.80517	0.288	0.642	-0.134	-0.054	-0.034	-0.05296
1.15379	-2.80381	0.24262	0.643	0.041	0.003	0.092	0.14308
1.17477	-2.83568	0.25176	0.642	0.079	-0.026	-0.081	-0.12617
							--
#	BAND	=	0	0	78		--
0	-2.77634	0.26823	0.645	-0.129	0.066	0.035	0.05426
0.02098	-2.79889	0.28605	0.644	-0.113	-0.043	-0.033	-0.05124
0.04196	-2.79493	0.21874	0.646	0.046	-0.003	0.083	0.12848
0.06293	-2.76022	0.2059	0.647	0.04	-0.017	0.073	0.11283
0.08391	-2.75161	0.30232	0.645	-0.086	0.107	0.013	0.02016
0.10489	-2.7622	0.3125	0.644	-0.056	0.088	0.008	0.01242
0.12587	-2.77042	0.31916	0.643	-0.041	0.082	0.009	0.014
0.14685	-2.77574	0.3211	0.642	-0.031	0.075	0.011	0.01713
0.16782	-2.77795	0.32091	0.641	-0.023	0.069	0.013	0.02028
0.1888	-2.77698	0.3221	0.641	-0.018	0.064	0.015	0.0234
0.20978	-2.77282	0.32362	0.641	-0.014	0.06	0.017	0.02652
0.23076	-2.76555	0.32327	0.641	-0.012	0.058	0.019	0.02964
0.25174	-2.75532	0.32227	0.642	-0.01	0.059	0.019	0.0296
0.27271	-2.74228	0.32281	0.642	-0.008	0.062	0.019	0.0296
0.29369	-2.72659	0.32278	0.643	-0.007	0.069	0.017	0.02644
0.31467	-2.7084	0.32319	0.644	-0.007	0.077	0.013	0.02019
0.33565	-2.68788	0.32064	0.645	-0.006	0.087	0.007	0.01085
0.35663	-2.66517	0.32181	0.646	-0.006	0.098	0	0
0.3776	-2.64039	0.31964	0.647	-0.007	0.105	-0.009	-0.01391
0.39858	-2.61372	0.32059	0.649	-0.007	0.105	-0.02	-0.03082
0.41956	-2.5854	0.31961	0.651	-0.008	0.091	-0.031	-0.04762
0.44054	-2.55584	0.31786	0.653	-0.009	0.055	-0.043	-0.06585
0.46152	-2.52559	0.31745	0.656	-0.01	-0.009	-0.054	-0.08232
0.4825	-2.49551	0.31475	0.659	-0.01	-0.099	-0.062	-0.09408
0.50347	-2.46673	0.31384	0.662	-0.01	-0.204	-0.066	-0.0997
0.52445	-2.44077	0.31419	0.666	-0.01	-0.302	-0.066	-0.0991
0.54543	-2.41951	0.31529	0.669	-0.009	-0.379	-0.063	-0.09417
0.56641	-2.40502	0.31623	0.671	-0.008	-0.426	-0.06	-0.08942
0.58739	-2.39909	0.31863	0.671	0.01	-0.032	-0.114	-0.1699
0.58739	-2.39909	0.31863	0.671	0.01	-0.032	-0.114	-0.1699
0.60836	-2.40496	0.31623	0.671	0.009	0.443	0.056	0.08346
0.62934	-2.41944	0.31546	0.669	0.01	0.387	0.062	0.09268
0.65032	-2.4407	0.3148	0.666	0.01	0.307	0.065	0.0976
0.6713	-2.46666	0.31384	0.662	0.011	0.207	0.066	0.0997
0.69228	-2.49544	0.31475	0.659	0.011	0.101	0.062	0.09408
0.71325	-2.52553	0.31745	0.656	0.01	0.009	0.054	0.08232
0.73423	-2.55578	0.31786	0.653	0.009	-0.056	0.043	0.06585
0.75521	-2.58535	0.31961	0.651	0.008	-0.091	0.031	0.04762
0.77619	-2.61366	0.31959	0.649	0.007	-0.105	0.02	0.03082
0.79717	-2.64034	0.31964	0.647	0.007	-0.105	0.01	0.01546
0.81814	-2.66512	0.32208	0.646	0.006	-0.098	0.001	0.00155
0.83912	-2.68783	0.32041	0.645	0.006	-0.088	-0.007	-0.01085
0.8601	-2.70835	0.32319	0.644	0.007	-0.078	-0.013	-0.02019
0.88108	-2.72654	0.32278	0.643	0.007	-0.069	-0.017	-0.02644
0.90206	-2.74223	0.32366	0.642	0.008	-0.063	-0.019	-0.0296
0.92303	-2.75527	0.32227	0.642	0.01	-0.059	-0.019	-0.0296
0.94401	-2.7655	0.32377	0.641	0.012	-0.059	-0.019	-0.02964
0.96499	-2.77277	0.32362	0.641	0.014	-0.061	-0.017	-0.02652
0.98597	-2.77694	0.3221	0.641	0.018	-0.065	-0.015	-0.0234
1.00695	-2.77791	0.32187	0.641	0.023	-0.07	-0.013	-0.02028
1.02792	-2.7757	0.3211	0.642	0.03	-0.076	-0.011	-0.01713
1.0489	-2.77039	0.31916	0.643	0.04	-0.083	-0.009	-0.014
1.06988	-2.76217	0.3125	0.644	0.055	-0.09	-0.009	-0.01398
1.09086	-2.75159	0.30416	0.645	0.085	-0.109	-0.014	-0.02171
1.11184	-2.7602	0.2059	0.647	-0.041	0.017	-0.073	-0.11283
1.13281	-2.79489	0.21874	0.646	-0.047	0.003	-0.083	-0.12848
1.15379	-2.79889	0.28539	0.644	0.112	0.044	0.034	0.0528
1.17477	-2.77634	0.26823	0.645	-0.129	0.066	0.035	0.05426
							--
#	BAND	=	0	0	79		--
0	-2.76133	0.26823	0.645	0.129	-0.066	-0.035	-0.05426
0.02098	-2.7801	0.28912	0.644	0.113	0.048	0.041	0.06366
0.04196	-2.76837	0.23815	0.645	-0.046	-0.009	-0.094	-0.14574
0.06293	-2.73384	0.22595	0.646	-0.039	-0.015	-0.083	-0.12848
0.08391	-2.73176	0.28223	0.646	0.086	-0.126	-0.019	-0.02941
0.10489	-2.73971	0.29727	0.645	0.056	-0.091	-0.016	-0.02481
0.12587	-2.74562	0.30442	0.644	0.041	-0.078	-0.022	-0.03416
0.14685	-2.74858	0.30386	0.643	0.031	-0.068	-0.03	-0.04666
0.16782	-2.74838	0.30758	0.643	0.024	-0.058	-0.039	-0.06065
0.1888	-2.74504	0.30811	0.643	0.018	-0.049	-0.049	-0.07621
0.20978	-2.73867	0.30757	0.643	0.014	-0.042	-0.059	-0.09176
0.23076	-2.72948	0.30693	0.643	0.012	-0.037	-0.067	-0.1042
0.25174	-2.71772	0.3063	0.644	0.009	-0.034	-0.073	-0.11335
0.27271	-2.70367	0.30585	0.644	0.008	-0.034	-0.077	-0.11957
0.29369	-2.68755	0.30403	0.645	0.007	-0.036	-0.077	-0.11938
0.31467	-2.66956	0.30536	0.646	0.006	-0.041	-0.074	-0.11455
0.33565	-2.64989	0.30292	0.647	0.006	-0.047	-0.067	-0.10355
0.35663	-2.62861	0.30565	0.648	0.006	-0.054	-0.056	-0.08642
0.3776	-2.60575	0.30668	0.649	0.007	-0.058	-0.041	-0.06317
0.39858	-2.58135	0.30966	0.65	0.007	-0.056	-0.023	-0.03538
0.41956	-2.55542	0.31476	0.652	0.008	-0.042	-0.004	-0.00613
0.44054	-2.52815	0.3155	0.654	0.01	-0.008	0.016	0.02446
0.46152	-2.4999	0.31961	0.656	0.011	0.053	0.034	0.05183
0.4825	-2.47142	0.31996	0.659	0.011	0.14	0.048	0.07284
0.50347	-2.44398	0.32129	0.662	0.011	0.239	0.056	0.08459
0.52445	-2.41937	0.32284	0.666	0.011	0.33	0.058	0.08709
0.54543	-2.39979	0.31897	0.669	0.01	0.399	0.057	0.0852
0.56641	-2.38746	0.31896	0.671	0.009	0.436	0.057	0.08495
0.58739	-2.38401	0.31863	0.671	-0.01	0.032	0.114	0.1699
0.58739	-2.38401	0.31863	0.671	-0.01	0.032	0.114	0.1699
0.60836	-2.38751	0.31896	0.671	-0.01	-0.453	-0.053	-0.07899
0.62934	-2.39983	0.31981	0.669	-0.01	-0.407	-0.056	-0.08371
0.65032	-2.41942	0.32166	0.666	-0.011	-0.335	-0.057	-0.08559
0.6713	-2.44402	0.32129	0.662	-0.012	-0.241	-0.055	-0.08308
0.69228	-2.47147	0.31996	0.659	-0.012	-0.141	-0.048	-0.07284
0.71325	-2.49994	0.31961	0.656	-0.011	-0.053	-0.034	-0.05183
0.73423	-2.52819	0.3155	0.654	-0.01	0.009	-0.016	-0.02446
0.75521	-2.55547	0.31476	0.652	-0.008	0.043	0.004	0.00613
0.77619	-2.58139	0.30916	0.65	-0.007	0.057	0.023	0.03538
0.79717	-2.6058	0.30668	0.649	-0.007	0.059	0.041	0.06317
0.81814	-2.62865	0.30565	0.648	-0.006	0.054	0.056	0.08642
0.83912	-2.64993	0.30288	0.647	-0.006	0.048	0.067	0.10355
0.8601	-2.66961	0.30536	0.646	-0.006	0.042	0.074	0.11455
0.88108	-2.68759	0.30403	0.645	-0.007	0.037	0.077	0.11938
0.90206	-2.70371	0.30585	0.644	-0.008	0.034	0.077	0.11957
0.92303	-2.71776	0.3063	0.644	-0.009	0.034	0.073	0.11335
0.94401	-2.72951	0.30693	0.643	-0.011	0.037	0.067	0.1042
0.96499	-2.7387	0.30672	0.643	-0.014	0.042	0.058	0.0902
0.98597	-2.74507	0.30811	0.643	-0.018	0.05	0.049	0.07621
1.00695	-2.74841	0.30758	0.643	-0.023	0.059	0.039	0.06065
1.02792	-2.7486	0.30397	0.643	-0.031	0.068	0.03	0.04666
1.0489	-2.74564	0.30442	0.644	-0.041	0.079	0.022	0.03416
1.06988	-2.73972	0.29727	0.645	-0.056	0.092	0.016	0.02481
1.09086	-2.73177	0.28267	0.646	-0.085	0.127	0.02	0.03096
1.11184	-2.73386	0.2255	0.646	0.041	0.015	0.083	0.12848
1.13281	-2.7684	0.23815	0.645	0.048	0.009	0.094	0.14574
1.15379	-2.78009	0.28935	0.644	-0.112	-0.048	-0.042	-0.06522
1.17477	-2.76133	0.26823	0.645	0.129	-0.066	-0.035	-0.05426
							--
#	BAND	=	0	0	80		--
0	-2.76535	0.29893	0.647	-0.056	0.092	0.052	0.08037
0.02098	-2.74536	0.26936	0.648	0.094	0.037	0.048	0.07407
0.04196	-2.72689	0.26098	0.648	-0.098	0.123	0.054	0.08333
0.06293	-2.73743	0.29997	0.647	-0.055	0.099	0.004	0.00618
0.08391	-2.72029	0.21597	0.65	0.061	0.024	0.082	0.12615
0.10489	-2.68466	0.19694	0.652	0.058	0.002	0.068	0.10429
0.12587	-2.6596	0.24949	0.651	-0.021	0.199	0.038	0.05837
0.14685	-2.65653	0.29989	0.65	-0.032	0.187	-0.008	-0.01231
0.16782	-2.654	0.3136	0.649	-0.026	0.175	-0.014	-0.02157
0.1888	-2.64981	0.31884	0.648	-0.022	0.17	-0.017	-0.02623
0.20978	-2.64357	0.32309	0.648	-0.018	0.169	-0.018	-0.02778
0.23076	-2.63511	0.32531	0.647	-0.016	0.17	-0.02	-0.03091
0.25174	-2.62438	0.33044	0.647	-0.014	0.173	-0.021	-0.03246
0.27271	-2.61143	0.33199	0.648	-0.012	0.178	-0.022	-0.03395
0.29369	-2.59627	0.33195	0.648	-0.011	0.186	-0.024	-0.03704
0.31467	-2.57901	0.33449	0.649	-0.01	0.195	-0.026	-0.04006
0.33565	-2.55973	0.33462	0.649	-0.01	0.206	-0.029	-0.04468
0.35663	-2.53853	0.33508	0.65	-0.01	0.218	-0.033	-0.05077
0.3776	-2.51552	0.33438	0.651	-0.01	0.227	-0.038	-0.05837
0.39858	-2.49086	0.33641	0.653	-0.01	0.232	-0.044	-0.06738
0.41956	-2.46479	0.3341	0.655	-0.01	0.227	-0.051	-0.07786
0.44054	-2.43766	0.33395	0.657	-0.01	0.207	-0.059	-0.0898
0.46152	-2.41	0.33277	0.659	-0.01	0.164	-0.068	-0.10319
0.4825	-2.38259	0.33006	0.662	-0.01	0.091	-0.076	-0.1148
0.50347	-2.35652	0.32954	0.665	-0.01	-0.014	-0.082	-0.12331
0.52445	-2.3332	0.33046	0.668	-0.009	-0.141	-0.081	-0.12126
0.54543	-2.31433	0.32965	0.67	-0.008	-0.266	-0.075	-0.11194
0.56641	-2.30167	0.32977	0.672	-0.006	-0.354	-0.066	-0.09821
0.58739	-2.29662	0.3339	0.673	0	-0.156	-0.085	-0.1263
0.58739	-2.29662	0.3339	0.673	0	-0.156	-0.085	-0.1263
0.60836	-2.30158	0.32998	0.672	0.007	0.372	0.063	0.09375
0.62934	-2.31423	0.32965	0.67	0.008	0.272	0.074	0.11045
0.65032	-2.3331	0.33046	0.668	0.009	0.142	0.081	0.12126
0.6713	-2.35642	0.32992	0.665	0.01	0.012	0.082	0.12331
0.69228	-2.38249	0.33088	0.662	0.011	-0.095	0.076	0.1148
0.71325	-2.40991	0.33277	0.659	0.011	-0.168	0.068	0.10319
0.73423	-2.43758	0.33367	0.657	0.01	-0.211	0.059	0.0898
0.75521	-2.46472	0.33341	0.655	0.01	-0.23	0.051	0.07786
0.77619	-2.49079	0.33575	0.653	0.01	-0.234	0.044	0.06738
0.79717	-2.51546	0.33523	0.652	0.01	-0.229	0.039	0.05982
0.81814	-2.53847	0.33573	0.65	0.01	-0.22	0.034	0.05231
0.83912	-2.55967	0.33386	0.649	0.01	-0.208	0.029	0.04468
0.8601	-2.57895	0.33425	0.649	0.011	-0.197	0.026	0.04006
0.88108	-2.59622	0.33211	0.648	0.011	-0.187	0.024	0.03704
0.90206	-2.61138	0.3321	0.648	0.013	-0.18	0.022	0.03395
0.92303	-2.62434	0.32945	0.647	0.014	-0.174	0.021	0.03246
0.94401	-2.63508	0.32565	0.647	0.016	-0.171	0.02	0.03091
0.96499	-2.64354	0.32267	0.648	0.019	-0.17	0.018	0.02778
0.98597	-2.64979	0.31875	0.648	0.022	-0.172	0.017	0.02623
1.00695	-2.65398	0.3136	0.649	0.026	-0.176	0.014	0.02157
1.02792	-2.65652	0.29916	0.65	0.032	-0.189	0.007	0.01077
1.0489	-2.65961	0.25011	0.651	0.021	-0.199	-0.038	-0.05837
1.06988	-2.68463	0.19748	0.652	-0.06	-0.002	-0.068	-0.10429
1.09086	-2.72025	0.21522	0.65	-0.063	-0.024	-0.082	-0.12615
1.11184	-2.73741	0.30013	0.647	0.055	-0.1	-0.004	-0.00618
1.13281	-2.72691	0.26098	0.648	0.094	-0.122	-0.054	-0.08333
1.15379	-2.74537	0.26875	0.648	-0.095	-0.037	-0.047	-0.07253
1.17477	-2.76535	0.29893	0.647	-0.056	0.092	0.052	0.08037
							--
#	BAND	=	0	0	81		--
0	-2.75032	0.29893	0.647	0.056	-0.092	-0.052	-0.08037
0.02098	-2.72626	0.27352	0.647	-0.094	-0.042	-0.057	-0.0881
0.04196	-2.70995	0.25911	0.648	0.101	-0.143	-0.06	-0.09259
0.06293	-2.71724	0.28933	0.648	0.055	-0.09	-0.005	-0.00772
0.08391	-2.6951	0.22599	0.649	-0.061	-0.028	-0.09	-0.13867
0.10489	-2.65904	0.20268	0.651	-0.057	-0.032	-0.08	-0.12289
0.12587	-2.63926	0.2494	0.652	0.029	-0.243	-0.059	-0.09049
0.14685	-2.63196	0.27981	0.651	0.034	-0.198	-0.011	-0.0169
0.16782	-2.62637	0.29677	0.651	0.027	-0.174	-0.006	-0.00922
0.1888	-2.61984	0.30609	0.65	0.023	-0.164	-0.006	-0.00923
0.20978	-2.61171	0.31242	0.65	0.02	-0.159	-0.008	-0.01231
0.23076	-2.60178	0.3175	0.649	0.017	-0.156	-0.009	-0.01387
0.25174	-2.58999	0.3211	0.65	0.015	-0.157	-0.01	-0.01538
0.27271	-2.57639	0.32232	0.65	0.014	-0.159	-0.01	-0.01538
0.29369	-2.561	0.32476	0.65	0.012	-0.164	-0.009	-0.01385
0.31467	-2.54392	0.3255	0.651	0.012	-0.171	-0.005	-0.00768
0.33565	-2.52521	0.32538	0.651	0.011	-0.179	0	0
0.35663	-2.50495	0.32961	0.652	0.011	-0.187	0.006	0.0092
0.3776	-2.48319	0.32921	0.653	0.011	-0.194	0.014	0.02144
0.39858	-2.46004	0.33012	0.655	0.011	-0.196	0.024	0.03664
0.41956	-2.43566	0.33317	0.656	0.011	-0.19	0.034	0.05183
0.44054	-2.41033	0.3329	0.658	0.011	-0.168	0.045	0.06839
0.46152	-2.38449	0.3342	0.66	0.011	-0.125	0.055	0.08333
0.4825	-2.35883	0.33492	0.663	0.011	-0.053	0.064	0.09653
0.50347	-2.33443	0.33582	0.666	0.011	0.049	0.069	0.1036
0.52445	-2.31273	0.33598	0.668	0.009	0.171	0.069	0.10329
0.54543	-2.29552	0.33593	0.671	0.008	0.288	0.064	0.09538
0.56641	-2.28466	0.33334	0.672	0.006	0.366	0.059	0.0878
0.58739	-2.28153	0.33317	0.673	0	0.156	0.085	0.1263
0.58739	-2.28153	0.33317	0.673	0	0.156	0.085	0.1263
0.60836	-2.28473	0.33334	0.672	-0.007	-0.384	-0.056	-0.08333
0.62934	-2.29559	0.3347	0.671	-0.008	-0.295	-0.063	-0.09389
0.65032	-2.3128	0.33598	0.668	-0.01	-0.172	-0.069	-0.10329
0.6713	-2.33449	0.33565	0.666	-0.011	-0.047	-0.069	-0.1036
0.69228	-2.35889	0.33492	0.663	-0.011	0.057	-0.064	-0.09653
0.71325	-2.38454	0.33358	0.66	-0.012	0.129	-0.056	-0.08485
0.73423	-2.41037	0.33326	0.658	-0.011	0.172	-0.045	-0.06839
0.75521	-2.4357	0.33321	0.656	-0.011	0.193	-0.034	-0.05183
0.77619	-2.46007	0.33027	0.655	-0.011	0.199	-0.024	-0.03664
0.79717	-2.48322	0.32972	0.653	-0.011	0.196	-0.015	-0.02297
0.81814	-2.50498	0.33015	0.652	-0.011	0.189	-0.006	-0.0092
0.83912	-2.52524	0.32614	0.651	-0.011	0.181	0	0
0.8601	-2.54395	0.32511	0.651	-0.012	0.172	0.005	0.00768
0.88108	-2.56103	0.3243	0.65	-0.013	0.166	0.008	0.01231
0.90206	-2.57641	0.32193	0.65	-0.014	0.161	0.01	0.01538
0.92303	-2.59001	0.3211	0.65	-0.015	0.158	0.01	0.01538
0.94401	-2.6018	0.31797	0.649	-0.017	0.158	0.009	0.01387
0.96499	-2.61173	0.3118	0.65	-0.02	0.16	0.008	0.01231
0.98597	-2.61985	0.30443	0.65	-0.023	0.165	0.006	0.00923
1.00695	-2.62638	0.29616	0.651	-0.028	0.176	0.006	0.00922
1.02792	-2.63196	0.27915	0.651	-0.034	0.2	0.012	0.01843
1.0489	-2.63923	0.24998	0.652	-0.029	0.243	0.059	0.09049
1.06988	-2.65908	0.20143	0.651	0.059	0.032	0.08	0.12289
1.09086	-2.69512	0.22545	0.649	0.063	0.028	0.09	0.13867
1.11184	-2.71725	0.28933	0.648	-0.054	0.091	0.005	0.00772
1.13281	-2.70992	0.2588	0.648	-0.097	0.142	0.061	0.09414
1.15379	-2.72627	0.27352	0.647	0.095	0.041	0.057	0.0881
1.17477	-2.75032	0.29893	0.647	0.056	-0.092	-0.052	-0.08037
							--
#	BAND	=	0	0	82		--
0	-2.69734	0.24062	0.653	-0.511	-0.042	-0.01	-0.01531
0.02098	-2.70614	0.2823	0.652	-0.084	0.043	-0.034	-0.05215
0.04196	-2.70863	0.29579	0.652	0.074	0.119	0.033	0.05061
0.06293	-2.68457	0.26064	0.654	0.095	0.073	0.064	0.09786
0.08391	-2.66303	0.2351	0.655	-0.009	0.154	0.056	0.0855
0.10489	-2.65622	0.27872	0.653	-0.034	0.158	-0.008	-0.01225
0.12587	-2.63849	0.22322	0.655	0.038	0.133	0.054	0.08244
0.14685	-2.60439	0.19661	0.657	0.077	0.086	0.062	0.09437
0.16782	-2.57146	0.18583	0.658	0.074	0.126	0.05	0.07599
0.1888	-2.54767	0.23061	0.658	0.021	0.22	0.014	0.02128
0.20978	-2.53153	0.26844	0.657	-0.004	0.227	-0.01	-0.01522
0.23076	-2.51724	0.29294	0.657	-0.009	0.226	-0.02	-0.03044
0.25174	-2.50292	0.30427	0.656	-0.01	0.23	-0.025	-0.03811
0.27271	-2.48791	0.31136	0.656	-0.01	0.236	-0.028	-0.04268
0.29369	-2.47187	0.31917	0.656	-0.01	0.244	-0.031	-0.04726
0.31467	-2.45462	0.32438	0.656	-0.009	0.253	-0.034	-0.05183
0.33565	-2.43608	0.32684	0.656	-0.009	0.263	-0.037	-0.0564
0.35663	-2.41624	0.32854	0.657	-0.008	0.272	-0.04	-0.06088
0.3776	-2.39511	0.33087	0.657	-0.008	0.279	-0.043	-0.06545
0.39858	-2.3728	0.3331	0.659	-0.007	0.283	-0.047	-0.07132
0.41956	-2.34947	0.33271	0.66	-0.007	0.28	-0.051	-0.07727
0.44054	-2.32542	0.33091	0.661	-0.007	0.269	-0.056	-0.08472
0.46152	-2.30109	0.33	0.663	-0.006	0.243	-0.062	-0.09351
0.4825	-2.27706	0.3307	0.665	-0.006	0.197	-0.067	-0.10075
0.50347	-2.25431	0.33138	0.668	-0.005	0.114	-0.07	-0.10479
0.52445	-2.2342	0.33362	0.67	-0.004	-0.051	-0.065	-0.09701
0.54543	-2.21862	0.33515	0.672	0	-0.379	-0.039	-0.05804
0.56641	-2.20899	0.3357	0.673	0.005	-0.584	-0.004	-0.00594
0.58739	-2.2055	0.33606	0.674	-0.001	-0.182	-0.029	-0.04303
0.58739	-2.2055	0.33606	0.674	-0.001	-0.182	-0.029	-0.04303
0.60836	-2.20896	0.33499	0.673	-0.005	0.583	-0.003	-0.00446
0.62934	-2.21852	0.33517	0.672	0	0.403	0.037	0.05506
0.65032	-2.23408	0.33362	0.67	0.004	0.048	0.065	0.09701
0.6713	-2.25418	0.33047	0.668	0.006	-0.12	0.07	0.10479
0.69228	-2.27695	0.33057	0.665	0.006	-0.203	0.067	0.10075
0.71325	-2.30098	0.33016	0.663	0.007	-0.248	0.062	0.09351
0.73423	-2.32533	0.33102	0.661	0.007	-0.273	0.056	0.08472
0.75521	-2.34939	0.33214	0.66	0.008	-0.284	0.051	0.07727
0.77619	-2.37272	0.33353	0.659	0.008	-0.286	0.047	0.07132
0.79717	-2.39504	0.33016	0.657	0.008	-0.282	0.043	0.06545
0.81814	-2.41618	0.32905	0.657	0.009	-0.275	0.04	0.06088
0.83912	-2.43603	0.32677	0.656	0.009	-0.265	0.037	0.0564
0.8601	-2.45457	0.32438	0.656	0.01	-0.255	0.034	0.05183
0.88108	-2.47183	0.31928	0.656	0.01	-0.246	0.031	0.04726
0.90206	-2.48788	0.31263	0.656	0.011	-0.238	0.028	0.04268
0.92303	-2.50289	0.30427	0.656	0.011	-0.231	0.024	0.03659
0.94401	-2.51722	0.29294	0.657	0.01	-0.228	0.019	0.02892
0.96499	-2.53151	0.26949	0.657	0.004	-0.228	0.01	0.01522
0.98597	-2.54766	0.22987	0.658	-0.021	-0.22	-0.014	-0.02128
1.00695	-2.57143	0.18583	0.658	-0.075	-0.126	-0.049	-0.07447
1.02792	-2.60437	0.19646	0.657	-0.08	-0.087	-0.062	-0.09437
1.0489	-2.63851	0.2237	0.655	-0.04	-0.133	-0.054	-0.08244
1.06988	-2.65623	0.27952	0.654	0.033	-0.158	0.007	0.0107
1.09086	-2.66304	0.2353	0.655	0.005	-0.153	-0.056	-0.0855
1.11184	-2.68457	0.26122	0.654	-0.101	-0.072	-0.064	-0.09786
1.13281	-2.70861	0.29409	0.652	-0.08	-0.118	-0.032	-0.04908
1.15379	-2.70612	0.2823	0.652	0.081	-0.042	0.034	0.05215
1.17477	-2.69734	0.24062	0.653	-0.511	-0.042	-0.01	-0.01531
							--
#	BAND	=	0	0	83		--
0	-2.68232	0.24062	0.653	0.511	0.042	0.01	0.01531
0.02098	-2.68822	0.27184	0.653	0.084	-0.042	0.04	0.06126
0.04196	-2.69101	0.305	0.652	-0.076	-0.099	-0.031	-0.04755
0.06293	-2.66648	0.2556	0.653	-0.095	-0.071	-0.072	-0.11026
0.08391	-2.64502	0.23771	0.655	0.012	-0.161	-0.072	-0.10992
0.10489	-2.63381	0.27805	0.655	0.034	-0.143	-0.004	-0.00611
0.12587	-2.61556	0.25777	0.655	-0.046	-0.101	-0.058	-0.08855
0.14685	-2.58141	0.20526	0.656	-0.079	-0.089	-0.073	-0.11128
0.16782	-2.54907	0.19397	0.658	-0.07	-0.151	-0.072	-0.10942
0.1888	-2.52468	0.23388	0.659	-0.012	-0.234	-0.039	-0.05918
0.20978	-2.5053	0.26223	0.659	0.009	-0.223	-0.013	-0.01973
0.23076	-2.48811	0.28646	0.658	0.013	-0.213	-0.003	-0.00456
0.25174	-2.47159	0.30155	0.658	0.013	-0.211	0.003	0.00456
0.27271	-2.455	0.31173	0.658	0.013	-0.213	0.007	0.01064
0.29369	-2.43792	0.31858	0.658	0.012	-0.218	0.01	0.0152
0.31467	-2.42012	0.32626	0.658	0.012	-0.224	0.014	0.02128
0.33565	-2.4015	0.32876	0.658	0.011	-0.231	0.018	0.02736
0.35663	-2.382	0.33232	0.659	0.011	-0.237	0.022	0.03338
0.3776	-2.36161	0.33479	0.66	0.01	-0.241	0.027	0.04091
0.39858	-2.34043	0.33799	0.661	0.01	-0.241	0.031	0.0469
0.41956	-2.3186	0.3395	0.662	0.009	-0.236	0.036	0.05438
0.44054	-2.29641	0.33999	0.663	0.009	-0.221	0.039	0.05882
0.46152	-2.2743	0.34184	0.665	0.008	-0.194	0.042	0.06316
0.4825	-2.25287	0.33977	0.667	0.007	-0.147	0.042	0.06297
0.50347	-2.233	0.33774	0.669	0.006	-0.066	0.04	0.05979
0.52445	-2.21571	0.33741	0.671	0.004	0.093	0.032	0.04769
0.54543	-2.20204	0.33583	0.672	-0.001	0.41	0.011	0.01637
0.56641	-2.1932	0.33725	0.673	-0.005	0.599	-0.012	-0.01783
0.58739	-2.19042	0.33606	0.674	0.001	0.182	0.028	0.04154
0.58739	-2.19042	0.33606	0.674	0.001	0.182	0.028	0.04154
0.60836	-2.19321	0.33657	0.673	0.005	-0.598	0.019	0.02823
0.62934	-2.20209	0.33618	0.672	0	-0.433	-0.009	-0.01339
0.65032	-2.21577	0.33741	0.671	-0.004	-0.09	-0.032	-0.04769
0.6713	-2.23306	0.33774	0.669	-0.006	0.072	-0.04	-0.05979
0.69228	-2.25292	0.34054	0.667	-0.008	0.152	-0.042	-0.06297
0.71325	-2.27434	0.34184	0.665	-0.008	0.198	-0.042	-0.06316
0.73423	-2.29645	0.33976	0.663	-0.009	0.225	-0.039	-0.05882
0.75521	-2.31863	0.33755	0.662	-0.01	0.239	-0.036	-0.05438
0.77619	-2.34045	0.33799	0.661	-0.01	0.244	-0.031	-0.0469
0.79717	-2.36164	0.33424	0.66	-0.011	0.243	-0.027	-0.04091
0.81814	-2.38202	0.33345	0.659	-0.011	0.239	-0.022	-0.03338
0.83912	-2.40152	0.32876	0.658	-0.012	0.233	-0.018	-0.02736
0.8601	-2.42014	0.32573	0.658	-0.012	0.226	-0.014	-0.02128
0.88108	-2.43793	0.31947	0.658	-0.013	0.22	-0.01	-0.0152
0.90206	-2.45501	0.31151	0.658	-0.014	0.215	-0.006	-0.00912
0.92303	-2.4716	0.30243	0.658	-0.014	0.212	-0.003	-0.00456
0.94401	-2.48812	0.28646	0.658	-0.014	0.214	0.003	0.00456
0.96499	-2.5053	0.26223	0.659	-0.01	0.223	0.013	0.01973
0.98597	-2.52468	0.23349	0.659	0.012	0.233	0.04	0.0607
1.00695	-2.54909	0.19428	0.658	0.072	0.15	0.071	0.1079
1.02792	-2.58143	0.20557	0.656	0.081	0.09	0.073	0.11128
1.0489	-2.61555	0.25777	0.655	0.048	0.101	0.058	0.08855
1.06988	-2.63381	0.27843	0.655	-0.033	0.143	0.004	0.00611
1.09086	-2.64504	0.23843	0.655	-0.008	0.16	0.072	0.10992
1.11184	-2.66651	0.25435	0.653	0.1	0.07	0.072	0.11026
1.13281	-2.69103	0.305	0.652	0.082	0.098	0.03	0.04601
1.15379	-2.68821	0.27184	0.653	-0.081	0.042	-0.04	-0.06126
1.17477	-2.68232	0.24062	0.653	0.511	0.042	0.01	0.01531
							--
#	BAND	=	0	0	84		--
0	-2.67372	0.37112	0.655	-0.045	-0.085	-0.084	-0.12824
0.02098	-2.66739	0.34019	0.656	0.107	0.138	0.08	0.12195
0.04196	-2.6578	0.31841	0.657	0.008	0.166	0.028	0.04262
0.06293	-2.65093	0.33414	0.657	-0.016	0.142	-0.002	-0.00304
0.08391	-2.64042	0.35135	0.657	0.007	0.134	0.01	0.01522
0.10489	-2.61705	0.30647	0.658	0.035	0.139	0.025	0.03799
0.12587	-2.59192	0.29052	0.66	0.012	0.149	0.02	0.0303
0.14685	-2.56957	0.29925	0.66	-0.012	0.154	0.008	0.01212
0.16782	-2.54784	0.30871	0.661	-0.017	0.156	0.011	0.01664
0.1888	-2.51901	0.25606	0.662	-0.004	0.136	0.016	0.02417
0.20978	-2.48611	0.22394	0.664	0.015	0.125	0.008	0.01205
0.23076	-2.4544	0.21473	0.665	0.021	0.129	-0.003	-0.00451
0.25174	-2.42555	0.22207	0.666	0.018	0.14	-0.013	-0.01952
0.27271	-2.39977	0.23774	0.666	0.013	0.152	-0.02	-0.03003
0.29369	-2.37638	0.25007	0.666	0.008	0.163	-0.025	-0.03754
0.31467	-2.35457	0.26413	0.665	0.005	0.171	-0.028	-0.04211
0.33565	-2.33372	0.27327	0.665	0.003	0.177	-0.031	-0.04662
0.35663	-2.31339	0.27873	0.665	0.002	0.182	-0.032	-0.04812
0.3776	-2.29331	0.28446	0.665	0.001	0.183	-0.033	-0.04962
0.39858	-2.27337	0.2842	0.666	0	0.18	-0.034	-0.05105
0.41956	-2.25352	0.28197	0.666	0	0.173	-0.035	-0.05255
0.44054	-2.23383	0.27536	0.667	0	0.16	-0.035	-0.05247
0.46152	-2.21443	0.26843	0.668	0	0.142	-0.035	-0.0524
0.4825	-2.19543	0.25546	0.669	0	0.119	-0.037	-0.05531
0.50347	-2.17679	0.24663	0.67	0	0.101	-0.043	-0.06418
0.52445	-2.15879	0.31958	0.672	-0.005	0.452	-0.049	-0.07292
0.54543	-2.14931	0.35752	0.673	-0.002	0.259	-0.046	-0.06835
0.56641	-2.14287	0.36634	0.673	-0.002	0.279	-0.051	-0.07578
0.58739	-2.13944	0.3737	0.674	-0.067	-0.095	0.059	0.08754
0.58739	-2.13944	0.3737	0.674	-0.067	-0.095	0.059	0.08754
0.60836	-2.14291	0.36669	0.673	0.001	-0.275	0.051	0.07578
0.62934	-2.14935	0.35752	0.673	0.001	-0.256	0.046	0.06835
0.65032	-2.15875	0.33089	0.672	0.006	-0.464	0.048	0.07143
0.6713	-2.17663	0.24652	0.67	0.001	-0.105	0.043	0.06418
0.69228	-2.19528	0.25589	0.669	0.001	-0.122	0.038	0.0568
0.71325	-2.2143	0.26916	0.668	0.001	-0.144	0.036	0.05389
0.73423	-2.23371	0.27567	0.667	0.001	-0.162	0.035	0.05247
0.75521	-2.25341	0.28197	0.666	0.001	-0.175	0.035	0.05255
0.77619	-2.27327	0.28463	0.666	0	-0.182	0.034	0.05105
0.79717	-2.29322	0.28464	0.665	0	-0.184	0.033	0.04962
0.81814	-2.31331	0.27912	0.665	-0.001	-0.183	0.032	0.04812
0.83912	-2.33364	0.27355	0.665	-0.002	-0.178	0.03	0.04511
0.8601	-2.3545	0.26452	0.665	-0.004	-0.172	0.028	0.04211
0.88108	-2.37632	0.25007	0.666	-0.008	-0.163	0.025	0.03754
0.90206	-2.39973	0.23774	0.666	-0.012	-0.152	0.02	0.03003
0.92303	-2.42553	0.22263	0.666	-0.018	-0.14	0.012	0.01802
0.94401	-2.45439	0.21464	0.665	-0.021	-0.128	0.003	0.00451
0.96499	-2.48612	0.22422	0.664	-0.016	-0.124	-0.008	-0.01205
0.98597	-2.51902	0.25657	0.662	0.003	-0.135	-0.016	-0.02417
1.00695	-2.54784	0.30976	0.661	0.016	-0.155	-0.011	-0.01664
1.02792	-2.56956	0.29925	0.66	0.011	-0.155	-0.008	-0.01212
1.0489	-2.59191	0.29052	0.66	-0.013	-0.149	-0.02	-0.0303
1.06988	-2.61704	0.30678	0.658	-0.036	-0.139	-0.025	-0.03799
1.09086	-2.6404	0.35189	0.657	-0.007	-0.134	-0.011	-0.01674
1.11184	-2.65093	0.33353	0.657	0.016	-0.144	0.001	0.00152
1.13281	-2.65782	0.31738	0.657	-0.01	-0.168	-0.031	-0.04718
1.15379	-2.66744	0.33957	0.656	-0.104	-0.136	-0.081	-0.12348
1.17477	-2.67372	0.37112	0.655	-0.045	-0.085	-0.084	-0.12824
							--
#	BAND	=	0	0	85		--
0	-2.65867	0.37112	0.655	0.045	0.085	0.084	0.12824
0.02098	-2.65138	0.33578	0.656	-0.107	-0.125	-0.084	-0.12805
0.04196	-2.6408	0.32843	0.657	-0.007	-0.143	-0.03	-0.04566
0.06293	-2.63139	0.34238	0.657	0.017	-0.107	0.003	0.00457
0.08391	-2.61923	0.36834	0.657	-0.008	-0.082	-0.004	-0.00609
0.10489	-2.59733	0.34188	0.658	-0.034	-0.089	-0.026	-0.03951
0.12587	-2.57162	0.32573	0.659	-0.01	-0.096	-0.028	-0.04249
0.14685	-2.54654	0.32786	0.66	0.014	-0.092	-0.019	-0.02879
0.16782	-2.52107	0.33282	0.661	0.014	-0.077	-0.018	-0.02723
0.1888	-2.49167	0.30839	0.662	-0.004	-0.068	-0.023	-0.03474
0.20978	-2.45924	0.27914	0.663	-0.02	-0.071	-0.022	-0.03318
0.23076	-2.42721	0.26735	0.665	-0.023	-0.079	-0.016	-0.02406
0.25174	-2.39726	0.26622	0.666	-0.019	-0.088	-0.009	-0.01351
0.27271	-2.36985	0.27472	0.666	-0.012	-0.098	-0.003	-0.0045
0.29369	-2.34474	0.28681	0.666	-0.007	-0.106	0.002	0.003
0.31467	-2.32142	0.29688	0.667	-0.004	-0.111	0.006	0.009
0.33565	-2.29945	0.30832	0.667	-0.002	-0.112	0.009	0.01349
0.35663	-2.27846	0.31496	0.667	-0.001	-0.11	0.011	0.01649
0.3776	-2.25821	0.32005	0.667	0	-0.104	0.012	0.01799
0.39858	-2.2386	0.32525	0.667	0.001	-0.092	0.012	0.01799
0.41956	-2.21966	0.32845	0.668	0.001	-0.073	0.01	0.01497
0.44054	-2.20151	0.33214	0.669	0.001	-0.046	0.006	0.00897
0.46152	-2.18443	0.33299	0.67	0.001	-0.011	0	0
0.4825	-2.16876	0.33541	0.671	0	0.031	-0.01	-0.0149
0.50347	-2.15495	0.33642	0.672	0	0.068	-0.022	-0.03274
0.52445	-2.14302	0.2856	0.671	0.004	-0.288	-0.034	-0.05067
0.54543	-2.12914	0.35666	0.673	0.001	-0.21	0.004	0.00594
0.56641	-2.12432	0.3779	0.674	0.002	-0.278	0.045	0.06677
0.58739	-2.12439	0.3737	0.674	0.067	0.095	-0.059	-0.08754
0.58739	-2.12439	0.3737	0.674	0.067	0.095	-0.059	-0.08754
0.60836	-2.12427	0.37706	0.674	0	0.274	-0.045	-0.06677
0.62934	-2.12903	0.35794	0.673	0	0.209	-0.005	-0.00743
0.65032	-2.14293	0.27604	0.671	-0.005	0.301	0.035	0.05216
0.6713	-2.155	0.33685	0.671	-0.001	-0.064	0.022	0.03279
0.69228	-2.16881	0.33541	0.671	-0.001	-0.029	0.01	0.0149
0.71325	-2.18447	0.33238	0.67	-0.002	0.013	0	0
0.73423	-2.20154	0.33171	0.669	-0.002	0.047	-0.007	-0.01046
0.75521	-2.21969	0.32861	0.668	-0.002	0.074	-0.011	-0.01647
0.77619	-2.23863	0.3257	0.667	-0.002	0.093	-0.012	-0.01799
0.79717	-2.25823	0.32062	0.667	-0.001	0.105	-0.012	-0.01799
0.81814	-2.27848	0.31349	0.667	0	0.111	-0.011	-0.01649
0.83912	-2.29947	0.30897	0.667	0.001	0.113	-0.009	-0.01349
0.8601	-2.32144	0.29793	0.667	0.003	0.111	-0.006	-0.009
0.88108	-2.34475	0.28714	0.666	0.006	0.105	-0.002	-0.003
0.90206	-2.36986	0.27538	0.666	0.011	0.097	0.003	0.0045
0.92303	-2.39726	0.26622	0.666	0.018	0.087	0.009	0.01351
0.94401	-2.42721	0.26735	0.665	0.023	0.078	0.016	0.02406
0.96499	-2.45924	0.27914	0.663	0.02	0.071	0.022	0.03318
0.98597	-2.49167	0.30839	0.662	0.005	0.068	0.023	0.03474
1.00695	-2.52107	0.33325	0.661	-0.014	0.077	0.018	0.02723
1.02792	-2.54656	0.32786	0.66	-0.014	0.093	0.02	0.0303
1.0489	-2.57164	0.32616	0.659	0.012	0.097	0.028	0.04249
1.06988	-2.59735	0.34188	0.658	0.036	0.089	0.026	0.03951
1.09086	-2.61923	0.36884	0.657	0.008	0.083	0.004	0.00609
1.11184	-2.63139	0.34238	0.657	-0.016	0.109	-0.001	-0.00152
1.13281	-2.64078	0.32662	0.657	0.009	0.145	0.033	0.05023
1.15379	-2.65135	0.33753	0.656	0.104	0.122	0.085	0.12957
1.17477	-2.65867	0.37112	0.655	0.045	0.085	0.084	0.12824
							--
#	BAND	=	0	0	86		--
0	-2.60241	0.47346	0.653	-0.105	0.005	-0.074	-0.11332
0.02098	-2.60248	0.47485	0.653	-0.009	0.099	-0.031	-0.04747
0.04196	-2.59856	0.4726	0.653	-0.005	0.101	-0.027	-0.04135
0.06293	-2.58977	0.46318	0.654	-0.003	0.104	-0.022	-0.03364
0.08391	-2.57689	0.45462	0.656	-0.003	0.106	-0.017	-0.02591
0.10489	-2.56115	0.44902	0.657	-0.004	0.106	-0.012	-0.01826
0.12587	-2.54251	0.44508	0.657	-0.003	0.103	-0.004	-0.00609
0.14685	-2.52022	0.43678	0.659	-0.001	0.099	0.004	0.00607
0.16782	-2.49468	0.42034	0.661	0.002	0.097	0.007	0.01059
0.1888	-2.46739	0.40608	0.662	0.002	0.094	0.007	0.01057
0.20978	-2.43933	0.39546	0.664	0.001	0.089	0.007	0.01054
0.23076	-2.41077	0.38813	0.665	-0.001	0.08	0.006	0.00902
0.25174	-2.38167	0.37005	0.666	-0.001	0.069	0.004	0.00601
0.27271	-2.35248	0.35095	0.668	-0.002	0.058	0.001	0.0015
0.29369	-2.32403	0.33203	0.669	-0.001	0.046	-0.002	-0.00299
0.31467	-2.29712	0.31936	0.67	-0.001	0.034	-0.004	-0.00597
0.33565	-2.27224	0.3107	0.671	-0.001	0.02	-0.003	-0.00447
0.35663	-2.24959	0.30554	0.671	0	0.004	-0.001	-0.00149
0.3776	-2.22918	0.29979	0.671	0	-0.015	0.004	0.00596
0.39858	-2.21091	0.2972	0.671	0	-0.036	0.01	0.0149
0.41956	-2.19468	0.29507	0.671	0	-0.06	0.019	0.02832
0.44054	-2.18037	0.29299	0.671	0.001	-0.086	0.029	0.04322
0.46152	-2.16792	0.29137	0.671	0.001	-0.114	0.04	0.05961
0.4825	-2.15725	0.29154	0.672	0.002	-0.142	0.05	0.0744
0.50347	-2.1482	0.28197	0.672	0.002	-0.166	0.057	0.08482
0.52445	-2.13997	0.24584	0.672	0.003	-0.161	0.05	0.0744
0.54543	-2.12708	0.12276	0.67	0.003	-0.041	-0.037	-0.05522
0.56641	-2.10209	0.08246	0.671	0.002	0.013	-0.137	-0.20417
0.58739	-2.069	0.13787	0.672	0.001	0.037	-0.185	-0.2753
0.58739	-2.069	0.13787	0.672	0.001	0.037	-0.185	-0.2753
0.60836	-2.10174	0.08246	0.671	-0.002	-0.013	0.138	0.20566
0.62934	-2.12685	0.12196	0.67	-0.003	0.04	0.038	0.05672
0.65032	-2.13988	0.24347	0.672	-0.003	0.16	-0.05	-0.0744
0.6713	-2.14813	0.28097	0.672	-0.002	0.165	-0.057	-0.08482
0.69228	-2.15718	0.29154	0.672	-0.001	0.142	-0.05	-0.0744
0.71325	-2.16786	0.29137	0.671	-0.001	0.114	-0.04	-0.05961
0.73423	-2.18031	0.29199	0.671	0	0.087	-0.029	-0.04322
0.75521	-2.19461	0.29507	0.671	0	0.06	-0.019	-0.02832
0.77619	-2.21085	0.2977	0.671	0.001	0.036	-0.01	-0.0149
0.79717	-2.22912	0.30033	0.671	0.001	0.015	-0.004	-0.00596
0.81814	-2.24953	0.30554	0.671	0.001	-0.004	0.001	0.00149
0.83912	-2.27219	0.3107	0.671	0.001	-0.02	0.003	0.00447
0.8601	-2.29707	0.31995	0.67	0.001	-0.034	0.004	0.00597
0.88108	-2.32398	0.33203	0.669	0.002	-0.046	0.002	0.00299
0.90206	-2.35243	0.35149	0.668	0.002	-0.058	-0.001	-0.0015
0.92303	-2.38162	0.37066	0.666	0.002	-0.069	-0.004	-0.00601
0.94401	-2.41073	0.38763	0.665	0.002	-0.081	-0.006	-0.00902
0.96499	-2.4393	0.39618	0.664	0	-0.09	-0.007	-0.01054
0.98597	-2.46735	0.40608	0.662	0	-0.095	-0.008	-0.01208
1.00695	-2.49465	0.42113	0.661	0	-0.098	-0.008	-0.0121
1.02792	-2.52019	0.43805	0.659	0.002	-0.1	-0.004	-0.00607
1.0489	-2.54248	0.44508	0.657	0.004	-0.104	0.003	0.00457
1.06988	-2.56112	0.44902	0.657	0.005	-0.107	0.011	0.01674
1.09086	-2.57687	0.45462	0.656	0.004	-0.107	0.017	0.02591
1.11184	-2.58975	0.46318	0.654	0.003	-0.105	0.021	0.03211
1.13281	-2.59853	0.47237	0.653	0.005	-0.102	0.026	0.03982
1.15379	-2.60245	0.4755	0.653	0.007	-0.1	0.03	0.04594
1.17477	-2.60241	0.47346	0.653	-0.105	0.005	-0.074	-0.11332
							--
#	BAND	=	0	0	87		--
0	-2.58738	0.47346	0.653	0.105	-0.004	0.074	0.11332
0.02098	-2.58411	0.47961	0.653	0.009	-0.097	0.029	0.04441
0.04196	-2.57722	0.47994	0.653	0.005	-0.098	0.023	0.03522
0.06293	-2.56611	0.48025	0.654	0.003	-0.098	0.016	0.02446
0.08391	-2.55123	0.47624	0.655	0.003	-0.097	0.011	0.01679
0.10489	-2.53349	0.47242	0.656	0.004	-0.095	0.006	0.00915
0.12587	-2.51316	0.47018	0.657	0.002	-0.091	0.001	0.00152
0.14685	-2.49	0.46557	0.658	0	-0.085	-0.003	-0.00456
0.16782	-2.46415	0.45832	0.66	-0.002	-0.08	-0.006	-0.00909
0.1888	-2.43634	0.44895	0.661	-0.001	-0.074	-0.007	-0.01059
0.20978	-2.40733	0.44037	0.663	0	-0.067	-0.006	-0.00905
0.23076	-2.37756	0.43183	0.664	0.001	-0.058	-0.004	-0.00602
0.25174	-2.34726	0.41937	0.666	0.001	-0.045	-0.002	-0.003
0.27271	-2.31692	0.40779	0.668	0.001	-0.03	0	0
0.29369	-2.2872	0.39509	0.669	0	-0.012	0.002	0.00299
0.31467	-2.25883	0.38619	0.67	0	0.01	0.002	0.00299
0.33565	-2.23232	0.38442	0.671	0	0.036	0.001	0.00149
0.35663	-2.208	0.38292	0.671	0	0.068	-0.002	-0.00298
0.3776	-2.18598	0.38696	0.671	0	0.105	-0.005	-0.00745
0.39858	-2.16621	0.39313	0.672	0	0.148	-0.009	-0.01339
0.41956	-2.14853	0.40356	0.671	0	0.196	-0.014	-0.02086
0.44054	-2.13265	0.41517	0.671	0	0.247	-0.018	-0.02683
0.46152	-2.11814	0.43128	0.671	0	0.297	-0.02	-0.02981
0.4825	-2.10453	0.45102	0.671	0	0.342	-0.021	-0.0313
0.50347	-2.09143	0.47013	0.671	0	0.379	-0.02	-0.02981
0.52445	-2.07874	0.48894	0.671	0	0.407	-0.017	-0.02534
0.54543	-2.06698	0.50651	0.672	0	0.426	-0.014	-0.02083
0.56641	-2.05715	0.51756	0.672	-0.001	0.436	-0.011	-0.01637
0.58739	-2.05361	0.14783	0.672	-0.001	-0.039	0.181	0.26935
0.58739	-2.05361	0.14783	0.672	-0.001	-0.039	0.181	0.26935
0.60836	-2.05722	0.51756	0.672	0	-0.431	0.011	0.01637
0.62934	-2.06704	0.50651	0.672	0	-0.424	0.014	0.02083
0.65032	-2.0788	0.48894	0.671	0	-0.405	0.017	0.02534
0.6713	-2.09148	0.47013	0.671	0	-0.378	0.02	0.02981
0.69228	-2.10458	0.45102	0.671	0	-0.341	0.021	0.0313
0.71325	-2.11819	0.43167	0.671	-0.001	-0.297	0.02	0.02981
0.73423	-2.13269	0.41517	0.671	-0.001	-0.247	0.018	0.02683
0.75521	-2.14857	0.4041	0.671	-0.001	-0.196	0.014	0.02086
0.77619	-2.16625	0.39313	0.672	-0.001	-0.148	0.009	0.01339
0.79717	-2.18601	0.38696	0.671	-0.001	-0.105	0.005	0.00745
0.81814	-2.20803	0.38292	0.671	-0.001	-0.068	0.002	0.00298
0.83912	-2.23235	0.38442	0.671	-0.001	-0.036	-0.001	-0.00149
0.8601	-2.25885	0.38619	0.67	-0.001	-0.01	-0.002	-0.00299
0.88108	-2.28723	0.39509	0.669	-0.001	0.012	-0.001	-0.00149
0.90206	-2.31694	0.4073	0.668	-0.002	0.03	0	0
0.92303	-2.34729	0.41841	0.666	-0.002	0.046	0.003	0.0045
0.94401	-2.37759	0.43122	0.664	-0.002	0.058	0.005	0.00753
0.96499	-2.40736	0.44037	0.663	-0.001	0.068	0.006	0.00905
0.98597	-2.43637	0.44895	0.661	0	0.075	0.007	0.01059
1.00695	-2.46418	0.45894	0.66	0	0.081	0.007	0.01061
1.02792	-2.49003	0.46557	0.658	-0.002	0.086	0.004	0.00608
1.0489	-2.51319	0.47049	0.657	-0.004	0.092	0	0
1.06988	-2.53353	0.47304	0.656	-0.005	0.096	-0.005	-0.00762
1.09086	-2.55127	0.47524	0.655	-0.004	0.098	-0.01	-0.01527
1.11184	-2.56615	0.48098	0.654	-0.003	0.099	-0.015	-0.02294
1.13281	-2.57726	0.48067	0.653	-0.005	0.099	-0.022	-0.03369
1.15379	-2.58414	0.47961	0.653	-0.007	0.099	-0.028	-0.04288
1.17477	-2.58738	0.47346	0.653	0.105	-0.004	0.074	0.11332
							--
#	BAND	=	0	0	88		--
0	-2.47808	0.57417	0.648	0.165	-0.163	-0.128	-0.19753
0.02098	-2.47847	0.57408	0.648	0.01	0.211	0.019	0.02932
0.04196	-2.47509	0.57185	0.648	0.005	0.206	0.02	0.03086
0.06293	-2.46788	0.56803	0.649	0.003	0.196	0.019	0.02928
0.08391	-2.45705	0.56628	0.65	0.003	0.183	0.016	0.02462
0.10489	-2.44292	0.56059	0.651	0.002	0.169	0.013	0.01997
0.12587	-2.42584	0.55524	0.653	0.002	0.153	0.01	0.01531
0.14685	-2.40627	0.55447	0.654	0.001	0.138	0.006	0.00917
0.16782	-2.38464	0.54905	0.656	0.001	0.121	0.002	0.00305
0.1888	-2.36137	0.54329	0.657	0.001	0.105	-0.001	-0.00152
0.20978	-2.33683	0.53718	0.659	0.001	0.087	-0.005	-0.00759
0.23076	-2.31146	0.52943	0.66	0.001	0.069	-0.008	-0.01212
0.25174	-2.28572	0.52497	0.662	0.001	0.048	-0.01	-0.01511
0.27271	-2.2601	0.51558	0.664	0	0.025	-0.011	-0.01657
0.29369	-2.2351	0.50592	0.665	0	-0.001	-0.01	-0.01504
0.31467	-2.2112	0.49937	0.666	0	-0.03	-0.007	-0.01051
0.33565	-2.18884	0.49332	0.667	0	-0.062	-0.002	-0.003
0.35663	-2.16837	0.48876	0.668	0	-0.098	0.004	0.00599
0.3776	-2.14999	0.4852	0.669	0	-0.137	0.011	0.01644
0.39858	-2.13369	0.48418	0.669	0.001	-0.18	0.018	0.02691
0.41956	-2.1193	0.48515	0.669	0.001	-0.224	0.023	0.03438
0.44054	-2.10653	0.4905	0.669	0.001	-0.27	0.025	0.03737
0.46152	-2.09508	0.49797	0.67	0.001	-0.314	0.025	0.03731
0.4825	-2.08479	0.50529	0.67	0.001	-0.354	0.023	0.03433
0.50347	-2.07581	0.51422	0.67	0.001	-0.387	0.019	0.02836
0.52445	-2.0686	0.52124	0.671	0.001	-0.412	0.015	0.02235
0.54543	-2.06395	0.52533	0.672	0.001	-0.429	0.012	0.01786
0.56641	-2.06271	0.52754	0.672	0.001	-0.438	0.01	0.01488
0.58739	-2.06492	0.45711	0.672	-0.02	-0.032	-0.011	-0.01637
0.58739	-2.06492	0.45711	0.672	-0.02	-0.032	-0.011	-0.01637
0.60836	-2.06263	0.52754	0.672	0	0.434	-0.01	-0.01488
0.62934	-2.06386	0.52533	0.672	0	0.427	-0.012	-0.01786
0.65032	-2.0685	0.52028	0.671	0	0.41	-0.015	-0.02235
0.6713	-2.07569	0.51252	0.67	0	0.385	-0.019	-0.02836
0.69228	-2.08466	0.50529	0.67	0	0.353	-0.023	-0.03433
0.71325	-2.09494	0.4977	0.67	0	0.313	-0.025	-0.03731
0.73423	-2.10639	0.49019	0.669	0	0.27	-0.025	-0.03737
0.75521	-2.11915	0.48515	0.669	0	0.224	-0.023	-0.03438
0.77619	-2.13354	0.48456	0.669	0	0.179	-0.018	-0.02691
0.79717	-2.14983	0.486	0.668	0	0.137	-0.011	-0.01647
0.81814	-2.16822	0.48822	0.668	0.001	0.098	-0.004	-0.00599
0.83912	-2.18869	0.49317	0.667	0.001	0.062	0.002	0.003
0.8601	-2.21105	0.50033	0.666	0.001	0.029	0.007	0.01051
0.88108	-2.23496	0.50677	0.665	0.001	0	0.01	0.01504
0.90206	-2.25997	0.51439	0.664	0.001	-0.026	0.01	0.01506
0.92303	-2.2856	0.52435	0.662	0.001	-0.049	0.009	0.0136
0.94401	-2.31136	0.52797	0.66	0.001	-0.069	0.007	0.01061
0.96499	-2.33675	0.53645	0.659	0.001	-0.088	0.004	0.00607
0.98597	-2.3613	0.54345	0.657	0.001	-0.106	0	0
1.00695	-2.3846	0.54855	0.656	0.001	-0.122	-0.003	-0.00457
1.02792	-2.40624	0.55274	0.654	0.001	-0.139	-0.008	-0.01223
1.0489	-2.42584	0.55524	0.653	0.001	-0.155	-0.012	-0.01838
1.06988	-2.44294	0.55975	0.651	0.002	-0.17	-0.016	-0.02458
1.09086	-2.4571	0.56544	0.65	0.002	-0.185	-0.019	-0.02923
1.11184	-2.46795	0.56803	0.649	0.003	-0.198	-0.023	-0.03544
1.13281	-2.47519	0.57173	0.648	0.004	-0.209	-0.027	-0.04167
1.15379	-2.47859	0.57335	0.648	0.009	-0.218	-0.032	-0.04938
1.17477	-2.47808	0.57417	0.648	0.165	-0.163	-0.128	-0.19753
							--
#	BAND	=	0	0	89		--
0	-2.46279	0.57417	0.648	-0.165	0.163	0.128	0.19753
0.02098	-2.45845	0.5754	0.648	-0.01	-0.214	-0.019	-0.02932
0.04196	-2.45009	0.57681	0.648	-0.005	-0.212	-0.021	-0.03241
0.06293	-2.43821	0.57854	0.649	-0.003	-0.206	-0.02	-0.03082
0.08391	-2.42314	0.5762	0.65	-0.002	-0.199	-0.017	-0.02615
0.10489	-2.40522	0.57707	0.651	-0.002	-0.19	-0.013	-0.01997
0.12587	-2.3848	0.57547	0.652	-0.002	-0.18	-0.007	-0.01074
0.14685	-2.36226	0.57438	0.653	-0.001	-0.17	-0.001	-0.00153
0.16782	-2.33796	0.57302	0.655	-0.001	-0.159	0.006	0.00916
0.1888	-2.31223	0.57017	0.656	-0.001	-0.147	0.013	0.01982
0.20978	-2.28538	0.56913	0.658	-0.001	-0.134	0.021	0.03191
0.23076	-2.25773	0.56579	0.66	0	-0.118	0.029	0.04394
0.25174	-2.22959	0.56583	0.661	0	-0.101	0.036	0.05446
0.27271	-2.20133	0.56424	0.663	0	-0.081	0.042	0.06335
0.29369	-2.17328	0.56179	0.664	0	-0.058	0.046	0.06928
0.31467	-2.14579	0.56208	0.666	0	-0.033	0.047	0.07057
0.33565	-2.11922	0.56344	0.667	0	-0.005	0.046	0.06897
0.35663	-2.09383	0.56348	0.668	0	0.024	0.042	0.06287
0.3776	-2.06986	0.56817	0.668	0	0.054	0.037	0.05539
0.39858	-2.04736	0.57126	0.668	0	0.083	0.03	0.04491
0.41956	-2.02624	0.57658	0.668	0	0.112	0.024	0.03593
0.44054	-2.00628	0.5841	0.668	0	0.138	0.019	0.02844
0.46152	-1.98714	0.59127	0.668	0	0.162	0.017	0.02545
0.4825	-1.96848	0.59957	0.668	0	0.183	0.019	0.02844
0.50347	-1.95003	0.60772	0.669	0	0.201	0.024	0.03587
0.52445	-1.93168	0.61467	0.669	0	0.216	0.032	0.04783
0.54543	-1.9665	0.06083	0.675	-0.001	0.01	0.356	0.52741
0.56641	-2.01238	0.06509	0.673	-0.001	-0.003	0.289	0.42942
0.58739	-2.04977	0.44694	0.672	0.021	0.034	0.017	0.0253
0.58739	-2.04977	0.44694	0.672	0.021	0.034	0.017	0.0253
0.60836	-2.01289	0.06525	0.673	0.001	0.003	-0.288	-0.42793
0.62934	-1.96707	0.06079	0.675	0.001	-0.01	-0.355	-0.52593
0.65032	-1.93185	0.61467	0.669	0	-0.213	-0.032	-0.04783
0.6713	-1.95018	0.60676	0.669	0	-0.199	-0.024	-0.03587
0.69228	-1.96862	0.60034	0.668	0	-0.182	-0.019	-0.02844
0.71325	-1.98727	0.59127	0.668	0	-0.161	-0.017	-0.02545
0.73423	-2.0064	0.58314	0.668	-0.001	-0.138	-0.019	-0.02844
0.75521	-2.02636	0.57658	0.668	-0.001	-0.111	-0.024	-0.03593
0.77619	-2.04747	0.57126	0.668	-0.001	-0.083	-0.03	-0.04491
0.79717	-2.06996	0.56817	0.668	-0.001	-0.053	-0.037	-0.05539
0.81814	-2.09393	0.56348	0.668	-0.001	-0.023	-0.042	-0.06287
0.83912	-2.1193	0.56344	0.667	-0.001	0.006	-0.046	-0.06897
0.8601	-2.14586	0.56208	0.666	-0.001	0.033	-0.047	-0.07057
0.88108	-2.17333	0.56179	0.664	-0.001	0.059	-0.045	-0.06777
0.90206	-2.20136	0.56424	0.663	-0.001	0.082	-0.041	-0.06184
0.92303	-2.2296	0.56583	0.661	-0.001	0.102	-0.035	-0.05295
0.94401	-2.25772	0.56579	0.66	-0.001	0.119	-0.028	-0.04242
0.96499	-2.28535	0.56913	0.658	-0.001	0.135	-0.02	-0.0304
0.98597	-2.31218	0.57071	0.656	-0.001	0.148	-0.012	-0.01829
1.00695	-2.33789	0.57302	0.655	-0.001	0.16	-0.004	-0.00611
1.02792	-2.36217	0.57523	0.653	-0.001	0.171	0.003	0.00459
1.0489	-2.38469	0.57547	0.652	-0.001	0.181	0.009	0.0138
1.06988	-2.4051	0.576	0.651	-0.002	0.191	0.015	0.02304
1.09086	-2.42301	0.57781	0.649	-0.002	0.2	0.02	0.03082
1.11184	-2.43807	0.57938	0.649	-0.003	0.209	0.024	0.03698
1.13281	-2.44995	0.57593	0.648	-0.004	0.216	0.027	0.04167
1.15379	-2.45831	0.57601	0.648	-0.009	0.221	0.032	0.04938
1.17477	-2.46279	0.57417	0.648	-0.165	0.163	0.128	0.19753
							--
#	BAND	=	0	0	90		--
0	-1.7098	0.57277	0.606	0.167	-0.213	-0.423	-0.69802
0.02098	-1.7212	0.57507	0.607	0.019	0.052	-0.476	-0.78418
0.04196	-1.73187	0.57686	0.609	0.01	0.067	-0.463	-0.76026
0.06293	-1.74159	0.57999	0.611	0.007	0.071	-0.45	-0.7365
0.08391	-1.7505	0.58504	0.614	0.005	0.072	-0.438	-0.71336
0.10489	-1.75871	0.58748	0.617	0.004	0.072	-0.424	-0.6872
0.12587	-1.76635	0.58946	0.62	0.003	0.07	-0.41	-0.66129
0.14685	-1.77353	0.59224	0.623	0.003	0.067	-0.394	-0.63242
0.16782	-1.78037	0.59617	0.627	0.002	0.064	-0.378	-0.60287
0.1888	-1.78698	0.59805	0.63	0.002	0.059	-0.361	-0.57302
0.20978	-1.79343	0.6014	0.634	0.002	0.053	-0.342	-0.53943
0.23076	-1.79977	0.60476	0.638	0.001	0.046	-0.323	-0.50627
0.25174	-1.80603	0.60795	0.641	0.001	0.038	-0.304	-0.47426
0.27271	-1.81219	0.61102	0.645	0.001	0.028	-0.284	-0.44031
0.29369	-1.81819	0.61207	0.648	0.001	0.015	-0.263	-0.40586
0.31467	-1.82392	0.61378	0.651	0.001	0.001	-0.243	-0.37327
0.33565	-1.82928	0.61932	0.654	0.001	-0.017	-0.224	-0.34251
0.35663	-1.83415	0.6208	0.657	0	-0.037	-0.206	-0.31355
0.3776	-1.83842	0.61932	0.659	0	-0.06	-0.189	-0.2868
0.39858	-1.84204	0.62166	0.661	0	-0.085	-0.173	-0.26172
0.41956	-1.84506	0.62594	0.663	0	-0.111	-0.159	-0.23982
0.44054	-1.84765	0.62955	0.665	0	-0.137	-0.146	-0.21955
0.46152	-1.85015	0.6315	0.667	0	-0.162	-0.134	-0.2009
0.4825	-1.85305	0.63473	0.669	0	-0.185	-0.123	-0.18386
0.50347	-1.88079	0.05826	0.679	-0.001	0.031	0.465	0.68483
0.52445	-1.932	0.05925	0.677	-0.001	0.022	0.415	0.613
0.54543	-1.92857	0.62046	0.67	0	0.228	0.043	0.06418
0.56641	-1.91115	0.62744	0.671	0	0.239	0.055	0.08197
0.58739	-1.89557	0.63232	0.672	-0.019	0.168	-0.087	-0.12946
0.58739	-1.89557	0.63232	0.672	-0.019	0.168	-0.087	-0.12946
0.60836	-1.9114	0.62821	0.671	-0.001	-0.229	-0.056	-0.08346
0.62934	-1.92877	0.62122	0.67	0	-0.223	-0.043	-0.06418
0.65032	-1.9326	0.05925	0.677	0.001	-0.022	-0.414	-0.61152
0.6713	-1.8814	0.05822	0.679	0.001	-0.031	-0.465	-0.68483
0.69228	-1.85238	0.63388	0.669	0.001	0.183	0.124	0.18535
0.71325	-1.8494	0.63262	0.667	0.001	0.161	0.135	0.2024
0.73423	-1.84682	0.63055	0.665	0.001	0.136	0.147	0.22105
0.75521	-1.84414	0.62694	0.663	0.001	0.11	0.16	0.24133
0.77619	-1.84104	0.62166	0.661	0.001	0.083	0.174	0.26324
0.79717	-1.83734	0.62032	0.659	0.001	0.058	0.19	0.28832
0.81814	-1.83298	0.61907	0.657	0.001	0.035	0.207	0.31507
0.83912	-1.82802	0.61755	0.654	0.001	0.015	0.225	0.34404
0.8601	-1.82255	0.61378	0.651	0.001	-0.003	0.244	0.37481
0.88108	-1.81671	0.61207	0.648	0.001	-0.018	0.264	0.40741
0.90206	-1.8106	0.61102	0.645	0.001	-0.031	0.284	0.44031
0.92303	-1.80433	0.60795	0.641	0.001	-0.041	0.304	0.47426
0.94401	-1.79796	0.60476	0.638	0.001	-0.05	0.324	0.50784
0.96499	-1.7915	0.6014	0.634	0.002	-0.058	0.342	0.53943
0.98597	-1.78495	0.59894	0.63	0.002	-0.065	0.36	0.57143
1.00695	-1.77825	0.59617	0.627	0.002	-0.071	0.377	0.60128
1.02792	-1.77132	0.59213	0.623	0.003	-0.076	0.393	0.63082
1.0489	-1.76407	0.59019	0.62	0.003	-0.08	0.408	0.65806
1.06988	-1.75637	0.58614	0.616	0.004	-0.085	0.422	0.68506
1.09086	-1.74811	0.58289	0.613	0.005	-0.089	0.435	0.70962
1.11184	-1.73917	0.57999	0.611	0.007	-0.094	0.447	0.73159
1.13281	-1.72942	0.57671	0.609	0.011	-0.102	0.457	0.75041
1.15379	-1.71876	0.5735	0.607	0.024	-0.124	0.463	0.76277
1.17477	-1.7098	0.57277	0.606	0.167	-0.213	-0.423	-0.69802
							--
#	BAND	=	0	0	91		--
0	-1.69166	0.5725	0.606	-0.167	0.214	0.424	0.69967
0.02098	-1.67918	0.57013	0.605	-0.019	-0.053	0.496	0.81983
0.04196	-1.66531	0.56648	0.604	-0.01	-0.069	0.504	0.83444
0.06293	-1.65037	0.56392	0.605	-0.007	-0.075	0.512	0.84628
0.08391	-1.63437	0.56243	0.606	-0.005	-0.077	0.521	0.85974
0.10489	-1.61737	0.56004	0.607	-0.004	-0.079	0.529	0.8715
0.12587	-1.5995	0.5566	0.609	-0.003	-0.079	0.538	0.88342
0.14685	-1.58101	0.55492	0.612	-0.003	-0.079	0.546	0.89216
0.16782	-1.56242	0.55171	0.616	-0.002	-0.079	0.555	0.90097
0.1888	-1.54461	0.53654	0.621	-0.002	-0.08	0.564	0.90821
0.20978	-1.52911	0.49829	0.629	-0.002	-0.09	0.569	0.90461
0.23076	-1.51871	0.40579	0.641	-0.003	-0.166	0.538	0.83931
0.25174	-1.51946	0.23331	0.663	-0.011	-0.437	0.236	0.35596
0.27271	-1.53476	0.19487	0.677	-0.012	-0.475	0.083	0.1226
0.29369	-1.55304	0.19995	0.684	-0.011	-0.454	0.135	0.19737
0.31467	-1.57049	0.20129	0.69	-0.011	-0.424	0.221	0.32029
0.33565	-1.58653	0.19099	0.695	-0.012	-0.37	0.342	0.49209
0.35663	-1.60205	0.16482	0.698	-0.013	-0.277	0.483	0.69198
0.3776	-1.62025	0.12562	0.695	-0.011	-0.15	0.588	0.84604
0.39858	-1.64566	0.09157	0.69	-0.008	-0.046	0.612	0.88696
0.41956	-1.67939	0.07556	0.687	-0.005	0.006	0.597	0.869
0.44054	-1.71992	0.06735	0.684	-0.003	0.027	0.572	0.83626
0.46152	-1.76556	0.06223	0.682	-0.002	0.035	0.543	0.79619
0.4825	-1.81473	0.06013	0.681	-0.001	0.036	0.507	0.74449
0.50347	-1.842	0.63645	0.67	0	-0.205	-0.112	-0.16716
0.52445	-1.84771	0.63652	0.671	0	-0.222	-0.102	-0.15201
0.54543	-1.85584	0.63854	0.672	0	-0.234	-0.091	-0.13542
0.56641	-1.86678	0.63687	0.672	0	-0.242	-0.079	-0.11756
0.58739	-1.88008	0.63232	0.672	0.019	-0.168	0.087	0.12946
0.58739	-1.88008	0.63232	0.672	0.019	-0.168	0.087	0.12946
0.60836	-1.86641	0.63687	0.672	0.001	0.232	0.082	0.12202
0.62934	-1.8554	0.63954	0.672	0.001	0.228	0.093	0.13839
0.65032	-1.84719	0.63752	0.671	0.001	0.218	0.103	0.1535
0.6713	-1.8414	0.63741	0.67	0.001	0.203	0.114	0.17015
0.69228	-1.81532	0.06013	0.681	0.001	-0.036	-0.507	-0.74449
0.71325	-1.76611	0.06223	0.682	0.002	-0.035	-0.542	-0.79472
0.73423	-1.7204	0.06735	0.684	0.003	-0.027	-0.572	-0.83626
0.75521	-1.67979	0.07564	0.687	0.005	-0.006	-0.597	-0.869
0.77619	-1.64594	0.09149	0.69	0.008	0.045	-0.612	-0.88696
0.79717	-1.6204	0.12532	0.695	0.011	0.149	-0.588	-0.84604
0.81814	-1.60211	0.16432	0.698	0.013	0.277	-0.484	-0.69341
0.83912	-1.58656	0.19069	0.695	0.012	0.37	-0.342	-0.49209
0.8601	-1.57051	0.20137	0.69	0.011	0.424	-0.221	-0.32029
0.88108	-1.55305	0.19995	0.684	0.011	0.454	-0.135	-0.19737
0.90206	-1.53477	0.19445	0.677	0.011	0.476	-0.083	-0.1226
0.92303	-1.51963	0.23578	0.662	0.009	0.433	-0.243	-0.36707
0.94401	-1.51951	0.41294	0.64	0	0.164	-0.54	-0.84375
0.96499	-1.53041	0.50055	0.628	-0.002	0.094	-0.568	-0.90446
0.98597	-1.54623	0.53864	0.621	-0.002	0.086	-0.563	-0.9066
1.00695	-1.56426	0.55121	0.616	-0.002	0.087	-0.554	-0.89935
1.02792	-1.583	0.55411	0.612	-0.003	0.088	-0.545	-0.89052
1.0489	-1.6016	0.55706	0.609	-0.003	0.09	-0.536	-0.88013
1.06988	-1.61957	0.562	0.607	-0.004	0.092	-0.527	-0.8682
1.09086	-1.63664	0.56454	0.606	-0.005	0.095	-0.518	-0.85479
1.11184	-1.65271	0.56403	0.605	-0.007	0.098	-0.508	-0.83967
1.13281	-1.6677	0.56848	0.605	-0.011	0.105	-0.497	-0.82149
1.15379	-1.68159	0.57024	0.605	-0.024	0.125	-0.483	-0.79835
1.17477	-1.69166	0.5725	0.606	-0.167	0.214	0.424	0.69967
							--
#	BAND	=	0	0	92		--
0	-1.44882	0.2369	0.608	-0.038	0.032	-0.505	-0.83059
0.02098	-1.45406	0.23662	0.608	-0.003	-0.049	0.544	0.89474
0.04196	-1.4562	0.23153	0.609	-0.012	-0.134	0.533	0.87521
0.06293	-1.45625	0.23091	0.612	-0.045	-0.397	-0.225	-0.36765
0.08391	-1.45781	0.23061	0.614	-0.019	-0.122	-0.495	-0.80619
0.10489	-1.45746	0.22684	0.618	-0.021	-0.052	-0.443	-0.71683
0.12587	-1.46205	0.23111	0.626	-0.016	-0.18	0.364	0.58147
0.14685	-1.47132	0.22286	0.631	-0.014	-0.335	0.355	0.5626
0.16782	-1.47942	0.21469	0.637	-0.02	-0.47	0.1	0.15699
0.1888	-1.48704	0.2095	0.643	-0.023	-0.441	-0.234	-0.36392
0.20978	-1.49563	0.21575	0.65	-0.019	-0.271	-0.404	-0.62154
0.23076	-1.50745	0.25018	0.659	-0.01	-0.09	-0.284	-0.43096
0.25174	-1.51969	0.34841	0.659	0.004	0.123	0.25	0.37936
0.27271	-1.53059	0.23532	0.677	0.016	0.354	-0.006	-0.00886
0.29369	-1.54869	0.22761	0.685	0.01	0.413	-0.119	-0.17372
0.31467	-1.56593	0.23178	0.692	0.009	0.413	-0.221	-0.31936
0.33565	-1.58104	0.23697	0.698	0.01	0.374	-0.352	-0.5043
0.35663	-1.59311	0.23706	0.703	0.011	0.291	-0.505	-0.71835
0.3776	-1.60235	0.243	0.706	0.013	0.143	-0.509	-0.72096
0.39858	-1.61	0.25959	0.709	0.009	-0.006	-0.031	-0.04372
0.41956	-1.61488	0.26067	0.715	0.005	-0.028	0.287	0.4014
0.44054	-1.61673	0.2534	0.72	0.003	-0.012	0.43	0.59722
0.46152	-1.61648	0.24321	0.723	0.002	0.009	0.504	0.6971
0.4825	-1.61509	0.23063	0.726	0.002	0.029	0.547	0.75344
0.50347	-1.61334	0.21864	0.727	0.002	0.047	0.571	0.78542
0.52445	-1.6118	0.20788	0.727	0.002	0.065	0.582	0.80055
0.54543	-1.61067	0.20182	0.725	0.002	0.083	0.583	0.80414
0.56641	-1.6096	0.20055	0.723	0.001	0.095	0.581	0.8036
0.58739	-1.60778	0.20552	0.722	-0.046	0.009	0.66	0.91413
0.58739	-1.60778	0.20552	0.722	-0.046	0.009	0.66	0.91413
0.60836	-1.60954	0.20055	0.723	-0.003	-0.097	-0.572	-0.79115
0.62934	-1.61061	0.20182	0.725	-0.002	-0.083	-0.579	-0.79862
0.65032	-1.61175	0.20788	0.727	-0.002	-0.065	-0.579	-0.79642
0.6713	-1.6133	0.21837	0.727	-0.002	-0.047	-0.569	-0.78267
0.69228	-1.61506	0.23063	0.726	-0.002	-0.029	-0.545	-0.75069
0.71325	-1.61646	0.24321	0.723	-0.002	-0.009	-0.503	-0.69571
0.73423	-1.61672	0.25286	0.72	-0.003	0.012	-0.428	-0.59444
0.75521	-1.61489	0.26067	0.715	-0.005	0.029	-0.287	-0.4014
0.77619	-1.61003	0.25959	0.709	-0.009	0.006	0.029	0.0409
0.79717	-1.60237	0.243	0.706	-0.013	-0.142	0.505	0.7153
0.81814	-1.5931	0.23706	0.703	-0.011	-0.291	0.505	0.71835
0.83912	-1.58102	0.23652	0.698	-0.01	-0.374	0.352	0.5043
0.8601	-1.56592	0.23178	0.692	-0.009	-0.413	0.221	0.31936
0.88108	-1.54869	0.22876	0.685	-0.01	-0.412	0.118	0.17226
0.90206	-1.53061	0.24036	0.677	-0.017	-0.342	-0.005	-0.00739
0.92303	-1.52002	0.3514	0.659	-0.004	-0.106	-0.254	-0.38543
0.94401	-1.50756	0.24708	0.659	0.012	0.104	0.277	0.42033
0.96499	-1.49567	0.21491	0.651	0.02	0.277	0.397	0.60983
0.98597	-1.48708	0.20969	0.643	0.023	0.443	0.228	0.35459
1.00695	-1.47945	0.21469	0.637	0.02	0.47	-0.103	-0.1617
1.02792	-1.47134	0.22302	0.631	0.014	0.334	-0.357	-0.56577
1.0489	-1.46208	0.23063	0.626	0.016	0.179	-0.371	-0.59265
1.06988	-1.45743	0.22701	0.618	0.022	0.053	0.44	0.71197
1.09086	-1.4578	0.23034	0.614	0.019	0.125	0.493	0.80293
1.11184	-1.45627	0.23122	0.612	0.042	0.405	0.207	0.33824
1.13281	-1.45624	0.23153	0.609	0.011	0.135	-0.533	-0.87521
1.15379	-1.45411	0.23662	0.608	0.003	0.049	-0.544	-0.89474
1.17477	-1.44882	0.2369	0.608	-0.038	0.032	-0.505	-0.83059
							--
#	BAND	=	0	0	93		--
0	-1.43374	0.2369	0.608	0.038	-0.034	0.505	0.83059
0.02098	-1.4294	0.22465	0.611	-0.004	0.034	-0.547	-0.89525
0.04196	-1.43554	0.23167	0.611	0.011	0.135	-0.534	-0.87398
0.06293	-1.43884	0.23459	0.611	0.046	0.401	0.225	0.36825
0.08391	-1.43448	0.23238	0.615	0.025	0.129	0.497	0.80813
0.10489	-1.43458	0.24221	0.622	0.035	-0.135	0.437	0.70257
0.12587	-1.44073	0.22678	0.624	0.017	0.05	-0.373	-0.59776
0.14685	-1.44751	0.23009	0.631	0.015	0.327	-0.359	-0.56894
0.16782	-1.45524	0.23082	0.635	0.022	0.488	-0.098	-0.15433
0.1888	-1.45984	0.22941	0.64	0.027	0.474	0.253	0.39531
0.20978	-1.4608	0.25278	0.645	0.089	0.244	0.499	0.77364
0.23076	-1.47877	0.27092	0.661	0.014	0.093	0.34	0.51437
0.25174	-1.49733	0.24366	0.669	0.006	0.286	0.104	0.15546
0.27271	-1.51142	0.31602	0.664	-0.007	0.123	0.513	0.77259
0.29369	-1.52075	0.28178	0.673	-0.004	0.073	0.575	0.85438
0.31467	-1.5336	0.26733	0.68	-0.002	0.073	0.592	0.87059
0.33565	-1.54875	0.26362	0.685	-0.001	0.069	0.604	0.88175
0.35663	-1.56498	0.2677	0.691	-0.001	0.059	0.617	0.89291
0.3776	-1.57925	0.28717	0.701	-0.003	0.079	0.514	0.73324
0.39858	-1.58687	0.28383	0.712	-0.002	0.122	0.006	0.00843
0.41956	-1.58907	0.27517	0.718	0	0.092	-0.311	-0.43315
0.44054	-1.5886	0.26938	0.722	0	0.053	-0.449	-0.62188
0.46152	-1.58692	0.26547	0.726	0	0.021	-0.52	-0.71625
0.4825	-1.58512	0.25795	0.728	0	-0.002	-0.562	-0.77198
0.50347	-1.58412	0.24784	0.729	-0.001	-0.019	-0.588	-0.80658
0.52445	-1.58457	0.23826	0.729	-0.001	-0.032	-0.604	-0.82853
0.54543	-1.58666	0.22666	0.727	0	-0.047	-0.606	-0.83356
0.56641	-1.58979	0.21462	0.724	0	-0.071	-0.596	-0.8232
0.58739	-1.5927	0.20552	0.722	0.046	-0.009	-0.66	-0.91413
0.58739	-1.5927	0.20552	0.722	0.046	-0.009	-0.66	-0.91413
0.60836	-1.58985	0.21423	0.724	0.001	0.072	0.587	0.81077
0.62934	-1.58671	0.22634	0.727	0.001	0.048	0.601	0.82669
0.65032	-1.58461	0.23826	0.729	0.001	0.032	0.601	0.82442
0.6713	-1.58415	0.24784	0.729	0.001	0.019	0.586	0.80384
0.69228	-1.58514	0.25745	0.728	0	0.002	0.56	0.76923
0.71325	-1.58693	0.26493	0.726	0	-0.021	0.518	0.7135
0.73423	-1.5886	0.26938	0.722	0	-0.053	0.447	0.61911
0.75521	-1.58907	0.27517	0.718	0	-0.093	0.311	0.43315
0.77619	-1.58687	0.28333	0.712	0.002	-0.123	-0.003	-0.00421
0.79717	-1.57931	0.28745	0.701	0.003	-0.08	-0.511	-0.72896
0.81814	-1.56509	0.2682	0.691	0.001	-0.059	-0.617	-0.89291
0.83912	-1.54885	0.26346	0.685	0.001	-0.069	-0.604	-0.88175
0.8601	-1.53368	0.26821	0.68	0.002	-0.073	-0.592	-0.87059
0.88108	-1.52086	0.28082	0.673	0.003	-0.073	-0.575	-0.85438
0.90206	-1.51162	0.31382	0.664	0.006	-0.133	-0.502	-0.75602
0.92303	-1.49737	0.24111	0.669	-0.007	-0.296	-0.091	-0.13602
0.94401	-1.47887	0.27075	0.661	-0.015	-0.103	-0.33	-0.49924
0.96499	-1.46102	0.24913	0.646	-0.094	-0.281	-0.476	-0.73684
0.98597	-1.45989	0.22998	0.64	-0.028	-0.476	-0.247	-0.38594
1.00695	-1.45523	0.23066	0.635	-0.022	-0.489	0.1	0.15748
1.02792	-1.44748	0.22966	0.631	-0.014	-0.328	0.361	0.57211
1.0489	-1.44068	0.22603	0.624	-0.016	-0.052	0.38	0.60897
1.06988	-1.43468	0.24267	0.622	-0.034	0.128	-0.433	-0.69614
1.09086	-1.43456	0.23268	0.615	-0.025	-0.134	-0.495	-0.80488
1.11184	-1.43884	0.23355	0.611	-0.043	-0.41	-0.207	-0.33879
1.13281	-1.43549	0.23154	0.611	-0.01	-0.137	0.533	0.87234
1.15379	-1.42927	0.22465	0.611	0.006	-0.037	0.546	0.89362
1.17477	-1.43374	0.2369	0.608	0.038	-0.034	0.505	0.83059
							--
#	BAND	=	0	0	94		--
0	-1.43334	0.24983	0.611	0.027	-0.05	-0.498	-0.81506
0.02098	-1.43884	0.26418	0.609	0.013	0.029	-0.542	-0.88998
0.04196	-1.43281	0.25555	0.611	0.01	-0.002	-0.543	-0.88871
0.06293	-1.42896	0.25635	0.615	0.081	-0.403	-0.212	-0.34472
0.08391	-1.4377	0.26141	0.618	-0.001	-0.117	0.539	0.87217
0.10489	-1.44209	0.25135	0.618	-0.015	0.065	0.535	0.8657
0.12587	-1.44519	0.26801	0.626	-0.001	0.073	-0.546	-0.8722
0.14685	-1.44682	0.26466	0.63	0.001	-0.028	-0.554	-0.87937
0.16782	-1.4486	0.26799	0.638	0.006	-0.041	-0.56	-0.87774
0.1888	-1.45602	0.27676	0.647	0.087	-0.349	-0.394	-0.60896
0.20978	-1.47406	0.28313	0.654	-0.055	-0.001	0.481	0.73547
0.23076	-1.48076	0.28771	0.66	-0.005	-0.081	-0.547	-0.82879
0.25174	-1.49204	0.29862	0.667	-0.003	-0.049	-0.599	-0.89805
0.27271	-1.50361	0.31479	0.675	0.001	-0.002	-0.601	-0.89037
0.29369	-1.51486	0.33083	0.68	0.004	-0.018	-0.598	-0.87941
0.31467	-1.52411	0.33703	0.685	0.003	-0.056	-0.602	-0.87883
0.33565	-1.53097	0.33902	0.69	0.002	-0.073	-0.612	-0.88696
0.35663	-1.53584	0.33668	0.696	0.002	-0.077	-0.624	-0.89655
0.3776	-1.5394	0.33628	0.701	0.001	-0.075	-0.636	-0.90728
0.39858	-1.54235	0.33771	0.705	0.001	-0.07	-0.646	-0.91631
0.41956	-1.54538	0.33312	0.71	0.001	-0.059	-0.646	-0.90986
0.44054	-1.54917	0.32846	0.713	0.001	-0.031	-0.614	-0.86115
0.46152	-1.55444	0.32378	0.715	0.001	0.032	-0.474	-0.66294
0.4825	-1.56172	0.31732	0.716	0.002	0.121	-0.151	-0.21089
0.50347	-1.57042	0.3123	0.716	0.003	0.171	0.13	0.18156
0.52445	-1.57914	0.30303	0.715	0.003	0.192	0.256	0.35804
0.54543	-1.58667	0.29239	0.713	0.002	0.212	0.291	0.40813
0.56641	-1.59163	0.28424	0.711	0	0.242	0.277	0.38959
0.58739	-1.59257	0.28475	0.71	-0.3	0.08	-0.068	-0.09577
0.58739	-1.59257	0.28475	0.71	-0.3	0.08	-0.068	-0.09577
0.60836	-1.59163	0.28424	0.711	-0.004	-0.242	-0.28	-0.39381
0.62934	-1.58666	0.29239	0.713	-0.004	-0.212	-0.294	-0.41234
0.65032	-1.57914	0.30303	0.715	-0.004	-0.192	-0.261	-0.36503
0.6713	-1.57042	0.31248	0.716	-0.003	-0.172	-0.136	-0.18994
0.69228	-1.56171	0.31775	0.716	-0.003	-0.122	0.145	0.20251
0.71325	-1.5544	0.3235	0.715	-0.002	-0.033	0.472	0.66014
0.73423	-1.54912	0.329	0.713	-0.001	0.031	0.614	0.86115
0.75521	-1.54533	0.33312	0.71	-0.001	0.059	0.646	0.90986
0.77619	-1.5423	0.33771	0.705	-0.001	0.07	0.646	0.91631
0.79717	-1.53935	0.33628	0.701	-0.001	0.075	0.636	0.90728
0.81814	-1.53579	0.33668	0.696	-0.002	0.077	0.624	0.89655
0.83912	-1.53092	0.33902	0.69	-0.002	0.073	0.611	0.88551
0.8601	-1.52406	0.33703	0.685	-0.003	0.055	0.602	0.87883
0.88108	-1.51481	0.33013	0.68	-0.002	0.016	0.598	0.87941
0.90206	-1.50355	0.31479	0.675	0.001	-0.001	0.6	0.88889
0.92303	-1.49199	0.29792	0.667	0.005	0.048	0.599	0.89805
0.94401	-1.48074	0.28857	0.66	0.005	0.088	0.541	0.8197
0.96499	-1.47425	0.28348	0.654	0.061	0.028	-0.498	-0.76147
0.98597	-1.45595	0.27815	0.647	-0.073	0.437	0.286	0.44204
1.00695	-1.44851	0.26899	0.638	-0.001	0.037	0.561	0.87931
1.02792	-1.44676	0.26475	0.63	0.001	0.028	0.554	0.87937
1.0489	-1.44516	0.26785	0.626	0.001	-0.071	0.545	0.87061
1.06988	-1.44217	0.25284	0.618	0.014	-0.065	-0.538	-0.87055
1.09086	-1.43779	0.26029	0.618	0.005	0.108	-0.54	-0.87379
1.11184	-1.42886	0.25726	0.615	-0.054	0.46	0.039	0.06341
1.13281	-1.4327	0.25466	0.611	-0.006	-0.003	0.544	0.89034
1.15379	-1.43881	0.2634	0.609	-0.012	-0.029	0.542	0.88998
1.17477	-1.43334	0.24983	0.611	0.027	-0.05	-0.498	-0.81506
							--
#	BAND	=	0	0	95		--
0	-1.41824	0.25083	0.611	-0.028	0.052	0.498	0.81506
0.02098	-1.41131	0.25079	0.612	-0.006	-0.013	0.544	0.88889
0.04196	-1.40908	0.25533	0.613	-0.009	0.001	0.543	0.88581
0.06293	-1.41315	0.25796	0.615	-0.082	0.398	0.21	0.34146
0.08391	-1.41537	0.25573	0.619	-0.006	0.109	-0.544	-0.87884
0.10489	-1.42238	0.25849	0.623	0.001	0.122	-0.532	-0.85393
0.12587	-1.42118	0.25198	0.624	0	0.057	0.551	0.88301
0.14685	-1.41946	0.2661	0.631	-0.002	0.036	0.553	0.87639
0.16782	-1.42583	0.28022	0.64	-0.008	0.023	0.552	0.8625
0.1888	-1.44021	0.28347	0.648	-0.092	0.317	0.369	0.56944
0.20978	-1.45287	0.28118	0.654	-0.016	0.04	-0.583	-0.89144
0.23076	-1.45705	0.30652	0.647	0.002	0.166	0.521	0.80526
0.25174	-1.44995	0.40599	0.649	0.002	0	0.578	0.8906
0.27271	-1.44166	0.52004	0.655	0	-0.059	0.566	0.86412
0.29369	-1.44187	0.53057	0.672	0	0.056	0.555	0.82589
0.31467	-1.45162	0.45379	0.68	-0.001	0.094	0.576	0.84706
0.33565	-1.46315	0.41172	0.684	-0.001	0.089	0.59	0.86257
0.35663	-1.47521	0.39364	0.689	-0.001	0.083	0.601	0.87228
0.3776	-1.48737	0.38263	0.695	0	0.078	0.611	0.87914
0.39858	-1.49916	0.37667	0.701	0	0.071	0.62	0.88445
0.41956	-1.51037	0.36812	0.706	0	0.059	0.623	0.88244
0.44054	-1.52096	0.35991	0.711	0	0.03	0.596	0.83826
0.46152	-1.53085	0.35095	0.714	-0.001	-0.038	0.463	0.64846
0.4825	-1.53991	0.33652	0.716	-0.002	-0.134	0.148	0.2067
0.50347	-1.54869	0.32216	0.717	-0.002	-0.194	-0.122	-0.17015
0.52445	-1.55778	0.31017	0.716	-0.003	-0.226	-0.238	-0.3324
0.54543	-1.56666	0.29919	0.714	-0.002	-0.251	-0.266	-0.37255
0.56641	-1.57387	0.28959	0.711	-0.001	-0.27	-0.259	-0.36428
0.58739	-1.57755	0.28502	0.71	0.3	-0.08	0.068	0.09577
0.58739	-1.57755	0.28502	0.71	0.3	-0.08	0.068	0.09577
0.60836	-1.57388	0.29001	0.711	0.004	0.269	0.262	0.3685
0.62934	-1.56667	0.29957	0.714	0.004	0.251	0.27	0.37815
0.65032	-1.55779	0.31017	0.716	0.003	0.226	0.243	0.33939
0.6713	-1.5487	0.3227	0.717	0.003	0.194	0.128	0.17852
0.69228	-1.53994	0.33652	0.716	0.002	0.135	-0.142	-0.19832
0.71325	-1.5309	0.35095	0.714	0.001	0.038	-0.46	-0.64426
0.73423	-1.52103	0.35991	0.711	0.001	-0.03	-0.596	-0.83826
0.75521	-1.51046	0.36812	0.706	0	-0.059	-0.623	-0.88244
0.77619	-1.49927	0.37683	0.701	0	-0.071	-0.62	-0.88445
0.79717	-1.48749	0.38313	0.695	0	-0.077	-0.611	-0.87914
0.81814	-1.47535	0.39414	0.689	0.001	-0.083	-0.601	-0.87228
0.83912	-1.46331	0.41247	0.684	0.001	-0.089	-0.59	-0.86257
0.8601	-1.45187	0.45492	0.68	0.001	-0.091	-0.576	-0.84706
0.88108	-1.44242	0.5323	0.672	-0.001	-0.048	-0.556	-0.82738
0.90206	-1.4427	0.5166	0.655	-0.002	0.063	-0.567	-0.86565
0.92303	-1.45088	0.40139	0.649	-0.004	0.001	-0.578	-0.8906
0.94401	-1.45761	0.30344	0.648	-0.003	-0.173	-0.516	-0.7963
0.96499	-1.45282	0.28118	0.654	0.014	-0.036	0.583	0.89144
0.98597	-1.44042	0.28211	0.648	0.079	-0.403	-0.26	-0.40123
1.00695	-1.42609	0.27881	0.64	0.003	-0.017	-0.553	-0.86406
1.02792	-1.41971	0.26422	0.631	0	-0.034	-0.553	-0.87639
1.0489	-1.42136	0.25255	0.624	-0.001	-0.055	-0.55	-0.88141
1.06988	-1.42232	0.25926	0.623	-0.002	-0.116	0.535	0.85875
1.09086	-1.41526	0.25573	0.619	0.002	-0.099	0.546	0.88207
1.11184	-1.41327	0.25537	0.615	0.055	-0.454	-0.036	-0.05854
1.13281	-1.40925	0.25517	0.613	0.006	0.005	-0.543	-0.88581
1.15379	-1.41145	0.25079	0.612	0.004	0.017	-0.544	-0.88889
1.17477	-1.41824	0.25083	0.611	-0.028	0.052	0.498	0.81506
							--
#	BAND	=	0	0	96		--
0	-1.21378	0.31673	0.625	-0.085	0.031	-0.435	-0.696
0.02098	-1.23262	0.30912	0.625	-0.002	-0.008	0.559	0.8944
0.04196	-1.24165	0.30531	0.625	-0.012	-0.078	0.555	0.888
0.06293	-1.24628	0.30116	0.628	-0.024	-0.165	-0.526	-0.83758
0.08391	-1.24876	0.29616	0.629	-0.012	-0.077	-0.547	-0.86963
0.10489	-1.24436	0.28577	0.636	-0.031	-0.123	-0.421	-0.66195
0.12587	-1.26915	0.31817	0.647	-0.01	-0.094	0.563	0.87017
0.14685	-1.29289	0.30344	0.65	-0.025	-0.388	0.396	0.60923
0.16782	-1.31295	0.29338	0.655	-0.021	-0.42	-0.372	-0.56794
0.1888	-1.33076	0.2953	0.661	-0.011	-0.25	-0.528	-0.79879
0.20978	-1.35093	0.32734	0.671	-0.008	0.103	-0.565	-0.84203
0.23076	-1.37989	0.38002	0.678	-0.005	0.515	0.12	0.17699
0.25174	-1.40753	0.3818	0.676	-0.005	0.383	0.421	0.62278
0.27271	-1.42671	0.33108	0.671	-0.007	0.208	0.553	0.82414
0.29369	-1.43087	0.33969	0.66	-0.008	-0.068	0.59	0.89394
0.31467	-1.42354	0.40582	0.663	-0.009	-0.269	0.472	0.71192
0.33565	-1.41834	0.38838	0.68	-0.007	-0.38	-0.245	-0.36029
0.35663	-1.41954	0.37178	0.689	-0.001	-0.203	-0.568	-0.82438
0.3776	-1.42377	0.37159	0.694	0.001	-0.132	-0.614	-0.88473
0.39858	-1.43077	0.36898	0.698	0.001	-0.099	-0.627	-0.89828
0.41956	-1.44064	0.36858	0.702	0.001	-0.077	-0.632	-0.90028
0.44054	-1.45323	0.3665	0.704	0.001	-0.055	-0.631	-0.89631
0.46152	-1.46817	0.36217	0.705	0.002	-0.021	-0.619	-0.87801
0.4825	-1.485	0.35414	0.705	0.002	0.038	-0.579	-0.82128
0.50347	-1.50311	0.34435	0.703	0.003	0.136	-0.471	-0.66999
0.52445	-1.52122	0.33162	0.7	0.002	0.243	-0.285	-0.40714
0.54543	-1.53683	0.32451	0.696	0.001	0.305	-0.11	-0.15805
0.56641	-1.54708	0.31426	0.693	-0.001	0.327	-0.012	-0.01732
0.58739	-1.54986	0.30994	0.691	-0.079	-0.05	-0.63	-0.91172
0.58739	-1.54986	0.30994	0.691	-0.079	-0.05	-0.63	-0.91172
0.60836	-1.54709	0.31421	0.693	-0.001	-0.328	-0.004	-0.00577
0.62934	-1.53682	0.32432	0.696	-0.001	-0.307	0.098	0.1408
0.65032	-1.5212	0.33116	0.7	-0.003	-0.246	0.276	0.39429
0.6713	-1.50306	0.34508	0.703	-0.003	-0.138	0.467	0.6643
0.69228	-1.48494	0.35414	0.705	-0.003	-0.039	0.577	0.81844
0.71325	-1.4681	0.36217	0.705	-0.002	0.021	0.619	0.87801
0.73423	-1.45316	0.3665	0.704	-0.002	0.055	0.631	0.89631
0.75521	-1.44057	0.36892	0.702	-0.001	0.077	0.632	0.90028
0.77619	-1.4307	0.36898	0.698	-0.001	0.099	0.627	0.89828
0.79717	-1.4237	0.37086	0.694	-0.001	0.133	0.613	0.88329
0.81814	-1.41949	0.37178	0.689	0.001	0.208	0.564	0.81858
0.83912	-1.41848	0.39213	0.679	0.008	0.39	0.189	0.27835
0.8601	-1.42415	0.40583	0.663	0.007	0.255	-0.491	-0.74057
0.88108	-1.43136	0.33675	0.66	0.006	0.06	-0.591	-0.89545
0.90206	-1.42678	0.33158	0.671	0.006	-0.209	-0.553	-0.82414
0.92303	-1.40758	0.38234	0.676	0.006	-0.381	-0.423	-0.62574
0.94401	-1.37994	0.38007	0.678	0.008	-0.514	-0.132	-0.19469
0.96499	-1.35083	0.32734	0.671	0.011	-0.111	0.562	0.83756
0.98597	-1.33071	0.2953	0.661	0.012	0.252	0.526	0.79576
1.00695	-1.31295	0.29338	0.655	0.021	0.422	0.368	0.56183
1.02792	-1.29289	0.30344	0.65	0.024	0.387	-0.397	-0.61077
1.0489	-1.26916	0.31778	0.647	0.011	0.092	-0.564	-0.87172
1.06988	-1.24424	0.28678	0.636	0.034	0.124	0.416	0.65409
1.09086	-1.24871	0.29678	0.629	0.012	0.078	0.547	0.86963
1.11184	-1.24626	0.30096	0.628	0.022	0.173	0.522	0.83121
1.13281	-1.24169	0.30442	0.625	0.011	0.083	-0.554	-0.8864
1.15379	-1.23266	0.30989	0.625	0.001	0.009	-0.559	-0.8944
1.17477	-1.21378	0.31673	0.625	-0.085	0.031	-0.435	-0.696
							--
#	BAND	=	0	0	97		--
0	-1.19867	0.31561	0.625	0.086	-0.032	0.435	0.696
0.02098	-1.19515	0.30455	0.629	-0.005	0.006	-0.563	-0.89507
0.04196	-1.21738	0.30249	0.628	0.012	0.077	-0.558	-0.88854
0.06293	-1.22345	0.30066	0.626	0.025	0.164	0.524	0.83706
0.08391	-1.21081	0.29868	0.628	0.022	0.075	0.547	0.87102
0.10489	-1.22247	0.32256	0.644	0.04	0.127	0.427	0.66304
0.12587	-1.24327	0.29252	0.65	0.01	0.093	-0.566	-0.87077
0.14685	-1.27116	0.2972	0.651	0.026	0.384	-0.401	-0.61598
0.16782	-1.28709	0.27841	0.649	0.023	0.417	0.367	0.56549
0.1888	-1.2973	0.2909	0.664	0.012	0.271	0.525	0.79066
0.20978	-1.3269	0.37903	0.675	0.007	-0.066	0.559	0.82815
0.23076	-1.35476	0.38831	0.674	0.005	-0.493	-0.121	-0.17953
0.25174	-1.37552	0.40046	0.674	0.006	-0.364	-0.416	-0.61721
0.27271	-1.38899	0.39874	0.674	0.007	-0.204	-0.531	-0.78783
0.29369	-1.39566	0.39331	0.676	0.008	-0.052	-0.558	-0.82544
0.31467	-1.39805	0.39276	0.678	0.01	0.125	-0.456	-0.67257
0.33565	-1.39655	0.43899	0.673	0.008	0.256	0.254	0.37741
0.35663	-1.39212	0.4627	0.677	0.002	0.1	0.574	0.84786
0.3776	-1.39071	0.46058	0.685	0	0.047	0.618	0.90219
0.39858	-1.39413	0.45018	0.692	-0.001	0.032	0.629	0.90896
0.41956	-1.40293	0.43454	0.698	-0.001	0.029	0.63	0.90258
0.44054	-1.41697	0.41436	0.702	-0.001	0.025	0.624	0.88889
0.46152	-1.43538	0.39609	0.703	-0.002	0.007	0.607	0.86344
0.4825	-1.45663	0.37677	0.703	-0.002	-0.041	0.564	0.80228
0.50347	-1.47866	0.36119	0.702	-0.003	-0.135	0.458	0.65242
0.52445	-1.49938	0.34605	0.699	-0.002	-0.243	0.275	0.39342
0.54543	-1.51693	0.33066	0.696	-0.001	-0.308	0.105	0.15086
0.56641	-1.52941	0.31611	0.693	0.001	-0.329	0.01	0.01443
0.58739	-1.53483	0.30994	0.691	0.079	0.05	0.63	0.91172
0.58739	-1.53483	0.30994	0.691	0.079	0.05	0.63	0.91172
0.60836	-1.52941	0.316	0.693	0.001	0.33	0.006	0.00866
0.62934	-1.51694	0.33066	0.696	0.002	0.31	-0.094	-0.13506
0.65032	-1.4994	0.34627	0.699	0.003	0.246	-0.267	-0.38197
0.6713	-1.47872	0.36115	0.702	0.003	0.137	-0.454	-0.64672
0.69228	-1.45671	0.37638	0.703	0.002	0.042	-0.563	-0.80085
0.71325	-1.43549	0.39693	0.703	0.002	-0.007	-0.607	-0.86344
0.73423	-1.41711	0.4152	0.702	0.001	-0.024	-0.624	-0.88889
0.75521	-1.40313	0.43454	0.698	0.001	-0.028	-0.63	-0.90258
0.77619	-1.39442	0.45002	0.692	0	-0.031	-0.629	-0.90896
0.79717	-1.39112	0.46154	0.685	-0.001	-0.047	-0.618	-0.90219
0.81814	-1.39264	0.4615	0.677	-0.003	-0.104	-0.57	-0.84195
0.83912	-1.39701	0.43548	0.674	-0.009	-0.265	-0.198	-0.29377
0.8601	-1.3981	0.39122	0.678	-0.009	-0.111	0.476	0.70206
0.88108	-1.39563	0.3938	0.676	-0.007	0.056	0.56	0.8284
0.90206	-1.38893	0.39858	0.674	-0.006	0.204	0.532	0.78932
0.92303	-1.37544	0.40046	0.674	-0.006	0.363	0.419	0.62166
0.94401	-1.35471	0.38973	0.674	-0.007	0.492	0.134	0.19881
0.96499	-1.32705	0.37874	0.675	-0.01	0.075	-0.556	-0.8237
0.98597	-1.29749	0.2909	0.664	-0.013	-0.273	-0.524	-0.78916
1.00695	-1.28712	0.27913	0.65	-0.023	-0.42	-0.363	-0.55846
1.02792	-1.27111	0.29643	0.651	-0.025	-0.383	0.402	0.61751
1.0489	-1.24317	0.29306	0.65	-0.011	-0.091	0.567	0.87231
1.06988	-1.22254	0.32202	0.644	-0.042	-0.128	-0.422	-0.65528
1.09086	-1.21093	0.29779	0.628	-0.022	-0.077	-0.547	-0.87102
1.11184	-1.22349	0.30066	0.626	-0.024	-0.172	-0.521	-0.83227
1.13281	-1.21731	0.30176	0.628	-0.01	-0.082	0.557	0.88694
1.15379	-1.19503	0.30634	0.629	0.005	-0.008	0.563	0.89507
1.17477	-1.19867	0.31561	0.625	0.086	-0.032	0.435	0.696
							--
#	BAND	=	0	0	98		--
0	-1.1836	0.31317	0.629	0.023	-0.096	-0.497	-0.79014
0.02098	-1.18955	0.32447	0.626	0.013	-0.005	-0.562	-0.89776
0.04196	-1.16851	0.32731	0.63	0.01	0.034	-0.565	-0.89683
0.06293	-1.17129	0.3384	0.64	0.005	0.2	0.523	0.81719
0.08391	-1.20314	0.33989	0.643	-0.014	0.092	0.555	0.86314
0.10489	-1.21363	0.34664	0.643	-0.026	0.004	-0.514	-0.79938
0.12587	-1.22045	0.3424	0.638	-0.001	0.001	-0.577	-0.90439
0.14685	-1.21966	0.36458	0.653	0	0.316	-0.472	-0.72282
0.16782	-1.24938	0.42211	0.668	-0.002	0.518	0.24	0.35928
0.1888	-1.28205	0.41965	0.657	-0.003	0.41	0.379	0.57686
0.20978	-1.28513	0.34018	0.647	-0.004	0.358	0.405	0.62597
0.23076	-1.27688	0.32726	0.65	-0.016	0.423	0.315	0.48462
0.25174	-1.26728	0.32579	0.654	-0.024	0.444	0.303	0.4633
0.27271	-1.259	0.32526	0.658	-0.01	0.325	0.466	0.70821
0.29369	-1.2535	0.33247	0.663	-0.001	0.254	0.521	0.78582
0.31467	-1.2514	0.34524	0.668	0.003	0.24	0.533	0.7979
0.33565	-1.25313	0.35552	0.673	0.005	0.254	0.528	0.78455
0.35663	-1.25902	0.37215	0.678	0.007	0.289	0.504	0.74336
0.3776	-1.26936	0.38509	0.682	0.01	0.356	0.433	0.6349
0.39858	-1.28465	0.39051	0.688	0.014	0.455	0.185	0.2689
0.41956	-1.30627	0.37894	0.692	0.013	0.352	-0.333	-0.48121
0.44054	-1.33409	0.36885	0.693	0.007	0.149	-0.537	-0.77489
0.46152	-1.36556	0.3636	0.692	0.004	0.067	-0.57	-0.8237
0.4825	-1.3986	0.35659	0.689	0.003	0.059	-0.563	-0.81713
0.50347	-1.43149	0.34906	0.684	0.004	0.108	-0.528	-0.77193
0.52445	-1.46275	0.33534	0.677	0.005	0.209	-0.451	-0.66617
0.54543	-1.49019	0.32295	0.666	0.005	0.307	-0.367	-0.55105
0.56641	-1.50966	0.32341	0.656	0.004	0.337	-0.367	-0.55945
0.58739	-1.51633	0.32254	0.651	-0.156	-0.098	-0.555	-0.85253
0.58739	-1.51633	0.32254	0.651	-0.156	-0.098	-0.555	-0.85253
0.60836	-1.50964	0.32367	0.656	-0.01	-0.346	0.35	0.53354
0.62934	-1.49016	0.32338	0.666	-0.008	-0.311	0.358	0.53754
0.65032	-1.46272	0.33534	0.677	-0.006	-0.212	0.447	0.66027
0.6713	-1.43144	0.34874	0.684	-0.005	-0.11	0.526	0.76901
0.69228	-1.39854	0.35659	0.689	-0.004	-0.061	0.562	0.81567
0.71325	-1.3655	0.36282	0.692	-0.004	-0.071	0.568	0.82081
0.73423	-1.33405	0.369	0.693	-0.005	-0.16	0.529	0.76335
0.75521	-1.30635	0.38157	0.692	-0.008	-0.371	0.293	0.42341
0.77619	-1.28501	0.3921	0.687	-0.007	-0.444	-0.227	-0.33042
0.79717	-1.26987	0.38443	0.682	-0.004	-0.345	-0.446	-0.65396
0.81814	-1.25959	0.37178	0.678	-0.002	-0.282	-0.509	-0.75074
0.83912	-1.25371	0.35541	0.673	0	-0.249	-0.53	-0.78752
0.8601	-1.25196	0.34389	0.668	0.003	-0.236	-0.535	-0.8009
0.88108	-1.25401	0.33272	0.663	0.007	-0.247	-0.525	-0.79186
0.90206	-1.25942	0.32488	0.658	0.016	-0.307	-0.48	-0.72948
0.92303	-1.26758	0.32349	0.654	0.027	-0.42	-0.345	-0.52752
0.94401	-1.27708	0.32497	0.65	0.016	-0.414	-0.334	-0.51385
0.96499	-1.28523	0.34102	0.647	0.003	-0.357	-0.408	-0.6306
0.98597	-1.28206	0.41985	0.657	0.003	-0.409	-0.38	-0.57839
1.00695	-1.24949	0.42216	0.668	0.004	-0.516	-0.245	-0.36677
1.02792	-1.21958	0.36511	0.653	0.004	-0.327	0.462	0.7075
1.0489	-1.22037	0.3414	0.637	0.002	-0.003	0.577	0.90581
1.06988	-1.21356	0.34576	0.643	0.024	-0.006	0.512	0.79627
1.09086	-1.20326	0.34049	0.642	0.016	-0.094	-0.554	-0.86293
1.11184	-1.17152	0.3396	0.64	0.004	-0.203	-0.521	-0.81406
1.13281	-1.16832	0.32731	0.63	-0.005	-0.043	0.565	0.89683
1.15379	-1.18941	0.32371	0.626	-0.011	0.003	0.562	0.89776
1.17477	-1.1836	0.31317	0.629	0.023	-0.096	-0.497	-0.79014
							--
#	BAND	=	0	0	99		--
0	-1.16839	0.31395	0.629	-0.024	0.096	0.497	0.79014
0.02098	-1.14524	0.32206	0.631	-0.007	0.007	0.566	0.89699
0.04196	-1.13816	0.33169	0.635	-0.009	-0.032	0.568	0.89449
0.06293	-1.14863	0.33808	0.638	-0.006	-0.199	-0.523	-0.81975
0.08391	-1.1683	0.34187	0.644	0.003	-0.092	-0.558	-0.86646
0.10489	-1.19227	0.31264	0.633	0.017	-0.01	0.505	0.79779
0.12587	-1.18007	0.33172	0.642	0	0.003	0.577	0.89875
0.14685	-1.19115	0.38517	0.658	-0.001	-0.292	0.473	0.71884
0.16782	-1.21545	0.42213	0.663	0	-0.506	-0.241	-0.3635
0.1888	-1.24158	0.44525	0.662	0.001	-0.426	-0.384	-0.58006
0.20978	-1.25666	0.42705	0.657	0.005	-0.39	-0.408	-0.621
0.23076	-1.2568	0.39187	0.655	0.017	-0.439	-0.323	-0.49313
0.25174	-1.24923	0.3721	0.658	0.024	-0.453	-0.313	-0.47568
0.27271	-1.23982	0.37055	0.664	0.011	-0.332	-0.477	-0.71837
0.29369	-1.23168	0.36908	0.67	0.001	-0.262	-0.534	-0.79701
0.31467	-1.22705	0.36804	0.676	-0.003	-0.249	-0.546	-0.80769
0.33565	-1.22734	0.36694	0.681	-0.005	-0.266	-0.54	-0.79295
0.35663	-1.23343	0.36807	0.686	-0.007	-0.305	-0.514	-0.74927
0.3776	-1.24562	0.3712	0.689	-0.01	-0.377	-0.44	-0.63861
0.39858	-1.26341	0.37559	0.69	-0.015	-0.483	-0.187	-0.27101
0.41956	-1.2849	0.39777	0.689	-0.013	-0.387	0.336	0.48766
0.44054	-1.30924	0.40955	0.691	-0.007	-0.187	0.544	0.78726
0.46152	-1.33756	0.40694	0.691	-0.004	-0.1	0.576	0.83357
0.4825	-1.3699	0.39037	0.688	-0.004	-0.078	0.563	0.81831
0.50347	-1.40483	0.36565	0.683	-0.004	-0.113	0.521	0.76281
0.52445	-1.43942	0.3417	0.675	-0.005	-0.21	0.442	0.65481
0.54543	-1.4702	0.32387	0.663	-0.006	-0.314	0.364	0.54902
0.56641	-1.4926	0.31803	0.654	-0.005	-0.344	0.368	0.56269
0.58739	-1.50129	0.32254	0.651	0.156	0.098	0.555	0.85253
0.58739	-1.50129	0.32254	0.651	0.156	0.098	0.555	0.85253
0.60836	-1.49261	0.31661	0.654	0.011	0.354	-0.351	-0.5367
0.62934	-1.47022	0.32344	0.663	0.008	0.319	-0.356	-0.53695
0.65032	-1.43945	0.34202	0.675	0.007	0.213	-0.438	-0.64889
0.6713	-1.40489	0.36604	0.683	0.005	0.115	-0.519	-0.75988
0.69228	-1.37	0.39041	0.688	0.004	0.081	-0.562	-0.81686
0.71325	-1.33772	0.40694	0.691	0.004	0.105	-0.574	-0.83068
0.73423	-1.30946	0.41019	0.691	0.005	0.198	-0.536	-0.77569
0.75521	-1.28509	0.3952	0.69	0.008	0.406	-0.297	-0.43043
0.77619	-1.26341	0.37467	0.69	0.007	0.473	0.229	0.33188
0.79717	-1.24553	0.36978	0.689	0.004	0.366	0.453	0.65747
0.81814	-1.23332	0.36922	0.686	0.002	0.298	0.519	0.75656
0.83912	-1.22722	0.36656	0.681	0	0.261	0.543	0.79736
0.8601	-1.22693	0.36804	0.676	-0.003	0.245	0.549	0.81213
0.88108	-1.23158	0.36913	0.67	-0.007	0.254	0.538	0.80299
0.90206	-1.23974	0.36909	0.664	-0.017	0.315	0.491	0.73946
0.92303	-1.24922	0.37485	0.658	-0.027	0.429	0.355	0.53951
0.94401	-1.2568	0.39213	0.655	-0.016	0.429	0.341	0.52061
0.96499	-1.25663	0.42685	0.657	-0.004	0.388	0.41	0.62405
0.98597	-1.24148	0.44402	0.662	-0.002	0.425	0.385	0.58157
1.00695	-1.2153	0.42185	0.663	-0.003	0.504	0.247	0.37255
1.02792	-1.19129	0.38698	0.658	-0.003	0.304	-0.463	-0.70365
1.0489	-1.18035	0.33172	0.642	-0.001	-0.002	-0.577	-0.89875
1.06988	-1.19247	0.3126	0.633	-0.017	0.013	-0.503	-0.79463
1.09086	-1.16813	0.34187	0.644	-0.006	0.095	0.557	0.86491
1.11184	-1.14838	0.33723	0.638	-0.003	0.203	0.521	0.81661
1.13281	-1.13842	0.33169	0.635	0.004	0.041	-0.568	-0.89449
1.15379	-1.14549	0.32206	0.631	0.005	-0.004	-0.566	-0.89699
1.17477	-1.16839	0.31395	0.629	-0.024	0.096	0.497	0.79014
							--
#	BAND	=	0	0	100		--
0	-0.94711	0.33472	0.649	0.058	-0.155	-0.381	-0.58706
0.02098	-0.98399	0.33816	0.647	0.001	0.068	0.577	0.89181
0.04196	-1.00142	0.32644	0.645	-0.014	-0.028	0.579	0.89767
0.06293	-1.01511	0.31898	0.646	-0.004	-0.103	-0.57	-0.88235
0.08391	-1.00974	0.31265	0.651	-0.004	-0.088	-0.581	-0.89247
0.10489	-1.04878	0.40603	0.671	0.001	0.421	0.413	0.6155
0.12587	-1.09491	0.39559	0.665	-0.001	0.439	0.38	0.57143
0.14685	-1.11361	0.39162	0.653	-0.008	0.429	-0.289	-0.44257
0.16782	-1.11271	0.38642	0.647	-0.004	0.02	-0.583	-0.90108
0.1888	-1.09406	0.36715	0.646	-0.002	-0.016	-0.587	-0.90867
0.20978	-1.06993	0.35963	0.651	-0.001	-0.015	-0.591	-0.90783
0.23076	-1.04638	0.35731	0.656	0.001	0.007	-0.597	-0.91006
0.25174	-1.0265	0.35695	0.662	0.005	0.082	-0.597	-0.90181
0.27271	-1.01273	0.35334	0.668	0.018	0.373	-0.46	-0.68862
0.29369	-1.00869	0.34226	0.669	0.021	0.51	0.246	0.36771
0.31467	-1.01419	0.34408	0.673	0.014	0.402	0.418	0.6211
0.33565	-1.02807	0.34596	0.677	0.012	0.381	0.442	0.65288
0.35663	-1.05034	0.3506	0.68	0.011	0.396	0.427	0.62794
0.3776	-1.08073	0.35134	0.682	0.012	0.43	0.386	0.56598
0.39858	-1.11855	0.35201	0.682	0.013	0.473	0.311	0.45601
0.41956	-1.1626	0.35191	0.681	0.014	0.515	0.186	0.27313
0.44054	-1.21141	0.34996	0.679	0.014	0.521	-0.01	-0.01473
0.46152	-1.26332	0.34289	0.675	0.012	0.436	-0.243	-0.36
0.4825	-1.31626	0.33392	0.669	0.007	0.294	-0.396	-0.59193
0.50347	-1.36751	0.32736	0.661	0.003	0.171	-0.465	-0.70348
0.52445	-1.41365	0.32782	0.652	0.002	0.053	-0.479	-0.73466
0.54543	-1.45041	0.21473	0.636	0.002	0.314	-0.155	-0.24371
0.56641	-1.47496	0.11809	0.622	0.003	0.505	0.069	0.11093
0.58739	-1.47954	0.11919	0.623	-0.455	-0.044	-0.316	-0.50722
0.58739	-1.47954	0.11919	0.623	-0.455	-0.044	-0.316	-0.50722
0.60836	-1.47496	0.11809	0.622	-0.006	-0.505	-0.07	-0.11254
0.62934	-1.45039	0.21253	0.635	-0.004	-0.319	0.15	0.23622
0.65032	-1.41361	0.3274	0.652	-0.003	-0.054	0.479	0.73466
0.6713	-1.36746	0.32798	0.661	-0.004	-0.175	0.461	0.69743
0.69228	-1.31624	0.3346	0.669	-0.006	-0.303	0.387	0.57848
0.71325	-1.26337	0.34208	0.675	-0.009	-0.445	0.222	0.32889
0.73423	-1.21159	0.35273	0.679	-0.01	-0.521	-0.015	-0.02209
0.75521	-1.16289	0.35347	0.681	-0.009	-0.509	-0.206	-0.3025
0.77619	-1.11893	0.35399	0.682	-0.008	-0.466	-0.325	-0.47654
0.79717	-1.08119	0.35187	0.682	-0.007	-0.421	-0.396	-0.58065
0.81814	-1.05085	0.3506	0.68	-0.006	-0.387	-0.437	-0.64265
0.83912	-1.02862	0.3476	0.677	-0.005	-0.371	-0.452	-0.66765
0.8601	-1.01475	0.34362	0.673	-0.005	-0.386	-0.435	-0.64636
0.88108	-1.00919	0.34216	0.669	-0.006	-0.481	-0.305	-0.4559
0.90206	-1.01276	0.35213	0.667	-0.003	-0.442	0.383	0.57421
0.92303	-1.02637	0.35695	0.662	0.001	-0.102	0.593	0.89577
0.94401	-1.04625	0.35647	0.656	0.002	-0.014	0.597	0.91006
0.96499	-1.06982	0.35963	0.651	0.003	0.012	0.591	0.90783
0.98597	-1.09398	0.36715	0.646	0.003	0.015	0.587	0.90867
1.00695	-1.11267	0.38696	0.647	0.004	-0.021	0.583	0.90108
1.02792	-1.11359	0.39162	0.653	0.006	-0.433	0.283	0.43338
1.0489	-1.0949	0.39559	0.665	0.001	-0.438	-0.382	-0.57444
1.06988	-1.04881	0.40507	0.671	0.001	-0.42	-0.414	-0.61699
1.09086	-1.00963	0.31327	0.651	0.006	0.086	0.581	0.89247
1.11184	-1.0151	0.31898	0.646	0.004	0.105	0.57	0.88235
1.13281	-1.00144	0.32644	0.645	0.009	0.042	-0.578	-0.89612
1.15379	-0.984	0.33816	0.647	0	-0.068	-0.577	-0.89181
1.17477	-0.94711	0.33472	0.649	0.058	-0.155	-0.381	-0.58706
							--
#	BAND	=	0	0	101		--
0	-0.93199	0.33448	0.649	-0.057	0.155	0.381	0.58706
0.02098	-0.94348	0.33146	0.652	-0.001	-0.072	-0.582	-0.89264
0.04196	-0.98224	0.33099	0.65	0.014	0.023	-0.583	-0.89692
0.06293	-0.97498	0.31314	0.643	0.005	0.098	0.568	0.88336
0.08391	-0.97724	0.38544	0.671	0.007	0.205	0.564	0.84054
0.10489	-1.01687	0.41033	0.669	0	-0.41	-0.416	-0.62182
0.12587	-1.06243	0.44119	0.667	0.001	-0.444	-0.385	-0.57721
0.14685	-1.09042	0.3864	0.652	0.009	-0.45	0.284	0.43558
0.16782	-1.07906	0.33028	0.643	0.004	-0.03	0.579	0.90047
0.1888	-1.05751	0.32521	0.645	0.002	0.013	0.583	0.90388
0.20978	-1.03588	0.32641	0.648	0.001	0.014	0.586	0.90432
0.23076	-1.01711	0.32771	0.652	-0.001	-0.007	0.59	0.90491
0.25174	-1.00277	0.3307	0.657	-0.005	-0.082	0.589	0.8965
0.27271	-0.99373	0.34034	0.663	-0.018	-0.373	0.451	0.68024
0.29369	-0.98904	0.35388	0.672	-0.021	-0.511	-0.255	-0.37946
0.31467	-0.99097	0.35811	0.678	-0.014	-0.402	-0.429	-0.63274
0.33565	-1.0021	0.36019	0.682	-0.012	-0.382	-0.452	-0.66276
0.35663	-1.0229	0.35771	0.685	-0.012	-0.397	-0.436	-0.6365
0.3776	-1.05309	0.35701	0.685	-0.012	-0.432	-0.393	-0.57372
0.39858	-1.09171	0.35289	0.685	-0.013	-0.478	-0.316	-0.46131
0.41956	-1.13715	0.35193	0.682	-0.014	-0.522	-0.187	-0.27419
0.44054	-1.18729	0.35487	0.679	-0.015	-0.533	0.013	0.01915
0.46152	-1.23966	0.35557	0.674	-0.012	-0.454	0.25	0.37092
0.4825	-1.29238	0.35543	0.668	-0.007	-0.315	0.405	0.60629
0.50347	-1.3443	0.35238	0.66	-0.004	-0.187	0.463	0.70152
0.52445	-1.3925	0.31646	0.648	-0.001	-0.015	0.374	0.57716
0.54543	-1.433	0.32656	0.638	0.001	-0.081	-0.254	-0.39812
0.56641	-1.45489	0.42646	0.65	0.001	-0.267	-0.471	-0.72462
0.58739	-1.46451	0.11935	0.623	0.455	0.044	0.316	0.50722
0.58739	-1.46451	0.11935	0.623	0.455	0.044	0.316	0.50722
0.60836	-1.45485	0.42595	0.65	-0.002	0.271	0.466	0.71692
0.62934	-1.43299	0.32771	0.638	-0.003	0.089	0.256	0.40125
0.65032	-1.39255	0.31579	0.648	0.002	0.017	-0.375	-0.5787
0.6713	-1.34437	0.35269	0.66	0.004	0.192	-0.46	-0.69697
0.69228	-1.29247	0.35521	0.668	0.007	0.324	-0.396	-0.59281
0.71325	-1.23973	0.35639	0.674	0.009	0.463	-0.229	-0.33976
0.73423	-1.18729	0.35236	0.679	0.01	0.533	0.012	0.01767
0.75521	-1.1371	0.35069	0.682	0.009	0.517	0.207	0.30352
0.77619	-1.09161	0.35386	0.685	0.008	0.47	0.33	0.48175
0.79717	-1.05297	0.35663	0.685	0.007	0.424	0.404	0.58978
0.81814	-1.02277	0.35884	0.685	0.006	0.388	0.446	0.65109
0.83912	-1.00195	0.35895	0.682	0.005	0.371	0.463	0.67889
0.8601	-0.99084	0.35984	0.678	0.005	0.386	0.446	0.65782
0.88108	-0.98897	0.35622	0.673	0.006	0.481	0.315	0.46805
0.90206	-0.99411	0.3431	0.663	0.003	0.442	-0.374	-0.5641
0.92303	-1.00329	0.33247	0.657	-0.001	0.102	-0.586	-0.89193
0.94401	-1.0176	0.32698	0.652	-0.002	0.014	-0.59	-0.90491
0.96499	-1.03631	0.32768	0.648	-0.003	-0.011	-0.586	-0.90432
0.98597	-1.05786	0.3249	0.645	-0.003	-0.012	-0.583	-0.90388
1.00695	-1.07931	0.32942	0.643	-0.004	0.03	-0.579	-0.90047
1.02792	-1.09049	0.38813	0.652	-0.007	0.454	-0.277	-0.42485
1.0489	-1.06234	0.44184	0.667	-0.001	0.443	0.387	0.58021
1.06988	-1.0167	0.40947	0.669	-0.001	0.409	0.417	0.62332
1.09086	-0.97735	0.38491	0.671	-0.008	-0.204	-0.564	-0.84054
1.11184	-0.97509	0.31314	0.643	-0.005	-0.101	-0.568	-0.88336
1.13281	-0.98218	0.3306	0.65	-0.01	-0.038	0.582	0.89538
1.15379	-0.94335	0.3321	0.652	0.001	0.071	0.582	0.89264
1.17477	-0.93199	0.33448	0.649	-0.057	0.155	0.381	0.58706
							--
#	BAND	=	0	0	102		--
0	-0.90619	0.36631	0.65	-0.069	0.017	-0.504	-0.77538
0.02098	-0.89796	0.36456	0.648	0.003	-0.065	-0.581	-0.8966
0.04196	-0.87214	0.39804	0.664	0.004	0.538	-0.003	-0.00452
0.06293	-0.92643	0.42488	0.669	-0.002	0.347	0.485	0.72496
0.08391	-0.9571	0.38715	0.647	-0.009	0.315	0.106	0.16383
0.10489	-0.95353	0.38731	0.641	0	-0.043	-0.579	-0.90328
0.12587	-0.91883	0.36067	0.641	0.001	-0.05	-0.581	-0.9064
0.14685	-0.87869	0.35409	0.645	0.001	-0.054	-0.584	-0.90543
0.16782	-0.83877	0.35329	0.649	0.001	-0.057	-0.587	-0.90447
0.1888	-0.80171	0.3557	0.654	0.002	-0.058	-0.592	-0.9052
0.20978	-0.76963	0.35615	0.66	0.003	-0.055	-0.597	-0.90455
0.23076	-0.74456	0.35449	0.665	0.006	-0.038	-0.604	-0.90827
0.25174	-0.7285	0.356	0.671	0.011	0.032	-0.61	-0.90909
0.27271	-0.72386	0.34906	0.673	0.036	0.485	-0.301	-0.44725
0.29369	-0.73478	0.33661	0.673	0.016	0.4	0.408	0.60624
0.31467	-0.75824	0.33345	0.676	0.009	0.359	0.455	0.67308
0.33565	-0.79346	0.33289	0.678	0.007	0.38	0.435	0.64159
0.35663	-0.83994	0.32782	0.678	0.007	0.424	0.384	0.56637
0.3776	-0.89661	0.32384	0.677	0.007	0.475	0.307	0.45347
0.39858	-0.96176	0.31733	0.673	0.007	0.519	0.211	0.31352
0.41956	-1.03317	0.30586	0.668	0.008	0.547	0.106	0.15868
0.44054	-1.10833	0.28686	0.662	0.008	0.553	0	0
0.46152	-1.18531	0.24968	0.653	0.008	0.539	-0.074	-0.11332
0.4825	-1.26293	0.21331	0.64	0.006	0.53	-0.056	-0.0875
0.50347	-1.33671	0.20971	0.63	0.005	0.522	-0.003	-0.00476
0.52445	-1.399	0.27116	0.629	0.004	0.464	0.131	0.20827
0.54543	-1.4414	0.41359	0.648	0	0.271	0.457	0.70525
0.56641	-1.4656	0.43404	0.653	0	0.261	0.465	0.7121
0.58739	-1.47501	0.42889	0.654	-0.042	-0.066	-0.598	-0.91437
0.58739	-1.47501	0.42889	0.654	-0.042	-0.066	-0.598	-0.91437
0.60836	-1.46564	0.43376	0.653	0.002	-0.266	-0.461	-0.70597
0.62934	-1.44143	0.41359	0.648	0.001	-0.274	-0.454	-0.70062
0.65032	-1.39901	0.27043	0.629	-0.004	-0.465	-0.129	-0.20509
0.6713	-1.33672	0.20971	0.63	-0.006	-0.522	0.002	0.00317
0.69228	-1.26296	0.21277	0.64	-0.007	-0.53	0.054	0.08438
0.71325	-1.18538	0.25001	0.653	-0.007	-0.54	0.067	0.1026
0.73423	-1.10846	0.2874	0.662	-0.007	-0.552	-0.011	-0.01662
0.75521	-1.03337	0.30612	0.668	-0.006	-0.544	-0.119	-0.17814
0.77619	-0.96204	0.31749	0.673	-0.005	-0.514	-0.224	-0.33284
0.79717	-0.89697	0.32199	0.676	-0.004	-0.467	-0.319	-0.47189
0.81814	-0.84039	0.32755	0.678	-0.003	-0.414	-0.395	-0.5826
0.83912	-0.79399	0.33176	0.678	-0.003	-0.369	-0.446	-0.65782
0.8601	-0.75884	0.33303	0.676	-0.003	-0.345	-0.468	-0.69231
0.88108	-0.7354	0.33691	0.673	-0.004	-0.373	-0.438	-0.65082
0.90206	-0.72412	0.34838	0.672	-0.01	-0.546	0.091	0.13542
0.92303	-0.72836	0.35608	0.671	-0.003	-0.054	0.609	0.9076
0.94401	-0.7444	0.35545	0.665	-0.001	0.032	0.604	0.90827
0.96499	-0.76948	0.35631	0.66	-0.001	0.052	0.598	0.90606
0.98597	-0.80156	0.3557	0.654	0	0.056	0.592	0.9052
1.00695	-0.83863	0.35329	0.649	0	0.056	0.588	0.90601
1.02792	-0.87857	0.35409	0.645	0	0.054	0.584	0.90543
1.0489	-0.91876	0.36067	0.641	0	0.05	0.581	0.9064
1.06988	-0.95351	0.38731	0.641	0	0.043	0.579	0.90328
1.09086	-0.95713	0.38851	0.647	0.006	-0.317	-0.119	-0.18393
1.11184	-0.9265	0.42488	0.669	0.003	-0.347	-0.485	-0.72496
1.13281	-0.87224	0.39634	0.664	0.004	-0.539	-0.027	-0.04066
1.15379	-0.89788	0.36456	0.648	-0.002	0.064	0.581	0.8966
1.17477	-0.90619	0.36631	0.65	-0.069	0.017	-0.504	-0.77538
							--
#	BAND	=	0	0	103		--
0	-0.89101	0.36636	0.65	0.069	-0.017	0.504	0.77538
0.02098	-0.84755	0.36645	0.653	-0.002	0.07	0.586	0.8974
0.04196	-0.85063	0.39921	0.66	-0.004	-0.517	0.006	0.00909
0.06293	-0.8849	0.44951	0.668	0.001	-0.343	-0.486	-0.72754
0.08391	-0.93258	0.43992	0.655	0.006	-0.434	-0.09	-0.1374
0.10489	-0.90284	0.33771	0.64	0	0.031	0.58	0.90625
0.12587	-0.86338	0.33521	0.642	-0.001	0.049	0.582	0.90654
0.14685	-0.82469	0.33621	0.644	-0.001	0.054	0.583	0.90528
0.16782	-0.78893	0.33554	0.647	-0.001	0.058	0.586	0.90572
0.1888	-0.75776	0.33705	0.65	-0.002	0.058	0.589	0.90615
0.20978	-0.73267	0.33697	0.654	-0.003	0.055	0.592	0.9052
0.23076	-0.71504	0.33675	0.659	-0.006	0.039	0.597	0.90592
0.25174	-0.70614	0.33575	0.663	-0.011	-0.032	0.602	0.90799
0.27271	-0.7065	0.34251	0.67	-0.036	-0.485	0.292	0.43582
0.29369	-0.71441	0.35234	0.678	-0.016	-0.4	-0.416	-0.61357
0.31467	-0.73438	0.35081	0.681	-0.009	-0.358	-0.463	-0.67988
0.33565	-0.76743	0.34637	0.682	-0.007	-0.379	-0.442	-0.64809
0.35663	-0.81288	0.34135	0.681	-0.007	-0.423	-0.389	-0.57122
0.3776	-0.86925	0.33538	0.679	-0.007	-0.474	-0.31	-0.45655
0.39858	-0.93445	0.32934	0.674	-0.007	-0.518	-0.21	-0.31157
0.41956	-1.00599	0.32599	0.669	-0.008	-0.545	-0.1	-0.14948
0.44054	-1.08086	0.33097	0.663	-0.008	-0.551	0.016	0.02413
0.46152	-1.15547	0.3363	0.657	-0.007	-0.536	0.094	0.14307
0.4825	-1.22639	0.30526	0.651	-0.005	-0.517	0.028	0.04301
0.50347	-1.29681	0.14601	0.633	-0.006	-0.536	0.007	0.01106
0.52445	-1.36275	0.12544	0.627	-0.006	-0.531	-0.025	-0.03987
0.54543	-1.41427	0.11585	0.626	-0.005	-0.516	-0.054	-0.08626
0.56641	-1.44863	0.1134	0.626	-0.004	-0.501	-0.07	-0.11182
0.58739	-1.45995	0.42873	0.654	0.042	0.066	0.598	0.91437
0.58739	-1.45995	0.42873	0.654	0.042	0.066	0.598	0.91437
0.60836	-1.44862	0.11244	0.626	0.007	0.501	0.072	0.11502
0.62934	-1.41427	0.11595	0.626	0.006	0.516	0.055	0.08786
0.65032	-1.36276	0.12548	0.627	0.007	0.531	0.025	0.03987
0.6713	-1.29682	0.14601	0.633	0.007	0.536	-0.006	-0.00948
0.69228	-1.2264	0.30526	0.651	0.006	0.518	-0.03	-0.04608
0.71325	-1.15549	0.33673	0.657	0.007	0.537	-0.09	-0.13699
0.73423	-1.08088	0.329	0.663	0.007	0.55	-0.005	-0.00754
0.75521	-1.00599	0.32473	0.669	0.006	0.542	0.113	0.16891
0.77619	-0.93444	0.32934	0.674	0.005	0.512	0.224	0.33234
0.79717	-0.86921	0.33594	0.679	0.004	0.466	0.323	0.4757
0.81814	-0.81282	0.34131	0.681	0.003	0.413	0.401	0.58884
0.83912	-0.76734	0.34618	0.682	0.003	0.368	0.453	0.66422
0.8601	-0.73428	0.35128	0.681	0.003	0.344	0.476	0.69897
0.88108	-0.71432	0.35375	0.678	0.004	0.373	0.447	0.65929
0.90206	-0.70679	0.34481	0.671	0.01	0.546	-0.083	-0.1237
0.92303	-0.70681	0.33521	0.663	0.003	0.054	-0.601	-0.90649
0.94401	-0.71572	0.3374	0.659	0.001	-0.032	-0.598	-0.90744
0.96499	-0.7333	0.33706	0.654	0.001	-0.052	-0.593	-0.90673
0.98597	-0.75834	0.33728	0.65	0	-0.057	-0.589	-0.90615
1.00695	-0.78945	0.33542	0.647	0	-0.056	-0.586	-0.90572
1.02792	-0.82514	0.33621	0.644	0	-0.054	-0.584	-0.90683
1.0489	-0.86374	0.33675	0.642	0	-0.049	-0.582	-0.90654
1.06988	-0.90312	0.33771	0.64	0	-0.032	-0.58	-0.90625
1.09086	-0.93262	0.44116	0.655	-0.004	0.436	0.104	0.15878
1.11184	-0.88471	0.44846	0.668	-0.002	0.343	0.486	0.72754
1.13281	-0.85048	0.39867	0.66	-0.004	0.518	0.024	0.03636
1.15379	-0.8478	0.36645	0.653	0.001	-0.069	-0.586	-0.8974
1.17477	-0.89101	0.36636	0.65	0.069	-0.017	0.504	0.77538
							--
#	BAND	=	0	0	104		--
0	-0.70572	0.39658	0.674	0.118	-0.324	-0.428	-0.63501
0.02098	-0.76153	0.40847	0.67	0.001	0.294	0.521	0.77761
0.04196	-0.78335	0.42849	0.663	-0.001	-0.001	-0.594	-0.89593
0.06293	-0.76037	0.38027	0.652	0	-0.075	-0.587	-0.90031
0.08391	-0.70908	0.37354	0.652	0	-0.079	-0.586	-0.89877
0.10489	-0.65426	0.37032	0.654	0	-0.081	-0.588	-0.89908
0.12587	-0.60043	0.36957	0.656	0	-0.082	-0.59	-0.89939
0.14685	-0.54987	0.37039	0.659	0	-0.084	-0.592	-0.89833
0.16782	-0.50463	0.36974	0.663	0.001	-0.088	-0.595	-0.89744
0.1888	-0.46693	0.36804	0.667	0.001	-0.093	-0.596	-0.89355
0.20978	-0.43916	0.36656	0.671	0.003	-0.103	-0.597	-0.88972
0.23076	-0.42382	0.36515	0.675	0.008	-0.123	-0.593	-0.87852
0.25174	-0.42562	0.31433	0.668	0.026	0.089	0.594	0.88922
0.27271	-0.44782	0.30675	0.672	0.008	0.143	0.58	0.8631
0.29369	-0.48441	0.30072	0.674	0.007	0.187	0.56	0.83086
0.31467	-0.53521	0.29406	0.675	0.007	0.252	0.521	0.77185
0.33565	-0.59954	0.28597	0.675	0.008	0.344	0.442	0.65481
0.35663	-0.67634	0.27364	0.672	0.008	0.448	0.307	0.45685
0.3776	-0.7639	0.26662	0.667	0.008	0.519	0.16	0.23988
0.39858	-0.85909	0.26615	0.661	0.008	0.547	0.063	0.09531
0.41956	-0.95764	0.2761	0.655	0.007	0.553	0.019	0.02901
0.44054	-1.05491	0.30757	0.649	0.008	0.55	0.003	0.00462
0.46152	-1.14547	0.36512	0.645	0.009	0.538	0.015	0.02326
0.4825	-1.22667	0.27689	0.635	0.006	-0.534	-0.079	-0.12441
0.50347	-1.29644	0.46077	0.647	0.003	-0.415	-0.287	-0.44359
0.52445	-1.34322	0.49991	0.653	0.002	-0.315	-0.399	-0.61103
0.54543	-1.37271	0.52077	0.659	0.001	-0.258	-0.454	-0.68892
0.56641	-1.38722	0.53154	0.663	0	-0.231	-0.48	-0.72398
0.58739	-1.38883	0.53485	0.664	-0.063	-0.004	-0.615	-0.9262
0.58739	-1.38883	0.53485	0.664	-0.063	-0.004	-0.615	-0.9262
0.60836	-1.38715	0.53154	0.663	-0.001	0.235	0.473	0.71342
0.62934	-1.37262	0.52077	0.659	-0.001	0.261	0.45	0.68285
0.65032	-1.34312	0.50075	0.653	-0.001	0.318	0.395	0.6049
0.6713	-1.29636	0.46077	0.647	0	0.418	0.28	0.43277
0.69228	-1.22667	0.27773	0.635	-0.002	0.536	0.065	0.10236
0.71325	-1.14556	0.36456	0.645	-0.009	-0.537	-0.018	-0.02791
0.73423	-1.05499	0.30757	0.649	-0.008	-0.55	-0.006	-0.00924
0.75521	-0.95773	0.2763	0.655	-0.008	-0.553	-0.023	-0.03511
0.77619	-0.85921	0.26553	0.661	-0.008	-0.546	-0.069	-0.10439
0.79717	-0.76409	0.26593	0.667	-0.008	-0.517	-0.168	-0.25187
0.81814	-0.67664	0.27458	0.672	-0.007	-0.443	-0.316	-0.47024
0.83912	-0.59997	0.28511	0.675	-0.006	-0.338	-0.448	-0.6637
0.8601	-0.53576	0.29506	0.675	-0.004	-0.246	-0.525	-0.77778
0.88108	-0.48507	0.30072	0.674	-0.003	-0.183	-0.563	-0.83531
0.90206	-0.44858	0.3059	0.672	-0.002	-0.14	-0.581	-0.86458
0.92303	-0.42644	0.31302	0.668	-0.001	-0.098	-0.593	-0.88772
0.94401	-0.42366	0.3652	0.675	0.002	0.122	0.594	0.88
0.96499	-0.439	0.36695	0.671	0.002	0.101	0.597	0.88972
0.98597	-0.46676	0.36804	0.667	0.001	0.092	0.597	0.89505
1.00695	-0.50447	0.36974	0.663	0.001	0.087	0.595	0.89744
1.02792	-0.54972	0.37039	0.659	0.001	0.083	0.593	0.89985
1.0489	-0.6003	0.36957	0.656	0.001	0.081	0.59	0.89939
1.06988	-0.65414	0.37032	0.654	0.001	0.08	0.588	0.89908
1.09086	-0.70899	0.37354	0.652	0.001	0.079	0.586	0.89877
1.11184	-0.76033	0.38055	0.652	0.001	0.075	0.587	0.90031
1.13281	-0.78332	0.42821	0.663	0.001	0.003	0.594	0.89593
1.15379	-0.76153	0.40847	0.67	-0.001	-0.293	-0.522	-0.7791
1.17477	-0.70572	0.39658	0.674	0.118	-0.324	-0.428	-0.63501
							--
#	BAND	=	0	0	105		--
0	-0.69062	0.39711	0.674	-0.117	0.324	0.428	0.63501
0.02098	-0.72201	0.44649	0.672	-0.001	-0.297	-0.524	-0.77976
0.04196	-0.74958	0.37971	0.657	0.001	-0.019	0.593	0.90259
0.06293	-0.70136	0.37002	0.654	0	0.074	0.589	0.90061
0.08391	-0.64566	0.36946	0.653	0	0.08	0.588	0.90046
0.10489	-0.59054	0.37117	0.653	0	0.081	0.589	0.90199
0.12587	-0.53877	0.37047	0.654	0	0.082	0.589	0.90061
0.14685	-0.49254	0.36509	0.654	0	0.084	0.589	0.90061
0.16782	-0.45401	0.35658	0.655	-0.001	0.087	0.589	0.89924
0.1888	-0.42513	0.34614	0.657	-0.001	0.092	0.589	0.8965
0.20978	-0.40754	0.33245	0.66	-0.003	0.102	0.588	0.89091
0.23076	-0.40241	0.32312	0.664	-0.008	0.121	0.584	0.87952
0.25174	-0.40814	0.36066	0.679	-0.026	-0.09	-0.604	-0.88954
0.27271	-0.42381	0.35325	0.681	-0.008	-0.143	-0.589	-0.8649
0.29369	-0.45646	0.34373	0.682	-0.007	-0.186	-0.568	-0.83284
0.31467	-0.50561	0.33086	0.681	-0.007	-0.25	-0.527	-0.77386
0.33565	-0.56964	0.31752	0.678	-0.008	-0.342	-0.446	-0.65782
0.35663	-0.64619	0.29441	0.673	-0.008	-0.446	-0.31	-0.46062
0.3776	-0.73282	0.2646	0.668	-0.008	-0.52	-0.164	-0.24551
0.39858	-0.82734	0.2392	0.661	-0.008	-0.551	-0.071	-0.10741
0.41956	-0.92663	0.2244	0.653	-0.008	-0.56	-0.032	-0.049
0.44054	-1.02653	0.22086	0.646	-0.008	-0.56	-0.024	-0.03715
0.46152	-1.12299	0.22781	0.639	-0.01	-0.554	-0.038	-0.05947
0.4825	-1.20738	0.44131	0.648	-0.008	0.499	0.112	0.17284
0.50347	-1.26684	0.493	0.654	-0.003	0.398	0.301	0.46024
0.52445	-1.31096	0.51957	0.659	-0.002	0.307	0.409	0.62064
0.54543	-1.34278	0.53292	0.663	-0.001	0.255	0.459	0.69231
0.56641	-1.36372	0.53695	0.664	0	0.231	0.481	0.7244
0.58739	-1.37374	0.53485	0.664	0.063	0.004	0.615	0.9262
0.58739	-1.37374	0.53485	0.664	0.063	0.004	0.615	0.9262
0.60836	-1.3638	0.53791	0.664	0.001	-0.235	-0.475	-0.71536
0.62934	-1.34289	0.53296	0.663	0	-0.257	-0.455	-0.68627
0.65032	-1.3111	0.51957	0.659	0	-0.309	-0.405	-0.61457
0.6713	-1.26699	0.49255	0.654	0	-0.401	-0.294	-0.44954
0.69228	-1.2075	0.44023	0.648	0.003	-0.502	-0.094	-0.14506
0.71325	-1.12301	0.22781	0.639	0.01	0.553	0.043	0.06729
0.73423	-1.02656	0.22086	0.646	0.008	0.559	0.027	0.0418
0.75521	-0.92667	0.2247	0.653	0.008	0.559	0.036	0.05513
0.77619	-0.82739	0.24012	0.661	0.008	0.55	0.076	0.11498
0.79717	-0.73287	0.2647	0.668	0.008	0.517	0.172	0.25749
0.81814	-0.64622	0.29397	0.673	0.007	0.441	0.319	0.474
0.83912	-0.56962	0.31733	0.678	0.006	0.335	0.452	0.66667
0.8601	-0.50554	0.33101	0.681	0.004	0.245	0.531	0.77974
0.88108	-0.45637	0.34412	0.682	0.003	0.183	0.57	0.83578
0.90206	-0.42369	0.35271	0.681	0.002	0.14	0.59	0.86637
0.92303	-0.408	0.36117	0.679	0.001	0.098	0.603	0.88807
0.94401	-0.40326	0.32312	0.664	-0.002	-0.121	-0.584	-0.87952
0.96499	-0.40839	0.33257	0.66	-0.001	-0.1	-0.589	-0.89242
0.98597	-0.42594	0.34606	0.657	-0.001	-0.091	-0.59	-0.89802
1.00695	-0.45473	0.35604	0.655	-0.001	-0.086	-0.59	-0.90076
1.02792	-0.49318	0.36597	0.654	-0.001	-0.083	-0.59	-0.90214
1.0489	-0.53931	0.36981	0.654	-0.001	-0.081	-0.589	-0.90061
1.06988	-0.591	0.37117	0.653	-0.001	-0.08	-0.589	-0.90199
1.09086	-0.64604	0.36892	0.653	-0.001	-0.079	-0.588	-0.90046
1.11184	-0.70164	0.36948	0.654	-0.001	-0.074	-0.589	-0.90061
1.13281	-0.74974	0.37971	0.657	0	0.017	-0.593	-0.90259
1.15379	-0.72188	0.44649	0.672	0.001	0.296	0.525	0.78125
1.17477	-0.69062	0.39711	0.674	-0.117	0.324	0.428	0.63501
							--
#	BAND	=	0	0	106		--
0	-0.66049	0.48289	0.67	-0.081	-0.069	-0.561	-0.83731
0.02098	-0.62756	0.43108	0.671	0	-0.215	-0.564	-0.84054
0.04196	-0.5569	0.42283	0.672	0	-0.191	-0.573	-0.85268
0.06293	-0.48545	0.41734	0.673	0	-0.169	-0.581	-0.8633
0.08391	-0.41537	0.41376	0.673	0	-0.149	-0.587	-0.87221
0.10489	-0.34833	0.41291	0.674	0	-0.132	-0.591	-0.87685
0.12587	-0.28627	0.41115	0.676	0	-0.118	-0.595	-0.88018
0.14685	-0.23155	0.40588	0.678	0.001	-0.112	-0.595	-0.87758
0.16782	-0.18717	0.40226	0.679	0.002	-0.134	-0.583	-0.85862
0.1888	-0.15957	0.28739	0.663	0.01	-0.304	0.315	0.47511
0.20978	-0.16321	0.23362	0.664	0.003	-0.032	0.6	0.90361
0.23076	-0.17952	0.23891	0.671	0.002	-0.005	0.608	0.90611
0.25174	-0.20995	0.25526	0.676	0.002	0.004	0.612	0.90533
0.27271	-0.25666	0.27232	0.679	0.002	0.004	0.614	0.90427
0.29369	-0.31975	0.29493	0.679	0.002	-0.009	0.614	0.90427
0.31467	-0.39704	0.31916	0.676	0.002	-0.042	0.61	0.90237
0.33565	-0.48492	0.34818	0.672	0.002	-0.097	0.599	0.89137
0.35663	-0.57902	0.38706	0.667	0.002	-0.162	0.579	0.86807
0.3776	-0.67459	0.43123	0.662	0.001	-0.223	0.554	0.83686
0.39858	-0.76725	0.47538	0.658	0.001	-0.277	0.523	0.79483
0.41956	-0.85447	0.5096	0.654	0.001	-0.332	0.482	0.737
0.44054	-0.93539	0.53188	0.651	0.002	-0.391	0.42	0.64516
0.46152	-1.00937	0.54882	0.649	0.002	-0.451	0.325	0.50077
0.4825	-1.07542	0.56056	0.647	0.003	-0.491	0.189	0.29212
0.50347	-1.13205	0.57144	0.645	0.004	-0.491	0.033	0.05116
0.52445	-1.1772	0.57783	0.644	0.005	-0.457	-0.102	-0.15839
0.54543	-1.20888	0.58201	0.645	0.006	-0.414	-0.197	-0.30543
0.56641	-1.22602	0.58779	0.646	0.009	-0.383	-0.255	-0.39474
0.58739	-1.22881	0.59088	0.647	0.148	-0.26	-0.44	-0.68006
0.58739	-1.22881	0.59088	0.647	0.148	-0.26	-0.44	-0.68006
0.60836	-1.22567	0.58879	0.646	0.007	0.39	0.229	0.35449
0.62934	-1.20859	0.58305	0.645	0.003	0.418	0.181	0.28062
0.65032	-1.17699	0.57799	0.644	0.002	0.459	0.088	0.13665
0.6713	-1.13193	0.57148	0.645	0.001	0.49	-0.048	-0.07442
0.69228	-1.0754	0.56072	0.647	0.001	0.487	-0.202	-0.31221
0.71325	-1.00944	0.54894	0.649	0.001	0.445	-0.335	-0.51618
0.73423	-0.93553	0.53085	0.651	0.001	0.385	-0.427	-0.65591
0.75521	-0.85466	0.51017	0.654	0	0.325	-0.486	-0.74312
0.77619	-0.76747	0.47538	0.658	0	0.272	-0.526	-0.79939
0.79717	-0.67483	0.42943	0.662	0	0.218	-0.556	-0.83988
0.81814	-0.57927	0.38706	0.667	0	0.158	-0.581	-0.87106
0.83912	-0.48518	0.34849	0.672	-0.001	0.093	-0.6	-0.89286
0.8601	-0.39736	0.31839	0.676	-0.001	0.04	-0.61	-0.90237
0.88108	-0.32014	0.29407	0.679	-0.001	0.008	-0.614	-0.90427
0.90206	-0.25714	0.27178	0.679	-0.001	-0.005	-0.614	-0.90427
0.92303	-0.21054	0.25646	0.676	-0.001	-0.005	-0.612	-0.90533
0.94401	-0.18025	0.24059	0.671	-0.001	0.003	-0.608	-0.90611
0.96499	-0.16406	0.23615	0.664	-0.001	0.028	-0.601	-0.90512
0.98597	-0.16023	0.27675	0.661	-0.002	0.262	-0.406	-0.61422
1.00695	-0.18707	0.40323	0.679	0	0.135	0.582	0.85714
1.02792	-0.23145	0.40591	0.678	0.001	0.112	0.595	0.87758
1.0489	-0.28617	0.41115	0.676	0.001	0.117	0.595	0.88018
1.06988	-0.34824	0.41291	0.674	0.001	0.131	0.592	0.87834
1.09086	-0.41529	0.41376	0.673	0.001	0.148	0.587	0.87221
1.11184	-0.48538	0.41734	0.673	0.001	0.168	0.581	0.8633
1.13281	-0.55684	0.42183	0.672	0.001	0.191	0.573	0.85268
1.15379	-0.62753	0.43108	0.671	0.001	0.215	0.564	0.84054
1.17477	-0.66049	0.48289	0.67	-0.081	-0.069	-0.561	-0.83731
							--
#	BAND	=	0	0	107		--
0	-0.64536	0.48366	0.67	0.081	0.069	0.561	0.83731
0.02098	-0.57687	0.46589	0.672	0	0.216	0.566	0.84226
0.04196	-0.5028	0.46413	0.672	0	0.191	0.575	0.85565
0.06293	-0.42842	0.46367	0.672	0	0.169	0.581	0.86458
0.08391	-0.3556	0.46689	0.671	0	0.148	0.586	0.87332
0.10489	-0.2866	0.46309	0.67	0	0.13	0.588	0.87761
0.12587	-0.22508	0.44874	0.666	0	0.115	0.588	0.88288
0.14685	-0.17744	0.39688	0.659	-0.001	0.106	0.582	0.88316
0.16782	-0.15068	0.31118	0.654	-0.002	0.125	0.565	0.86391
0.1888	-0.13968	0.36705	0.677	-0.01	0.297	-0.333	-0.49188
0.20978	-0.12698	0.39995	0.685	-0.003	0.029	-0.616	-0.89927
0.23076	-0.13304	0.39956	0.686	-0.002	0.006	-0.62	-0.90379
0.25174	-0.16014	0.39883	0.687	-0.002	-0.001	-0.622	-0.90539
0.27271	-0.20759	0.40113	0.686	-0.002	-0.002	-0.622	-0.90671
0.29369	-0.27273	0.40986	0.683	-0.002	0.01	-0.621	-0.90922
0.31467	-0.35162	0.42407	0.68	-0.002	0.041	-0.617	-0.90735
0.33565	-0.43976	0.44349	0.675	-0.002	0.093	-0.607	-0.89926
0.35663	-0.53268	0.4739	0.671	-0.002	0.158	-0.588	-0.8763
0.3776	-0.62661	0.4963	0.666	-0.001	0.221	-0.561	-0.84234
0.39858	-0.71889	0.51805	0.662	-0.001	0.277	-0.529	-0.79909
0.41956	-0.80777	0.53253	0.658	-0.001	0.333	-0.486	-0.7386
0.44054	-0.8917	0.54452	0.654	-0.002	0.392	-0.423	-0.64679
0.46152	-0.96899	0.5523	0.65	-0.002	0.452	-0.325	-0.5
0.4825	-1.03778	0.56303	0.648	-0.003	0.492	-0.187	-0.28858
0.50347	-1.09637	0.57305	0.646	-0.004	0.493	-0.029	-0.04489
0.52445	-1.14369	0.58063	0.646	-0.005	0.459	0.108	0.16718
0.54543	-1.1792	0.58642	0.647	-0.006	0.417	0.203	0.31376
0.56641	-1.20261	0.5907	0.647	-0.009	0.384	0.258	0.39876
0.58739	-1.21335	0.59088	0.647	-0.148	0.26	0.44	0.68006
0.58739	-1.21335	0.59088	0.647	-0.148	0.26	0.44	0.68006
0.60836	-1.20301	0.5897	0.647	-0.007	-0.391	-0.232	-0.35858
0.62934	-1.17959	0.58723	0.647	-0.003	-0.42	-0.186	-0.28748
0.65032	-1.14403	0.58131	0.646	-0.002	-0.461	-0.093	-0.14396
0.6713	-1.09665	0.57301	0.646	-0.002	-0.492	0.043	0.06656
0.69228	-1.03798	0.56199	0.648	-0.001	-0.489	0.2	0.30864
0.71325	-0.96912	0.55314	0.65	-0.001	-0.446	0.336	0.51692
0.73423	-0.89177	0.54287	0.654	-0.001	-0.386	0.43	0.65749
0.75521	-0.8078	0.53238	0.658	0	-0.327	0.491	0.7462
0.77619	-0.7189	0.51824	0.662	0	-0.272	0.532	0.80363
0.79717	-0.62659	0.4963	0.666	0	-0.216	0.564	0.84685
0.81814	-0.53265	0.47324	0.671	0	-0.154	0.589	0.87779
0.83912	-0.43971	0.44422	0.675	0.001	-0.09	0.608	0.90074
0.8601	-0.35157	0.42407	0.68	0.001	-0.038	0.617	0.90735
0.88108	-0.27268	0.40986	0.683	0.001	-0.008	0.621	0.90922
0.90206	-0.20753	0.40113	0.686	0.001	0.003	0.622	0.90671
0.92303	-0.16008	0.39883	0.687	0.001	0.003	0.622	0.90539
0.94401	-0.13296	0.39956	0.686	0.001	-0.004	0.621	0.90525
0.96499	-0.12691	0.39995	0.685	0.001	-0.024	0.617	0.90073
0.98597	-0.13988	0.37905	0.679	0.002	-0.255	0.423	0.62297
1.00695	-0.15166	0.3107	0.654	0	-0.127	-0.564	-0.86239
1.02792	-0.17826	0.395	0.659	-0.001	-0.106	-0.582	-0.88316
1.0489	-0.2257	0.44894	0.666	-0.001	-0.114	-0.588	-0.88288
1.06988	-0.28708	0.46309	0.67	-0.001	-0.129	-0.589	-0.8791
1.09086	-0.35598	0.46593	0.671	-0.001	-0.148	-0.586	-0.87332
1.11184	-0.42874	0.46421	0.672	-0.001	-0.168	-0.582	-0.86607
1.13281	-0.50306	0.46272	0.672	-0.001	-0.191	-0.575	-0.85565
1.15379	-0.57709	0.46489	0.672	-0.001	-0.216	-0.566	-0.84226
1.17477	-0.64536	0.48366	0.67	0.081	0.069	0.561	0.83731
							--
#	BAND	=	0	0	108		--
0	0.09439	0.05316	0.596	-0.029	-0.053	-0.565	-0.94799
0.02098	0.05565	0.05447	0.6	0	0.009	0.57	0.95
0.04196	0.02039	0.05721	0.604	0	0.009	0.572	0.94702
0.06293	-0.00987	0.06144	0.61	0	0.009	0.575	0.94262
0.08391	-0.03461	0.06966	0.618	0	0.01	0.578	0.93528
0.10489	-0.05292	0.08589	0.628	0	0.01	0.583	0.92834
0.12587	-0.06288	0.1229	0.64	0	0.01	0.59	0.92188
0.14685	-0.06049	0.20161	0.657	0	0.01	0.599	0.91172
0.16782	-0.04209	0.3237	0.672	0	0.01	0.606	0.90179
0.1888	-0.01437	0.42273	0.678	0	0.004	0.608	0.89676
0.20978	0.01056	0.48411	0.678	0	-0.006	0.607	0.89528
0.23076	0.02596	0.52656	0.676	0	-0.018	0.604	0.89349
0.25174	0.02995	0.55662	0.671	0	-0.028	0.598	0.89121
0.27271	0.02328	0.57825	0.664	0	-0.036	0.592	0.89157
0.29369	0.00775	0.59303	0.656	0.001	-0.043	0.584	0.89024
0.31467	-0.01455	0.60121	0.646	0.001	-0.048	0.575	0.89009
0.33565	-0.04138	0.60266	0.636	0.001	-0.053	0.565	0.88836
0.35663	-0.07037	0.60032	0.625	0.001	-0.057	0.555	0.888
0.3776	-0.09898	0.59624	0.613	0.001	-0.06	0.544	0.88744
0.39858	-0.12471	0.59057	0.602	0.001	-0.063	0.535	0.8887
0.41956	-0.14528	0.58235	0.591	0.002	-0.066	0.526	0.89002
0.44054	-0.15877	0.57593	0.582	0.002	-0.068	0.519	0.89175
0.46152	-0.16386	0.5695	0.574	0.002	-0.069	0.515	0.89721
0.4825	-0.15976	0.56529	0.568	0.002	-0.071	0.512	0.90141
0.50347	-0.14626	0.56156	0.563	0.003	-0.072	0.512	0.90941
0.52445	-0.12353	0.55761	0.561	0.004	-0.074	0.513	0.91444
0.54543	-0.09202	0.5563	0.559	0.005	-0.078	0.516	0.92308
0.56641	-0.0523	0.55599	0.559	0.011	-0.086	0.518	0.92665
0.58739	-0.01036	0.55764	0.561	0.165	-0.21	-0.425	-0.75758
0.58739	-0.01036	0.55764	0.561	0.165	-0.21	-0.425	-0.75758
0.60836	-0.05702	0.55699	0.56	0.01	0.054	-0.523	-0.93393
0.62934	-0.09679	0.5563	0.56	0.005	0.061	-0.518	-0.925
0.65032	-0.12834	0.55761	0.561	0.003	0.063	-0.515	-0.918
0.6713	-0.15106	0.56156	0.564	0.003	0.064	-0.513	-0.90957
0.69228	-0.16451	0.56529	0.568	0.002	0.064	-0.514	-0.90493
0.71325	-0.1685	0.5695	0.574	0.002	0.063	-0.516	-0.89895
0.73423	-0.16326	0.57681	0.582	0.002	0.062	-0.52	-0.89347
0.75521	-0.14953	0.58324	0.592	0.001	0.061	-0.527	-0.8902
0.77619	-0.12869	0.59145	0.602	0.001	0.059	-0.535	-0.8887
0.79717	-0.10262	0.59612	0.614	0.001	0.056	-0.545	-0.88762
0.81814	-0.07364	0.6002	0.625	0.001	0.054	-0.555	-0.888
0.83912	-0.04426	0.60331	0.636	0.001	0.05	-0.565	-0.88836
0.8601	-0.01702	0.60086	0.647	0.001	0.046	-0.575	-0.88872
0.88108	0.00568	0.59345	0.656	0.001	0.041	-0.584	-0.89024
0.90206	0.02161	0.57687	0.664	0	0.034	-0.592	-0.89157
0.92303	0.02864	0.55562	0.671	0	0.027	-0.599	-0.8927
0.94401	0.02494	0.52556	0.676	0	0.017	-0.604	-0.89349
0.96499	0.00978	0.48265	0.679	0	0.006	-0.607	-0.89396
0.98597	-0.015	0.42155	0.678	0	-0.004	-0.609	-0.89823
1.00695	-0.0427	0.3237	0.672	0	-0.01	-0.607	-0.90327
1.02792	-0.06127	0.20152	0.657	0	-0.01	-0.599	-0.91172
1.0489	-0.06387	0.12355	0.641	0	-0.01	-0.59	-0.92044
1.06988	-0.05405	0.08677	0.628	0	-0.01	-0.583	-0.92834
1.09086	-0.03582	0.06966	0.618	-0.001	-0.01	-0.579	-0.93689
1.11184	-0.01112	0.06144	0.611	-0.001	-0.01	-0.575	-0.94108
1.13281	0.01912	0.05721	0.605	-0.001	-0.01	-0.572	-0.94545
1.15379	0.0544	0.05447	0.6	-0.001	-0.01	-0.57	-0.95
1.17477	0.09439	0.05316	0.596	-0.029	-0.053	-0.565	-0.94799
							--
#	BAND	=	0	0	109		--
0	0.11063	0.05316	0.596	0.029	0.053	0.565	0.94799
0.02098	0.15389	0.05322	0.593	0	-0.009	-0.567	-0.95616
0.04196	0.20274	0.05327	0.59	0	-0.01	-0.565	-0.95763
0.06293	0.25579	0.05344	0.588	0	-0.01	-0.564	-0.95918
0.08391	0.31294	0.05533	0.586	0	-0.01	-0.563	-0.96075
0.10489	0.37403	0.05611	0.585	0	-0.011	-0.561	-0.95897
0.12587	0.43887	0.05741	0.583	0	-0.011	-0.56	-0.96055
0.14685	0.50719	0.05807	0.582	0	-0.011	-0.558	-0.95876
0.16782	0.57859	0.05923	0.58	0	-0.012	-0.555	-0.9569
0.1888	0.6525	0.05933	0.577	0	-0.012	-0.551	-0.95494
0.20978	0.72811	0.05699	0.573	0	-0.013	-0.546	-0.95288
0.23076	0.8043	0.0546	0.568	0.001	-0.014	-0.539	-0.94894
0.25174	0.87955	0.05221	0.561	0.001	-0.017	-0.531	-0.94652
0.27271	0.9518	0.05003	0.553	0.001	-0.022	-0.521	-0.94213
0.29369	1.01834	0.04864	0.544	0.001	-0.032	-0.509	-0.93566
0.31467	1.03146	0.60264	0.623	-0.001	0.052	-0.612	-0.98234
0.33565	0.95	0.60132	0.615	-0.001	0.057	-0.602	-0.97886
0.35663	0.86323	0.59752	0.607	-0.001	0.061	-0.594	-0.97858
0.3776	0.77357	0.59309	0.601	-0.001	0.064	-0.586	-0.97504
0.39858	0.68295	0.58864	0.594	-0.001	0.067	-0.579	-0.97475
0.41956	0.59293	0.58339	0.589	-0.001	0.069	-0.572	-0.97114
0.44054	0.50475	0.57786	0.584	-0.002	0.07	-0.565	-0.96747
0.46152	0.41941	0.57409	0.579	-0.002	0.071	-0.559	-0.96546
0.4825	0.33772	0.57105	0.575	-0.002	0.073	-0.553	-0.96174
0.50347	0.26037	0.56621	0.571	-0.003	0.074	-0.547	-0.95797
0.52445	0.18794	0.5641	0.568	-0.004	0.075	-0.541	-0.95246
0.54543	0.12098	0.56029	0.565	-0.005	0.078	-0.535	-0.9469
0.56641	0.06001	0.55937	0.563	-0.011	0.086	-0.528	-0.93783
0.58739	0.01095	0.55764	0.56	-0.165	0.21	0.424	0.75714
0.58739	0.01095	0.55764	0.56	-0.165	0.21	0.424	0.75714
0.60836	0.06459	0.55837	0.562	-0.01	-0.054	0.532	0.94662
0.62934	0.12549	0.56117	0.564	-0.005	-0.062	0.537	0.95213
0.65032	0.19237	0.56214	0.567	-0.003	-0.064	0.542	0.95591
0.6713	0.26472	0.56621	0.571	-0.002	-0.066	0.547	0.95797
0.69228	0.34198	0.57005	0.574	-0.002	-0.066	0.553	0.96341
0.71325	0.42358	0.57409	0.579	-0.002	-0.066	0.559	0.96546
0.73423	0.50883	0.57786	0.583	-0.001	-0.066	0.565	0.96913
0.75521	0.59691	0.58339	0.588	-0.001	-0.065	0.572	0.97279
0.77619	0.68682	0.58864	0.594	-0.001	-0.063	0.578	0.97306
0.79717	0.77731	0.59213	0.6	-0.001	-0.061	0.586	0.97667
0.81814	0.8668	0.59752	0.607	-0.001	-0.058	0.594	0.97858
0.83912	0.95335	0.60036	0.614	-0.001	-0.054	0.602	0.98046
0.8601	1.03453	0.60068	0.623	-0.001	-0.05	0.612	0.98234
0.88108	1.01882	0.04864	0.544	-0.001	0.032	0.509	0.93566
0.90206	0.95235	0.05003	0.553	-0.001	0.022	0.52	0.94033
0.92303	0.88016	0.05221	0.561	-0.001	0.017	0.531	0.94652
0.94401	0.80497	0.0546	0.568	-0.001	0.014	0.539	0.94894
0.96499	0.72883	0.05699	0.573	0	0.013	0.546	0.95288
0.98597	0.65327	0.05933	0.577	0	0.012	0.551	0.95494
1.00695	0.57942	0.05923	0.579	0	0.012	0.555	0.95855
1.02792	0.50808	0.05807	0.581	0	0.011	0.558	0.96041
1.0489	0.43982	0.05725	0.583	0	0.011	0.56	0.96055
1.06988	0.37503	0.05611	0.585	0	0.011	0.561	0.95897
1.09086	0.314	0.05541	0.586	0	0.011	0.563	0.96075
1.11184	0.2569	0.05312	0.588	0.001	0.01	0.564	0.95918
1.13281	0.20389	0.05327	0.59	0.001	0.01	0.565	0.95763
1.15379	0.15509	0.05322	0.593	0.001	0.01	0.567	0.95616
1.17477	0.11063	0.05316	0.596	0.029	0.053	0.565	0.94799
							--
#	BAND	=	0	0	110		--
0	1.49966	0.23649	0.635	0.205	-0.454	-0.018	-0.02835
0.02098	1.49632	0.23347	0.634	0.015	0.139	0.582	0.91798
0.04196	1.48678	0.22851	0.635	0.013	0.171	0.569	0.89606
0.06293	1.4711	0.23029	0.639	0.025	0.253	0.519	0.81221
0.08391	1.44899	0.27815	0.655	0.046	0.052	-0.627	-0.95725
0.10489	1.42029	0.29959	0.663	0.015	-0.101	-0.624	-0.94118
0.12587	1.38651	0.31957	0.669	0.008	-0.13	-0.617	-0.92227
0.14685	1.34971	0.34037	0.674	0.004	-0.131	-0.614	-0.91098
0.16782	1.31291	0.36413	0.676	0.002	-0.109	-0.619	-0.91568
0.1888	1.27947	0.39465	0.676	0.001	-0.07	-0.633	-0.93639
0.20978	1.25177	0.43564	0.673	0	-0.025	-0.649	-0.96434
0.23076	1.22785	0.49688	0.667	0	0.01	-0.657	-0.98501
0.25174	1.19767	0.55989	0.656	0	0.03	-0.649	-0.98933
0.27271	1.15144	0.58892	0.643	0	0.039	-0.635	-0.98756
0.29369	1.08975	0.60009	0.632	-0.001	0.046	-0.622	-0.98418
0.31467	1.06065	0.04954	0.536	0.001	-0.047	-0.499	-0.93097
0.33565	1.10458	0.05747	0.533	0.001	-0.07	-0.491	-0.9212
0.35663	1.13146	0.07261	0.537	0	-0.104	-0.483	-0.89944
0.3776	1.13964	0.09456	0.549	-0.001	-0.166	-0.453	-0.82514
0.39858	1.1304	0.12447	0.564	-0.005	-0.265	-0.269	-0.47695
0.41956	1.10827	0.15247	0.575	-0.006	-0.244	0.105	0.18261
0.44054	1.08123	0.16866	0.579	-0.005	-0.162	0.269	0.46459
0.46152	1.05382	0.17719	0.581	-0.004	-0.109	0.311	0.53528
0.4825	1.02786	0.18425	0.581	-0.003	-0.073	0.311	0.53528
0.50347	1.00469	0.19209	0.581	-0.003	-0.046	0.293	0.5043
0.52445	0.98547	0.19561	0.581	-0.002	-0.026	0.268	0.46127
0.54543	0.9712	0.19957	0.581	-0.002	-0.01	0.242	0.41652
0.56641	0.9626	0.2025	0.58	-0.002	-0.001	0.222	0.38276
0.58739	0.96015	0.20282	0.58	-0.033	-0.002	-0.365	-0.62931
0.58739	0.96015	0.20282	0.58	-0.033	-0.002	-0.366	-0.63103
0.60836	0.96259	0.2025	0.58	0.001	0.001	-0.229	-0.39483
0.62934	0.97118	0.19996	0.581	0.002	0.01	-0.246	-0.42341
0.65032	0.98546	0.19561	0.581	0.002	0.026	-0.27	-0.46472
0.6713	1.00467	0.19209	0.581	0.003	0.046	-0.295	-0.50775
0.69228	1.02784	0.18425	0.581	0.003	0.073	-0.312	-0.53701
0.71325	1.0538	0.17719	0.581	0.004	0.109	-0.312	-0.53701
0.73423	1.08121	0.16866	0.579	0.006	0.161	-0.271	-0.46805
0.75521	1.10826	0.15286	0.575	0.007	0.243	-0.109	-0.18957
0.77619	1.13044	0.12474	0.564	0.005	0.266	0.265	0.46986
0.79717	1.13976	0.09487	0.549	0.001	0.167	0.452	0.82332
0.81814	1.13167	0.07253	0.537	0	0.105	0.483	0.89944
0.83912	1.10488	0.05747	0.533	-0.001	0.07	0.491	0.9212
0.8601	1.06105	0.04954	0.536	-0.001	0.047	0.499	0.93097
0.88108	1.09245	0.59813	0.632	0	-0.044	0.622	0.98418
0.90206	1.15365	0.58869	0.643	0	-0.038	0.635	0.98756
0.92303	1.19925	0.55735	0.656	0	-0.029	0.649	0.98933
0.94401	1.22881	0.49518	0.667	0	-0.01	0.657	0.98501
0.96499	1.25233	0.43333	0.673	0.001	0.026	0.649	0.96434
0.98597	1.27983	0.39182	0.676	0.001	0.07	0.633	0.93639
1.00695	1.31316	0.36413	0.676	0	0.109	0.62	0.91716
1.02792	1.3499	0.34068	0.674	0	0.129	0.616	0.91395
1.0489	1.38664	0.31784	0.669	-0.002	0.123	0.62	0.92676
1.06988	1.42039	0.29951	0.663	-0.002	0.082	0.63	0.95023
1.09086	1.44904	0.27676	0.655	0.002	-0.162	0.598	0.91298
1.11184	1.47109	0.23209	0.639	0.013	-0.291	-0.487	-0.76213
1.13281	1.48678	0.23013	0.635	0.012	-0.211	-0.548	-0.86299
1.15379	1.49631	0.23402	0.634	0.019	-0.2	-0.554	-0.87382
1.17477	1.49966	0.23649	0.635	0.221	-0.446	-0.025	-0.03937
							--
#	BAND	=	0	0	111		--
0	1.5147	0.23665	0.635	-0.205	0.454	0.018	0.02835
0.02098	1.51175	0.24486	0.638	-0.015	-0.139	-0.586	-0.9185
0.04196	1.50241	0.25361	0.642	-0.013	-0.171	-0.577	-0.89875
0.06293	1.48651	0.26478	0.648	-0.025	-0.253	-0.53	-0.8179
0.08391	1.46435	0.23159	0.644	-0.046	-0.052	0.614	0.95342
0.10489	1.43679	0.23512	0.651	-0.015	0.102	0.611	0.93856
0.12587	1.40445	0.24318	0.658	-0.008	0.132	0.605	0.91945
0.14685	1.3694	0.24503	0.664	-0.005	0.134	0.603	0.90813
0.16782	1.33487	0.24541	0.667	-0.002	0.115	0.608	0.91154
0.1888	1.30498	0.24058	0.668	-0.001	0.08	0.621	0.92964
0.20978	1.28396	0.22486	0.665	0	0.041	0.636	0.95639
0.23076	1.27476	0.20393	0.657	0	0.015	0.64	0.97412
0.25174	1.27658	0.16869	0.641	0	0.006	0.622	0.97036
0.27271	1.28056	0.13802	0.609	0	0.002	0.583	0.95731
0.29369	1.27383	0.13404	0.582	-0.001	0.011	0.552	0.94845
0.31467	1.25726	0.13864	0.573	-0.001	0.031	0.54	0.94241
0.33565	1.23576	0.1432	0.571	-0.001	0.056	0.533	0.93345
0.35663	1.21153	0.14892	0.572	0	0.094	0.523	0.91434
0.3776	1.18572	0.15213	0.573	0.001	0.164	0.485	0.84642
0.39858	1.15969	0.15396	0.572	0.005	0.272	0.292	0.51049
0.41956	1.13426	0.15421	0.571	0.007	0.257	-0.089	-0.15587
0.44054	1.1072	0.1646	0.575	0.006	0.175	-0.258	-0.4487
0.46152	1.07882	0.17583	0.577	0.005	0.121	-0.302	-0.5234
0.4825	1.05117	0.18553	0.579	0.004	0.082	-0.305	-0.52677
0.50347	1.02611	0.19219	0.58	0.003	0.053	-0.289	-0.49828
0.52445	1.00509	0.1957	0.58	0.002	0.03	-0.265	-0.4569
0.54543	0.98916	0.20007	0.58	0.002	0.013	-0.24	-0.41379
0.56641	0.97905	0.20298	0.58	0.002	0.003	-0.221	-0.38103
0.58739	0.97517	0.20282	0.58	0.033	0.002	0.365	0.62931
0.58739	0.97517	0.20282	0.58	0.033	0.002	0.366	0.63103
0.60836	0.97906	0.20298	0.58	-0.001	-0.003	0.228	0.3931
0.62934	0.98917	0.20007	0.58	-0.002	-0.013	0.244	0.42069
0.65032	1.0051	0.1957	0.58	-0.002	-0.03	0.267	0.46034
0.6713	1.02613	0.19219	0.58	-0.003	-0.053	0.29	0.5
0.69228	1.05119	0.18553	0.579	-0.004	-0.082	0.306	0.5285
0.71325	1.07885	0.17583	0.577	-0.005	-0.12	0.304	0.52686
0.73423	1.10723	0.1646	0.575	-0.006	-0.175	0.26	0.45217
0.75521	1.13429	0.15421	0.571	-0.007	-0.256	0.093	0.16287
0.77619	1.1597	0.15374	0.571	-0.006	-0.274	-0.288	-0.50438
0.79717	1.18569	0.15213	0.573	-0.001	-0.165	-0.484	-0.84468
0.81814	1.21148	0.14892	0.572	0	-0.095	-0.522	-0.91259
0.83912	1.2357	0.143	0.571	0.001	-0.057	-0.533	-0.93345
0.8601	1.25717	0.13868	0.573	0.001	-0.031	-0.54	-0.94241
0.88108	1.27372	0.13285	0.582	0.001	-0.011	-0.553	-0.95017
0.90206	1.28044	0.13802	0.609	0	-0.002	-0.583	-0.95731
0.92303	1.2765	0.1689	0.641	0	-0.006	-0.622	-0.97036
0.94401	1.2747	0.20393	0.657	0	-0.015	-0.64	-0.97412
0.96499	1.28391	0.22486	0.665	0	-0.041	-0.636	-0.95639
0.98597	1.30495	0.24058	0.668	-0.001	-0.08	-0.621	-0.92964
1.00695	1.33484	0.24541	0.667	0	-0.115	-0.609	-0.91304
1.02792	1.36938	0.24437	0.664	0.001	-0.132	-0.605	-0.91114
1.0489	1.40444	0.24259	0.658	0.002	-0.125	-0.608	-0.92401
1.06988	1.43679	0.23638	0.651	0.002	-0.083	-0.617	-0.94777
1.09086	1.46437	0.23418	0.644	-0.002	0.162	-0.585	-0.90839
1.11184	1.48656	0.26267	0.648	-0.013	0.291	0.498	0.76852
1.13281	1.50244	0.25317	0.642	-0.012	0.212	0.555	0.86449
1.15379	1.51177	0.24413	0.638	-0.019	0.2	0.558	0.87461
1.17477	1.51469	0.23649	0.635	-0.221	0.446	0.025	0.03937
							--
#	BAND	=	0	0	112		--
0	1.58397	0.32948	0.64	0.117	-0.186	-0.545	-0.85156
0.02098	1.58011	0.32818	0.641	-0.001	-0.055	0.607	0.94696
0.04196	1.57039	0.32461	0.64	-0.003	-0.049	0.607	0.94844
0.06293	1.5553	0.3199	0.637	-0.003	-0.044	0.604	0.94819
0.08391	1.53572	0.31021	0.631	-0.004	-0.039	0.599	0.94929
0.10489	1.51277	0.29762	0.623	-0.004	-0.035	0.592	0.95024
0.12587	1.48758	0.27985	0.615	-0.004	-0.033	0.584	0.94959
0.14685	1.46103	0.26499	0.607	-0.004	-0.036	0.576	0.94893
0.16782	1.43377	0.25126	0.602	-0.003	-0.046	0.57	0.94684
0.1888	1.40649	0.24184	0.6	-0.002	-0.077	0.561	0.935
0.20978	1.38009	0.24273	0.606	0.006	-0.278	0.415	0.68482
0.23076	1.35074	0.26787	0.646	0.005	-0.045	-0.622	-0.96285
0.25174	1.33528	0.22944	0.643	0.004	0.214	-0.511	-0.79471
0.27271	1.33396	0.20941	0.628	0.002	0.387	0.267	0.42516
0.29369	1.34014	0.19541	0.599	0.006	0.353	-0.231	-0.38564
0.31467	1.32982	0.22572	0.568	0.005	0.116	-0.508	-0.89437
0.33565	1.31115	0.235	0.564	0.004	0.077	-0.519	-0.92021
0.35663	1.28932	0.23794	0.563	0.003	0.07	-0.517	-0.91829
0.3776	1.2656	0.24255	0.563	0.001	0.059	-0.516	-0.91652
0.39858	1.24045	0.24779	0.566	0	0.038	-0.52	-0.91873
0.41956	1.21438	0.25577	0.569	0	0.019	-0.523	-0.91916
0.44054	1.18851	0.26511	0.572	0	0.012	-0.522	-0.91259
0.46152	1.16414	0.27147	0.575	0	0.013	-0.521	-0.90609
0.4825	1.1423	0.27655	0.577	0	0.014	-0.521	-0.90295
0.50347	1.12377	0.28381	0.578	0	0.015	-0.523	-0.90484
0.52445	1.1091	0.28781	0.579	0	0.014	-0.524	-0.90501
0.54543	1.09869	0.28983	0.58	-0.001	0.014	-0.525	-0.90517
0.56641	1.09275	0.29277	0.581	-0.001	0.013	-0.526	-0.90534
0.58739	1.09136	0.29629	0.582	-0.052	0.032	-0.455	-0.78179
0.58739	1.09136	0.29629	0.582	-0.052	0.032	-0.455	-0.78179
0.60836	1.09279	0.29277	0.581	-0.002	-0.012	0.527	0.90706
0.62934	1.09874	0.28983	0.58	-0.001	-0.013	0.526	0.9069
0.65032	1.10915	0.28781	0.579	0	-0.014	0.524	0.90501
0.6713	1.12382	0.28377	0.578	0	-0.015	0.523	0.90484
0.69228	1.14236	0.27655	0.577	0	-0.014	0.521	0.90295
0.71325	1.16419	0.27167	0.575	0	-0.013	0.521	0.90609
0.73423	1.18856	0.26511	0.572	0	-0.012	0.522	0.91259
0.75521	1.21443	0.25577	0.569	0	-0.02	0.523	0.91916
0.77619	1.24051	0.24868	0.566	0	-0.039	0.52	0.91873
0.79717	1.26566	0.24263	0.563	-0.001	-0.059	0.516	0.91652
0.81814	1.28938	0.23794	0.563	-0.003	-0.07	0.517	0.91829
0.83912	1.31122	0.235	0.564	-0.004	-0.078	0.519	0.92021
0.8601	1.32991	0.22525	0.568	-0.005	-0.116	0.508	0.89437
0.88108	1.34022	0.19541	0.599	-0.006	-0.354	0.228	0.38063
0.90206	1.33401	0.20991	0.628	-0.002	-0.386	-0.27	-0.42994
0.92303	1.33547	0.23108	0.642	-0.004	-0.223	0.501	0.78037
0.94401	1.35114	0.26821	0.646	-0.003	0.042	0.622	0.96285
0.96499	1.38016	0.24159	0.604	0.002	0.243	-0.456	-0.75497
0.98597	1.40649	0.24234	0.6	0.004	0.071	-0.562	-0.93667
1.00695	1.43377	0.25126	0.602	0.004	0.044	-0.57	-0.94684
1.02792	1.46102	0.26499	0.607	0.005	0.034	-0.576	-0.94893
1.0489	1.48756	0.27985	0.615	0.005	0.031	-0.584	-0.94959
1.06988	1.51274	0.29762	0.623	0.005	0.032	-0.592	-0.95024
1.09086	1.53569	0.31021	0.631	0.005	0.036	-0.599	-0.94929
1.11184	1.55527	0.3199	0.637	0.005	0.04	-0.605	-0.94976
1.13281	1.57035	0.32461	0.64	0.006	0.043	-0.607	-0.94844
1.15379	1.58007	0.32818	0.641	0.007	0.042	-0.608	-0.94852
1.17477	1.58397	0.32948	0.64	0.117	-0.187	-0.545	-0.85156
							--
#	BAND	=	0	0	113		--
0	1.59902	0.32948	0.64	-0.117	0.186	0.545	0.85156
0.02098	1.59699	0.32884	0.638	0.001	0.055	-0.603	-0.94514
0.04196	1.58941	0.32366	0.633	0.003	0.049	-0.6	-0.94787
0.06293	1.57685	0.31678	0.627	0.004	0.044	-0.595	-0.94896
0.08391	1.56018	0.30684	0.62	0.004	0.039	-0.589	-0.95
0.10489	1.5403	0.29463	0.612	0.004	0.034	-0.582	-0.95098
0.12587	1.51792	0.28371	0.606	0.004	0.033	-0.577	-0.95215
0.14685	1.49322	0.27274	0.604	0.004	0.036	-0.575	-0.95199
0.16782	1.46559	0.26875	0.609	0.003	0.047	-0.579	-0.95074
0.1888	1.43368	0.27151	0.622	0.001	0.078	-0.587	-0.94373
0.20978	1.39825	0.27008	0.63	-0.008	0.28	-0.459	-0.72857
0.23076	1.37246	0.23129	0.6	-0.007	0.046	0.571	0.95167
0.25174	1.3563	0.23838	0.617	-0.007	-0.21	0.466	0.75527
0.27271	1.36127	0.22304	0.638	-0.004	-0.376	-0.269	-0.42163
0.29369	1.37112	0.20397	0.623	-0.002	-0.248	0.273	0.4382
0.31467	1.38308	0.17746	0.615	0	-0.025	0.516	0.83902
0.33565	1.36556	0.23194	0.578	-0.002	-0.061	0.528	0.91349
0.35663	1.33397	0.24303	0.574	-0.001	-0.051	0.525	0.91463
0.3776	1.30128	0.24962	0.574	0	-0.037	0.526	0.91638
0.39858	1.26959	0.26078	0.574	0.001	-0.019	0.53	0.92334
0.41956	1.23966	0.26854	0.575	0.001	-0.007	0.532	0.92522
0.44054	1.21185	0.2793	0.577	0.001	-0.005	0.528	0.91508
0.46152	1.18649	0.28726	0.578	0.001	-0.009	0.526	0.91003
0.4825	1.16394	0.28971	0.58	0.001	-0.012	0.525	0.90517
0.50347	1.14461	0.29412	0.581	0.001	-0.013	0.526	0.90534
0.52445	1.12889	0.29575	0.582	0.001	-0.013	0.526	0.90378
0.54543	1.11712	0.29721	0.582	0.001	-0.013	0.527	0.9055
0.56641	1.10956	0.29549	0.582	0.001	-0.013	0.527	0.9055
0.58739	1.10641	0.29629	0.582	0.052	-0.032	0.455	0.78179
0.58739	1.10641	0.29629	0.582	0.052	-0.032	0.455	0.78179
0.60836	1.10951	0.29549	0.582	0.002	0.012	-0.528	-0.90722
0.62934	1.11707	0.29721	0.582	0.001	0.012	-0.527	-0.9055
0.65032	1.12885	0.29636	0.582	0	0.013	-0.527	-0.9055
0.6713	1.14457	0.29412	0.581	0	0.013	-0.526	-0.90534
0.69228	1.16389	0.28971	0.58	-0.001	0.012	-0.525	-0.90517
0.71325	1.18645	0.28726	0.578	-0.001	0.009	-0.526	-0.91003
0.73423	1.21181	0.2793	0.577	-0.001	0.005	-0.529	-0.91681
0.75521	1.23961	0.26854	0.575	-0.001	0.007	-0.532	-0.92522
0.77619	1.26954	0.26078	0.574	-0.001	0.019	-0.53	-0.92334
0.79717	1.30122	0.24935	0.574	0	0.038	-0.526	-0.91638
0.81814	1.3339	0.24307	0.574	0.001	0.051	-0.525	-0.91463
0.83912	1.36547	0.23194	0.578	0.002	0.061	-0.528	-0.91349
0.8601	1.38298	0.17737	0.615	0	0.026	-0.516	-0.83902
0.88108	1.37115	0.20507	0.623	0.002	0.25	-0.27	-0.43339
0.90206	1.36137	0.22304	0.638	0.004	0.375	0.271	0.42476
0.92303	1.35635	0.2376	0.618	0.006	0.22	-0.456	-0.73786
0.94401	1.37246	0.23129	0.601	0.005	-0.043	-0.572	-0.95175
0.96499	1.39858	0.27234	0.631	0	-0.245	0.499	0.79081
0.98597	1.43396	0.27163	0.621	-0.003	-0.072	0.588	0.94686
1.00695	1.46575	0.26748	0.609	-0.004	-0.044	0.579	0.95074
1.02792	1.49333	0.27274	0.604	-0.005	-0.034	0.575	0.95199
1.0489	1.518	0.28436	0.606	-0.005	-0.031	0.577	0.95215
1.06988	1.54037	0.29518	0.612	-0.005	-0.032	0.582	0.95098
1.09086	1.56024	0.30684	0.62	-0.005	-0.036	0.589	0.95
1.11184	1.57691	0.31678	0.627	-0.005	-0.04	0.595	0.94896
1.13281	1.58947	0.32366	0.633	-0.006	-0.042	0.601	0.94945
1.15379	1.59704	0.32884	0.638	-0.007	-0.041	0.604	0.94671
1.17477	1.59902	0.32948	0.64	-0.117	0.187	0.544	0.85
							--
#	BAND	=	0	0	114		--
0	1.73696	0.33964	0.639	0.167	-0.356	-0.39	-0.61033
0.02098	1.73197	0.34009	0.641	0.012	0.134	-0.576	-0.8986
0.04196	1.72005	0.34283	0.643	0.007	0.132	-0.58	-0.90202
0.06293	1.70126	0.34328	0.645	0.005	0.113	-0.588	-0.91163
0.08391	1.67571	0.34748	0.646	0.004	0.088	-0.596	-0.9226
0.10489	1.64369	0.34865	0.648	0.004	0.064	-0.603	-0.93056
0.12587	1.60586	0.35082	0.647	0.004	0.044	-0.607	-0.93818
0.14685	1.56363	0.3524	0.644	0.003	0.031	-0.607	-0.94255
0.16782	1.51971	0.34654	0.634	0.003	0.025	-0.6	-0.94637
0.1888	1.47841	0.32718	0.616	0.004	0.025	-0.583	-0.94643
0.20978	1.44353	0.29972	0.597	0.004	0.031	-0.564	-0.94472
0.23076	1.41524	0.27597	0.588	0.005	0.04	-0.554	-0.94218
0.25174	1.39282	0.26724	0.589	0.005	0.044	-0.552	-0.93718
0.27271	1.37946	0.27148	0.608	0.005	0.053	-0.574	-0.94408
0.29369	1.39265	0.21982	0.651	-0.001	0.058	-0.569	-0.87404
0.31467	1.39407	0.20998	0.603	-0.001	0.3	0.378	0.62687
0.33565	1.3912	0.15118	0.601	0.016	0.389	0.213	0.35441
0.35663	1.36589	0.2229	0.568	0.007	0.238	-0.361	-0.63556
0.3776	1.33573	0.23951	0.564	0.002	0.113	-0.47	-0.83333
0.39858	1.30967	0.25105	0.562	0	0.047	-0.509	-0.90569
0.41956	1.28864	0.25867	0.562	-0.001	0.024	-0.521	-0.92705
0.44054	1.27237	0.27126	0.564	-0.001	0.02	-0.524	-0.92908
0.46152	1.26023	0.27843	0.566	-0.001	0.019	-0.526	-0.92933
0.4825	1.25166	0.28531	0.569	-0.001	0.017	-0.528	-0.92794
0.50347	1.24622	0.29014	0.573	-0.001	0.013	-0.53	-0.92496
0.52445	1.24337	0.29585	0.576	-0.001	0.01	-0.532	-0.92361
0.54543	1.24248	0.30122	0.578	-0.001	0.007	-0.533	-0.92215
0.56641	1.24293	0.30232	0.58	-0.002	0.005	-0.535	-0.92241
0.58739	1.24417	0.30464	0.581	-0.119	0.111	-0.396	-0.68158
0.58739	1.24417	0.30464	0.581	-0.119	0.111	-0.396	-0.68158
0.60836	1.24297	0.30232	0.58	-0.002	-0.002	0.535	0.92241
0.62934	1.24253	0.3009	0.578	-0.001	-0.005	0.534	0.92388
0.65032	1.24341	0.29581	0.576	0	-0.009	0.532	0.92361
0.6713	1.24626	0.29014	0.573	0	-0.013	0.53	0.92496
0.69228	1.25171	0.28469	0.569	0	-0.017	0.528	0.92794
0.71325	1.26027	0.27843	0.566	0.001	-0.019	0.526	0.92933
0.73423	1.27242	0.27126	0.564	0.001	-0.02	0.524	0.92908
0.75521	1.28869	0.25867	0.562	0.001	-0.025	0.521	0.92705
0.77619	1.30972	0.25105	0.562	0	-0.047	0.509	0.90569
0.79717	1.33577	0.23951	0.564	-0.002	-0.114	0.469	0.83156
0.81814	1.36594	0.2234	0.568	-0.007	-0.239	0.36	0.6338
0.83912	1.39125	0.15113	0.601	-0.017	-0.388	-0.217	-0.36106
0.8601	1.39412	0.21026	0.604	0	-0.3	-0.379	-0.62748
0.88108	1.39268	0.21982	0.651	0.001	-0.059	0.569	0.87404
0.90206	1.37953	0.27148	0.608	-0.005	-0.054	0.574	0.94408
0.92303	1.39293	0.26832	0.589	-0.005	-0.045	0.552	0.93718
0.94401	1.41539	0.27639	0.588	-0.004	-0.041	0.554	0.94218
0.96499	1.44374	0.30009	0.598	-0.004	-0.033	0.565	0.94482
0.98597	1.4787	0.32849	0.616	-0.003	-0.027	0.583	0.94643
1.00695	1.52005	0.34581	0.634	-0.002	-0.028	0.6	0.94637
1.02792	1.56396	0.35167	0.644	-0.002	-0.035	0.607	0.94255
1.0489	1.60615	0.35039	0.647	-0.002	-0.049	0.607	0.93818
1.06988	1.64394	0.34765	0.647	-0.001	-0.071	0.602	0.93045
1.09086	1.67593	0.34628	0.646	0	-0.098	0.594	0.9195
1.11184	1.70144	0.34459	0.644	0.001	-0.129	0.584	0.90683
1.13281	1.7202	0.34356	0.643	0.004	-0.159	0.571	0.88802
1.15379	1.73208	0.34009	0.641	0.01	-0.193	0.555	0.86583
1.17477	1.73696	0.33964	0.639	0.165	-0.356	-0.391	-0.61189
							--
#	BAND	=	0	0	115		--
0	1.7522	0.34025	0.639	-0.167	0.356	0.39	0.61033
0.02098	1.75045	0.33993	0.637	-0.012	-0.135	0.571	0.89639
0.04196	1.7423	0.33616	0.634	-0.007	-0.133	0.57	0.89905
0.06293	1.72805	0.33658	0.632	-0.005	-0.113	0.574	0.90823
0.08391	1.70815	0.33172	0.63	-0.004	-0.089	0.579	0.91905
0.10489	1.68309	0.33084	0.63	-0.004	-0.065	0.585	0.92857
0.12587	1.65337	0.32974	0.63	-0.003	-0.045	0.59	0.93651
0.14685	1.61964	0.32993	0.633	-0.003	-0.032	0.597	0.94313
0.16782	1.58299	0.32974	0.635	-0.003	-0.025	0.603	0.94961
0.1888	1.54526	0.32631	0.637	-0.003	-0.025	0.607	0.9529
0.20978	1.50912	0.32265	0.637	-0.002	-0.029	0.608	0.95447
0.23076	1.47772	0.31835	0.637	-0.002	-0.034	0.607	0.9529
0.25174	1.45433	0.31175	0.635	-0.002	-0.037	0.604	0.95118
0.27271	1.44121	0.29313	0.628	-0.002	-0.042	0.595	0.94745
0.29369	1.43145	0.25852	0.604	0	-0.136	0.529	0.87583
0.31467	1.43871	0.16411	0.642	-0.012	-0.299	-0.415	-0.64642
0.33565	1.41938	0.20932	0.588	-0.017	0.182	-0.282	-0.47959
0.35663	1.3951	0.21008	0.58	-0.004	-0.033	0.29	0.5
0.3776	1.36596	0.24709	0.572	0	-0.031	0.454	0.79371
0.39858	1.34001	0.26653	0.569	0.001	-0.02	0.51	0.89631
0.41956	1.31836	0.28115	0.569	0.001	-0.02	0.526	0.92443
0.44054	1.30097	0.2929	0.57	0.001	-0.022	0.53	0.92982
0.46152	1.2876	0.29908	0.572	0.001	-0.021	0.531	0.92832
0.4825	1.27783	0.30401	0.574	0.001	-0.017	0.532	0.92683
0.50347	1.27102	0.30536	0.577	0.001	-0.013	0.534	0.92548
0.52445	1.26642	0.30766	0.579	0.001	-0.009	0.535	0.92401
0.54543	1.26327	0.30499	0.58	0.001	-0.006	0.536	0.92414
0.56641	1.26098	0.30534	0.581	0.002	-0.005	0.536	0.92255
0.58739	1.25922	0.30464	0.581	0.119	-0.111	0.396	0.68158
0.58739	1.25922	0.30464	0.581	0.119	-0.111	0.396	0.68158
0.60836	1.26094	0.30534	0.581	0.002	0.001	-0.536	-0.92255
0.62934	1.26323	0.30499	0.58	0.001	0.004	-0.536	-0.92414
0.65032	1.26638	0.30766	0.579	0	0.008	-0.535	-0.92401
0.6713	1.27099	0.30536	0.577	0	0.012	-0.534	-0.92548
0.69228	1.27779	0.30401	0.574	0	0.017	-0.533	-0.92857
0.71325	1.28756	0.29908	0.572	-0.001	0.021	-0.531	-0.92832
0.73423	1.30093	0.2924	0.57	-0.001	0.022	-0.53	-0.92982
0.75521	1.31832	0.28115	0.569	-0.001	0.021	-0.526	-0.92443
0.77619	1.33997	0.26653	0.569	-0.001	0.02	-0.51	-0.89631
0.79717	1.36592	0.24709	0.572	0	0.032	-0.453	-0.79196
0.81814	1.39505	0.20989	0.58	0.004	0.034	-0.289	-0.49828
0.83912	1.4194	0.20935	0.588	0.017	-0.183	0.283	0.48129
0.8601	1.4388	0.16563	0.642	0.012	0.294	0.417	0.64953
0.88108	1.43143	0.25787	0.604	0	0.137	-0.529	-0.87583
0.90206	1.44117	0.29313	0.628	0.002	0.042	-0.595	-0.94745
0.92303	1.45429	0.31175	0.635	0.002	0.038	-0.604	-0.95118
0.94401	1.47767	0.31835	0.637	0.002	0.036	-0.607	-0.9529
0.96499	1.50906	0.32265	0.638	0.002	0.03	-0.608	-0.95298
0.98597	1.54519	0.32631	0.637	0.002	0.027	-0.607	-0.9529
1.00695	1.58292	0.33059	0.635	0.002	0.028	-0.603	-0.94961
1.02792	1.61958	0.32993	0.633	0.002	0.036	-0.597	-0.94313
1.0489	1.65331	0.32974	0.631	0.001	0.05	-0.59	-0.93502
1.06988	1.68303	0.33084	0.63	0.001	0.072	-0.584	-0.92698
1.09086	1.70809	0.33192	0.631	0	0.099	-0.577	-0.91442
1.11184	1.72799	0.33604	0.632	-0.001	0.129	-0.57	-0.9019
1.13281	1.74223	0.33616	0.635	-0.004	0.16	-0.561	-0.88346
1.15379	1.75037	0.33916	0.637	-0.011	0.193	-0.55	-0.86342
1.17477	1.7522	0.34025	0.639	-0.165	0.356	0.391	0.61189
							--
#	BAND	=	0	0	116		--
0	1.87726	0.36153	0.65	0.188	-0.143	-0.531	-0.81692
0.02098	1.87327	0.36144	0.651	0.071	0.473	0.294	0.45161
0.04196	1.86148	0.36213	0.653	0.029	0.386	0.422	0.64625
0.06293	1.8421	0.36168	0.653	0.015	0.314	0.489	0.74885
0.08391	1.81555	0.36103	0.652	0.007	0.264	0.523	0.80215
0.10489	1.78265	0.35563	0.649	0.003	0.233	0.538	0.82897
0.12587	1.74472	0.35341	0.643	0.001	0.216	0.542	0.84292
0.14685	1.70348	0.34742	0.635	0	0.211	0.537	0.84567
0.16782	1.66079	0.33867	0.624	0.001	0.217	0.525	0.84135
0.1888	1.61818	0.33062	0.614	0.003	0.251	0.497	0.80945
0.20978	1.57617	0.31495	0.609	0.02	0.453	0.246	0.40394
0.23076	1.52931	0.30532	0.628	0.013	0.118	-0.565	-0.89968
0.25174	1.48476	0.29808	0.629	0.007	0.041	-0.586	-0.93164
0.27271	1.45254	0.29733	0.631	0.005	0.056	-0.577	-0.91442
0.29369	1.44145	0.2907	0.634	0.009	0.196	-0.442	-0.69716
0.31467	1.43233	0.21674	0.594	0.024	0.313	-0.216	-0.36364
0.33565	1.42251	0.24367	0.585	0.012	-0.117	0.421	0.71966
0.35663	1.40212	0.23649	0.58	0	0.123	0.179	0.30862
0.3776	1.38084	0.26134	0.567	-0.004	0.018	-0.414	-0.73016
0.39858	1.36427	0.27486	0.563	-0.003	0.001	-0.5	-0.8881
0.41956	1.35616	0.27967	0.561	-0.003	0.005	-0.515	-0.918
0.44054	1.35482	0.28557	0.561	-0.002	0.004	-0.519	-0.92513
0.46152	1.35853	0.29299	0.563	-0.002	-0.002	-0.523	-0.92895
0.4825	1.36636	0.2998	0.566	-0.001	-0.007	-0.527	-0.9311
0.50347	1.37726	0.30397	0.57	-0.001	-0.011	-0.531	-0.93158
0.52445	1.38956	0.30525	0.574	-0.001	-0.014	-0.534	-0.93031
0.54543	1.40123	0.30796	0.577	-0.001	-0.017	-0.537	-0.93068
0.56641	1.41029	0.30997	0.58	-0.003	-0.019	-0.539	-0.92931
0.58739	1.41519	0.30862	0.582	-0.234	0.021	-0.43	-0.73883
0.58739	1.41519	0.30862	0.582	-0.234	0.02	-0.429	-0.73711
0.60836	1.41035	0.30997	0.58	-0.004	0.02	0.539	0.92931
0.62934	1.40129	0.30796	0.577	-0.002	0.018	0.537	0.93068
0.65032	1.38961	0.30525	0.574	-0.001	0.015	0.534	0.93031
0.6713	1.37731	0.30397	0.57	0	0.012	0.531	0.93158
0.69228	1.3664	0.2998	0.566	0.001	0.008	0.527	0.9311
0.71325	1.35857	0.29299	0.563	0.002	0.002	0.523	0.92895
0.73423	1.35486	0.28619	0.561	0.002	-0.004	0.519	0.92513
0.75521	1.3562	0.27967	0.561	0.003	-0.005	0.515	0.918
0.77619	1.36431	0.27486	0.563	0.003	-0.002	0.499	0.88632
0.79717	1.38088	0.26184	0.567	0.004	-0.019	0.413	0.7284
0.81814	1.40216	0.23719	0.58	0	-0.122	-0.183	-0.31552
0.83912	1.42253	0.24347	0.585	-0.011	0.118	-0.42	-0.71795
0.8601	1.4324	0.21631	0.594	-0.024	-0.31	0.212	0.3569
0.88108	1.44156	0.29012	0.634	-0.01	-0.2	0.437	0.68927
0.90206	1.45273	0.29745	0.631	-0.004	-0.06	0.576	0.91284
0.92303	1.48504	0.30004	0.629	-0.005	-0.046	0.585	0.93005
0.94401	1.52963	0.30467	0.627	-0.01	-0.134	0.559	0.89155
0.96499	1.57613	0.31451	0.609	-0.009	-0.44	-0.276	-0.4532
0.98597	1.6181	0.32989	0.614	0.001	-0.251	-0.498	-0.81107
1.00695	1.66071	0.34018	0.624	0.003	-0.218	-0.525	-0.84135
1.02792	1.70338	0.34742	0.635	0.004	-0.212	-0.537	-0.84567
1.0489	1.74462	0.35341	0.643	0.004	-0.217	-0.542	-0.84292
1.06988	1.78255	0.35563	0.649	0.004	-0.232	-0.539	-0.83051
1.09086	1.81545	0.36203	0.652	0.004	-0.26	-0.525	-0.80521
1.11184	1.842	0.36168	0.653	0.005	-0.303	-0.497	-0.7611
1.13281	1.86139	0.36116	0.653	0.011	-0.357	-0.453	-0.69372
1.15379	1.87319	0.36203	0.652	0.029	-0.389	-0.419	-0.64264
1.17477	1.87726	0.36153	0.65	0.188	-0.16	-0.526	-0.80923
							--
#	BAND	=	0	0	117		--
0	1.89237	0.36153	0.65	-0.188	0.143	0.531	0.81692
0.02098	1.88868	0.36068	0.649	-0.071	-0.474	-0.29	-0.44684
0.04196	1.8776	0.35885	0.646	-0.029	-0.387	-0.415	-0.64241
0.06293	1.85946	0.35736	0.643	-0.015	-0.315	-0.478	-0.74339
0.08391	1.83488	0.3534	0.638	-0.007	-0.265	-0.509	-0.79781
0.10489	1.80467	0.34533	0.634	-0.003	-0.234	-0.523	-0.82492
0.12587	1.76978	0.33914	0.628	-0.001	-0.218	-0.529	-0.84236
0.14685	1.73106	0.3309	0.624	-0.001	-0.213	-0.529	-0.84776
0.16782	1.68897	0.32451	0.622	-0.001	-0.219	-0.527	-0.84727
0.1888	1.64348	0.32135	0.624	-0.005	-0.253	-0.512	-0.82051
0.20978	1.59521	0.31956	0.625	-0.022	-0.452	-0.275	-0.44
0.23076	1.55272	0.31997	0.604	-0.016	-0.112	0.525	0.86921
0.25174	1.51568	0.31337	0.601	-0.01	-0.031	0.54	0.8985
0.27271	1.48392	0.31448	0.606	-0.01	-0.038	0.526	0.86799
0.29369	1.46697	0.31902	0.63	-0.017	-0.13	0.345	0.54762
0.31467	1.4654	0.2354	0.6	-0.023	-0.257	0.236	0.39333
0.33565	1.45428	0.1848	0.595	0.023	-0.206	-0.43	-0.72269
0.35663	1.42714	0.24572	0.582	0.002	-0.158	-0.164	-0.28179
0.3776	1.40979	0.27263	0.577	0.004	-0.051	0.426	0.7383
0.39858	1.39743	0.29391	0.572	0.003	-0.027	0.507	0.88636
0.41956	1.38969	0.30429	0.571	0.002	-0.019	0.522	0.91419
0.44054	1.38745	0.30931	0.571	0.002	-0.009	0.527	0.92294
0.46152	1.39056	0.30914	0.572	0.002	0.002	0.531	0.92832
0.4825	1.39785	0.30942	0.574	0.001	0.01	0.535	0.93206
0.50347	1.4075	0.31024	0.577	0.001	0.015	0.537	0.93068
0.52445	1.41745	0.3105	0.579	0.001	0.018	0.539	0.93092
0.54543	1.42562	0.31105	0.581	0.001	0.019	0.54	0.92943
0.56641	1.43026	0.31198	0.582	0.002	0.02	0.541	0.92955
0.58739	1.43026	0.30862	0.582	0.234	-0.02	0.43	0.73883
0.58739	1.43026	0.30862	0.582	0.234	-0.02	0.429	0.73711
0.60836	1.43021	0.31198	0.582	0.004	-0.021	-0.541	-0.92955
0.62934	1.42557	0.31105	0.581	0.002	-0.02	-0.54	-0.92943
0.65032	1.41741	0.3105	0.579	0.001	-0.018	-0.539	-0.93092
0.6713	1.40746	0.31024	0.577	0	-0.015	-0.537	-0.93068
0.69228	1.39781	0.30942	0.574	-0.001	-0.01	-0.535	-0.93206
0.71325	1.39052	0.30914	0.572	-0.002	-0.002	-0.531	-0.92832
0.73423	1.38741	0.30931	0.571	-0.002	0.009	-0.527	-0.92294
0.75521	1.38965	0.30429	0.571	-0.003	0.02	-0.521	-0.91243
0.77619	1.39739	0.29382	0.572	-0.003	0.028	-0.506	-0.88462
0.79717	1.40976	0.27249	0.577	-0.004	0.053	-0.424	-0.73484
0.81814	1.42716	0.24561	0.582	-0.002	0.158	0.168	0.28866
0.83912	1.45438	0.18736	0.594	-0.024	0.191	0.436	0.73401
0.8601	1.46542	0.23585	0.6	0.024	0.257	-0.233	-0.38833
0.88108	1.46699	0.31866	0.63	0.018	0.134	-0.342	-0.54286
0.90206	1.48391	0.31409	0.606	0.01	0.042	-0.526	-0.86799
0.92303	1.51565	0.31337	0.601	0.009	0.036	-0.539	-0.89684
0.94401	1.55271	0.32085	0.604	0.013	0.128	-0.519	-0.85927
0.96499	1.59552	0.31914	0.625	0.012	0.439	0.305	0.488
0.98597	1.64379	0.31989	0.624	0.001	0.253	0.512	0.82051
1.00695	1.68922	0.32446	0.622	-0.002	0.22	0.526	0.84566
1.02792	1.73127	0.33158	0.624	-0.003	0.213	0.529	0.84776
1.0489	1.76996	0.33914	0.628	-0.003	0.218	0.528	0.84076
1.06988	1.80483	0.34533	0.633	-0.004	0.234	0.524	0.8278
1.09086	1.83502	0.3534	0.638	-0.004	0.261	0.511	0.80094
1.11184	1.85959	0.35736	0.643	-0.004	0.304	0.486	0.75583
1.13281	1.87772	0.35921	0.646	-0.01	0.357	0.445	0.68885
1.15379	1.88877	0.3596	0.648	-0.029	0.389	0.415	0.64043
1.17477	1.89237	0.36153	0.65	-0.188	0.16	0.525	0.80769
							--
#	BAND	=	0	0	118		--
0	2.04709	0.32569	0.649	0.172	-0.34	-0.407	-0.62712
0.02098	2.0408	0.32804	0.65	0.013	0.198	-0.527	-0.81077
0.04196	2.02547	0.32835	0.651	0.006	0.197	-0.531	-0.81567
0.06293	2.00124	0.32979	0.652	0.004	0.177	-0.543	-0.83282
0.08391	1.96832	0.3305	0.653	0.004	0.149	-0.556	-0.85145
0.10489	1.92714	0.33065	0.652	0.003	0.121	-0.567	-0.86963
0.12587	1.87851	0.33121	0.65	0.003	0.096	-0.575	-0.88462
0.14685	1.82376	0.33015	0.646	0.003	0.078	-0.579	-0.89628
0.16782	1.76506	0.32653	0.639	0.003	0.07	-0.577	-0.90297
0.1888	1.70553	0.3212	0.628	0.004	0.071	-0.567	-0.90287
0.20978	1.64874	0.30958	0.615	0.005	0.082	-0.551	-0.89593
0.23076	1.59682	0.29638	0.604	0.006	0.102	-0.53	-0.87748
0.25174	1.54984	0.28353	0.599	0.007	0.125	-0.507	-0.84641
0.27271	1.50797	0.27487	0.597	0.008	0.128	-0.479	-0.80235
0.29369	1.47388	0.27539	0.599	0.01	0.051	-0.416	-0.69449
0.31467	1.46243	0.25185	0.616	0.016	0.02	-0.515	-0.83604
0.33565	1.44154	0.21771	0.605	-0.035	-0.138	-0.434	-0.71736
0.35663	1.43671	0.26308	0.586	-0.007	-0.069	-0.381	-0.65017
0.3776	1.43096	0.29148	0.577	-0.002	-0.008	-0.473	-0.81976
0.39858	1.43363	0.29816	0.572	-0.001	0.017	-0.494	-0.86364
0.41956	1.44265	0.30568	0.569	-0.001	0.007	-0.504	-0.88576
0.44054	1.45652	0.31352	0.568	-0.002	-0.012	-0.517	-0.91021
0.46152	1.47648	0.31446	0.57	-0.002	-0.023	-0.526	-0.92281
0.4825	1.50225	0.31085	0.573	-0.002	-0.03	-0.532	-0.92845
0.50347	1.53143	0.31174	0.576	-0.002	-0.033	-0.536	-0.93056
0.52445	1.56077	0.31247	0.581	-0.001	-0.036	-0.539	-0.92771
0.54543	1.58678	0.31382	0.585	-0.001	-0.037	-0.542	-0.9265
0.56641	1.60613	0.31387	0.588	-0.002	-0.037	-0.544	-0.92517
0.58739	1.61617	0.31354	0.591	-0.299	0.079	-0.398	-0.67343
0.58739	1.61617	0.31354	0.591	-0.296	0.067	-0.405	-0.68528
0.60836	1.60619	0.31387	0.588	-0.003	0.039	0.544	0.92517
0.62934	1.58684	0.31354	0.585	-0.001	0.038	0.542	0.9265
0.65032	1.56083	0.31247	0.581	0	0.036	0.539	0.92771
0.6713	1.53148	0.31174	0.576	0.001	0.034	0.536	0.93056
0.69228	1.50228	0.31054	0.573	0.001	0.03	0.532	0.92845
0.71325	1.47651	0.31446	0.57	0.002	0.024	0.526	0.92281
0.73423	1.45655	0.31352	0.568	0.002	0.012	0.517	0.91021
0.75521	1.44269	0.30737	0.569	0.002	-0.007	0.503	0.88401
0.77619	1.43371	0.29777	0.572	0.001	-0.018	0.493	0.86189
0.79717	1.43106	0.29137	0.577	0.002	0.007	0.472	0.81802
0.81814	1.43683	0.26376	0.586	0.007	0.067	0.38	0.64846
0.83912	1.44162	0.21375	0.605	0.035	0.15	0.429	0.70909
0.8601	1.46245	0.25185	0.616	-0.016	-0.02	0.515	0.83604
0.88108	1.47396	0.27539	0.599	-0.01	-0.053	0.416	0.69449
0.90206	1.50807	0.27487	0.597	-0.008	-0.129	0.479	0.80235
0.92303	1.54995	0.28348	0.599	-0.007	-0.127	0.506	0.84474
0.94401	1.59697	0.29638	0.604	-0.006	-0.104	0.53	0.87748
0.96499	1.64893	0.31021	0.615	-0.004	-0.084	0.551	0.89593
0.98597	1.70579	0.32112	0.628	-0.003	-0.074	0.568	0.90446
1.00695	1.76535	0.32645	0.639	-0.002	-0.073	0.577	0.90297
1.02792	1.82407	0.32919	0.646	-0.002	-0.082	0.578	0.89474
1.0489	1.8788	0.33025	0.65	-0.001	-0.101	0.574	0.88308
1.06988	1.92742	0.32955	0.652	0	-0.129	0.565	0.86656
1.09086	1.96856	0.3295	0.652	0.001	-0.161	0.552	0.84663
1.11184	2.00145	0.33002	0.652	0.003	-0.194	0.536	0.82209
1.13281	2.02565	0.32858	0.651	0.006	-0.228	0.518	0.7957
1.15379	2.04095	0.32877	0.65	0.012	-0.263	0.497	0.76462
1.17477	2.04709	0.32569	0.649	0.172	-0.33	-0.415	-0.63945
							--
#	BAND	=	0	0	119		--
0	2.06237	0.32515	0.649	-0.172	0.34	0.407	0.62712
0.02098	2.05976	0.32391	0.647	-0.013	-0.199	0.522	0.8068
0.04196	2.04859	0.32221	0.645	-0.006	-0.198	0.521	0.80775
0.06293	2.02906	0.3207	0.643	-0.004	-0.178	0.53	0.82426
0.08391	2.00163	0.31816	0.641	-0.003	-0.151	0.54	0.84243
0.10489	1.96677	0.31476	0.639	-0.003	-0.123	0.551	0.86228
0.12587	1.92504	0.31308	0.638	-0.002	-0.099	0.561	0.87931
0.14685	1.87711	0.31308	0.637	-0.002	-0.081	0.57	0.89482
0.16782	1.82394	0.31182	0.636	-0.002	-0.072	0.576	0.90566
0.1888	1.76706	0.30962	0.634	-0.002	-0.074	0.579	0.91325
0.20978	1.70875	0.30963	0.631	-0.003	-0.087	0.575	0.91125
0.23076	1.6518	0.30935	0.625	-0.003	-0.111	0.563	0.9008
0.25174	1.59894	0.30648	0.619	-0.003	-0.137	0.543	0.87722
0.27271	1.55261	0.30367	0.614	-0.003	-0.146	0.519	0.84528
0.29369	1.51583	0.30289	0.611	-0.001	-0.097	0.497	0.81342
0.31467	1.49271	0.30172	0.604	-0.013	-0.153	0.542	0.89735
0.33565	1.47472	0.31391	0.597	0.002	-0.105	0.528	0.88442
0.35663	1.46665	0.31512	0.594	0.004	-0.049	0.437	0.73569
0.3776	1.46482	0.32189	0.588	0	-0.022	0.489	0.83163
0.39858	1.46806	0.32611	0.584	0	-0.023	0.505	0.86473
0.41956	1.47872	0.3211	0.584	0.001	0.002	0.518	0.88699
0.44054	1.49688	0.31768	0.585	0.002	0.027	0.532	0.9094
0.46152	1.52079	0.31384	0.586	0.002	0.039	0.541	0.92321
0.4825	1.54792	0.31187	0.588	0.002	0.042	0.544	0.92517
0.50347	1.57546	0.31242	0.589	0.001	0.043	0.546	0.92699
0.52445	1.60041	0.31399	0.591	0.001	0.043	0.547	0.92555
0.54543	1.61973	0.31604	0.592	0.001	0.041	0.547	0.92399
0.56641	1.63064	0.3159	0.592	0.002	0.04	0.547	0.92399
0.58739	1.63126	0.31354	0.591	0.299	-0.079	0.398	0.67343
0.58739	1.63125	0.31354	0.591	0.296	-0.067	0.405	0.68528
0.60836	1.63057	0.3159	0.592	0.003	-0.041	-0.546	-0.9223
0.62934	1.61967	0.31604	0.592	0.002	-0.042	-0.547	-0.92399
0.65032	1.60036	0.31399	0.591	0	-0.043	-0.547	-0.92555
0.6713	1.57541	0.31296	0.589	0	-0.044	-0.546	-0.92699
0.69228	1.54788	0.31187	0.588	-0.001	-0.042	-0.544	-0.92517
0.71325	1.52075	0.31384	0.586	-0.002	-0.039	-0.541	-0.92321
0.73423	1.49684	0.31768	0.585	-0.003	-0.027	-0.532	-0.9094
0.75521	1.47867	0.3206	0.584	-0.002	-0.001	-0.517	-0.88527
0.77619	1.46801	0.32611	0.584	0	0.024	-0.505	-0.86473
0.79717	1.46478	0.32172	0.588	0	0.023	-0.488	-0.82993
0.81814	1.46664	0.31416	0.594	-0.004	0.05	-0.435	-0.73232
0.83912	1.47471	0.31434	0.597	-0.002	0.106	-0.527	-0.88275
0.8601	1.49269	0.30118	0.604	0.012	0.154	-0.542	-0.89735
0.88108	1.51582	0.30289	0.611	0.001	0.098	-0.497	-0.81342
0.90206	1.55259	0.30433	0.614	0.003	0.147	-0.518	-0.84365
0.92303	1.59891	0.30648	0.619	0.003	0.139	-0.542	-0.87561
0.94401	1.65176	0.30919	0.625	0.003	0.112	-0.563	-0.9008
0.96499	1.7087	0.30963	0.631	0.002	0.088	-0.575	-0.91125
0.98597	1.767	0.30962	0.635	0.001	0.076	-0.579	-0.91181
1.00695	1.82388	0.31182	0.636	0.001	0.075	-0.576	-0.90566
1.02792	1.87706	0.31265	0.637	0.001	0.085	-0.569	-0.89325
1.0489	1.92499	0.31308	0.638	0	0.104	-0.56	-0.87774
1.06988	1.96672	0.31476	0.639	-0.001	0.131	-0.55	-0.86072
1.09086	2.00157	0.31816	0.641	-0.002	0.163	-0.537	-0.83775
1.11184	2.02901	0.32131	0.643	-0.003	0.195	-0.523	-0.81337
1.13281	2.04851	0.32221	0.645	-0.006	0.228	-0.509	-0.78915
1.15379	2.05967	0.32382	0.647	-0.013	0.263	-0.492	-0.76043
1.17477	2.06237	0.32592	0.649	-0.172	0.33	0.415	0.63945
							--
#	BAND	=	0	0	120		--
0	2.19537	0.35666	0.652	0.194	0.137	-0.471	-0.72239
0.02098	2.1898	0.35658	0.653	0.027	0.362	0.414	0.634
0.04196	2.1741	0.35554	0.653	0.012	0.342	0.432	0.66156
0.06293	2.14853	0.35423	0.653	0.01	0.33	0.446	0.683
0.08391	2.1135	0.35343	0.652	0.004	0.316	0.46	0.70552
0.10489	2.06975	0.35163	0.65	0.005	0.307	0.469	0.72154
0.12587	2.01845	0.34736	0.645	0.004	0.308	0.469	0.72713
0.14685	1.96117	0.34332	0.639	0.006	0.333	0.452	0.70736
0.16782	1.8997	0.33464	0.631	0.009	0.408	0.383	0.60697
0.1888	1.83502	0.32029	0.626	0.022	0.544	-0.074	-0.11821
0.20978	1.76534	0.30852	0.626	0.013	0.154	-0.539	-0.86102
0.23076	1.69408	0.304	0.621	0.007	0.03	-0.563	-0.9066
0.25174	1.62562	0.29899	0.614	0.005	0.004	-0.561	-0.91368
0.27271	1.56353	0.29361	0.606	0.004	0	-0.553	-0.91254
0.29369	1.51129	0.29645	0.603	0.001	-0.039	-0.525	-0.87065
0.31467	1.48489	0.35428	0.635	0.005	-0.091	-0.59	-0.92913
0.33565	1.47805	0.30611	0.611	-0.002	-0.027	-0.562	-0.9198
0.35663	1.48137	0.28969	0.604	0	-0.053	-0.521	-0.86258
0.3776	1.4989	0.28327	0.597	0.002	0.027	-0.497	-0.8325
0.39858	1.52183	0.30519	0.588	0	0.029	-0.494	-0.84014
0.41956	1.54532	0.32209	0.583	-0.002	-0.017	-0.523	-0.89708
0.44054	1.57706	0.3175	0.582	-0.002	-0.038	-0.535	-0.91924
0.46152	1.61811	0.30863	0.583	-0.001	-0.048	-0.539	-0.92453
0.4825	1.66452	0.30095	0.584	-0.001	-0.052	-0.54	-0.92466
0.50347	1.71206	0.29492	0.586	0	-0.052	-0.54	-0.9215
0.52445	1.75682	0.28762	0.587	0.001	-0.049	-0.54	-0.91993
0.54543	1.79531	0.28127	0.588	0.002	-0.043	-0.54	-0.91837
0.56641	1.82459	0.27832	0.589	0.003	-0.035	-0.54	-0.91681
0.58739	1.84247	0.28417	0.593	-0.139	0.079	-0.478	-0.80607
0.58739	1.84247	0.28417	0.593	-0.215	0.089	-0.412	-0.69477
0.60836	1.82466	0.27832	0.589	-0.004	0.035	0.54	0.91681
0.62934	1.79538	0.28127	0.588	-0.002	0.043	0.54	0.91837
0.65032	1.75691	0.28762	0.587	-0.001	0.049	0.54	0.91993
0.6713	1.71214	0.29492	0.586	0	0.052	0.54	0.9215
0.69228	1.66461	0.30095	0.584	0.001	0.052	0.54	0.92466
0.71325	1.61819	0.30856	0.583	0.001	0.048	0.539	0.92453
0.73423	1.57713	0.31707	0.582	0.002	0.038	0.535	0.91924
0.75521	1.54539	0.32362	0.583	0.002	0.017	0.523	0.89708
0.77619	1.52193	0.30559	0.587	0	-0.029	0.493	0.83986
0.79717	1.49904	0.28327	0.597	-0.003	-0.029	0.496	0.83082
0.81814	1.4815	0.28969	0.604	-0.001	0.051	0.52	0.86093
0.83912	1.47812	0.30631	0.611	0.002	0.026	0.562	0.9198
0.8601	1.48496	0.35428	0.635	-0.005	0.09	0.59	0.92913
0.88108	1.51137	0.29745	0.603	-0.001	0.038	0.526	0.87231
0.90206	1.56365	0.29196	0.606	-0.003	-0.002	0.553	0.91254
0.92303	1.6258	0.29842	0.614	-0.004	-0.008	0.561	0.91368
0.94401	1.6943	0.30307	0.621	-0.005	-0.037	0.563	0.9066
0.96499	1.76554	0.30816	0.626	-0.007	-0.173	0.532	0.84984
0.98597	1.83503	0.3197	0.625	-0.009	-0.549	0.023	0.0368
1.00695	1.89961	0.33469	0.631	-0.002	-0.401	-0.389	-0.61648
1.02792	1.96108	0.34298	0.639	0.001	-0.33	-0.454	-0.71049
1.0489	2.01835	0.34781	0.645	0.002	-0.307	-0.47	-0.72868
1.06988	2.06966	0.35132	0.65	0.001	-0.303	-0.471	-0.72462
1.09086	2.11344	0.35312	0.652	0.003	-0.308	-0.464	-0.71166
1.11184	2.14845	0.35434	0.653	0.002	-0.321	-0.452	-0.69219
1.13281	2.17407	0.35503	0.653	0.004	-0.327	-0.442	-0.67688
1.15379	2.18973	0.35581	0.653	-0.001	-0.329	-0.438	-0.67075
1.17477	2.19539	0.3557	0.652	0.358	-0.189	-0.343	-0.52607
							--
#	BAND	=	0	0	121		--
0	2.21044	0.35666	0.652	-0.194	-0.137	0.471	0.72239
0.02098	2.20594	0.35508	0.652	-0.026	-0.363	-0.412	-0.6319
0.04196	2.19149	0.35459	0.651	-0.012	-0.344	-0.429	-0.65899
0.06293	2.16726	0.35331	0.65	-0.01	-0.332	-0.441	-0.67846
0.08391	2.13362	0.3501	0.649	-0.005	-0.318	-0.456	-0.70262
0.10489	2.09122	0.34663	0.646	-0.005	-0.309	-0.465	-0.71981
0.12587	2.04085	0.3407	0.644	-0.005	-0.311	-0.469	-0.72826
0.14685	1.98352	0.33356	0.641	-0.007	-0.335	-0.456	-0.71139
0.16782	1.92038	0.32773	0.637	-0.01	-0.409	-0.393	-0.61695
0.1888	1.85338	0.32664	0.63	-0.023	-0.546	0.058	0.09206
0.20978	1.78745	0.32306	0.617	-0.014	-0.155	0.518	0.83955
0.23076	1.72292	0.31447	0.61	-0.009	-0.033	0.542	0.88852
0.25174	1.66023	0.31144	0.604	-0.007	-0.008	0.543	0.89901
0.27271	1.60144	0.31243	0.599	-0.007	-0.006	0.54	0.9015
0.29369	1.55045	0.33756	0.598	-0.008	0.021	0.53	0.88629
0.31467	1.51993	0.37771	0.609	-0.008	0.095	-0.124	-0.20361
0.33565	1.51864	0.3755	0.607	0	-0.028	0.562	0.92586
0.35663	1.52131	0.36956	0.604	-0.002	0.006	0.539	0.89238
0.3776	1.53493	0.35276	0.606	-0.003	-0.056	0.512	0.84488
0.39858	1.56211	0.33873	0.608	0	-0.016	0.515	0.84704
0.41956	1.59932	0.3283	0.61	0.003	0.054	0.546	0.89508
0.44054	1.64337	0.32501	0.611	0.002	0.074	0.556	0.90998
0.46152	1.69091	0.32514	0.611	0.002	0.077	0.558	0.91326
0.4825	1.73885	0.3254	0.611	0.001	0.076	0.557	0.91162
0.50347	1.784	0.32683	0.611	-0.001	0.07	0.555	0.90835
0.52445	1.8226	0.3252	0.61	-0.002	0.06	0.553	0.90656
0.54543	1.85	0.31929	0.606	-0.004	0.045	0.55	0.90759
0.56641	1.86182	0.30013	0.599	-0.004	0.031	0.545	0.90985
0.58739	1.85756	0.28413	0.593	0.139	-0.079	0.479	0.80776
0.58739	1.85754	0.28417	0.593	0.214	-0.089	0.412	0.69477
0.60836	1.86177	0.30098	0.599	0.005	-0.031	-0.545	-0.90985
0.62934	1.84997	0.31909	0.606	0.004	-0.045	-0.55	-0.90759
0.65032	1.82257	0.3252	0.61	0.002	-0.06	-0.553	-0.90656
0.6713	1.78398	0.32683	0.611	0.001	-0.071	-0.555	-0.90835
0.69228	1.73884	0.3254	0.611	-0.001	-0.076	-0.557	-0.91162
0.71325	1.69091	0.32514	0.611	-0.002	-0.077	-0.558	-0.91326
0.73423	1.64336	0.32501	0.611	-0.003	-0.074	-0.556	-0.90998
0.75521	1.59931	0.3283	0.61	-0.003	-0.054	-0.546	-0.89508
0.77619	1.56209	0.33777	0.608	-0.001	0.016	-0.515	-0.84704
0.79717	1.5349	0.35319	0.606	0.003	0.057	-0.511	-0.84323
0.81814	1.52126	0.37044	0.604	0.002	-0.005	-0.539	-0.89238
0.83912	1.51863	0.37499	0.607	0	0.03	-0.562	-0.92586
0.8601	1.51992	0.37691	0.609	0.009	-0.096	0.114	0.18719
0.88108	1.55039	0.33695	0.598	0.007	-0.02	-0.531	-0.88796
0.90206	1.60137	0.31331	0.599	0.006	0.008	-0.54	-0.9015
0.92303	1.66016	0.31144	0.604	0.006	0.012	-0.543	-0.89901
0.94401	1.72285	0.3147	0.61	0.006	0.04	-0.542	-0.88852
0.96499	1.7874	0.32306	0.617	0.009	0.175	-0.513	-0.83144
0.98597	1.85353	0.32844	0.631	0.01	0.551	-0.007	-0.01109
1.00695	1.9206	0.32932	0.637	0.003	0.403	0.399	0.62637
1.02792	1.98372	0.3341	0.64	0	0.332	0.458	0.71563
1.0489	2.04101	0.33932	0.644	-0.001	0.309	0.469	0.72826
1.06988	2.09136	0.34635	0.646	0	0.305	0.467	0.72291
1.09086	2.13374	0.3501	0.649	-0.003	0.311	0.46	0.70878
1.11184	2.16735	0.35331	0.65	-0.002	0.323	0.447	0.68769
1.13281	2.19158	0.35358	0.651	-0.005	0.329	0.439	0.67435
1.15379	2.20602	0.35593	0.651	0.001	0.33	0.436	0.66974
1.17477	2.21044	0.35582	0.652	-0.357	0.189	0.343	0.52607
							--
#	BAND	=	0	0	122		--
0	2.33614	0.3153	0.629	0.115	-0.25	-0.381	-0.60572
0.02098	2.32957	0.31627	0.63	0.005	0.389	-0.288	-0.45714
0.04196	2.31202	0.32043	0.633	0.003	0.382	-0.305	-0.48183
0.06293	2.28347	0.32273	0.636	0.001	0.357	-0.341	-0.53616
0.08391	2.24395	0.32461	0.639	0.001	0.318	-0.389	-0.60876
0.10489	2.19398	0.327	0.64	-0.001	0.275	-0.431	-0.67344
0.12587	2.1344	0.32953	0.64	0	0.232	-0.468	-0.73125
0.14685	2.06685	0.32793	0.637	0	0.199	-0.492	-0.77237
0.16782	1.99347	0.32502	0.632	0.001	0.177	-0.506	-0.80063
0.1888	1.91674	0.32249	0.625	0.002	0.165	-0.512	-0.8192
0.20978	1.83908	0.31601	0.617	0.002	0.156	-0.513	-0.83144
0.23076	1.76248	0.30701	0.609	0.003	0.137	-0.515	-0.84565
0.25174	1.68857	0.30506	0.603	0.004	0.096	-0.523	-0.86733
0.27271	1.61908	0.30219	0.597	0.004	0.034	-0.529	-0.8861
0.29369	1.55646	0.3128	0.592	0.005	-0.043	-0.52	-0.87838
0.31467	1.50954	0.37895	0.608	0.008	-0.113	0.144	0.23684
0.33565	1.51605	0.40834	0.612	0	-0.074	-0.559	-0.9134
0.35663	1.53577	0.33609	0.634	0	-0.094	-0.577	-0.91009
0.3776	1.57616	0.31488	0.622	0.001	0.012	-0.563	-0.90514
0.39858	1.60749	0.33604	0.61	-0.001	-0.02	-0.554	-0.9082
0.41956	1.65062	0.30858	0.608	-0.002	-0.061	-0.557	-0.91612
0.44054	1.70643	0.28656	0.606	-0.001	-0.075	-0.555	-0.91584
0.46152	1.76642	0.26643	0.603	-0.001	-0.078	-0.55	-0.91211
0.4825	1.82424	0.24797	0.598	0.001	-0.073	-0.542	-0.90635
0.50347	1.87386	0.22748	0.591	0.002	-0.059	-0.527	-0.89171
0.52445	1.90901	0.20244	0.58	0.007	-0.026	-0.466	-0.80345
0.54543	1.92623	0.17482	0.562	0.015	0.044	-0.059	-0.10498
0.56641	1.93262	0.17122	0.558	0.014	0.073	0.359	0.64337
0.58739	1.93705	0.18509	0.564	-0.04	0.043	-0.364	-0.64539
0.58739	1.93705	0.18509	0.564	-0.045	0.039	-0.375	-0.66489
0.60836	1.93261	0.17122	0.558	-0.015	-0.072	-0.366	-0.65591
0.62934	1.92629	0.17453	0.562	-0.016	-0.044	0.052	0.09253
0.65032	1.90914	0.20271	0.58	-0.006	0.026	0.466	0.80345
0.6713	1.87403	0.22748	0.591	-0.002	0.059	0.527	0.89171
0.69228	1.82442	0.24797	0.598	0	0.073	0.542	0.90635
0.71325	1.76661	0.26643	0.603	0.001	0.078	0.55	0.91211
0.73423	1.7066	0.28656	0.606	0.002	0.076	0.555	0.91584
0.75521	1.65075	0.30939	0.608	0.002	0.061	0.557	0.91612
0.77619	1.60755	0.33576	0.61	0.002	0.02	0.554	0.9082
0.79717	1.57622	0.31423	0.622	0	-0.011	0.563	0.90514
0.81814	1.53581	0.33552	0.634	0	0.093	0.577	0.91009
0.83912	1.51611	0.40834	0.612	-0.001	0.073	0.559	0.9134
0.8601	1.50954	0.37898	0.608	-0.008	0.115	-0.134	-0.22039
0.88108	1.55652	0.3128	0.592	-0.005	0.042	0.52	0.87838
0.90206	1.61916	0.30262	0.597	-0.004	-0.035	0.529	0.8861
0.92303	1.68866	0.30452	0.603	-0.003	-0.097	0.523	0.86733
0.94401	1.76258	0.30732	0.609	-0.002	-0.138	0.515	0.84565
0.96499	1.8392	0.31493	0.617	-0.001	-0.158	0.513	0.83144
0.98597	1.91688	0.32249	0.625	0	-0.167	0.512	0.8192
1.00695	1.99362	0.32486	0.632	0.001	-0.18	0.506	0.80063
1.02792	2.067	0.32715	0.637	0.002	-0.204	0.491	0.7708
1.0489	2.13455	0.33122	0.64	0.004	-0.238	0.466	0.72813
1.06988	2.19411	0.32527	0.64	0.004	-0.281	0.428	0.66875
1.09086	2.24407	0.32593	0.639	0.005	-0.33	0.381	0.59624
1.11184	2.28352	0.32173	0.636	0.006	-0.374	0.329	0.5173
1.13281	2.31207	0.31948	0.632	0.009	-0.409	0.279	0.44146
1.15379	2.32964	0.31584	0.63	0.019	-0.433	0.239	0.37937
1.17477	2.33614	0.3153	0.629	0.215	-0.053	-0.385	-0.61208
							--
#	BAND	=	0	0	123		--
0	2.35135	0.3153	0.628	-0.116	0.251	0.38	0.6051
0.02098	2.34692	0.31734	0.629	-0.005	-0.39	0.282	0.44833
0.04196	2.3318	0.31589	0.63	-0.004	-0.383	0.293	0.46508
0.06293	2.30589	0.31432	0.631	-0.001	-0.358	0.327	0.51823
0.08391	2.26926	0.31503	0.633	0	-0.32	0.372	0.58768
0.10489	2.22222	0.3201	0.634	0	-0.278	0.417	0.65773
0.12587	2.16562	0.31941	0.634	0	-0.236	0.457	0.72082
0.14685	2.10059	0.32299	0.633	0	-0.203	0.486	0.76777
0.16782	2.02902	0.3278	0.629	0	-0.182	0.505	0.80286
0.1888	1.95323	0.33263	0.624	-0.001	-0.17	0.515	0.82532
0.20978	1.87592	0.34083	0.617	-0.001	-0.163	0.519	0.84117
0.23076	1.79976	0.35054	0.609	-0.002	-0.147	0.522	0.85714
0.25174	1.72727	0.36361	0.601	-0.002	-0.109	0.528	0.87854
0.27271	1.66095	0.38162	0.595	-0.002	-0.052	0.533	0.8958
0.29369	1.60426	0.41121	0.593	-0.001	0.014	0.527	0.8887
0.31467	1.56637	0.45433	0.607	0.001	0.089	0.377	0.62109
0.33565	1.56875	0.44076	0.666	0.006	-0.118	-0.605	-0.90841
0.35663	1.58867	0.42155	0.627	-0.001	0.05	0.584	0.93142
0.3776	1.63039	0.3868	0.639	-0.001	-0.066	0.584	0.91393
0.39858	1.68847	0.36691	0.642	0.004	0.031	0.588	0.91589
0.41956	1.75396	0.3579	0.643	0.005	0.109	0.579	0.90047
0.44054	1.8227	0.35248	0.642	0.003	0.126	0.572	0.89097
0.46152	1.89125	0.35127	0.639	0	0.124	0.565	0.88419
0.4825	1.95455	0.31749	0.617	-0.024	0.034	0.559	0.906
0.50347	1.954	0.15808	0.538	-0.004	-0.017	0.504	0.9368
0.52445	1.94933	0.15244	0.543	-0.005	-0.022	0.448	0.82505
0.54543	1.94985	0.17143	0.558	-0.013	-0.062	0.043	0.07706
0.56641	1.95303	0.18661	0.566	-0.012	-0.074	-0.368	-0.65018
0.58739	1.95211	0.18509	0.564	0.041	-0.043	0.365	0.64716
0.58739	1.9521	0.18509	0.564	0.045	-0.038	0.375	0.66489
0.60836	1.95303	0.18641	0.566	0.013	0.073	0.375	0.66254
0.62934	1.94982	0.17143	0.558	0.013	0.062	-0.037	-0.06631
0.65032	1.94928	0.1526	0.543	0.005	0.022	-0.447	-0.8232
0.6713	1.95395	0.15808	0.538	0.004	0.017	-0.504	-0.9368
0.69228	1.95456	0.31777	0.617	0.023	-0.034	-0.559	-0.906
0.71325	1.89129	0.35127	0.639	-0.001	-0.125	-0.565	-0.88419
0.73423	1.82273	0.35248	0.642	-0.004	-0.127	-0.572	-0.89097
0.75521	1.75398	0.3579	0.643	-0.006	-0.109	-0.579	-0.90047
0.77619	1.6885	0.36691	0.642	-0.006	-0.031	-0.588	-0.91589
0.79717	1.63042	0.3868	0.639	0	0.066	-0.584	-0.91393
0.81814	1.58865	0.42206	0.627	0.001	-0.05	-0.584	-0.93142
0.83912	1.56878	0.44076	0.666	-0.008	0.117	0.604	0.90691
0.8601	1.56633	0.45414	0.607	-0.001	-0.089	-0.378	-0.62273
0.88108	1.60425	0.41121	0.593	0.001	-0.014	-0.527	-0.8887
0.90206	1.66095	0.38162	0.595	0.002	0.052	-0.533	-0.8958
0.92303	1.72727	0.36361	0.601	0.002	0.11	-0.528	-0.87854
0.94401	1.79975	0.35139	0.609	0.001	0.148	-0.522	-0.85714
0.96499	1.87591	0.34083	0.617	0	0.165	-0.519	-0.84117
0.98597	1.95322	0.33263	0.624	-0.001	0.172	-0.515	-0.82532
1.00695	2.02901	0.32768	0.629	-0.002	0.184	-0.505	-0.80286
1.02792	2.10059	0.32314	0.633	-0.003	0.208	-0.485	-0.76619
1.0489	2.16562	0.31913	0.634	-0.004	0.242	-0.454	-0.71609
1.06988	2.22223	0.31987	0.634	-0.005	0.284	-0.415	-0.65457
1.09086	2.26929	0.31545	0.632	-0.005	0.331	-0.364	-0.57595
1.11184	2.30589	0.31443	0.631	-0.007	0.374	-0.315	-0.49921
1.13281	2.3318	0.31553	0.63	-0.01	0.409	-0.269	-0.42698
1.15379	2.34694	0.31657	0.629	-0.019	0.433	-0.233	-0.37043
1.17477	2.35133	0.31573	0.628	-0.214	0.054	0.383	0.60987
							--
#	BAND	=	0	0	124		--
0	2.43042	0.40535	0.619	0.051	-0.098	0.372	0.60097
0.02098	2.42386	0.40671	0.62	0.005	-0.107	0.377	0.60806
0.04196	2.40624	0.4089	0.622	0.003	-0.127	0.383	0.61576
0.06293	2.37755	0.41404	0.626	0.007	-0.185	0.384	0.61342
0.08391	2.33797	0.41915	0.629	0.001	-0.268	0.367	0.58347
0.10489	2.28738	0.42504	0.633	0.004	-0.391	0.308	0.48657
0.12587	2.22685	0.42597	0.635	0.005	-0.513	0.173	0.27244
0.14685	2.15746	0.4308	0.636	0.003	-0.565	-0.017	-0.02673
0.16782	2.08105	0.43116	0.633	0.005	-0.536	-0.183	-0.2891
0.1888	1.99997	0.43051	0.628	0.003	-0.475	-0.299	-0.47611
0.20978	1.9168	0.43124	0.621	0.002	-0.41	-0.375	-0.60386
0.23076	1.83413	0.43145	0.614	0.001	-0.348	-0.427	-0.69544
0.25174	1.75439	0.43123	0.606	0.001	-0.292	-0.462	-0.76238
0.27271	1.67985	0.43144	0.599	0	-0.243	-0.483	-0.80634
0.29369	1.61286	0.43865	0.594	0	-0.202	-0.488	-0.82155
0.31467	1.55806	0.45508	0.594	-0.002	-0.172	-0.34	-0.57239
0.33565	1.55565	0.43539	0.623	-0.007	0.051	0.578	0.92777
0.35663	1.62277	0.38832	0.661	0	-0.085	-0.615	-0.93041
0.3776	1.64989	0.44991	0.628	-0.001	0.06	-0.581	-0.92516
0.39858	1.69502	0.37147	0.645	-0.004	-0.042	-0.596	-0.92403
0.41956	1.76437	0.32939	0.648	-0.005	-0.114	-0.585	-0.90278
0.44054	1.83873	0.31151	0.646	-0.003	-0.13	-0.574	-0.88854
0.46152	1.91055	0.3038	0.641	0.002	-0.122	-0.552	-0.86115
0.4825	1.95011	0.19811	0.555	0.036	0.103	0.447	0.80541
0.50347	1.98117	0.24474	0.541	0	-0.003	-0.52	-0.96118
0.52445	1.984	0.24984	0.544	0	-0.014	-0.515	-0.94669
0.54543	1.99051	0.25283	0.547	-0.001	-0.027	-0.51	-0.93236
0.56641	1.99684	0.25382	0.546	-0.001	-0.032	-0.509	-0.93223
0.58739	2.00157	0.25485	0.543	0.028	-0.048	-0.468	-0.86188
0.58739	2.00156	0.25485	0.543	0.028	-0.052	-0.462	-0.85083
0.60836	1.99691	0.25355	0.546	0.001	0.032	0.509	0.93223
0.62934	1.99058	0.25372	0.547	0.001	0.027	0.51	0.93236
0.65032	1.98403	0.24984	0.544	0.001	0.014	0.515	0.94669
0.6713	1.98118	0.24474	0.541	0	0.003	0.52	0.96118
0.69228	1.95007	0.19777	0.555	-0.036	-0.103	-0.447	-0.80541
0.71325	1.91066	0.30384	0.641	-0.001	0.122	0.552	0.86115
0.73423	1.83883	0.31151	0.646	0.004	0.13	0.573	0.887
0.75521	1.76444	0.32939	0.647	0.006	0.115	0.585	0.90417
0.77619	1.69504	0.37155	0.645	0.006	0.042	0.597	0.92558
0.79717	1.64979	0.44957	0.628	0.002	-0.059	0.58	0.92357
0.81814	1.62278	0.38832	0.661	0	0.085	0.615	0.93041
0.83912	1.55556	0.43539	0.623	0.009	-0.049	-0.577	-0.92616
0.8601	1.55818	0.45508	0.594	0.002	0.172	0.341	0.57407
0.88108	1.61303	0.43953	0.594	0	0.202	0.488	0.82155
0.90206	1.68005	0.43263	0.599	0	0.242	0.483	0.80634
0.92303	1.75461	0.42961	0.606	0	0.293	0.461	0.76073
0.94401	1.83436	0.4308	0.614	0	0.35	0.426	0.69381
0.96499	1.91702	0.43051	0.621	0	0.412	0.373	0.60064
0.98597	2.00016	0.43105	0.628	0	0.478	0.293	0.46656
1.00695	2.08119	0.43189	0.633	0	0.54	0.172	0.27172
1.02792	2.15757	0.43007	0.635	0.001	0.565	0	0
1.0489	2.2269	0.42762	0.635	0	0.507	-0.187	-0.29449
1.06988	2.28742	0.42449	0.633	0.001	0.379	-0.32	-0.50553
1.09086	2.33788	0.4173	0.63	0.001	0.26	-0.374	-0.59365
1.11184	2.37756	0.41484	0.626	-0.001	0.167	-0.39	-0.623
1.13281	2.40625	0.40906	0.622	0.002	0.122	-0.384	-0.61736
1.15379	2.42387	0.40782	0.62	-0.004	0.119	-0.373	-0.60161
1.17477	2.43041	0.40447	0.62	-0.067	-0.333	-0.32	-0.51613
							--
#	BAND	=	0	0	125		--
0	2.44545	0.40524	0.619	-0.051	0.099	-0.371	-0.59935
0.02098	2.44082	0.40785	0.621	-0.004	0.106	-0.378	-0.6087
0.04196	2.42486	0.41219	0.625	-0.003	0.126	-0.386	-0.6176
0.06293	2.39747	0.41913	0.629	-0.005	0.183	-0.389	-0.61844
0.08391	2.35852	0.42401	0.634	-0.001	0.267	-0.379	-0.59779
0.10489	2.3086	0.42775	0.635	-0.005	0.391	-0.32	-0.50394
0.12587	2.24881	0.43196	0.635	-0.005	0.514	-0.187	-0.29449
0.14685	2.1811	0.4402	0.632	-0.004	0.566	0.001	0.00158
0.16782	2.10775	0.44528	0.627	-0.005	0.538	0.167	0.26635
0.1888	2.03089	0.45327	0.622	-0.003	0.478	0.284	0.45659
0.20978	1.95282	0.46034	0.616	-0.002	0.413	0.363	0.58929
0.23076	1.87593	0.46751	0.609	-0.001	0.352	0.418	0.68637
0.25174	1.80267	0.47637	0.603	-0.001	0.295	0.457	0.75788
0.27271	1.73559	0.48884	0.598	0	0.244	0.486	0.81271
0.29369	1.67766	0.50398	0.595	0	0.201	0.508	0.85378
0.31467	1.63414	0.52596	0.602	0	0.169	0.531	0.88206
0.33565	1.62467	0.53746	0.639	0	0.156	0.577	0.90297
0.35663	1.67337	0.47709	0.665	-0.001	-0.025	0.548	0.82406
0.3776	1.7409	0.42602	0.679	0.001	-0.364	-0.467	-0.68778
0.39858	1.82967	0.4009	0.682	0.002	-0.404	-0.442	-0.64809
0.41956	1.92109	0.39376	0.68	0.002	-0.536	-0.177	-0.26029
0.44054	1.99976	0.18392	0.534	-0.028	-0.003	0.463	0.86704
0.46152	1.97968	0.16612	0.531	-0.004	-0.014	0.491	0.92467
0.4825	1.9884	0.27481	0.605	-0.011	-0.125	-0.499	-0.82479
0.50347	2.01593	0.3453	0.622	0.005	0.114	0.537	0.86334
0.52445	2.0357	0.27337	0.535	-0.001	0.002	0.504	0.94206
0.54543	2.02763	0.26585	0.538	0	0.014	0.508	0.94424
0.56641	2.02137	0.25978	0.541	0	0.025	0.51	0.9427
0.58739	2.01664	0.25388	0.543	-0.028	0.048	0.468	0.86188
0.58739	2.01664	0.25442	0.543	-0.028	0.052	0.462	0.85083
0.60836	2.0213	0.25978	0.541	-0.001	-0.024	-0.51	-0.9427
0.62934	2.02756	0.26585	0.538	0	-0.014	-0.508	-0.94424
0.65032	2.03565	0.27337	0.535	0.001	-0.002	-0.504	-0.94206
0.6713	2.01596	0.3453	0.622	-0.006	-0.114	-0.537	-0.86334
0.69228	1.98842	0.27532	0.605	0.012	0.125	0.499	0.82479
0.71325	1.97964	0.16612	0.531	0.003	0.014	-0.491	-0.92467
0.73423	1.99972	0.18392	0.534	0.027	0.003	-0.463	-0.86704
0.75521	1.92112	0.39394	0.68	-0.007	0.536	0.174	0.25588
0.77619	1.82971	0.4009	0.682	-0.006	0.404	0.442	0.64809
0.79717	1.74091	0.42418	0.679	-0.003	0.364	0.466	0.6863
0.81814	1.67336	0.47994	0.665	0	0.027	-0.545	-0.81955
0.83912	1.62465	0.5365	0.639	0	-0.157	-0.577	-0.90297
0.8601	1.634	0.5268	0.602	0	-0.17	-0.531	-0.88206
0.88108	1.67744	0.5046	0.595	0	-0.201	-0.508	-0.85378
0.90206	1.73536	0.48884	0.598	0	-0.244	-0.486	-0.81271
0.92303	1.80243	0.4771	0.603	0	-0.295	-0.457	-0.75788
0.94401	1.87571	0.46829	0.609	0	-0.353	-0.417	-0.68473
0.96499	1.95263	0.46161	0.616	0	-0.415	-0.361	-0.58604
0.98597	2.03074	0.45359	0.622	0	-0.481	-0.279	-0.44855
1.00695	2.10766	0.44506	0.628	0	-0.542	-0.157	-0.25
1.02792	2.18108	0.44055	0.632	0	-0.566	0.015	0.02373
1.0489	2.24879	0.43281	0.635	0	-0.508	0.202	0.31811
1.06988	2.30866	0.42775	0.635	0	-0.379	0.332	0.52283
1.09086	2.3586	0.42274	0.633	0	-0.258	0.383	0.60506
1.11184	2.39752	0.41874	0.63	0.001	-0.167	0.396	0.62857
1.13281	2.42493	0.41385	0.625	-0.003	-0.12	0.389	0.6224
1.15379	2.44083	0.40942	0.621	0.003	-0.117	0.375	0.60386
1.17477	2.44546	0.40459	0.619	0.066	0.331	0.321	0.51858
							--
#	BAND	=	0	0	126		--
0	2.67836	0.48901	0.546	0.195	-0.091	-0.235	-0.4304
0.02098	2.66997	0.48507	0.544	0.014	0.401	0.156	0.28676
0.04196	2.65235	0.48492	0.543	0.003	0.422	0.125	0.2302
0.06293	2.62546	0.49169	0.55	0.003	0.452	0.071	0.12909
0.08391	2.5892	0.50322	0.561	0	0.471	-0.021	-0.03743
0.10489	2.54224	0.51812	0.578	0.003	0.455	-0.153	-0.26471
0.12587	2.48399	0.53488	0.593	0.001	0.391	-0.285	-0.48061
0.14685	2.41482	0.54801	0.604	0.001	0.316	-0.385	-0.63742
0.16782	2.33683	0.55407	0.61	0	0.248	-0.448	-0.73443
0.1888	2.25271	0.5532	0.61	0	0.197	-0.486	-0.79672
0.20978	2.16528	0.55299	0.609	0	0.159	-0.51	-0.83744
0.23076	2.07729	0.55012	0.606	0	0.13	-0.523	-0.86304
0.25174	1.99123	0.54724	0.603	0	0.107	-0.532	-0.88226
0.27271	1.90935	0.5451	0.6	0	0.09	-0.537	-0.895
0.29369	1.83368	0.54327	0.598	0	0.076	-0.541	-0.90468
0.31467	1.76636	0.54425	0.598	0	0.067	-0.544	-0.9097
0.33565	1.71062	0.54734	0.601	0	0.063	-0.548	-0.91181
0.35663	1.67855	0.55063	0.626	0.001	0.16	-0.495	-0.79073
0.3776	1.73774	0.44902	0.674	-0.001	0.359	0.466	0.69139
0.39858	1.82227	0.42633	0.676	-0.002	0.399	0.438	0.64793
0.41956	1.91	0.41381	0.675	-0.001	0.53	0.172	0.25481
0.44054	1.99396	0.38931	0.664	0.082	-0.272	0.493	0.74247
0.46152	1.99802	0.23139	0.527	0.001	0.012	-0.503	-0.95446
0.4825	1.99278	0.25481	0.558	-0.001	-0.011	-0.508	-0.91039
0.50347	2.03231	0.31163	0.616	-0.023	-0.1	-0.517	-0.83929
0.52445	2.05098	0.34503	0.619	0.001	0.082	0.533	0.86107
0.54543	2.07166	0.32941	0.557	-0.003	-0.028	-0.498	-0.89408
0.56641	2.07864	0.3306	0.55	0	-0.014	-0.503	-0.91455
0.58739	2.08454	0.33482	0.549	0.018	-0.101	-0.138	-0.25137
0.58739	2.08453	0.33412	0.549	0.019	-0.101	-0.125	-0.22769
0.60836	2.07867	0.33148	0.55	0.001	0.012	0.502	0.91273
0.62934	2.07168	0.32941	0.557	0.002	0.028	0.497	0.89228
0.65032	2.05099	0.34594	0.619	-0.002	-0.083	-0.533	-0.86107
0.6713	2.0324	0.31163	0.616	0.022	0.1	0.517	0.83929
0.69228	1.99282	0.25481	0.558	0.001	0.011	0.508	0.91039
0.71325	1.99803	0.23139	0.527	0	-0.012	0.503	0.95446
0.73423	1.99404	0.38877	0.665	-0.084	0.265	-0.499	-0.75038
0.75521	1.91	0.41381	0.675	0.007	-0.531	-0.169	-0.25037
0.77619	1.82227	0.42633	0.676	0.006	-0.399	-0.438	-0.64793
0.79717	1.73775	0.44902	0.674	0.004	-0.359	-0.466	-0.69139
0.81814	1.67841	0.54963	0.626	0.001	-0.161	0.493	0.78754
0.83912	1.71044	0.54734	0.6	0	-0.061	0.548	0.91333
0.8601	1.76623	0.54336	0.597	0	-0.065	0.544	0.91122
0.88108	1.83362	0.54231	0.598	0	-0.074	0.541	0.90468
0.90206	1.90937	0.5451	0.6	0	-0.087	0.537	0.895
0.92303	1.99135	0.54728	0.603	0	-0.104	0.532	0.88226
0.94401	2.07752	0.55012	0.606	0	-0.126	0.524	0.86469
0.96499	2.16563	0.55299	0.609	0.001	-0.155	0.511	0.83908
0.98597	2.25318	0.5532	0.61	0.001	-0.193	0.488	0.8
1.00695	2.33741	0.55407	0.609	0.001	-0.245	0.451	0.74056
1.02792	2.41546	0.54774	0.604	0.002	-0.313	0.387	0.64073
1.0489	2.48461	0.53488	0.593	0.001	-0.391	0.287	0.48398
1.06988	2.54276	0.51812	0.577	0.003	-0.456	0.151	0.2617
1.09086	2.58956	0.50275	0.561	0.006	-0.473	0.011	0.01961
1.11184	2.62544	0.49361	0.55	0.004	-0.45	-0.084	-0.15273
1.13281	2.65212	0.48492	0.543	0.009	-0.412	-0.142	-0.26151
1.15379	2.66972	0.4838	0.543	-0.001	-0.386	-0.173	-0.3186
1.17477	2.67839	0.48844	0.546	0.142	-0.146	-0.259	-0.47436
							--
#	BAND	=	0	0	127		--
0	2.69413	0.48672	0.544	-0.193	0.089	0.233	0.42831
0.02098	2.69333	0.49193	0.55	-0.013	-0.393	-0.173	-0.31455
0.04196	2.6832	0.49793	0.556	-0.005	-0.41	-0.166	-0.29856
0.06293	2.66333	0.50407	0.56	-0.005	-0.434	-0.133	-0.2375
0.08391	2.63337	0.50985	0.562	-0.004	-0.455	-0.06	-0.10676
0.10489	2.59487	0.50278	0.554	-0.002	-0.436	0.054	0.09747
0.12587	2.54988	0.49622	0.543	-0.001	-0.375	0.175	0.32228
0.14685	2.50074	0.4897	0.532	-0.001	-0.302	0.266	0.5
0.16782	2.44947	0.48302	0.521	0	-0.238	0.325	0.6238
0.1888	2.39794	0.47652	0.511	0	-0.189	0.363	0.71037
0.20978	2.348	0.4701	0.502	0	-0.152	0.386	0.76892
0.23076	2.30121	0.4643	0.494	0	-0.124	0.401	0.81174
0.25174	2.25886	0.45849	0.487	0	-0.103	0.412	0.846
0.27271	2.22189	0.45463	0.482	0	-0.085	0.42	0.87137
0.29369	2.19085	0.4515	0.48	0	-0.07	0.426	0.8875
0.31467	2.16593	0.45114	0.479	0	-0.057	0.433	0.90397
0.33565	2.14689	0.4488	0.481	0	-0.047	0.439	0.91268
0.35663	2.13298	0.44655	0.485	0	-0.039	0.445	0.91753
0.3776	2.11562	0.23254	0.523	0.002	0.029	0.47	0.89866
0.39858	2.06804	0.18445	0.526	0.001	0.037	0.481	0.91445
0.41956	2.02958	0.17728	0.526	0	0.013	0.492	0.93536
0.44054	2.01362	0.38758	0.67	-0.055	0.268	-0.467	-0.69701
0.46152	2.07075	0.33346	0.552	-0.001	-0.026	0.502	0.90942
0.4825	2.0604	0.29266	0.534	0.001	-0.025	0.491	0.91948
0.50347	2.04813	0.28072	0.542	0.022	0.005	0.486	0.89668
0.52445	2.07577	0.32533	0.581	0.003	-0.018	-0.521	-0.89673
0.54543	2.096	0.34789	0.589	0.004	0.068	0.505	0.85739
0.56641	2.10315	0.34052	0.558	0	0.021	0.504	0.90323
0.58739	2.09965	0.33524	0.55	-0.018	0.1	0.138	0.25091
0.58739	2.09964	0.3344	0.55	-0.019	0.1	0.126	0.22909
0.60836	2.10315	0.34252	0.558	-0.001	-0.02	-0.503	-0.90143
0.62934	2.09604	0.3495	0.589	-0.003	-0.07	-0.504	-0.85569
0.65032	2.07581	0.32617	0.581	-0.002	0.018	0.521	0.89673
0.6713	2.04809	0.27976	0.542	-0.021	-0.005	-0.486	-0.89668
0.69228	2.06041	0.29363	0.534	-0.001	0.025	-0.491	-0.91948
0.71325	2.07091	0.33355	0.552	0.001	0.026	-0.502	-0.90942
0.73423	2.01369	0.3877	0.671	0.057	-0.261	0.473	0.70492
0.75521	2.02954	0.17728	0.526	0	-0.013	-0.492	-0.93536
0.77619	2.06801	0.18445	0.526	-0.001	-0.037	-0.481	-0.91445
0.79717	2.11575	0.22386	0.524	-0.002	-0.038	-0.469	-0.89504
0.81814	2.1344	0.44751	0.487	0	0.036	-0.446	-0.91581
0.83912	2.14841	0.4498	0.482	0	0.044	-0.441	-0.91494
0.8601	2.16747	0.45114	0.48	0	0.054	-0.435	-0.90625
0.88108	2.19238	0.45246	0.481	0	0.066	-0.428	-0.88981
0.90206	2.22335	0.45659	0.484	0	0.081	-0.422	-0.8719
0.92303	2.26022	0.46045	0.488	0	0.098	-0.414	-0.84836
0.94401	2.30242	0.4653	0.495	0	0.12	-0.404	-0.81616
0.96499	2.34902	0.4711	0.503	0	0.147	-0.389	-0.77336
0.98597	2.39877	0.47648	0.512	-0.001	0.184	-0.366	-0.71484
1.00695	2.45007	0.48302	0.522	-0.001	0.233	-0.33	-0.63218
1.02792	2.50117	0.48881	0.532	-0.002	0.299	-0.269	-0.50564
1.0489	2.55021	0.49707	0.544	-0.002	0.375	-0.176	-0.32353
1.06988	2.59517	0.50278	0.555	-0.003	0.437	-0.05	-0.09009
1.09086	2.63383	0.50835	0.561	-0.002	0.455	0.068	0.12121
1.11184	2.66377	0.50331	0.56	-0.004	0.431	0.144	0.25714
1.13281	2.68382	0.49793	0.556	-0.007	0.4	0.183	0.32914
1.15379	2.69384	0.4935	0.55	-0.004	0.378	0.196	0.35636
1.17477	2.69411	0.48748	0.545	-0.142	0.145	0.257	0.47156
							--
#	BAND	=	0	0	128		--
0	2.81514	0.09242	0.342	0.027	0.002	0.046	0.1345
0.02098	2.7931	0.09342	0.34	-0.001	0.265	0.04	0.11765
0.04196	2.77068	0.09439	0.338	-0.001	0.264	0.058	0.1716
0.06293	2.74802	0.09546	0.337	-0.001	0.262	0.075	0.22255
0.08391	2.72542	0.09679	0.336	-0.001	0.259	0.09	0.26786
0.10489	2.70272	0.09842	0.337	-0.001	0.255	0.105	0.31157
0.12587	2.67977	0.0989	0.338	-0.001	0.252	0.119	0.35207
0.14685	2.656	0.10176	0.342	-0.001	0.25	0.131	0.38304
0.16782	2.63085	0.10363	0.348	0	0.25	0.142	0.40805
0.1888	2.60307	0.10931	0.359	-0.002	0.254	0.15	0.41783
0.20978	2.57127	0.11714	0.374	-0.001	0.264	0.156	0.41711
0.23076	2.53294	0.12573	0.399	0	0.282	0.164	0.41103
0.25174	2.48583	0.14235	0.431	0	0.307	0.175	0.40603
0.27271	2.42874	0.15732	0.464	0.002	0.33	0.196	0.42241
0.29369	2.36323	0.17171	0.492	0.003	0.335	0.233	0.47358
0.31467	2.2934	0.18383	0.511	0.004	0.307	0.293	0.57339
0.33565	2.22397	0.18925	0.521	0.003	0.242	0.363	0.69674
0.35663	2.15911	0.1881	0.525	0.002	0.166	0.419	0.7981
0.3776	2.10821	0.37983	0.498	-0.001	0.06	0.357	0.71687
0.39858	2.0757	0.22628	0.521	-0.001	-0.018	-0.451	-0.86564
0.41956	2.04087	0.22518	0.522	0	-0.004	-0.484	-0.9272
0.44054	2.01545	0.22945	0.526	0	0.004	-0.496	-0.94297
0.46152	2.08173	0.35238	0.633	0.07	-0.185	0.494	0.78041
0.4825	2.10163	0.29929	0.53	0	0.025	-0.476	-0.89811
0.50347	2.0976	0.30182	0.543	-0.002	-0.004	-0.488	-0.89871
0.52445	2.10983	0.30898	0.581	-0.001	-0.056	-0.504	-0.86747
0.54543	2.13174	0.32226	0.6	0.022	0.059	-0.367	-0.61167
0.56641	2.14562	0.32559	0.604	0.017	0.141	0.475	0.78642
0.58739	2.15349	0.33225	0.613	-0.249	-0.264	0.002	0.00326
0.58739	2.15345	0.33321	0.613	0.22	-0.004	-0.438	-0.71452
0.60836	2.14555	0.32531	0.604	-0.02	-0.135	-0.479	-0.79305
0.62934	2.13184	0.32195	0.6	-0.032	-0.055	0.369	0.615
0.65032	2.10989	0.30921	0.581	0.001	0.056	0.504	0.86747
0.6713	2.09768	0.30255	0.543	0.002	0.003	0.488	0.89871
0.69228	2.10168	0.29929	0.53	0.001	-0.027	0.476	0.89811
0.71325	2.08175	0.35453	0.633	-0.082	0.17	-0.5	-0.78989
0.73423	2.01545	0.22906	0.526	0	-0.004	0.496	0.94297
0.75521	2.04087	0.22518	0.522	0.001	0.004	0.484	0.9272
0.77619	2.07572	0.22628	0.521	0.001	0.019	0.453	0.86948
0.79717	2.10918	0.38636	0.498	0.001	-0.054	-0.344	-0.69076
0.81814	2.15908	0.18815	0.525	-0.003	-0.165	-0.42	-0.8
0.83912	2.22395	0.18864	0.521	-0.004	-0.24	-0.364	-0.69866
0.8601	2.29337	0.18329	0.511	-0.004	-0.306	-0.294	-0.57534
0.88108	2.36326	0.17176	0.492	-0.003	-0.334	-0.235	-0.47764
0.90206	2.4288	0.15732	0.464	-0.002	-0.33	-0.196	-0.42241
0.92303	2.4859	0.14231	0.431	0	-0.306	-0.176	-0.40835
0.94401	2.53299	0.12734	0.4	0.001	-0.283	-0.163	-0.4075
0.96499	2.57133	0.11737	0.375	0	-0.265	-0.155	-0.41333
0.98597	2.60323	0.1102	0.358	0.001	-0.255	-0.148	-0.41341
1.00695	2.63096	0.10487	0.349	0.001	-0.252	-0.139	-0.39828
1.02792	2.65613	0.10205	0.342	0.001	-0.252	-0.127	-0.37135
1.0489	2.67991	0.10045	0.338	0.001	-0.254	-0.115	-0.34024
1.06988	2.70289	0.09817	0.337	0.001	-0.258	-0.101	-0.2997
1.09086	2.72548	0.09699	0.337	0.001	-0.26	-0.086	-0.25519
1.11184	2.74813	0.09625	0.337	0.001	-0.263	-0.071	-0.21068
1.13281	2.77083	0.09466	0.338	0.001	-0.265	-0.053	-0.1568
1.15379	2.7933	0.09466	0.34	0	-0.265	-0.036	-0.10588
1.17477	2.81523	0.09242	0.342	-0.045	0.092	0.027	0.07895
							--
#	BAND	=	0	0	129		--
0	2.83026	0.09203	0.342	-0.027	-0.003	-0.042	-0.12281
0.02098	2.83541	0.108	0.33	0.001	-0.267	-0.041	-0.12424
0.04196	2.81184	0.11046	0.328	0.001	-0.265	-0.055	-0.16768
0.06293	2.78821	0.11033	0.326	0.001	-0.26	-0.071	-0.21779
0.08391	2.7648	0.11161	0.325	-0.001	-0.255	-0.086	-0.26462
0.10489	2.74171	0.11214	0.324	0.001	-0.249	-0.1	-0.30864
0.12587	2.71865	0.11184	0.325	0.001	-0.243	-0.112	-0.34462
0.14685	2.69517	0.11428	0.327	0.001	-0.238	-0.124	-0.3792
0.16782	2.67057	0.11813	0.332	0.001	-0.237	-0.132	-0.39759
0.1888	2.64369	0.12271	0.342	-0.001	-0.24	-0.14	-0.40936
0.20978	2.61278	0.13282	0.358	-0.001	-0.251	-0.146	-0.40782
0.23076	2.57495	0.14531	0.384	0.001	-0.272	-0.152	-0.39583
0.25174	2.52698	0.16118	0.42	0	-0.301	-0.165	-0.39286
0.27271	2.46737	0.17902	0.458	-0.001	-0.328	-0.189	-0.41266
0.29369	2.39861	0.19014	0.489	-0.003	-0.335	-0.229	-0.4683
0.31467	2.32627	0.19974	0.508	-0.004	-0.306	-0.29	-0.57087
0.33565	2.25607	0.20732	0.517	-0.003	-0.24	-0.359	-0.69439
0.35663	2.19228	0.21081	0.52	-0.002	-0.163	-0.413	-0.79423
0.3776	2.13818	0.23141	0.519	-0.001	-0.119	-0.367	-0.70713
0.39858	2.11673	0.41383	0.504	0	-0.047	0.438	0.86905
0.41956	2.1068	0.38693	0.516	0	-0.042	0.467	0.90504
0.44054	2.09394	0.34493	0.529	0	-0.043	0.478	0.90359
0.46152	2.09876	0.38888	0.668	-0.068	0.158	-0.529	-0.79192
0.4825	2.14429	0.33446	0.559	0.001	0.032	0.494	0.88372
0.50347	2.14947	0.33456	0.535	0	0.007	0.485	0.90654
0.52445	2.14691	0.33128	0.545	-0.001	0.01	0.492	0.90275
0.54543	2.14943	0.32284	0.578	-0.023	-0.09	0.358	0.61938
0.56641	2.16379	0.33125	0.612	-0.017	-0.145	-0.48	-0.78431
0.58739	2.16856	0.33205	0.613	0.248	0.265	-0.002	-0.00326
0.58739	2.1685	0.33235	0.613	-0.22	0.004	0.439	0.71615
0.60836	2.16387	0.33168	0.612	0.02	0.141	0.483	0.78922
0.62934	2.14937	0.32384	0.578	0.033	0.089	-0.359	-0.62111
0.65032	2.14693	0.33128	0.545	0.001	-0.009	-0.492	-0.90275
0.6713	2.14962	0.33436	0.535	0	-0.006	-0.485	-0.90654
0.69228	2.14448	0.3352	0.56	-0.001	-0.03	-0.495	-0.88393
0.71325	2.09891	0.38784	0.667	0.081	-0.141	0.534	0.8006
0.73423	2.0942	0.34297	0.529	0	0.043	-0.478	-0.90359
0.75521	2.1074	0.38788	0.516	0	0.041	-0.468	-0.90698
0.77619	2.11769	0.41424	0.505	0	0.045	-0.44	-0.87129
0.79717	2.13832	0.2331	0.519	0.002	0.119	0.353	0.68015
0.81814	2.19229	0.21081	0.52	0.003	0.162	0.413	0.79423
0.83912	2.25607	0.20659	0.517	0.004	0.239	0.36	0.69632
0.8601	2.32625	0.19954	0.508	0.004	0.304	0.291	0.57283
0.88108	2.39858	0.18988	0.489	0.003	0.333	0.231	0.47239
0.90206	2.46736	0.17807	0.458	0.002	0.327	0.19	0.41485
0.92303	2.52699	0.16118	0.419	0	0.301	0.165	0.39379
0.94401	2.57487	0.1451	0.383	0	0.272	0.152	0.39687
0.96499	2.61269	0.13228	0.358	-0.002	0.251	0.146	0.40782
0.98597	2.64364	0.1228	0.342	-0.002	0.242	0.137	0.40058
1.00695	2.67051	0.11976	0.332	0	0.239	0.13	0.39157
1.02792	2.69511	0.11455	0.327	0	0.241	0.121	0.37003
1.0489	2.71861	0.11201	0.325	0	0.246	0.109	0.33538
1.06988	2.74167	0.1118	0.325	0	0.251	0.096	0.29538
1.09086	2.76482	0.11136	0.325	-0.001	0.257	0.082	0.25231
1.11184	2.78817	0.10973	0.326	0	0.262	0.068	0.20859
1.13281	2.81192	0.11046	0.328	0	0.267	0.051	0.15549
1.15379	2.83539	0.1082	0.33	0	0.268	0.036	0.10909
1.17477	2.83035	0.09223	0.342	0.044	-0.091	-0.025	-0.0731
							--
#	BAND	=	0	0	130		--
0	2.8454	0.11012	0.332	0.02	-0.08	0.038	0.11446
0.02098	2.83658	0.09575	0.345	-0.007	-0.238	0.015	0.04348
0.04196	2.82751	0.12196	0.34	-0.006	0.052	0.202	0.59412
0.06293	2.80475	0.11742	0.338	-0.005	0.014	0.21	0.6213
0.08391	2.78152	0.11459	0.336	-0.004	-0.017	0.21	0.625
0.10489	2.75836	0.11171	0.334	-0.003	-0.043	0.205	0.61377
0.12587	2.73517	0.11051	0.334	-0.003	-0.063	0.198	0.59281
0.14685	2.71191	0.10959	0.334	-0.003	-0.079	0.187	0.55988
0.16782	2.68824	0.11122	0.335	0	-0.091	0.171	0.51045
0.1888	2.6632	0.11355	0.341	0	-0.09	0.147	0.43109
0.20978	2.63653	0.12003	0.348	0	-0.089	0.112	0.32184
0.23076	2.60562	0.13428	0.366	0.001	-0.08	0.045	0.12295
0.25174	2.56776	0.15076	0.397	0.002	-0.221	-0.156	-0.39295
0.27271	2.51753	0.19059	0.444	0.006	-0.238	-0.062	-0.13964
0.29369	2.45979	0.2101	0.473	0.005	-0.266	0.026	0.05497
0.31467	2.39909	0.22432	0.494	0.005	-0.28	0.12	0.24291
0.33565	2.33948	0.23254	0.506	0.007	-0.277	0.199	0.39328
0.35663	2.28434	0.23611	0.513	0.007	-0.255	0.267	0.52047
0.3776	2.23641	0.23868	0.515	0.006	-0.234	0.304	0.59029
0.39858	2.19803	0.25164	0.514	0.008	-0.264	0.238	0.46304
0.41956	2.16618	0.27799	0.519	0.002	-0.008	-0.452	-0.87091
0.44054	2.13798	0.28332	0.522	0	0.055	-0.457	-0.87548
0.46152	2.11726	0.29095	0.529	-0.001	0.045	-0.465	-0.87902
0.4825	2.1638	0.38625	0.666	-0.004	-0.172	-0.536	-0.8048
0.50347	2.22939	0.38173	0.644	-0.006	-0.286	-0.412	-0.63975
0.52445	2.24753	0.30284	0.537	0.004	-0.06	-0.446	-0.83054
0.54543	2.24553	0.29972	0.533	0.002	-0.057	-0.444	-0.83302
0.56641	2.24589	0.30141	0.532	0.001	-0.054	-0.446	-0.83835
0.58739	2.24943	0.30596	0.531	0.122	-0.269	-0.197	-0.371
0.58739	2.2494	0.30478	0.531	0.026	-0.312	-0.187	-0.35217
0.60836	2.24602	0.29945	0.532	0.001	0.047	0.448	0.84211
0.62934	2.24561	0.29814	0.533	-0.001	0.052	0.446	0.83677
0.65032	2.24762	0.30293	0.538	-0.002	0.056	0.446	0.829
0.6713	2.22945	0.38273	0.645	0	0.285	0.415	0.64341
0.69228	2.16388	0.38594	0.667	0.003	0.175	0.535	0.8021
0.71325	2.11732	0.29034	0.529	0.001	-0.046	0.465	0.87902
0.73423	2.13802	0.28332	0.522	0	-0.058	0.456	0.87356
0.75521	2.16624	0.27865	0.519	-0.003	-0.001	0.453	0.87283
0.77619	2.19818	0.25337	0.514	-0.012	0.264	-0.235	-0.4572
0.79717	2.23643	0.23792	0.515	-0.008	0.233	-0.305	-0.59223
0.81814	2.28428	0.23563	0.513	-0.008	0.254	-0.267	-0.52047
0.83912	2.33936	0.23254	0.506	-0.008	0.276	-0.2	-0.39526
0.8601	2.39892	0.22344	0.493	-0.009	0.282	-0.115	-0.23327
0.88108	2.45955	0.21117	0.473	-0.006	0.262	-0.034	-0.07188
0.90206	2.51728	0.18886	0.444	-0.003	0.236	0.06	0.13514
0.92303	2.56762	0.15325	0.4	-0.001	0.239	0.165	0.4125
0.94401	2.60597	0.13204	0.365	-0.001	0.102	-0.029	-0.07945
0.96499	2.63668	0.12115	0.349	-0.001	0.093	-0.105	-0.30086
0.98597	2.66366	0.11221	0.339	-0.001	0.095	-0.146	-0.43068
1.00695	2.68858	0.11157	0.335	0.002	0.093	-0.17	-0.50746
1.02792	2.71227	0.1094	0.334	0.002	0.082	-0.186	-0.55689
1.0489	2.73557	0.11083	0.334	0.004	0.067	-0.196	-0.58683
1.06988	2.75879	0.11185	0.335	0.003	0.042	-0.205	-0.61194
1.09086	2.78186	0.11414	0.336	0.007	0.015	-0.21	-0.625
1.11184	2.80501	0.11866	0.338	0.005	-0.019	-0.21	-0.6213
1.13281	2.82784	0.12198	0.34	0.01	-0.052	-0.202	-0.59412
1.15379	2.83676	0.09478	0.344	0.006	0.242	-0.012	-0.03488
1.17477	2.84538	0.11019	0.332	-0.037	0.065	0.039	0.11747
							--
#	BAND	=	0	0	131		--
0	2.86048	0.11105	0.332	-0.019	0.081	-0.042	-0.12651
0.02098	2.86691	0.12268	0.341	0.01	0.085	0.184	0.53959
0.04196	2.86064	0.1344	0.34	0.005	-0.064	-0.19	-0.55882
0.06293	2.83875	0.13786	0.34	0.005	-0.015	-0.189	-0.55588
0.08391	2.81576	0.13735	0.34	0.003	0.018	-0.181	-0.53235
0.10489	2.79279	0.13909	0.34	0.003	0.043	-0.171	-0.50294
0.12587	2.76988	0.13798	0.34	0.001	0.063	-0.159	-0.46765
0.14685	2.74583	0.14022	0.343	0.002	0.076	-0.146	-0.42566
0.16782	2.72124	0.13909	0.344	-0.001	0.086	-0.132	-0.38372
0.1888	2.69397	0.14513	0.354	0	0.076	-0.108	-0.30508
0.20978	2.66373	0.15183	0.367	-0.002	0.066	-0.075	-0.20436
0.23076	2.62797	0.1673	0.389	0	0.053	-0.012	-0.03085
0.25174	2.58555	0.18862	0.415	0.001	0.192	0.179	0.43133
0.27271	2.53847	0.20312	0.438	-0.003	0.219	0.072	0.16438
0.29369	2.48395	0.22944	0.47	-0.003	0.26	-0.026	-0.05532
0.31467	2.42454	0.24558	0.493	-0.004	0.283	-0.121	-0.24544
0.33565	2.36505	0.25722	0.506	-0.006	0.283	-0.201	-0.39723
0.35663	2.30948	0.26056	0.513	-0.007	0.263	-0.268	-0.52242
0.3776	2.25987	0.26796	0.516	-0.006	0.245	-0.306	-0.59302
0.39858	2.21736	0.27115	0.519	-0.008	0.281	-0.239	-0.4605
0.41956	2.18764	0.27767	0.515	-0.002	0.037	0.453	0.87961
0.44054	2.17409	0.32077	0.519	0	-0.013	0.463	0.8921
0.46152	2.17091	0.35858	0.539	0.001	0.005	0.481	0.89239
0.4825	2.19117	0.39776	0.631	0.004	0.14	0.515	0.81616
0.50347	2.24605	0.38103	0.645	0.008	0.266	0.412	0.63876
0.52445	2.28237	0.31711	0.568	-0.001	0.057	0.453	0.79754
0.54543	2.27979	0.30668	0.534	-0.002	0.06	0.44	0.82397
0.56641	2.2715	0.30692	0.531	-0.001	0.055	0.444	0.83616
0.58739	2.26463	0.3052	0.531	-0.122	0.269	0.198	0.37288
0.58739	2.2646	0.30608	0.531	-0.026	0.311	0.187	0.35217
0.60836	2.27139	0.30778	0.531	-0.001	-0.048	-0.447	-0.84181
0.62934	2.27977	0.3069	0.534	0.001	-0.056	-0.441	-0.82584
0.65032	2.28239	0.31676	0.569	0.003	-0.059	-0.455	-0.79965
0.6713	2.24608	0.3808	0.645	-0.001	-0.267	-0.413	-0.64031
0.69228	2.19119	0.39726	0.631	-0.002	-0.141	-0.513	-0.813
0.71325	2.17131	0.35896	0.539	-0.001	-0.005	-0.481	-0.89239
0.73423	2.17454	0.32252	0.519	0	0.014	-0.463	-0.8921
0.75521	2.18795	0.27755	0.515	0.004	-0.03	-0.454	-0.88155
0.77619	2.21739	0.27042	0.519	0.012	-0.283	0.236	0.45472
0.79717	2.25992	0.26796	0.516	0.008	-0.245	0.306	0.59302
0.81814	2.30955	0.26056	0.513	0.007	-0.263	0.268	0.52242
0.83912	2.36514	0.25656	0.506	0.007	-0.283	0.201	0.39723
0.8601	2.42455	0.24558	0.493	0.008	-0.286	0.118	0.23935
0.88108	2.48404	0.22883	0.47	0.004	-0.257	0.034	0.07234
0.90206	2.53883	0.20351	0.438	0.002	-0.218	-0.069	-0.15753
0.92303	2.58564	0.18791	0.413	0	-0.21	-0.187	-0.45278
0.94401	2.62766	0.16657	0.389	0	-0.072	-0.003	-0.00771
0.96499	2.66326	0.15301	0.368	-0.002	-0.071	0.068	0.18478
0.98597	2.69383	0.14517	0.352	0.003	-0.084	0.109	0.30966
1.00695	2.72062	0.14132	0.346	-0.004	-0.085	0.128	0.36994
1.02792	2.74556	0.13872	0.342	-0.003	-0.079	0.145	0.42398
1.0489	2.7693	0.13943	0.34	-0.003	-0.067	0.158	0.46471
1.06988	2.79253	0.13909	0.34	-0.005	-0.043	0.171	0.50294
1.09086	2.81561	0.1369	0.34	-0.007	-0.015	0.181	0.53235
1.11184	2.8382	0.13633	0.339	-0.002	0.022	0.188	0.55457
1.13281	2.86052	0.1359	0.34	-0.01	0.065	0.19	0.55882
1.15379	2.86755	0.12106	0.341	-0.005	-0.085	-0.183	-0.53666
1.17477	2.86056	0.11017	0.332	0.037	-0.066	-0.039	-0.11747
							--
#	BAND	=	0	0	132		--
0	2.87117	0.12584	0.342	0.009	0.173	0.157	0.45906
0.02098	2.86694	0.12725	0.338	-0.005	-0.101	-0.17	-0.50296
0.04196	2.85736	0.08552	0.346	0	-0.242	0.024	0.06936
0.06293	2.8673	0.1285	0.342	-0.019	-0.21	0.097	0.28363
0.08391	2.84137	0.13978	0.342	-0.002	-0.201	0.107	0.31287
0.10489	2.8152	0.14016	0.339	0	-0.212	0.093	0.27434
0.12587	2.78924	0.13683	0.337	0	-0.223	0.076	0.22552
0.14685	2.76352	0.1346	0.337	0.002	-0.229	0.059	0.17507
0.16782	2.73815	0.13425	0.337	0.002	-0.234	0.037	0.10979
0.1888	2.71232	0.1325	0.34	0.003	-0.23	0.007	0.02059
0.20978	2.68602	0.13169	0.342	0.004	-0.223	-0.027	-0.07895
0.23076	2.65796	0.13287	0.35	0.005	-0.202	-0.066	-0.18857
0.25174	2.62816	0.13427	0.358	0.004	-0.175	-0.101	-0.28212
0.27271	2.59625	0.14129	0.371	0.001	-0.15	-0.134	-0.36119
0.29369	2.56216	0.15793	0.389	-0.001	-0.129	-0.164	-0.42159
0.31467	2.5263	0.17493	0.411	0	-0.12	-0.196	-0.47689
0.33565	2.4891	0.19527	0.433	-0.001	-0.124	-0.227	-0.52425
0.35663	2.45189	0.21161	0.452	0.002	-0.134	-0.256	-0.56637
0.3776	2.41556	0.22794	0.468	0.003	-0.133	-0.291	-0.62179
0.39858	2.38121	0.23983	0.481	0.004	-0.119	-0.327	-0.67983
0.41956	2.34933	0.25188	0.492	0.005	-0.099	-0.36	-0.73171
0.44054	2.32057	0.26215	0.501	0.004	-0.081	-0.387	-0.77246
0.46152	2.29572	0.27095	0.509	0.004	-0.067	-0.406	-0.79764
0.4825	2.27587	0.27868	0.517	0.002	-0.06	-0.42	-0.81238
0.50347	2.26434	0.2912	0.538	0	-0.041	-0.438	-0.81413
0.52445	2.29368	0.37066	0.637	0.005	-0.101	-0.483	-0.75824
0.54543	2.33319	0.37736	0.631	0.063	-0.399	-0.068	-0.10777
0.56641	2.35747	0.37422	0.622	0.002	-0.128	0.412	0.66238
0.58739	2.36624	0.37561	0.621	-0.498	0.15	-0.11	-0.17713
0.58739	2.3661	0.37557	0.621	0.483	0.023	0.227	0.36554
0.60836	2.35762	0.37402	0.621	0.069	0.03	-0.438	-0.70531
0.62934	2.33308	0.3795	0.632	-0.165	0.384	0.104	0.16456
0.65032	2.29381	0.37088	0.636	0.007	0.083	0.486	0.76415
0.6713	2.26442	0.2922	0.538	0	0.04	0.439	0.81599
0.69228	2.2759	0.27915	0.517	-0.003	0.058	0.421	0.81431
0.71325	2.29576	0.27118	0.509	-0.004	0.066	0.406	0.79764
0.73423	2.32061	0.26315	0.5	-0.006	0.078	0.387	0.774
0.75521	2.3493	0.25298	0.491	-0.005	0.098	0.361	0.73523
0.77619	2.38115	0.23974	0.48	-0.004	0.118	0.327	0.68125
0.79717	2.4155	0.22794	0.468	-0.004	0.134	0.29	0.61966
0.81814	2.4517	0.21171	0.452	-0.002	0.135	0.257	0.56858
0.83912	2.48896	0.19598	0.433	0.002	0.128	0.226	0.52194
0.8601	2.5262	0.17552	0.41	-0.001	0.124	0.195	0.47561
0.88108	2.56212	0.15523	0.39	0.002	0.13	0.165	0.42308
0.90206	2.59624	0.14119	0.371	-0.002	0.149	0.137	0.36927
0.92303	2.62826	0.13486	0.358	-0.004	0.177	0.105	0.2933
0.94401	2.65811	0.133	0.35	-0.006	0.206	0.071	0.20286
0.96499	2.68595	0.13296	0.344	-0.005	0.222	0.033	0.09593
0.98597	2.71268	0.13192	0.338	-0.003	0.234	-0.004	-0.01183
1.00695	2.73833	0.13478	0.337	-0.005	0.235	-0.033	-0.09792
1.02792	2.76375	0.13477	0.337	-0.002	0.23	-0.057	-0.16914
1.0489	2.78965	0.13688	0.336	0.001	0.225	-0.075	-0.22321
1.06988	2.81537	0.14014	0.339	0	0.212	-0.092	-0.27139
1.09086	2.84171	0.13978	0.341	0.002	0.203	-0.106	-0.31085
1.11184	2.86758	0.12737	0.341	0.016	0.213	-0.094	-0.27566
1.13281	2.85743	0.08626	0.346	0.001	0.238	-0.022	-0.06358
1.15379	2.86681	0.12814	0.339	0.001	0.101	0.174	0.51327
1.17477	2.8713	0.12462	0.342	-0.03	-0.116	0.066	0.19298
							--
#	BAND	=	0	0	133		--
0	2.8867	0.12631	0.342	-0.011	-0.176	-0.154	-0.45029
0.02098	2.88433	0.11451	0.335	0	0.259	-0.012	-0.03582
0.04196	2.90545	0.12957	0.346	-0.007	-0.072	0.097	0.28035
0.06293	2.88684	0.09969	0.353	0.018	-0.186	0.051	0.14448
0.08391	2.88668	0.12578	0.357	0.006	-0.024	-0.013	-0.03641
0.10489	2.8679	0.15984	0.359	0.002	0.13	-0.038	-0.10585
0.12587	2.84258	0.16671	0.358	0.001	0.188	-0.038	-0.10615
0.14685	2.81525	0.16452	0.356	0	0.208	-0.035	-0.09831
0.16782	2.78764	0.16122	0.353	-0.001	0.217	-0.022	-0.06232
0.1888	2.75868	0.16015	0.357	-0.003	0.205	0.004	0.0112
0.20978	2.72992	0.15882	0.358	-0.003	0.196	0.036	0.10056
0.23076	2.69921	0.16389	0.368	-0.005	0.162	0.082	0.22283
0.25174	2.66728	0.16843	0.378	-0.006	0.127	0.116	0.30688
0.27271	2.63286	0.18063	0.392	-0.001	0.085	0.15	0.38265
0.29369	2.59649	0.19082	0.409	0.004	0.062	0.177	0.43276
0.31467	2.55861	0.20312	0.427	0.007	0.061	0.2	0.46838
0.33565	2.51966	0.21521	0.446	0.005	0.08	0.227	0.50897
0.35663	2.48104	0.22401	0.462	0.001	0.1	0.255	0.55195
0.3776	2.44423	0.22979	0.475	-0.001	0.108	0.285	0.6
0.39858	2.41042	0.23551	0.485	-0.002	0.102	0.32	0.65979
0.41956	2.38091	0.24213	0.493	-0.004	0.088	0.35	0.70994
0.44054	2.35632	0.25159	0.499	-0.003	0.075	0.373	0.74749
0.46152	2.33656	0.26458	0.507	-0.003	0.065	0.392	0.77318
0.4825	2.32135	0.28282	0.514	-0.003	0.062	0.406	0.78988
0.50347	2.31062	0.30635	0.527	-0.002	0.059	0.426	0.80835
0.52445	2.3166	0.37056	0.6	-0.003	0.101	0.462	0.77
0.54543	2.34879	0.38237	0.629	-0.062	0.397	0.071	0.11288
0.56641	2.37331	0.37504	0.623	-0.002	0.121	-0.416	-0.66774
0.58739	2.38173	0.37337	0.619	0.496	-0.144	0.123	0.19871
0.58739	2.38145	0.37149	0.617	-0.479	-0.024	-0.226	-0.36629
0.60836	2.37313	0.3757	0.625	-0.071	-0.032	0.44	0.704
0.62934	2.34896	0.38084	0.627	0.164	-0.376	-0.099	-0.15789
0.65032	2.31656	0.37045	0.599	-0.006	-0.089	-0.466	-0.77796
0.6713	2.3107	0.30784	0.528	0.001	-0.058	-0.427	-0.80871
0.69228	2.3215	0.28265	0.514	0.003	-0.061	-0.408	-0.79377
0.71325	2.33674	0.26654	0.507	0.003	-0.066	-0.393	-0.77515
0.73423	2.3565	0.25212	0.5	0.005	-0.073	-0.372	-0.744
0.75521	2.38108	0.24177	0.493	0.004	-0.088	-0.35	-0.70994
0.77619	2.4106	0.23436	0.485	0.003	-0.103	-0.319	-0.65773
0.79717	2.44436	0.22912	0.475	0.002	-0.111	-0.284	-0.59789
0.81814	2.48147	0.2217	0.461	-0.001	-0.101	-0.251	-0.54447
0.83912	2.51981	0.21474	0.446	-0.005	-0.083	-0.224	-0.50224
0.8601	2.55851	0.20525	0.428	-0.005	-0.066	-0.2	-0.46729
0.88108	2.5968	0.18906	0.407	-0.004	-0.063	-0.175	-0.42998
0.90206	2.63303	0.17963	0.393	0	-0.089	-0.152	-0.38677
0.92303	2.6673	0.16893	0.378	0.004	-0.127	-0.121	-0.32011
0.94401	2.69931	0.16206	0.367	0.006	-0.164	-0.086	-0.23433
0.96499	2.72944	0.16035	0.361	0.006	-0.189	-0.045	-0.12465
0.98597	2.75885	0.15788	0.354	0.002	-0.21	-0.008	-0.0226
1.00695	2.78721	0.16195	0.354	0.003	-0.216	0.017	0.04802
1.02792	2.81504	0.16597	0.356	0.002	-0.21	0.033	0.0927
1.0489	2.84232	0.16563	0.358	-0.001	-0.189	0.039	0.10894
1.06988	2.86788	0.16008	0.358	-0.004	-0.128	0.038	0.10615
1.09086	2.88734	0.12532	0.355	-0.003	0.025	0.012	0.0338
1.11184	2.88674	0.1008	0.353	-0.019	0.181	-0.05	-0.14164
1.13281	2.90521	0.12292	0.344	0.012	0.006	-0.082	-0.23837
1.15379	2.88416	0.11441	0.335	0.001	-0.258	0.008	0.02388
1.17477	2.88678	0.12613	0.342	0.031	0.11	-0.06	-0.17544
							--
#	BAND	=	0	0	134		--
0	2.8907	0.14496	0.345	0.06	-0.013	0.091	0.26377
0.02098	2.89146	0.14645	0.35	0	-0.217	-0.091	-0.26
0.04196	2.89279	0.12298	0.338	0.003	0.137	-0.014	-0.04142
0.06293	2.90649	0.16481	0.358	0.004	0.081	0.036	0.10056
0.08391	2.89431	0.14745	0.361	-0.002	-0.008	-0.017	-0.04709
0.10489	2.8733	0.14272	0.355	0.001	-0.151	0.036	0.10141
0.12587	2.84819	0.14677	0.348	0.007	-0.203	0.045	0.12931
0.14685	2.82208	0.15175	0.345	0.002	-0.228	0.039	0.11304
0.16782	2.79722	0.15282	0.342	0.001	-0.235	0.022	0.06433
0.1888	2.77214	0.15586	0.344	0.005	-0.227	0.003	0.00872
0.20978	2.74709	0.15684	0.346	0.003	-0.21	-0.019	-0.05491
0.23076	2.72048	0.16093	0.354	0.002	-0.178	-0.038	-0.10734
0.25174	2.69239	0.16371	0.361	0	-0.138	-0.043	-0.11911
0.27271	2.66283	0.15954	0.366	-0.003	-0.104	-0.039	-0.10656
0.29369	2.63393	0.14694	0.363	-0.006	-0.09	-0.022	-0.06061
0.31467	2.60753	0.12845	0.354	-0.007	-0.095	-0.009	-0.02542
0.33565	2.58322	0.12053	0.35	-0.007	-0.094	-0.01	-0.02857
0.35663	2.56115	0.1156	0.347	-0.006	-0.093	-0.019	-0.05476
0.3776	2.54058	0.11387	0.346	-0.005	-0.085	-0.034	-0.09827
0.39858	2.52096	0.1167	0.349	-0.003	-0.065	-0.057	-0.16332
0.41956	2.50217	0.12256	0.355	-0.003	-0.039	-0.081	-0.22817
0.44054	2.4844	0.12803	0.364	0	-0.01	-0.108	-0.2967
0.46152	2.46901	0.13437	0.368	0	0.011	-0.129	-0.35054
0.4825	2.45534	0.14828	0.386	0.004	0.022	-0.172	-0.4456
0.50347	2.44551	0.16194	0.404	0.003	0.017	-0.211	-0.52228
0.52445	2.44006	0.17883	0.425	0.008	0.002	-0.247	-0.58118
0.54543	2.44002	0.19113	0.438	0.009	-0.008	-0.263	-0.60046
0.56641	2.44338	0.20975	0.454	0	-0.003	-0.287	-0.63216
0.58739	2.44985	0.22615	0.467	0.126	-0.167	-0.061	-0.13062
0.58739	2.44979	0.22714	0.466	0.043	-0.175	-0.227	-0.48712
0.60836	2.44317	0.20834	0.455	-0.009	0.008	0.29	0.63736
0.62934	2.43976	0.19253	0.439	-0.001	0.01	0.267	0.6082
0.65032	2.43993	0.17734	0.425	-0.005	-0.004	0.249	0.58588
0.6713	2.44541	0.1628	0.405	-0.006	-0.019	0.214	0.5284
0.69228	2.45526	0.14585	0.387	-0.004	-0.022	0.176	0.45478
0.71325	2.46845	0.13712	0.375	-0.002	-0.012	0.143	0.38133
0.73423	2.48446	0.12966	0.364	0	0.011	0.113	0.31044
0.75521	2.50219	0.12241	0.356	0.001	0.039	0.086	0.24157
0.77619	2.52107	0.11703	0.35	0.004	0.065	0.061	0.17429
0.79717	2.54078	0.11416	0.346	0.004	0.085	0.038	0.10983
0.81814	2.56144	0.11647	0.347	0.006	0.095	0.023	0.06628
0.83912	2.58351	0.1226	0.351	0.007	0.096	0.013	0.03704
0.8601	2.60763	0.13195	0.356	0.006	0.091	0.012	0.03371
0.88108	2.6345	0.1454	0.361	0.005	0.095	0.024	0.06648
0.90206	2.66298	0.1602	0.366	0.003	0.102	0.039	0.10656
0.92303	2.69297	0.16367	0.359	0	0.144	0.045	0.12535
0.94401	2.72096	0.16118	0.352	0	0.183	0.042	0.11932
0.96499	2.747	0.15839	0.347	-0.003	0.209	0.024	0.06916
0.98597	2.77259	0.15373	0.342	-0.008	0.231	0.001	0.00292
1.00695	2.79752	0.15264	0.342	-0.004	0.236	-0.022	-0.06433
1.02792	2.82239	0.15187	0.345	-0.002	0.228	-0.036	-0.10435
1.0489	2.84774	0.14793	0.349	-0.001	0.206	-0.049	-0.1404
1.06988	2.87362	0.14547	0.355	0.001	0.153	-0.034	-0.09577
1.09086	2.89516	0.14693	0.36	0.004	0.002	0.019	0.05278
1.11184	2.90635	0.16216	0.358	-0.008	-0.071	-0.04	-0.11173
1.13281	2.89322	0.12713	0.338	-0.002	-0.066	0.003	0.00888
1.15379	2.89259	0.14641	0.35	-0.022	0.211	0.092	0.26286
1.17477	2.89098	0.14579	0.346	-0.071	0.105	0.085	0.24566
							--
#	BAND	=	0	0	135		--
0	2.90641	0.14444	0.345	-0.061	0.017	-0.095	-0.27536
0.02098	2.9237	0.13651	0.341	0.002	0.219	0.082	0.24047
0.04196	2.92534	0.16797	0.356	0.007	-0.093	-0.024	-0.06742
0.06293	2.92999	0.12493	0.345	0.012	0.226	-0.116	-0.33623
0.08391	2.92098	0.16137	0.361	0.003	-0.141	0.15	0.41551
0.10489	2.91492	0.14756	0.357	0.002	-0.097	0.116	0.32493
0.12587	2.89768	0.16597	0.36	-0.006	0.197	-0.026	-0.07222
0.14685	2.86768	0.16323	0.355	-0.003	0.217	-0.029	-0.08169
0.16782	2.83942	0.15428	0.35	-0.001	0.224	-0.015	-0.04286
0.1888	2.81249	0.15466	0.348	-0.006	0.219	0	0
0.20978	2.78734	0.15148	0.344	-0.002	0.217	0.014	0.0407
0.23076	2.76223	0.1548	0.347	-0.004	0.194	0.021	0.06052
0.25174	2.73819	0.15575	0.349	-0.002	0.167	0.013	0.03725
0.27271	2.71474	0.15729	0.351	0	0.135	0.005	0.01425
0.29369	2.6922	0.1561	0.353	0.004	0.101	-0.002	-0.00567
0.31467	2.67065	0.15867	0.354	0.008	0.071	-0.003	-0.00847
0.33565	2.64883	0.16234	0.364	0.009	0.03	0.01	0.02747
0.35663	2.62754	0.16795	0.372	0.008	-0.006	0.025	0.0672
0.3776	2.60603	0.17215	0.384	0.01	-0.044	0.048	0.125
0.39858	2.58471	0.17814	0.396	0.009	-0.079	0.074	0.18687
0.41956	2.56383	0.18234	0.409	0.009	-0.115	0.099	0.24205
0.44054	2.54419	0.19491	0.423	0.007	-0.16	0.121	0.28605
0.46152	2.52691	0.20529	0.432	0.003	-0.196	0.142	0.3287
0.4825	2.51168	0.21149	0.439	0	-0.237	0.166	0.37813
0.50347	2.49954	0.21837	0.443	-0.003	-0.25	0.207	0.46727
0.52445	2.49016	0.21861	0.446	-0.009	-0.229	0.254	0.56951
0.54543	2.48187	0.23091	0.456	-0.007	-0.166	0.3	0.65789
0.56641	2.47344	0.23232	0.464	-0.006	-0.083	0.315	0.67888
0.58739	2.46547	0.22391	0.459	-0.118	0.161	0.058	0.12636
0.58739	2.46502	0.22456	0.462	-0.041	0.171	0.228	0.49351
0.60836	2.47342	0.23447	0.467	0.009	0.073	-0.319	-0.68308
0.62934	2.48187	0.23484	0.461	0.013	0.162	-0.305	-0.66161
0.65032	2.49029	0.22219	0.448	0.007	0.23	-0.254	-0.56696
0.6713	2.49995	0.21413	0.441	0.009	0.248	-0.202	-0.45805
0.69228	2.51188	0.20546	0.437	-0.001	0.234	-0.164	-0.37529
0.71325	2.52673	0.20113	0.431	-0.002	0.203	-0.134	-0.3109
0.73423	2.54415	0.1927	0.422	-0.005	0.16	-0.119	-0.28199
0.75521	2.56381	0.18191	0.409	-0.01	0.115	-0.099	-0.24205
0.77619	2.58496	0.17723	0.395	-0.012	0.075	-0.069	-0.17468
0.79717	2.60635	0.17026	0.381	-0.012	0.034	-0.046	-0.12073
0.81814	2.62753	0.16803	0.372	-0.008	0.007	-0.025	-0.0672
0.83912	2.64886	0.16205	0.364	-0.009	-0.03	-0.01	-0.02747
0.8601	2.67039	0.16048	0.357	-0.005	-0.068	-0.002	-0.0056
0.88108	2.69227	0.1563	0.352	-0.002	-0.101	0.001	0.00284
0.90206	2.71484	0.15689	0.35	0.001	-0.134	-0.004	-0.01143
0.92303	2.73819	0.15429	0.347	0.001	-0.169	-0.019	-0.05476
0.94401	2.76224	0.15396	0.347	0.003	-0.195	-0.026	-0.07493
0.96499	2.78685	0.15122	0.346	0.004	-0.212	-0.019	-0.05491
0.98597	2.81253	0.15315	0.347	0.007	-0.223	-0.004	-0.01153
1.00695	2.83954	0.15595	0.349	0.004	-0.223	0.015	0.04298
1.02792	2.86732	0.16031	0.355	0.003	-0.218	0.027	0.07606
1.0489	2.89624	0.16642	0.361	0	-0.191	0.029	0.08033
1.06988	2.91506	0.14832	0.358	-0.003	0.097	-0.112	-0.31285
1.09086	2.92094	0.16101	0.362	0	0.132	-0.15	-0.41436
1.11184	2.92829	0.12499	0.347	0.008	-0.225	0.111	0.31988
1.13281	2.92568	0.16468	0.356	-0.003	0.067	0.03	0.08427
1.15379	2.92456	0.13492	0.341	0.022	-0.217	-0.085	-0.24927
1.17477	2.90648	0.14657	0.345	0.074	-0.098	-0.092	-0.26667
							--
#	BAND	=	0	0	136		--
0	2.94364	0.16852	0.353	0.073	0.042	0.05	0.14164
0.02098	2.92322	0.16632	0.355	-0.008	-0.119	0.164	0.46197
0.04196	2.92558	0.13896	0.347	-0.002	0.192	0.084	0.24207
0.06293	2.92314	0.14657	0.362	0.002	-0.072	0.039	0.10773
0.08391	2.92921	0.09423	0.349	-0.006	0.19	-0.093	-0.26648
0.10489	2.91243	0.14721	0.365	-0.007	0.108	0.013	0.03562
0.12587	2.89256	0.14266	0.352	0	-0.176	0.125	0.35511
0.14685	2.87597	0.15366	0.347	-0.006	-0.207	0.095	0.27378
0.16782	2.85603	0.1602	0.343	-0.001	-0.229	0.054	0.15743
0.1888	2.83377	0.16694	0.344	0	-0.227	0.025	0.07267
0.20978	2.81048	0.16893	0.346	0	-0.217	0.003	0.00867
0.23076	2.78558	0.17389	0.351	0.002	-0.192	-0.012	-0.03419
0.25174	2.75918	0.17556	0.355	0.002	-0.161	-0.017	-0.04789
0.27271	2.73234	0.17092	0.357	-0.002	-0.134	-0.013	-0.03641
0.29369	2.7066	0.16409	0.355	-0.003	-0.112	0.001	0.00282
0.31467	2.68273	0.15328	0.35	-0.006	-0.097	0.01	0.02857
0.33565	2.65938	0.14523	0.352	-0.01	-0.056	0.029	0.08239
0.35663	2.63737	0.13402	0.351	-0.012	-0.008	0.056	0.15954
0.3776	2.61612	0.11659	0.348	-0.014	0.047	0.087	0.25
0.39858	2.59548	0.10124	0.344	-0.014	0.089	0.109	0.31686
0.41956	2.57628	0.08743	0.338	-0.014	0.113	0.122	0.36095
0.44054	2.55873	0.07725	0.332	-0.008	0.127	0.129	0.38855
0.46152	2.54318	0.06761	0.324	-0.005	0.145	0.13	0.40123
0.4825	2.52937	0.06262	0.319	0.003	0.163	0.122	0.38245
0.50347	2.51736	0.05919	0.312	0.026	0.179	0.106	0.33974
0.52445	2.50682	0.07278	0.315	0.119	0.164	0.052	0.16508
0.54543	2.49716	0.10187	0.328	0.1	0.031	-0.126	-0.38415
0.56641	2.49101	0.09073	0.319	0.057	-0.05	-0.087	-0.27273
0.58739	2.4894	0.07499	0.308	-0.002	0.053	0.12	0.38961
0.58739	2.48929	0.07504	0.307	0	0.047	0.119	0.38762
0.60836	2.49034	0.07733	0.308	-0.036	0.054	0.161	0.52273
0.62934	2.49624	0.08478	0.315	-0.059	-0.039	0.17	0.53968
0.65032	2.5067	0.06698	0.302	-0.106	-0.137	0.113	0.37417
0.6713	2.51817	0.04732	0.3	-0.041	-0.187	-0.09	-0.3
0.69228	2.53036	0.0559	0.313	-0.007	-0.165	-0.122	-0.38978
0.71325	2.54412	0.06637	0.322	0.003	-0.144	-0.132	-0.40994
0.73423	2.55966	0.07348	0.33	0.01	-0.126	-0.131	-0.39697
0.75521	2.57707	0.08722	0.337	0.012	-0.109	-0.125	-0.37092
0.77619	2.59615	0.10019	0.343	0.016	-0.085	-0.11	-0.3207
0.79717	2.61661	0.11612	0.347	0.017	-0.042	-0.09	-0.25937
0.81814	2.63778	0.1342	0.35	0.012	0.013	-0.055	-0.15714
0.83912	2.65953	0.14507	0.352	0.01	0.056	-0.027	-0.0767
0.8601	2.68246	0.1528	0.353	0.007	0.088	-0.013	-0.03683
0.88108	2.70672	0.16406	0.354	0.005	0.114	0.002	0.00565
0.90206	2.73242	0.17026	0.357	0.001	0.133	0.016	0.04482
0.92303	2.75952	0.17314	0.355	-0.002	0.164	0.02	0.05634
0.94401	2.78586	0.17213	0.35	-0.001	0.192	0.015	0.04286
0.96499	2.81061	0.17113	0.346	-0.003	0.214	0	0
0.98597	2.83433	0.16504	0.342	0.002	0.232	-0.02	-0.05848
1.00695	2.85623	0.16075	0.344	-0.002	0.23	-0.054	-0.15698
1.02792	2.87642	0.15569	0.347	0.003	0.211	-0.091	-0.26225
1.0489	2.89287	0.14285	0.352	0.005	0.179	-0.127	-0.3608
1.06988	2.9135	0.14377	0.365	0.015	-0.107	-0.019	-0.05205
1.09086	2.929	0.09617	0.348	0.003	-0.199	0.099	0.28448
1.11184	2.9217	0.14861	0.362	-0.003	0.074	-0.022	-0.06077
1.13281	2.92622	0.13802	0.349	-0.007	-0.179	-0.107	-0.30659
1.15379	2.92342	0.16433	0.355	0	0.125	-0.164	-0.46197
1.17477	2.94295	0.16672	0.354	-0.016	-0.061	-0.109	-0.30791
							--
#	BAND	=	0	0	137		--
0	2.95892	0.16706	0.353	-0.076	-0.041	-0.046	-0.13031
0.02098	2.96714	0.19144	0.363	0.014	0.126	-0.153	-0.42149
0.04196	2.95517	0.19455	0.372	-0.001	0.114	-0.138	-0.37097
0.06293	2.95419	0.15986	0.356	-0.013	0.171	0.018	0.05056
0.08391	2.9499	0.17125	0.358	0.01	0.13	0.034	0.09497
0.10489	2.94555	0.14462	0.354	0.003	0.122	-0.125	-0.35311
0.12587	2.93072	0.15081	0.353	0	0.129	-0.113	-0.32011
0.14685	2.91002	0.14725	0.349	0.006	0.175	-0.084	-0.24069
0.16782	2.88919	0.14866	0.345	0.002	0.213	-0.047	-0.13623
0.1888	2.86833	0.15016	0.343	-0.001	0.221	-0.025	-0.07289
0.20978	2.84831	0.15055	0.341	0	0.223	-0.012	-0.03519
0.23076	2.82833	0.15322	0.341	-0.003	0.213	-0.009	-0.02639
0.25174	2.809	0.15373	0.339	-0.004	0.198	-0.016	-0.0472
0.27271	2.78992	0.1506	0.341	0.001	0.172	-0.019	-0.05572
0.29369	2.75221	0.12524	0.373	0.002	-0.194	-0.196	-0.52547
0.31467	2.71774	0.11507	0.345	0.002	-0.133	-0.187	-0.54203
0.33565	2.69008	0.10126	0.325	0.005	-0.047	-0.183	-0.56308
0.35663	2.66613	0.09116	0.311	0.007	0.025	-0.179	-0.57556
0.3776	2.64463	0.08971	0.304	0.007	0.05	-0.182	-0.59868
0.39858	2.62498	0.0946	0.303	0.007	0.051	-0.184	-0.60726
0.41956	2.6065	0.10009	0.307	0.005	0.051	-0.183	-0.59609
0.44054	2.58865	0.10823	0.314	0.002	0.054	-0.178	-0.56688
0.46152	2.57136	0.11776	0.324	0.002	0.061	-0.17	-0.52469
0.4825	2.55395	0.12496	0.336	-0.008	0.081	-0.16	-0.47619
0.50347	2.53774	0.12741	0.343	-0.026	0.087	-0.149	-0.4344
0.52445	2.52342	0.10836	0.334	-0.116	0.102	-0.113	-0.33832
0.54543	2.51392	0.06418	0.303	-0.095	0.179	0.057	0.18812
0.56641	2.50789	0.0622	0.297	-0.054	0.156	0.037	0.12458
0.58739	2.50548	0.07361	0.304	0.001	-0.05	-0.123	-0.40461
0.58739	2.5055	0.07369	0.303	-0.001	-0.045	-0.12	-0.39604
0.60836	2.50834	0.07353	0.307	0.031	-0.156	-0.112	-0.36482
0.62934	2.51449	0.08024	0.315	0.053	-0.167	-0.101	-0.32063
0.65032	2.52348	0.115	0.345	0.101	-0.127	-0.056	-0.16232
0.6713	2.53699	0.1419	0.354	0.04	-0.079	0.13	0.36723
0.69228	2.55332	0.13005	0.339	0.011	-0.071	0.157	0.46313
0.71325	2.57037	0.11844	0.327	0.002	-0.063	0.169	0.51682
0.73423	2.5879	0.10925	0.316	-0.004	-0.055	0.176	0.55696
0.75521	2.6058	0.10216	0.308	-0.006	-0.055	0.18	0.58442
0.77619	2.62435	0.09474	0.303	-0.008	-0.056	0.181	0.59736
0.79717	2.64407	0.08933	0.304	-0.009	-0.057	0.178	0.58553
0.81814	2.66573	0.08948	0.311	-0.007	-0.032	0.174	0.55949
0.83912	2.68976	0.10089	0.325	-0.006	0.039	0.179	0.55077
0.8601	2.71748	0.11403	0.345	-0.002	0.129	0.186	0.53913
0.88108	2.7518	0.12733	0.373	-0.001	0.195	0.196	0.52547
0.90206	2.79003	0.15284	0.339	-0.001	-0.178	0.013	0.03835
0.92303	2.809	0.15124	0.339	0	-0.2	0.014	0.0413
0.94401	2.82816	0.15195	0.341	0.003	-0.212	0.007	0.02053
0.96499	2.84787	0.15375	0.342	0.005	-0.22	0.009	0.02632
0.98597	2.86846	0.14939	0.342	-0.004	-0.226	0.019	0.05556
1.00695	2.88932	0.14704	0.345	0.003	-0.213	0.047	0.13623
1.02792	2.90942	0.14807	0.349	-0.001	-0.178	0.079	0.22636
1.0489	2.92975	0.14939	0.352	-0.001	-0.13	0.114	0.32386
1.06988	2.94611	0.14496	0.353	-0.007	-0.126	0.125	0.35411
1.09086	2.95036	0.16983	0.36	0.002	-0.113	-0.037	-0.10278
1.11184	2.95331	0.15962	0.355	-0.001	-0.178	-0.023	-0.06479
1.13281	2.95708	0.19408	0.369	0.005	-0.103	0.139	0.37669
1.15379	2.96763	0.19289	0.362	0.001	-0.131	0.158	0.43646
1.17477	2.95987	0.16679	0.353	0.014	0.04	0.101	0.28612
							--
#	BAND	=	0	0	138		--
0	2.97589	0.17947	0.381	0.039	-0.038	-0.009	-0.02362
0.02098	2.97287	0.16427	0.372	-0.006	0.079	-0.18	-0.48387
0.04196	2.97215	0.18056	0.373	0.003	-0.106	0.113	0.30295
0.06293	2.95463	0.18636	0.362	-0.006	-0.117	0.018	0.04972
0.08391	2.94951	0.19234	0.358	-0.021	-0.052	0.023	0.06425
0.10489	2.94379	0.1917	0.357	0.001	-0.064	0.174	0.48739
0.12587	2.93817	0.17873	0.355	0.006	-0.097	0.192	0.54085
0.14685	2.92893	0.17571	0.352	-0.002	-0.147	0.17	0.48295
0.16782	2.91525	0.17436	0.347	-0.001	-0.213	0.094	0.27089
0.1888	2.8961	0.17579	0.349	-0.001	-0.223	0.029	0.08309
0.20978	2.87543	0.17467	0.35	-0.001	-0.221	0.005	0.01429
0.23076	2.85164	0.17837	0.355	-0.002	-0.198	-0.012	-0.0338
0.25174	2.82643	0.17723	0.358	0	-0.175	-0.02	-0.05587
0.27271	2.78106	0.14035	0.411	0.002	-0.228	-0.214	-0.52068
0.29369	2.75051	0.13926	0.367	-0.002	0.209	0.196	0.53406
0.31467	2.71498	0.1228	0.345	-0.004	0.16	0.201	0.58261
0.33565	2.68646	0.11775	0.328	-0.007	0.077	0.193	0.58841
0.35663	2.66322	0.11394	0.316	-0.01	-0.004	0.177	0.56013
0.3776	2.64352	0.11296	0.308	-0.011	-0.058	0.163	0.52922
0.39858	2.62612	0.11092	0.3	-0.013	-0.09	0.155	0.51667
0.41956	2.6104	0.10804	0.294	-0.016	-0.107	0.152	0.51701
0.44054	2.59607	0.10586	0.288	-0.016	-0.117	0.151	0.52431
0.46152	2.58299	0.10504	0.282	-0.019	-0.123	0.151	0.53546
0.4825	2.57134	0.10416	0.278	-0.02	-0.13	0.146	0.52518
0.50347	2.56137	0.10132	0.275	-0.022	-0.132	0.144	0.52364
0.52445	2.55343	0.09871	0.272	-0.019	-0.135	0.141	0.51838
0.54543	2.5478	0.09812	0.271	-0.019	-0.136	0.138	0.50923
0.56641	2.54484	0.09635	0.271	-0.021	-0.132	0.144	0.53137
0.58739	2.54444	0.09577	0.273	-0.015	0.097	0.154	0.5641
0.58739	2.5444	0.09669	0.273	-0.029	0.089	0.158	0.57875
0.60836	2.54485	0.09681	0.272	0.014	0.163	-0.103	-0.37868
0.62934	2.54788	0.09858	0.272	0.014	0.151	-0.119	-0.4375
0.65032	2.55352	0.09943	0.273	0.019	0.147	-0.125	-0.45788
0.6713	2.56145	0.10154	0.276	0.02	0.142	-0.131	-0.47464
0.69228	2.57145	0.10533	0.279	0.02	0.136	-0.139	-0.49821
0.71325	2.58309	0.10504	0.283	0.018	0.13	-0.143	-0.5053
0.73423	2.59615	0.10586	0.288	0.018	0.121	-0.148	-0.51389
0.75521	2.61049	0.10804	0.294	0.015	0.113	-0.147	-0.5
0.77619	2.62619	0.11215	0.301	0.013	0.094	-0.151	-0.50166
0.79717	2.6436	0.11357	0.308	0.013	0.063	-0.16	-0.51948
0.81814	2.66333	0.11426	0.316	0.011	0.009	-0.175	-0.5538
0.83912	2.68648	0.11803	0.328	0.008	-0.072	-0.192	-0.58537
0.8601	2.71491	0.12289	0.345	0.004	-0.156	-0.201	-0.58261
0.88108	2.75073	0.13851	0.367	0.003	-0.208	-0.2	-0.54496
0.90206	2.78135	0.1402	0.412	0	0.227	0.22	0.53398
0.92303	2.82667	0.17583	0.357	0.005	0.178	0.02	0.05602
0.94401	2.85269	0.17561	0.352	0	0.21	0.023	0.06534
0.96499	2.87522	0.1766	0.351	-0.001	0.215	0.001	0.00285
0.98597	2.89666	0.1729	0.348	-0.004	0.226	-0.019	-0.0546
1.00695	2.91508	0.17554	0.349	0.002	0.213	-0.082	-0.23496
1.02792	2.92942	0.17372	0.351	0.002	0.143	-0.174	-0.49573
1.0489	2.9388	0.17902	0.354	-0.005	0.096	-0.192	-0.54237
1.06988	2.94338	0.19202	0.358	0.003	0.052	-0.177	-0.49441
1.09086	2.94954	0.19253	0.36	-0.006	0.054	-0.039	-0.10833
1.11184	2.95533	0.18668	0.362	-0.013	0.095	-0.027	-0.07459
1.13281	2.96855	0.1815	0.371	-0.003	0.098	-0.111	-0.29919
1.15379	2.97187	0.16566	0.373	0.003	-0.051	0.183	0.49062
1.17477	2.97568	0.18176	0.382	0.01	0.107	-0.155	-0.40576
							--
#	BAND	=	0	0	139		--
0	2.99157	0.17922	0.381	-0.043	0.028	0.004	0.0105
0.02098	2.99462	0.17541	0.38	-0.003	-0.058	0.158	0.41579
0.04196	2.99885	0.15273	0.364	0.013	0.087	-0.148	-0.40659
0.06293	2.9939	0.2238	0.373	-0.009	0.081	0.011	0.02949
0.08391	2.97899	0.23251	0.363	0.021	0.069	-0.077	-0.21212
0.10489	2.97155	0.19868	0.351	-0.008	0.068	-0.173	-0.49288
0.12587	2.96606	0.15215	0.353	0	0.022	-0.193	-0.54674
0.14685	2.9546	0.14152	0.354	0.007	0.069	-0.167	-0.47175
0.16782	2.94155	0.1449	0.351	0	0.156	-0.09	-0.25641
0.1888	2.92732	0.14738	0.349	-0.002	0.192	-0.031	-0.08883
0.20978	2.91215	0.15236	0.345	0.003	0.207	-0.017	-0.04928
0.23076	2.89555	0.15522	0.345	0.001	0.199	-0.017	-0.04928
0.25174	2.8539	0.15303	0.455	-0.007	-0.23	-0.256	-0.56264
0.27271	2.81243	0.16064	0.398	-0.004	0.149	0.158	0.39698
0.29369	2.77321	0.15015	0.344	0.007	0.158	-0.013	-0.03779
0.31467	2.75486	0.1529	0.341	0.014	0.118	-0.027	-0.07918
0.33565	2.72924	0.11722	0.351	0.01	0.053	0.001	0.00285
0.35663	2.70137	0.11603	0.343	0.01	0.082	-0.009	-0.02624
0.3776	2.6772	0.11948	0.336	0.011	0.093	-0.024	-0.07143
0.39858	2.65619	0.12255	0.331	0.011	0.106	-0.041	-0.12387
0.41956	2.63755	0.1237	0.326	0.013	0.126	-0.053	-0.16258
0.44054	2.62083	0.12175	0.32	0.016	0.145	-0.069	-0.21563
0.46152	2.60606	0.11877	0.312	0.018	0.162	-0.081	-0.25962
0.4825	2.59289	0.10988	0.304	0.02	0.174	-0.091	-0.29934
0.50347	2.58191	0.10282	0.295	0.022	0.175	-0.1	-0.33898
0.52445	2.57304	0.1002	0.287	0.02	0.172	-0.108	-0.37631
0.54543	2.56636	0.09569	0.281	0.019	0.164	-0.116	-0.41281
0.56641	2.56182	0.09561	0.277	0.021	0.147	-0.133	-0.48014
0.58739	2.5597	0.09651	0.274	0.015	-0.096	-0.155	-0.56569
0.58739	2.55967	0.09646	0.274	0.029	-0.087	-0.158	-0.57664
0.60836	2.56179	0.09538	0.276	-0.014	-0.176	0.092	0.33333
0.62934	2.56634	0.09571	0.28	-0.014	-0.177	0.097	0.34643
0.65032	2.573	0.09891	0.286	-0.019	-0.182	0.091	0.31818
0.6713	2.58184	0.10204	0.293	-0.021	-0.184	0.087	0.29693
0.69228	2.59279	0.10946	0.302	-0.02	-0.177	0.084	0.27815
0.71325	2.60577	0.11434	0.311	-0.018	-0.165	0.076	0.24437
0.73423	2.62077	0.12183	0.319	-0.018	-0.149	0.063	0.19749
0.75521	2.63723	0.12404	0.326	-0.014	-0.13	0.05	0.15337
0.77619	2.65591	0.12187	0.33	-0.011	-0.108	0.037	0.11212
0.79717	2.67687	0.11832	0.336	-0.012	-0.096	0.024	0.07143
0.81814	2.70124	0.11742	0.342	-0.009	-0.086	0.012	0.03509
0.83912	2.72886	0.11757	0.352	-0.012	-0.054	-0.001	-0.00284
0.8601	2.75471	0.15671	0.342	-0.014	-0.108	0.03	0.08772
0.88108	2.77296	0.14974	0.343	0.011	-0.158	0.018	0.05248
0.90206	2.81248	0.16186	0.395	0.004	-0.119	-0.141	-0.35696
0.92303	2.85774	0.15664	0.453	0.001	0.256	0.227	0.5011
0.94401	2.8957	0.15401	0.345	0.001	-0.201	0.004	0.01159
0.96499	2.9115	0.15209	0.347	0.003	-0.202	0.012	0.03458
0.98597	2.92727	0.14696	0.349	0.006	-0.196	0.02	0.05731
1.00695	2.94159	0.14496	0.352	-0.004	-0.157	0.075	0.21307
1.02792	2.95443	0.1424	0.353	-0.001	-0.066	0.174	0.49292
1.0489	2.9658	0.15552	0.353	0.006	-0.019	0.198	0.56091
1.06988	2.97136	0.19833	0.351	-0.001	-0.059	0.179	0.50997
1.09086	2.97701	0.23185	0.363	0.01	-0.063	0.09	0.24793
1.11184	2.99378	0.22491	0.372	0.002	-0.082	0.006	0.01613
1.13281	2.99816	0.14816	0.365	0.015	-0.057	0.178	0.48767
1.15379	2.99722	0.17193	0.38	0.005	0.039	-0.167	-0.43947
1.17477	2.99265	0.18117	0.381	0	-0.096	0.153	0.40157
							--
#	BAND	=	0	0	140		--
0	3.02222	0.18139	0.376	0.045	-0.105	0.097	0.25798
0.02098	3.00834	0.19056	0.374	0.006	-0.16	0.136	0.36364
0.04196	2.99848	0.18679	0.379	-0.008	-0.123	0.091	0.24011
0.06293	2.98749	0.1018	0.377	0.008	-0.128	-0.181	-0.48011
0.08391	2.979	0.0704	0.373	0.012	-0.104	-0.224	-0.60054
0.10489	2.97201	0.05818	0.367	0.007	-0.068	-0.232	-0.63215
0.12587	2.97419	0.09691	0.361	-0.008	0.003	-0.229	-0.63435
0.14685	2.97327	0.11979	0.359	-0.002	-0.015	-0.229	-0.63788
0.16782	2.96737	0.14406	0.358	0	-0.088	-0.182	-0.50838
0.1888	2.95548	0.16497	0.355	0.003	-0.157	-0.11	-0.30986
0.20978	2.93751	0.17672	0.358	-0.005	-0.18	-0.077	-0.21508
0.23076	2.90902	0.17261	0.453	0.079	-0.199	-0.179	-0.39514
0.25174	2.85928	0.16759	0.431	0.014	0.227	0.239	0.55452
0.27271	2.80226	0.15865	0.365	0.004	-0.067	0.057	0.15616
0.29369	2.77522	0.15092	0.356	-0.008	-0.097	0.009	0.02528
0.31467	2.74535	0.12776	0.355	-0.011	0.025	0.028	0.07887
0.33565	2.72359	0.15259	0.338	0	0.129	0.005	0.01479
0.35663	2.70786	0.15638	0.339	0.005	0.103	0.009	0.02655
0.3776	2.69319	0.15637	0.34	0.008	0.083	0.021	0.06176
0.39858	2.67989	0.15962	0.341	0.01	0.061	0.03	0.08798
0.41956	2.66791	0.16187	0.342	0.063	0.038	0.023	0.06725
0.44054	2.65599	0.15485	0.333	0.131	0.008	-0.043	-0.12913
0.46152	2.64424	0.1466	0.322	0.015	0.007	-0.089	-0.2764
0.4825	2.63374	0.14655	0.321	0.029	0.02	-0.112	-0.34891
0.50347	2.62552	0.14448	0.32	0.011	0.025	-0.117	-0.36563
0.52445	2.61954	0.14485	0.32	0.006	0.038	-0.131	-0.40938
0.54543	2.61586	0.14086	0.32	0.013	0.062	-0.158	-0.49375
0.56641	2.61486	0.13752	0.313	-0.032	0.065	-0.176	-0.5623
0.58739	2.61571	0.13681	0.313	0.109	0.115	-0.134	-0.42812
0.58739	2.6153	0.13754	0.316	0.065	-0.084	0.181	0.57278
0.60836	2.61473	0.13637	0.312	0.006	-0.078	0.178	0.57051
0.62934	2.61571	0.14262	0.319	-0.011	-0.061	0.158	0.4953
0.65032	2.62012	0.14158	0.316	-0.012	-0.036	0.143	0.45253
0.6713	2.62523	0.1442	0.32	-0.006	-0.03	0.123	0.38438
0.69228	2.63362	0.14529	0.319	-0.021	-0.023	0.113	0.35423
0.71325	2.64436	0.14308	0.319	-0.041	-0.013	0.108	0.33856
0.73423	2.65606	0.1535	0.331	-0.083	-0.009	0.021	0.06344
0.75521	2.66768	0.16352	0.345	-0.044	-0.031	-0.031	-0.08986
0.77619	2.68017	0.15785	0.34	-0.018	-0.065	-0.032	-0.09412
0.79717	2.69322	0.15714	0.34	-0.011	-0.082	-0.022	-0.06471
0.81814	2.70827	0.15423	0.338	-0.004	-0.106	-0.01	-0.02959
0.83912	2.72339	0.15444	0.339	0.009	-0.128	-0.006	-0.0177
0.8601	2.74507	0.12682	0.355	0.009	-0.032	-0.036	-0.10141
0.88108	2.7757	0.15118	0.355	-0.008	0.102	-0.004	-0.01127
0.90206	2.80251	0.15822	0.368	0	0.037	-0.081	-0.22011
0.92303	2.86016	0.16517	0.435	0.004	-0.255	-0.232	-0.53333
0.94401	2.90723	0.16437	0.455	-0.026	0.164	0.217	0.47692
0.96499	2.93721	0.17637	0.359	-0.008	0.173	0.078	0.21727
0.98597	2.95469	0.16599	0.357	0.004	0.148	0.124	0.34734
1.00695	2.96791	0.14526	0.358	0.001	0.087	0.177	0.49441
1.02792	2.97359	0.11992	0.359	-0.001	0.022	0.225	0.62674
1.0489	2.97236	0.09326	0.361	-0.002	-0.004	0.233	0.64543
1.06988	2.97125	0.06006	0.367	-0.007	0.068	0.232	0.63215
1.09086	2.97841	0.06902	0.37	-0.01	0.114	0.222	0.6
1.11184	2.98725	0.10281	0.377	-0.01	0.108	0.186	0.49337
1.13281	3.00149	0.19327	0.374	-0.028	0.093	-0.11	-0.29412
1.15379	3.00842	0.19193	0.374	0	0.163	-0.139	-0.37166
1.17477	3.02379	0.17715	0.378	-0.017	0.087	-0.034	-0.08995
							--
#	BAND	=	0	0	141		--
0	3.03797	0.17977	0.376	-0.067	0.104	-0.094	-0.25
0.02098	3.05157	0.1985	0.377	0.001	0.111	-0.108	-0.28647
0.04196	3.04737	0.24943	0.38	0.01	0.12	-0.007	-0.01842
0.06293	3.03677	0.26348	0.369	0.015	0.122	0.083	0.22493
0.08391	3.0259	0.26303	0.367	-0.005	0.098	0.149	0.40599
0.10489	3.01962	0.25408	0.362	-0.002	0.068	0.182	0.50276
0.12587	3.0128	0.23969	0.359	-0.004	0.011	0.202	0.56267
0.14685	3.00618	0.22652	0.356	0.002	-0.009	0.208	0.58427
0.16782	2.99738	0.20865	0.354	0	0.027	0.164	0.46328
0.1888	2.98882	0.19474	0.353	0.007	0.103	0.1	0.28329
0.20978	2.97784	0.1853	0.352	0.005	0.146	0.051	0.14489
0.23076	2.93537	0.17229	0.396	0.041	-0.186	-0.109	-0.27525
0.25174	2.88001	0.15065	0.361	-0.001	0.191	0.019	0.05263
0.27271	2.85824	0.15384	0.376	-0.002	0.108	0.077	0.20479
0.29369	2.81768	0.15886	0.386	0.005	0.001	0.065	0.16839
0.31467	2.78339	0.16379	0.36	0.002	-0.041	0.026	0.07222
0.33565	2.75944	0.16817	0.353	-0.004	-0.058	-0.026	-0.07365
0.35663	2.73813	0.16529	0.348	-0.005	-0.044	-0.054	-0.15517
0.3776	2.71911	0.16065	0.342	-0.008	-0.029	-0.08	-0.23392
0.39858	2.70139	0.15488	0.336	-0.014	-0.017	-0.1	-0.29762
0.41956	2.68569	0.15184	0.33	-0.065	-0.002	-0.1	-0.30303
0.44054	2.67217	0.15661	0.338	-0.133	0.001	-0.036	-0.10651
0.46152	2.66338	0.17009	0.353	-0.015	-0.029	0.018	0.05099
0.4825	2.65521	0.17448	0.361	-0.03	-0.071	0.041	0.11357
0.50347	2.65053	0.17742	0.367	-0.01	-0.124	0.056	0.15259
0.52445	2.64473	0.1634	0.351	-0.001	-0.196	0.131	0.37322
0.54543	2.63873	0.14167	0.32	-0.009	-0.16	0.188	0.5875
0.56641	2.63426	0.13369	0.312	0.046	-0.101	0.198	0.63462
0.58739	2.63154	0.12902	0.304	-0.117	-0.118	0.133	0.4375
0.58739	2.63077	0.13741	0.312	-0.071	0.082	-0.18	-0.57692
0.60836	2.63389	0.13463	0.313	-0.014	0.116	-0.201	-0.64217
0.62934	2.63902	0.13881	0.32	0.014	0.153	-0.189	-0.59063
0.65032	2.64597	0.15513	0.345	-0.002	0.158	-0.153	-0.44348
0.6713	2.65142	0.17858	0.367	0.007	0.12	-0.056	-0.15259
0.69228	2.65504	0.17625	0.363	0.022	0.076	-0.04	-0.11019
0.71325	2.66288	0.16874	0.352	0.044	0.028	-0.035	-0.09943
0.73423	2.67282	0.16363	0.346	0.078	0.006	0.044	0.12717
0.75521	2.68542	0.15097	0.329	0.045	0.005	0.104	0.31611
0.77619	2.70119	0.15531	0.336	0.016	0.016	0.1	0.29762
0.79717	2.71877	0.16006	0.343	0.014	0.028	0.079	0.23032
0.81814	2.73835	0.16695	0.35	0.008	0.052	0.061	0.17429
0.83912	2.75895	0.16657	0.353	0.001	0.06	0.028	0.07932
0.8601	2.7835	0.16924	0.362	0	0.043	-0.013	-0.03591
0.88108	2.81636	0.16388	0.386	-0.003	-0.019	-0.096	-0.2487
0.90206	2.85953	0.15765	0.378	0.008	-0.088	-0.03	-0.07937
0.92303	2.87988	0.15016	0.355	-0.004	-0.184	-0.005	-0.01408
0.94401	2.93551	0.16923	0.394	0.016	0.201	0.128	0.32487
0.96499	2.97825	0.18586	0.351	0.001	-0.145	-0.06	-0.17094
0.98597	2.98901	0.19492	0.353	-0.008	-0.092	-0.104	-0.29462
1.00695	2.99833	0.20747	0.354	0.002	-0.031	-0.159	-0.44915
1.02792	3.00766	0.22651	0.354	0.001	0.003	-0.209	-0.5904
1.0489	3.01301	0.24041	0.358	0.003	-0.005	-0.211	-0.58939
1.06988	3.01926	0.25306	0.36	-0.002	-0.075	-0.191	-0.53056
1.09086	3.02995	0.25822	0.366	-0.008	-0.103	-0.162	-0.44262
1.11184	3.03542	0.26464	0.372	-0.004	-0.116	-0.101	-0.27151
1.13281	3.0462	0.2482	0.38	0.009	-0.104	0.006	0.01579
1.15379	3.05249	0.19241	0.378	0.022	-0.113	0.111	0.29365
1.17477	3.03972	0.17866	0.377	0.008	-0.08	0.045	0.11936
							--
#	BAND	=	0	0	142		--
0	3.06295	0.22137	0.39	0.12	-0.048	0.045	0.11538
0.02098	3.05321	0.231	0.388	-0.003	0.089	-0.127	-0.32732
0.04196	3.04613	0.25235	0.37	0.001	-0.007	-0.114	-0.30811
0.06293	3.03582	0.26251	0.365	-0.005	-0.087	-0.097	-0.26575
0.08391	3.03032	0.26905	0.356	-0.003	-0.039	-0.11	-0.30899
0.10489	3.0267	0.27176	0.353	-0.008	-0.029	-0.152	-0.43059
0.12587	3.02632	0.26019	0.351	0.005	0.02	-0.159	-0.45299
0.14685	3.02236	0.25522	0.354	0.001	0.023	-0.151	-0.42655
0.16782	3.01777	0.24451	0.358	-0.001	0.006	-0.138	-0.38547
0.1888	3.01292	0.23107	0.361	0.007	-0.046	-0.135	-0.37396
0.20978	2.98779	0.15297	0.503	-0.07	-0.097	-0.272	-0.54076
0.23076	2.94023	0.18363	0.477	-0.1	0.184	0.246	0.51572
0.25174	2.89404	0.18168	0.362	0.001	-0.165	-0.024	-0.0663
0.27271	2.85705	0.16212	0.38	0.01	0.093	0.05	0.13158
0.29369	2.83209	0.16895	0.356	-0.004	0.105	-0.046	-0.12921
0.31467	2.80492	0.17368	0.372	0.017	-0.009	-0.019	-0.05108
0.33565	2.77568	0.16885	0.356	-0.016	-0.053	0.041	0.11517
0.35663	2.75266	0.16164	0.34	-0.003	-0.091	0.08	0.23529
0.3776	2.73239	0.15355	0.331	-0.016	-0.101	0.112	0.33837
0.39858	2.71437	0.14909	0.326	-0.019	-0.094	0.137	0.42025
0.41956	2.69781	0.14461	0.321	-0.015	-0.083	0.156	0.48598
0.44054	2.68187	0.14106	0.317	-0.007	-0.066	0.172	0.54259
0.46152	2.66736	0.13862	0.311	-0.001	-0.053	0.184	0.59164
0.4825	2.65389	0.13296	0.306	-0.007	-0.049	0.191	0.62418
0.50347	2.64262	0.12943	0.299	0.001	-0.026	0.193	0.64548
0.52445	2.63559	0.14661	0.318	-0.007	-0.004	0.141	0.4434
0.54543	2.63578	0.17385	0.352	-0.004	-0.089	0.112	0.31818
0.56641	2.63726	0.18512	0.369	-0.009	-0.152	0.143	0.38753
0.58739	2.64152	0.18725	0.372	0.032	0.145	-0.104	-0.27957
0.58739	2.64121	0.1897	0.374	0.014	-0.189	0.157	0.41979
0.60836	2.63791	0.1813	0.363	0.004	0.145	-0.127	-0.34986
0.62934	2.63455	0.17037	0.353	-0.002	0.086	-0.113	-0.32011
0.65032	2.63594	0.15321	0.324	-0.003	0.02	-0.132	-0.40741
0.6713	2.64284	0.13003	0.3	-0.004	0.031	-0.192	-0.64
0.69228	2.65409	0.1322	0.306	0.006	0.047	-0.191	-0.62418
0.71325	2.66733	0.13682	0.313	0.005	0.056	-0.182	-0.58147
0.73423	2.68218	0.14115	0.318	0.015	0.065	-0.171	-0.53774
0.75521	2.69804	0.14792	0.322	0.009	0.078	-0.155	-0.48137
0.77619	2.71469	0.14893	0.326	0.016	0.09	-0.136	-0.41718
0.79717	2.733	0.15339	0.33	0.017	0.097	-0.113	-0.34242
0.81814	2.75388	0.16274	0.34	0.005	0.064	-0.087	-0.25588
0.83912	2.7759	0.16918	0.356	0.011	0.052	-0.043	-0.12079
0.8601	2.80323	0.17596	0.373	0.008	0.018	0.011	0.02949
0.88108	2.83271	0.16464	0.349	-0.013	-0.13	0.042	0.12034
0.90206	2.85588	0.16905	0.381	-0.008	-0.077	-0.019	-0.04987
0.92303	2.89382	0.18102	0.362	0.02	0.155	0.03	0.08287
0.94401	2.93335	0.17879	0.482	0.009	-0.182	-0.301	-0.62448
0.96499	2.99195	0.16702	0.505	-0.09	0.046	0.247	0.48911
0.98597	3.00999	0.23795	0.361	0.004	0.046	0.125	0.34626
1.00695	3.0177	0.24433	0.358	-0.003	-0.004	0.14	0.39106
1.02792	3.02201	0.25503	0.354	-0.005	-0.014	0.157	0.4435
1.0489	3.02525	0.26528	0.353	-0.004	-0.003	0.149	0.4221
1.06988	3.02765	0.26937	0.352	-0.013	0.044	0.157	0.44602
1.09086	3.03092	0.26965	0.356	-0.006	0.049	0.113	0.31742
1.11184	3.0399	0.26016	0.364	0.013	0.072	0.089	0.24451
1.13281	3.04727	0.25493	0.372	0.004	-0.014	0.106	0.28495
1.15379	3.0537	0.23658	0.386	0.004	-0.084	0.142	0.36788
1.17477	3.06323	0.22773	0.389	-0.037	-0.05	0.014	0.03599
							--
#	BAND	=	0	0	143		--
0	3.08245	0.22542	0.386	-0.093	0.052	-0.049	-0.12694
0.02098	3.07842	0.19508	0.393	0.006	-0.183	0.006	0.01527
0.04196	3.07891	0.11939	0.396	0.004	-0.166	-0.099	-0.25
0.06293	3.0892	0.09676	0.393	-0.006	-0.127	-0.138	-0.35115
0.08391	3.10298	0.07731	0.383	-0.026	-0.096	-0.086	-0.22454
0.10489	3.11269	0.06827	0.374	0.005	-0.072	0.014	0.03743
0.12587	3.11513	0.07741	0.375	0	0	0.101	0.26933
0.14685	3.1112	0.27569	0.358	0.014	-0.02	0.127	0.35475
0.16782	3.09816	0.27601	0.356	-0.002	0.012	0.114	0.32022
0.1888	3.08166	0.15059	0.5	-0.26	-0.047	-0.115	-0.23
0.20978	3.01425	0.2296	0.368	0.004	-0.08	-0.11	-0.29891
0.23076	2.96585	0.18267	0.352	-0.006	0.178	0.026	0.07386
0.25174	2.92901	0.1942	0.449	0.011	-0.002	0.137	0.30512
0.27271	2.88774	0.18693	0.368	-0.025	-0.139	-0.063	-0.1712
0.29369	2.85763	0.17185	0.38	-0.011	0.119	-0.013	-0.03421
0.31467	2.83461	0.15694	0.349	0.022	0.159	0.086	0.24642
0.33565	2.8104	0.16968	0.361	0.001	0.031	0.042	0.11634
0.35663	2.78452	0.17107	0.355	0.007	0.053	-0.011	-0.03099
0.3776	2.76249	0.16813	0.346	0.014	0.055	-0.053	-0.15318
0.39858	2.74417	0.16452	0.34	0.018	0.055	-0.079	-0.23235
0.41956	2.72855	0.16282	0.338	0.016	0.05	-0.089	-0.26331
0.44054	2.71483	0.16161	0.338	0.01	0.043	-0.109	-0.32249
0.46152	2.7036	0.16169	0.337	0.001	0.05	-0.111	-0.32938
0.4825	2.69345	0.16722	0.341	0.011	0.076	-0.13	-0.38123
0.50347	2.68494	0.16821	0.346	-0.003	0.099	-0.135	-0.39017
0.52445	2.67747	0.17961	0.357	0.001	0.138	-0.149	-0.41737
0.54543	2.67038	0.18012	0.365	0.013	0.167	-0.16	-0.43836
0.56641	2.66428	0.18949	0.37	0.007	0.187	-0.15	-0.40541
0.58739	2.66197	0.19233	0.364	-0.03	-0.15	0.076	0.20879
0.58739	2.65762	0.18572	0.37	-0.027	0.193	-0.146	-0.39459
0.60836	2.6631	0.18439	0.368	-0.017	-0.186	0.149	0.40489
0.62934	2.6693	0.18419	0.367	-0.005	-0.17	0.161	0.43869
0.65032	2.67661	0.17995	0.359	-0.006	-0.137	0.14	0.38997
0.6713	2.68444	0.17185	0.35	0	-0.102	0.14	0.4
0.69228	2.69272	0.16633	0.344	-0.006	-0.074	0.13	0.37791
0.71325	2.70298	0.16216	0.338	-0.008	-0.053	0.122	0.36095
0.73423	2.71465	0.15953	0.336	-0.016	-0.05	0.11	0.32738
0.75521	2.72799	0.15998	0.336	-0.013	-0.044	0.102	0.30357
0.77619	2.74387	0.16195	0.34	-0.016	-0.049	0.079	0.23235
0.79717	2.76236	0.16736	0.345	-0.019	-0.053	0.052	0.15072
0.81814	2.78657	0.16809	0.357	-0.009	-0.015	0.009	0.02521
0.83912	2.80957	0.17255	0.361	-0.002	-0.017	-0.027	-0.07479
0.8601	2.83446	0.15691	0.346	-0.042	-0.18	-0.074	-0.21387
0.88108	2.85985	0.17685	0.382	0.088	-0.074	0.03	0.07853
0.90206	2.88806	0.18284	0.366	0.01	0.159	0.045	0.12295
0.92303	2.92701	0.20396	0.453	0.003	0.02	-0.157	-0.34658
0.94401	2.96563	0.18315	0.35	0.008	-0.169	-0.022	-0.06286
0.96499	3.01312	0.22729	0.37	0.012	0.1	0.097	0.26216
0.98597	3.08412	0.17253	0.458	0.056	0.023	0.1	0.21834
1.00695	3.09964	0.27596	0.356	-0.001	-0.015	-0.112	-0.31461
1.02792	3.11077	0.25078	0.364	0.004	0.032	-0.106	-0.29121
1.0489	3.11353	0.07645	0.381	0.002	0.017	-0.066	-0.17323
1.06988	3.11351	0.07556	0.377	0.004	0.066	0.04	0.1061
1.09086	3.09721	0.07766	0.39	0.007	0.1	0.105	0.26923
1.11184	3.08871	0.09419	0.393	-0.005	0.112	0.142	0.36132
1.13281	3.08349	0.12526	0.394	0.027	0.136	0.096	0.24365
1.15379	3.07994	0.19997	0.391	-0.005	0.168	-0.02	-0.05115
1.17477	3.08059	0.23523	0.388	0.024	0.032	-0.031	-0.0799
							--
#	BAND	=	0	0	144		--
0	3.12132	0.26524	0.391	0.025	0.059	-0.048	-0.12276
0.02098	3.11795	0.26203	0.391	0.041	0.004	0.046	0.11765
0.04196	3.11903	0.26442	0.388	0.009	0.067	0.041	0.10567
0.06293	3.12486	0.25867	0.376	-0.01	-0.022	0.093	0.24734
0.08391	3.12608	0.22666	0.365	-0.018	-0.013	0.111	0.30411
0.10489	3.11482	0.29022	0.366	-0.015	-0.027	0.105	0.28689
0.12587	3.10762	0.27672	0.363	-0.017	-0.02	0.128	0.35262
0.14685	3.10658	0.07539	0.366	0.001	0.067	0.203	0.55464
0.16782	3.1083	0.08241	0.372	0.013	0.075	0.219	0.58871
0.1888	3.07147	0.2607	0.362	-0.009	0.068	0.105	0.29006
0.20978	3.02709	0.22273	0.505	-0.03	0.063	0.297	0.58812
0.23076	2.97936	0.20705	0.417	-0.003	0.005	0.05	0.1199
0.25174	2.93152	0.19588	0.393	-0.014	0.03	-0.091	-0.23155
0.27271	2.88175	0.20087	0.412	-0.018	-0.034	-0.1	-0.24272
0.29369	2.85002	0.18609	0.36	0.004	-0.179	-0.062	-0.17222
0.31467	2.82434	0.1819	0.359	-0.031	-0.089	-0.152	-0.4234
0.33565	2.80703	0.16548	0.341	0.012	0.099	-0.12	-0.35191
0.35663	2.79384	0.16524	0.337	-0.014	0.118	-0.092	-0.273
0.3776	2.77987	0.16443	0.336	-0.003	0.112	-0.069	-0.20536
0.39858	2.76837	0.16547	0.337	0.006	0.101	-0.052	-0.1543
0.41956	2.7583	0.16722	0.337	0.008	0.086	-0.033	-0.09792
0.44054	2.74802	0.16664	0.337	0.023	0.091	-0.022	-0.06528
0.46152	2.73818	0.16356	0.336	-0.004	0.121	-0.042	-0.125
0.4825	2.72746	0.16387	0.337	-0.004	0.119	-0.083	-0.24629
0.50347	2.71969	0.15466	0.332	-0.002	0.111	-0.104	-0.31325
0.52445	2.71237	0.15272	0.335	-0.012	0.107	-0.126	-0.37612
0.54543	2.70875	0.14897	0.331	-0.017	0.082	-0.136	-0.41088
0.56641	2.70886	0.14646	0.332	0.026	0.161	-0.159	-0.47892
0.58739	2.70864	0.15021	0.331	0.147	0.054	0.014	0.0423
0.58739	2.70858	0.14576	0.331	0.061	0.167	-0.03	-0.09063
0.60836	2.70922	0.14826	0.329	-0.025	-0.132	0.155	0.47112
0.62934	2.70803	0.14915	0.332	-0.006	-0.104	0.143	0.43072
0.65032	2.71346	0.14831	0.33	0.011	-0.109	0.11	0.33333
0.6713	2.71843	0.15215	0.336	0.005	-0.118	0.097	0.28869
0.69228	2.72763	0.15851	0.334	-0.007	-0.118	0.08	0.23952
0.71325	2.73848	0.16538	0.335	-0.017	-0.105	0.039	0.11642
0.73423	2.74914	0.17045	0.335	-0.003	-0.097	0.025	0.07463
0.75521	2.75806	0.16642	0.336	0.014	-0.092	0.028	0.08333
0.77619	2.76795	0.16262	0.336	0.008	-0.107	0.045	0.13393
0.79717	2.78009	0.16382	0.335	0	-0.121	0.064	0.19104
0.81814	2.79263	0.16284	0.337	0	-0.127	0.08	0.23739
0.83912	2.80741	0.16524	0.338	-0.007	-0.121	0.105	0.31065
0.8601	2.82542	0.18043	0.359	0.036	0.101	0.145	0.4039
0.88108	2.84976	0.18105	0.359	-0.078	0.175	0.068	0.18942
0.90206	2.88153	0.1913	0.417	-0.004	-0.043	0.058	0.13909
0.92303	2.92538	0.207	0.413	-0.01	-0.016	0.116	0.28087
0.94401	2.97814	0.21024	0.412	0.036	0.084	-0.022	-0.0534
0.96499	3.0412	0.2037	0.466	-0.068	-0.005	-0.223	-0.47854
0.98597	3.07299	0.24431	0.399	-0.027	-0.009	-0.048	-0.1203
1.00695	3.11042	0.08488	0.371	0.024	-0.057	-0.227	-0.61186
1.02792	3.10993	0.09731	0.359	-0.008	-0.069	-0.228	-0.6351
1.0489	3.11364	0.27387	0.361	-0.007	0.029	-0.122	-0.33795
1.06988	3.1168	0.27824	0.368	0.034	0	-0.111	-0.30163
1.09086	3.1317	0.1299	0.36	0.017	-0.031	-0.112	-0.31111
1.11184	3.1268	0.27463	0.383	-0.022	-0.034	-0.047	-0.12272
1.13281	3.12421	0.27072	0.388	0.009	-0.138	-0.041	-0.10567
1.15379	3.11674	0.26449	0.39	-0.042	0.035	-0.05	-0.12821
1.17477	3.12373	0.26098	0.389	0.047	-0.208	0.062	0.15938
							--
#	BAND	=	0	0	145		--
0	3.14526	0.27282	0.391	-0.033	-0.108	0.061	0.15601
0.02098	3.14176	0.27328	0.391	-0.053	0.043	0.022	0.05627
0.04196	3.15629	0.27783	0.385	-0.025	-0.006	0.087	0.22597
0.06293	3.15607	0.0994	0.357	-0.025	0.12	0.154	0.43137
0.08391	3.15108	0.09995	0.363	0.04	0.082	0.001	0.00275
0.10489	3.14761	0.08114	0.36	0.096	0.07	0.011	0.03056
0.12587	3.14479	0.07416	0.365	-0.013	0.017	-0.12	-0.32877
0.14685	3.14575	0.16136	0.367	0.052	0.018	-0.148	-0.40327
0.16782	3.13976	0.2621	0.37	-0.005	0.056	-0.136	-0.36757
0.1888	3.12955	0.16772	0.388	0.038	-0.022	0.045	0.11598
0.20978	3.07081	0.2506	0.365	-0.004	0.103	0.087	0.23836
0.23076	3.00789	0.2189	0.421	0.026	0.047	0.122	0.28979
0.25174	2.96379	0.20064	0.4	-0.011	0.141	-0.081	-0.2025
0.27271	2.93947	0.17969	0.348	0.005	0.202	-0.011	-0.03161
0.29369	2.91284	0.19938	0.416	0.023	-0.026	0.185	0.44471
0.31467	2.8765	0.1784	0.378	-0.005	-0.078	0.139	0.36772
0.33565	2.85034	0.16739	0.354	0	-0.106	0.11	0.31073
0.35663	2.83006	0.16652	0.345	0.005	-0.116	0.076	0.22029
0.3776	2.8143	0.16783	0.344	0.005	-0.108	0.052	0.15116
0.39858	2.80001	0.16955	0.346	-0.003	-0.089	0.022	0.06358
0.41956	2.78708	0.16993	0.351	-0.013	-0.06	-0.007	-0.01994
0.44054	2.7755	0.1815	0.356	-0.03	-0.051	-0.028	-0.07865
0.46152	2.77034	0.17242	0.355	0.007	-0.078	-0.036	-0.10141
0.4825	2.76046	0.18171	0.352	-0.015	-0.123	0.027	0.0767
0.50347	2.75869	0.17443	0.331	-0.001	-0.125	0.118	0.3565
0.52445	2.74836	0.16335	0.327	0.009	-0.108	0.178	0.54434
0.54543	2.73825	0.16046	0.332	0.021	-0.087	0.171	0.51506
0.56641	2.73029	0.15097	0.329	-0.022	-0.168	0.177	0.53799
0.58739	2.72611	0.14902	0.328	-0.149	-0.07	-0.016	-0.04878
0.58739	2.72445	0.14703	0.33	-0.061	-0.171	0.031	0.09394
0.60836	2.73109	0.14786	0.329	0.016	0.137	-0.178	-0.54103
0.62934	2.73779	0.15483	0.329	0.017	0.115	-0.179	-0.54407
0.65032	2.74799	0.16354	0.328	-0.001	0.11	-0.165	-0.50305
0.6713	2.75693	0.17517	0.337	-0.015	0.126	-0.098	-0.2908
0.69228	2.76148	0.17607	0.353	0.019	0.128	-0.027	-0.07649
0.71325	2.76595	0.17648	0.357	0.01	0.069	0.026	0.07283
0.73423	2.77538	0.17324	0.356	-0.007	0.077	0.036	0.10112
0.75521	2.78888	0.16862	0.35	-0.007	0.065	0.005	0.01429
0.77619	2.8017	0.16357	0.342	-0.008	0.093	-0.002	-0.00585
0.79717	2.81501	0.16534	0.342	0.002	0.116	-0.032	-0.09357
0.81814	2.83317	0.16882	0.35	0.004	0.118	-0.053	-0.15143
0.83912	2.8506	0.16905	0.354	0.003	0.117	-0.094	-0.26554
0.8601	2.87359	0.18627	0.38	-0.008	0.067	-0.156	-0.41053
0.88108	2.92104	0.1947	0.395	-0.029	-0.018	-0.115	-0.29114
0.90206	2.9395	0.18098	0.351	0.008	-0.191	0.008	0.02279
0.92303	2.95846	0.19511	0.377	-0.011	-0.17	0.022	0.05836
0.94401	3.01045	0.19722	0.432	0.062	0.186	-0.018	-0.04167
0.96499	3.07192	0.24095	0.397	-0.056	-0.025	0.005	0.01259
0.98597	3.12011	0.21675	0.468	-0.046	-0.055	-0.155	-0.3312
1.00695	3.14034	0.29359	0.365	-0.012	-0.062	0.116	0.31781
1.02792	3.14698	0.14176	0.368	-0.036	0.003	0.16	0.43478
1.0489	3.14326	0.0585	0.362	0.023	-0.017	0.038	0.10497
1.06988	3.14438	0.06751	0.359	-0.039	-0.052	-0.047	-0.13092
1.09086	3.15021	0.17438	0.366	-0.073	-0.063	-0.029	-0.07923
1.11184	3.15248	0.11472	0.361	0.068	0.059	-0.088	-0.24377
1.13281	3.15396	0.16884	0.371	0.041	0.122	-0.098	-0.26415
1.15379	3.14206	0.27849	0.392	0.056	-0.103	0.008	0.02041
1.17477	3.14606	0.23144	0.384	0.05	0.147	-0.021	-0.05469
							--
#	BAND	=	0	0	146		--
0	3.15259	0.06913	0.359	-0.055	0.23	0.061	0.16992
0.02098	3.14794	0.07537	0.359	0.074	-0.139	0.169	0.47075
0.04196	3.14375	0.07756	0.356	0.025	-0.072	0.186	0.52247
0.06293	3.15047	0.19348	0.377	-0.01	0.052	-0.054	-0.14324
0.08391	3.14848	0.30019	0.376	-0.01	0.099	0.006	0.01596
0.10489	3.14684	0.29785	0.372	0.009	0.089	-0.042	-0.1129
0.12587	3.1452	0.3068	0.367	0.002	0.085	-0.065	-0.17711
0.14685	3.14005	0.22942	0.368	0.042	0.011	-0.124	-0.33696
0.16782	3.13791	0.14921	0.398	0.021	-0.11	-0.179	-0.44975
0.1888	3.11885	0.17372	0.372	-0.017	0.104	0.096	0.25806
0.20978	3.0659	0.22154	0.472	-0.036	-0.131	-0.106	-0.22458
0.23076	3.02193	0.18909	0.461	-0.084	-0.158	-0.196	-0.42516
0.25174	2.96613	0.22659	0.363	0.001	-0.126	-0.004	-0.01102
0.27271	2.94834	0.21521	0.368	-0.004	-0.119	0.008	0.02174
0.29369	2.91062	0.18124	0.34	-0.022	0.229	0	0
0.31467	2.89567	0.17903	0.338	0.008	0.211	-0.019	-0.05621
0.33565	2.88034	0.17575	0.338	0.001	0.2	-0.015	-0.04438
0.35663	2.86578	0.17774	0.339	-0.001	0.172	-0.04	-0.11799
0.3776	2.85017	0.18226	0.346	-0.004	0.113	-0.068	-0.19653
0.39858	2.83168	0.19152	0.362	-0.037	0.016	-0.031	-0.08564
0.41956	2.81116	0.18376	0.358	-0.019	-0.041	0.033	0.09218
0.44054	2.79058	0.17207	0.349	-0.018	-0.103	0.1	0.28653
0.46152	2.77715	0.16435	0.343	-0.072	-0.111	0.129	0.37609
0.4825	2.76462	0.16177	0.345	0.01	-0.059	0.17	0.49275
0.50347	2.75233	0.17286	0.366	-0.006	-0.094	0.146	0.39891
0.52445	2.75434	0.17354	0.375	-0.012	-0.117	0.075	0.2
0.54543	2.75581	0.19814	0.377	-0.024	-0.15	0.101	0.2679
0.56641	2.76885	0.19899	0.368	0.039	0.173	-0.135	-0.36685
0.58739	2.76462	0.19898	0.372	-0.052	0.141	-0.076	-0.2043
0.58739	2.76747	0.19984	0.372	0.104	-0.138	0.077	0.20699
0.60836	2.76184	0.19013	0.373	0.019	0.183	-0.103	-0.27614
0.62934	2.76175	0.18835	0.369	0.019	0.163	-0.135	-0.36585
0.65032	2.75733	0.18162	0.378	0.015	0.143	-0.102	-0.26984
0.6713	2.75366	0.17395	0.364	0.007	0.094	-0.142	-0.39011
0.69228	2.76513	0.16563	0.345	0.017	0.102	-0.171	-0.49565
0.71325	2.77636	0.16796	0.34	0.041	0.092	-0.141	-0.41471
0.73423	2.79206	0.17035	0.351	0.036	0.088	-0.11	-0.31339
0.75521	2.80953	0.18383	0.358	0.02	0.062	-0.05	-0.13966
0.77619	2.83137	0.18528	0.354	-0.009	-0.044	0.042	0.11864
0.79717	2.85252	0.19147	0.342	-0.011	-0.092	0.073	0.21345
0.81814	2.86874	0.17852	0.342	-0.024	-0.176	0.007	0.02047
0.83912	2.88069	0.1777	0.336	-0.015	-0.208	0.005	0.01488
0.8601	2.89492	0.17753	0.338	0.013	-0.21	0.017	0.0503
0.88108	2.91157	0.1828	0.35	0.062	-0.16	-0.013	-0.03714
0.90206	2.94037	0.22046	0.377	0.005	0.057	-0.092	-0.24403
0.92303	2.96494	0.22681	0.362	0.011	0.137	0.046	0.12707
0.94401	3.00705	0.23251	0.461	-0.074	-0.077	0.081	0.1757
0.96499	3.07446	0.19506	0.445	0.017	0.1	0.056	0.12584
0.98597	3.1162	0.14355	0.371	-0.034	0.061	-0.105	-0.28302
1.00695	3.12989	0.1081	0.42	-0.006	0.065	0.102	0.24286
1.02792	3.13512	0.25231	0.368	-0.003	-0.027	0.144	0.3913
1.0489	3.14184	0.2972	0.366	0.011	-0.077	0.081	0.22131
1.06988	3.14498	0.30954	0.369	-0.006	-0.096	0.027	0.07317
1.09086	3.14548	0.17825	0.379	-0.004	0.099	0.084	0.22164
1.11184	3.14422	0.23547	0.373	0.002	-0.104	-0.098	-0.26273
1.13281	3.14735	0.09525	0.364	0.013	-0.215	0.042	0.11538
1.15379	3.14851	0.07428	0.358	0.169	-0.007	-0.116	-0.32402
1.17477	3.15307	0.09814	0.364	-0.132	-0.102	0.07	0.19231
							--
#	BAND	=	0	0	147		--
0	3.17397	0.08022	0.361	0.061	-0.211	-0.072	-0.19945
0.02098	3.16729	0.06292	0.36	-0.061	0.146	-0.159	-0.44167
0.04196	3.17063	0.07941	0.363	-0.007	0.111	-0.19	-0.52342
0.06293	3.17144	0.20159	0.38	0.081	-0.062	-0.1	-0.26316
0.08391	3.17256	0.12614	0.377	-0.146	-0.073	-0.162	-0.42971
0.10489	3.17317	0.14104	0.379	-0.04	-0.096	-0.184	-0.48549
0.12587	3.17657	0.13442	0.38	-0.089	-0.114	0.094	0.24737
0.14685	3.17338	0.14069	0.392	-0.083	-0.041	0.073	0.18622
0.16782	3.16313	0.14323	0.448	-0.004	-0.073	-0.072	-0.16071
0.1888	3.14413	0.17028	0.448	0.124	-0.071	-0.073	-0.16295
0.20978	3.109	0.18733	0.436	0.012	0.118	0.125	0.2867
0.23076	3.06295	0.25478	0.355	0.009	0.156	0.043	0.12113
0.25174	3.04216	0.2579	0.355	-0.015	0.154	-0.027	-0.07606
0.27271	2.98963	0.20972	0.426	0.027	-0.088	0.112	0.26291
0.29369	2.94788	0.19891	0.36	0.005	-0.205	-0.026	-0.07222
0.31467	2.92926	0.20016	0.352	-0.004	-0.206	-0.012	-0.03409
0.33565	2.91192	0.20061	0.346	0.013	-0.204	-0.012	-0.03468
0.35663	2.8936	0.20037	0.348	0.009	-0.17	0.052	0.14943
0.3776	2.87488	0.19878	0.361	0.007	-0.074	0.136	0.37673
0.39858	2.85571	0.19038	0.363	0.02	0.023	0.137	0.37741
0.41956	2.8386	0.18307	0.366	0.011	0.037	0.07	0.19126
0.44054	2.82304	0.18575	0.363	0.013	0.053	-0.023	-0.06336
0.46152	2.80892	0.19341	0.355	0.049	0.051	0.004	0.01127
0.4825	2.79772	0.18504	0.361	-0.017	0.044	-0.057	-0.15789
0.50347	2.79092	0.17933	0.363	0.005	0.078	-0.122	-0.33609
0.52445	2.78837	0.19418	0.359	0.007	0.088	-0.117	-0.32591
0.54543	2.78619	0.19439	0.364	0.041	0.129	-0.121	-0.33242
0.56641	2.79508	0.23203	0.369	-0.029	-0.163	0.131	0.35501
0.58739	2.79524	0.18873	0.371	0.079	-0.088	0.019	0.05121
0.58739	2.79059	0.21824	0.371	-0.098	0.136	-0.076	-0.20485
0.60836	2.78987	0.18736	0.374	-0.014	-0.178	0.107	0.2861
0.62934	2.78845	0.19617	0.372	-0.002	-0.15	0.13	0.34946
0.65032	2.78805	0.18833	0.362	0.008	-0.102	0.12	0.33149
0.6713	2.79302	0.17905	0.365	-0.012	-0.061	0.107	0.29315
0.69228	2.79595	0.18328	0.361	-0.009	-0.092	0.09	0.24931
0.71325	2.80619	0.18496	0.365	-0.044	-0.028	0.047	0.12877
0.73423	2.81974	0.18495	0.366	-0.03	-0.044	0.01	0.02732
0.75521	2.84102	0.18731	0.357	-0.045	-0.063	-0.049	-0.13725
0.77619	2.86042	0.19914	0.359	0.008	0.046	-0.143	-0.39833
0.79717	2.87763	0.19008	0.348	0.033	0.079	-0.148	-0.42529
0.81814	2.89393	0.20179	0.35	0.02	0.17	-0.045	-0.12857
0.83912	2.91104	0.2025	0.347	0.021	0.211	0.022	0.0634
0.8601	2.93043	0.19995	0.351	0.007	0.201	0.028	0.07977
0.88108	2.95261	0.19325	0.371	-0.03	0.219	-0.03	-0.08086
0.90206	2.97983	0.19427	0.423	-0.032	0.081	-0.134	-0.31678
0.92303	3.04196	0.25353	0.367	0.018	-0.102	-0.064	-0.17439
0.94401	3.06046	0.25809	0.353	-0.006	-0.177	-0.036	-0.10198
0.96499	3.12737	0.2185	0.39	0.048	0.026	-0.022	-0.05641
0.98597	3.13584	0.20588	0.396	0.074	-0.094	-0.06	-0.15152
1.00695	3.16246	0.14871	0.439	-0.07	0.134	0.011	0.02506
1.02792	3.17312	0.124	0.411	-0.001	-0.042	-0.043	-0.10462
1.0489	3.16243	0.13655	0.392	-0.021	0.143	0.167	0.42602
1.06988	3.16813	0.12397	0.379	0.028	0.148	0.149	0.39314
1.09086	3.16786	0.25938	0.377	0.021	-0.013	0.006	0.01592
1.11184	3.16657	0.10817	0.37	-0.106	-0.017	0.133	0.35946
1.13281	3.18249	0.14658	0.38	-0.124	0.101	0.025	0.06579
1.15379	3.18637	0.08923	0.366	-0.145	-0.003	0.058	0.15847
1.17477	3.17482	0.09137	0.366	0.096	0.138	-0.155	-0.4235
							--
#	BAND	=	0	0	148		--
0	3.20651	0.12949	0.393	-0.082	0.107	-0.143	-0.36387
0.02098	3.18721	0.12401	0.397	-0.15	-0.054	-0.009	-0.02267
0.04196	3.19129	0.13074	0.388	-0.136	0.085	-0.012	-0.03093
0.06293	3.18255	0.14199	0.379	0.109	0.088	0.153	0.40369
0.08391	3.17275	0.13027	0.376	0.011	0.102	0.195	0.51862
0.10489	3.17408	0.1356	0.377	-0.02	0.09	0.166	0.44032
0.12587	3.1744	0.16114	0.383	0.021	-0.018	-0.055	-0.1436
0.14685	3.17716	0.15748	0.394	0.069	-0.011	-0.086	-0.21827
0.16782	3.17264	0.14525	0.417	-0.017	0.088	0.111	0.26619
0.1888	3.14867	0.17098	0.426	-0.149	-0.015	-0.051	-0.11972
0.20978	3.11011	0.20521	0.375	0.095	-0.049	-0.001	-0.00267
0.23076	3.09318	0.23432	0.433	-0.054	-0.034	0.029	0.06697
0.25174	3.06121	0.22225	0.418	-0.11	-0.024	0.083	0.19856
0.27271	3.01287	0.23533	0.356	-0.062	0.182	-0.005	-0.01404
0.29369	2.98469	0.24316	0.368	-0.03	0.061	-0.164	-0.44565
0.31467	2.95865	0.2385	0.369	-0.02	0.026	-0.182	-0.49322
0.33565	2.93753	0.23445	0.365	0.013	0.025	-0.174	-0.47671
0.35663	2.91018	0.21316	0.376	-0.053	0.096	-0.139	-0.36968
0.3776	2.88425	0.21116	0.371	-0.006	0.073	-0.175	-0.4717
0.39858	2.8711	0.2042	0.36	-0.014	0.028	-0.18	-0.5
0.41956	2.86339	0.19841	0.356	-0.014	0.06	-0.182	-0.51124
0.44054	2.84921	0.19486	0.348	0.006	0.116	0.032	0.09195
0.46152	2.84345	0.19742	0.346	-0.018	0.121	-0.085	-0.24566
0.4825	2.85262	0.19126	0.345	0.056	-0.082	0.04	0.11594
0.50347	2.835	0.20264	0.348	-0.04	0.167	-0.073	-0.20977
0.52445	2.82635	0.18271	0.362	-0.008	0.183	-0.071	-0.19613
0.54543	2.83398	0.18644	0.355	-0.126	-0.018	0.019	0.05352
0.56641	2.82131	0.18336	0.355	-0.007	0.218	-0.091	-0.25634
0.58739	2.82198	0.19331	0.347	-0.098	-0.068	0.091	0.26225
0.58739	2.82106	0.18931	0.347	-0.035	-0.147	0.136	0.39193
0.60836	2.82315	0.18713	0.352	0.042	-0.178	0.13	0.36932
0.62934	2.83149	0.1947	0.346	-0.069	-0.058	0.08	0.23121
0.65032	2.82199	0.18862	0.353	-0.011	-0.193	0.111	0.31445
0.6713	2.838	0.19791	0.349	0.056	-0.136	0.086	0.24642
0.69228	2.84344	0.17985	0.352	-0.045	-0.074	-0.048	-0.13636
0.71325	2.84281	0.18342	0.344	0.016	-0.104	-0.063	-0.18314
0.73423	2.85256	0.19144	0.356	0.015	-0.089	0.108	0.30337
0.75521	2.86099	0.20019	0.362	-0.001	-0.073	0.092	0.25414
0.77619	2.86811	0.20623	0.364	-0.023	-0.087	0.164	0.45055
0.79717	2.88406	0.20701	0.369	-0.011	-0.086	0.17	0.4607
0.81814	2.91069	0.21594	0.367	0.055	-0.061	0.147	0.40054
0.83912	2.93251	0.22953	0.373	-0.016	-0.071	0.155	0.41555
0.8601	2.95958	0.23661	0.365	0.011	-0.079	0.154	0.42192
0.88108	2.98218	0.23237	0.376	0.025	-0.084	0.157	0.41755
0.90206	3.00729	0.25274	0.354	-0.019	-0.147	0.092	0.25989
0.92303	3.0389	0.18156	0.444	0.004	-0.083	-0.197	-0.44369
0.94401	3.09079	0.2468	0.388	0.069	0.117	0.064	0.16495
0.96499	3.11786	0.17838	0.401	0.034	-0.07	-0.08	-0.1995
0.98597	3.13882	0.14338	0.433	-0.15	-0.026	0.098	0.22633
1.00695	3.16508	0.16708	0.438	0.018	-0.07	-0.041	-0.09361
1.02792	3.16884	0.13897	0.393	-0.015	0.041	0.136	0.34606
1.0489	3.17165	0.14046	0.379	0.015	-0.117	-0.153	-0.40369
1.06988	3.16915	0.13319	0.374	-0.011	-0.169	-0.16	-0.42781
1.09086	3.1775	0.13185	0.386	0.091	-0.105	-0.135	-0.34974
1.11184	3.17868	0.11679	0.382	-0.011	-0.187	-0.139	-0.36387
1.13281	3.18929	0.10445	0.389	-0.041	-0.145	0.08	0.20566
1.15379	3.20227	0.13841	0.39	-0.054	-0.152	-0.119	-0.30513
1.17477	3.20259	0.14826	0.395	-0.062	-0.031	0.216	0.54684
							--
#	BAND	=	0	0	149		--
0	3.23189	0.13149	0.388	0.104	-0.057	0.165	0.42526
0.02098	3.21321	0.12151	0.393	0.205	0.011	0.06	0.15267
0.04196	3.224	0.16515	0.392	0.003	-0.044	-0.022	-0.05612
0.06293	3.21572	0.15984	0.39	-0.101	0.008	-0.037	-0.09487
0.08391	3.21236	0.16258	0.389	0.025	0.019	-0.068	-0.17481
0.10489	3.21005	0.1491	0.39	-0.012	-0.064	-0.037	-0.09487
0.12587	3.21009	0.15268	0.402	0.004	0.063	-0.009	-0.02239
0.14685	3.21365	0.18019	0.418	-0.072	0.064	0.043	0.10287
0.16782	3.19527	0.12987	0.419	0.056	0.032	0.164	0.39141
0.1888	3.18852	0.1455	0.413	0.008	0.075	-0.068	-0.16465
0.20978	3.15393	0.15594	0.385	-0.049	-0.033	-0.089	-0.23117
0.23076	3.11891	0.27507	0.388	0.01	0.022	-0.074	-0.19072
0.25174	3.09553	0.26274	0.386	0.076	0.041	-0.054	-0.1399
0.27271	3.05913	0.27662	0.377	0.049	-0.071	0.014	0.03714
0.29369	3.02722	0.25427	0.354	0.022	0.03	0.16	0.45198
0.31467	3.00324	0.2393	0.355	0.008	0.07	0.175	0.49296
0.33565	2.97888	0.23239	0.376	-0.007	0.001	0.159	0.42287
0.35663	2.95771	0.22136	0.381	0.046	-0.093	0.136	0.35696
0.3776	2.91618	0.1976	0.397	-0.01	-0.146	0.13	0.32746
0.39858	2.8992	0.19559	0.371	0.024	-0.087	0.122	0.32884
0.41956	2.88312	0.19145	0.35	0.008	-0.07	0.129	0.36857
0.44054	2.87496	0.18576	0.348	-0.006	-0.092	-0.083	-0.23851
0.46152	2.87064	0.19108	0.342	0.017	-0.123	0.069	0.20175
0.4825	2.88254	0.21331	0.348	-0.109	0.099	-0.076	-0.21839
0.50347	2.87039	0.19766	0.346	0.049	-0.103	0.04	0.11561
0.52445	2.86715	0.19249	0.338	0.007	-0.157	0.116	0.3432
0.54543	2.86908	0.19802	0.347	0.121	-0.031	0.095	0.27378
0.56641	2.84887	0.19296	0.353	0.012	-0.194	0.143	0.4051
0.58739	2.85671	0.20565	0.339	0.074	0.01	-0.054	-0.15929
0.58739	2.84586	0.19885	0.342	0.024	0.133	-0.136	-0.39766
0.60836	2.84811	0.1938	0.342	-0.028	0.182	-0.133	-0.38889
0.62934	2.86223	0.20012	0.336	0.064	0.072	-0.116	-0.34524
0.65032	2.8616	0.20235	0.341	0.019	0.176	-0.128	-0.37537
0.6713	2.87023	0.20637	0.355	-0.035	0.064	-0.024	-0.06761
0.69228	2.87694	0.19919	0.351	0.043	-0.012	0.095	0.27066
0.71325	2.87553	0.18971	0.35	0.01	0.003	0.121	0.34571
0.73423	2.87246	0.17943	0.344	-0.022	0.12	-0.083	-0.24128
0.75521	2.88379	0.18393	0.348	0.029	0.139	-0.023	-0.06609
0.77619	2.90267	0.19541	0.373	0.011	0.113	-0.1	-0.2681
0.79717	2.93176	0.20797	0.378	-0.004	0.119	-0.18	-0.47619
0.81814	2.95982	0.22434	0.367	-0.042	-0.012	-0.127	-0.34605
0.83912	2.98724	0.23738	0.355	0.001	-0.037	-0.175	-0.49296
0.8601	3.00944	0.24335	0.352	-0.004	-0.001	-0.187	-0.53125
0.88108	3.03123	0.24689	0.362	0	-0.06	-0.131	-0.36188
0.90206	3.05439	0.2549	0.378	0.019	0.079	-0.079	-0.20899
0.92303	3.09052	0.28489	0.371	-0.02	0.087	0.111	0.29919
0.94401	3.11783	0.19665	0.398	-0.016	0.039	-0.024	-0.0603
0.96499	3.15506	0.16196	0.389	0.033	-0.094	-0.072	-0.18509
0.98597	3.17006	0.13413	0.397	0.013	0.052	0.214	0.53904
1.00695	3.20516	0.17569	0.41	0.01	-0.07	-0.085	-0.20732
1.02792	3.20387	0.15336	0.413	-0.054	-0.011	-0.05	-0.12107
1.0489	3.20459	0.18045	0.397	0.105	0.092	-0.004	-0.01008
1.06988	3.20647	0.14342	0.395	-0.034	0.211	-0.001	-0.00253
1.09086	3.22176	0.19967	0.384	-0.109	-0.115	-0.005	-0.01302
1.11184	3.2123	0.17059	0.385	-0.024	0.147	0.078	0.2026
1.13281	3.21838	0.16056	0.39	0.1	-0.049	-0.047	-0.12051
1.15379	3.22069	0.17711	0.391	-0.032	0.196	0.096	0.24552
1.17477	3.22957	0.12506	0.391	0.056	-0.002	-0.159	-0.40665
							--
#	BAND	=	0	0	150		--
0	3.22366	0.19943	0.395	-0.008	0.07	0.07	0.17722
0.02098	3.2235	0.15943	0.389	0.02	0.061	0.042	0.10797
0.04196	3.23041	0.17178	0.393	0.09	-0.059	0.15	0.38168
0.06293	3.21314	0.14236	0.392	0.052	0.048	-0.03	-0.07653
0.08391	3.22166	0.19282	0.397	-0.016	0.011	0.041	0.10327
0.10489	3.2086	0.18377	0.389	0.14	-0.008	0.168	0.43188
0.12587	3.21322	0.1595	0.402	0.099	0.16	0.029	0.07214
0.14685	3.21355	0.15777	0.406	-0.033	-0.06	0.009	0.02217
0.16782	3.19716	0.20822	0.4	0.059	-0.012	-0.106	-0.265
0.1888	3.18384	0.19033	0.382	0.067	0.003	0.075	0.19634
0.20978	3.15888	0.16355	0.416	0.058	0.032	0.087	0.20913
0.23076	3.12844	0.09606	0.384	0	0.027	0.192	0.5
0.25174	3.12471	0.16915	0.387	0.015	-0.01	0.142	0.36693
0.27271	3.09158	0.27973	0.374	-0.048	-0.066	-0.21	-0.5615
0.29369	3.0656	0.289	0.38	0.025	0.017	-0.192	-0.50526
0.31467	3.04461	0.24931	0.394	0.171	-0.157	0.023	0.05838
0.33565	3.00582	0.25835	0.399	0.161	-0.064	0.171	0.42857
0.35663	2.98186	0.23968	0.375	-0.082	0.065	0.175	0.46667
0.3776	2.96206	0.2471	0.345	0.012	0.135	0.182	0.52754
0.39858	2.94769	0.23428	0.353	-0.007	0.182	0.084	0.23796
0.41956	2.93259	0.22653	0.356	-0.026	0.176	-0.023	-0.06461
0.44054	2.92702	0.22564	0.358	-0.014	0.122	-0.064	-0.17877
0.46152	2.90956	0.20514	0.374	0.068	0.074	0.022	0.05882
0.4825	2.90368	0.21478	0.356	0.086	0.034	-0.081	-0.22753
0.50347	2.88296	0.19802	0.369	0.015	0.044	-0.031	-0.08401
0.52445	2.91077	0.22314	0.364	0.176	0.042	-0.01	-0.02747
0.54543	2.89661	0.22333	0.385	0.023	0.084	-0.075	-0.19481
0.56641	2.91026	0.19254	0.399	0.15	-0.031	0.014	0.03509
0.58739	2.91324	0.21245	0.386	0.055	0.049	0.018	0.04663
0.58739	2.90702	0.22506	0.395	0.162	0.013	0.04	0.10127
0.60836	2.90583	0.22484	0.387	0.115	0.084	0.015	0.03876
0.62934	2.89967	0.21406	0.376	-0.047	-0.114	0.108	0.28723
0.65032	2.89373	0.22403	0.368	0.061	0.047	0.017	0.0462
0.6713	2.89329	0.21855	0.335	-0.103	0.028	-0.009	-0.02687
0.69228	2.89989	0.19574	0.365	-0.039	-0.071	0.088	0.2411
0.71325	2.90127	0.20557	0.363	-0.01	-0.081	0.066	0.18182
0.73423	2.92588	0.2291	0.349	-0.005	-0.128	0.033	0.09456
0.75521	2.93414	0.22555	0.353	-0.04	-0.192	-0.011	-0.03116
0.77619	2.9486	0.22899	0.363	0.031	-0.175	-0.07	-0.19284
0.79717	2.97332	0.24358	0.359	0.004	-0.116	-0.187	-0.52089
0.81814	3.00733	0.25935	0.374	0.02	0.179	-0.008	-0.02139
0.83912	3.02172	0.26325	0.407	0.108	0.029	-0.222	-0.54545
0.8601	3.04365	0.2049	0.431	-0.035	0.039	-0.241	-0.55916
0.88108	3.06607	0.28515	0.373	0.12	0.081	0.173	0.46381
0.90206	3.08405	0.26256	0.373	-0.042	0.067	0.142	0.3807
0.92303	3.12395	0.10642	0.375	-0.002	0.121	-0.226	-0.60267
0.94401	3.13122	0.19695	0.398	-0.009	0.1	-0.068	-0.17085
0.96499	3.17027	0.17404	0.376	-0.074	-0.03	0.161	0.42819
0.98597	3.16841	0.13593	0.398	0.03	0.039	-0.151	-0.3794
1.00695	3.21003	0.20279	0.404	0.065	0.058	0.003	0.00743
1.02792	3.19905	0.19902	0.396	0.093	-0.041	-0.133	-0.33586
1.0489	3.21699	0.20465	0.414	0.039	0.01	-0.008	-0.01932
1.06988	3.21108	0.19064	0.385	-0.101	-0.157	-0.122	-0.31688
1.09086	3.21589	0.20358	0.393	0.023	0.113	0.027	0.0687
1.11184	3.2129	0.1722	0.389	0.046	-0.121	0.067	0.17224
1.13281	3.22843	0.21233	0.389	-0.173	0.131	0.065	0.1671
1.15379	3.22774	0.15922	0.395	-0.043	-0.032	0.149	0.37722
1.17477	3.21861	0.15509	0.391	-0.144	0.081	0.054	0.13811
							--
#	BAND	=	0	0	151		--
0	3.25107	0.19626	0.393	-0.075	-0.003	0.02	0.05089
0.02098	3.25024	0.19488	0.394	-0.164	-0.015	0.011	0.02792
0.04196	3.2537	0.19842	0.392	-0.005	0.037	0.009	0.02296
0.06293	3.2571	0.16321	0.405	0.136	0.086	0.021	0.05185
0.08391	3.24936	0.20426	0.408	0.1	-0.023	-0.052	-0.12745
0.10489	3.2482	0.21318	0.402	0.002	0.022	-0.116	-0.28856
0.12587	3.24471	0.21865	0.399	-0.022	-0.134	-0.036	-0.09023
0.14685	3.24469	0.24214	0.405	-0.013	-0.021	-0.062	-0.15309
0.16782	3.24345	0.23909	0.397	0.022	0.147	-0.027	-0.06801
0.1888	3.21674	0.22952	0.393	0.086	-0.071	0.024	0.06107
0.20978	3.19468	0.24562	0.383	-0.059	0.056	0.039	0.10183
0.23076	3.16866	0.18378	0.399	-0.043	0.024	0.044	0.11028
0.25174	3.1691	0.1687	0.388	0.116	-0.131	-0.048	-0.12371
0.27271	3.13608	0.19874	0.39	-0.034	-0.125	0.159	0.40769
0.29369	3.11088	0.22027	0.389	0.002	-0.063	0.219	0.56298
0.31467	3.07397	0.25341	0.379	-0.093	0.02	-0.057	-0.1504
0.33565	3.05688	0.27762	0.369	-0.144	-0.02	-0.15	-0.4065
0.35663	3.02968	0.27278	0.385	0.098	-0.058	-0.156	-0.40519
0.3776	3.01322	0.26756	0.373	-0.01	-0.058	-0.143	-0.38338
0.39858	2.98976	0.2579	0.365	0.024	-0.102	-0.066	-0.18082
0.41956	2.9843	0.25811	0.349	0.017	-0.138	0.039	0.11175
0.44054	2.96233	0.24676	0.342	0.045	-0.078	0.121	0.3538
0.46152	2.9554	0.24587	0.365	-0.035	-0.057	0.154	0.42192
0.4825	2.94883	0.24657	0.363	-0.039	-0.117	0.118	0.32507
0.50347	2.94783	0.20459	0.387	0.027	-0.07	0.118	0.30491
0.52445	2.97776	0.2416	0.368	-0.084	0.07	-0.026	-0.07065
0.54543	2.95256	0.24211	0.38	0.082	-0.029	0.037	0.09737
0.56641	2.97165	0.22284	0.372	-0.068	-0.132	0.105	0.28226
0.58739	2.94648	0.20992	0.39	-0.076	-0.103	-0.053	-0.1359
0.58739	2.96664	0.1956	0.408	-0.006	-0.125	0.15	0.36765
0.60836	2.94948	0.22126	0.355	-0.152	-0.087	-0.02	-0.05634
0.62934	2.93595	0.21723	0.383	-0.023	0.107	-0.139	-0.36292
0.65032	2.95789	0.18928	0.359	-0.093	-0.1	-0.05	-0.13928
0.6713	2.935	0.23038	0.389	0.041	0.11	-0.092	-0.2365
0.69228	2.96421	0.24064	0.342	0.05	0.053	-0.18	-0.52632
0.71325	2.96542	0.23885	0.341	0.03	0.022	-0.145	-0.42522
0.73423	2.96504	0.24833	0.344	0.052	0.104	-0.09	-0.26163
0.75521	2.97903	0.24878	0.351	0.041	0.135	-0.031	-0.08832
0.77619	2.99017	0.26252	0.36	-0.028	0.143	0.051	0.14167
0.79717	3.03318	0.26752	0.367	0.092	0.112	0.126	0.34332
0.81814	3.04458	0.23935	0.391	0.054	-0.091	-0.036	-0.09207
0.83912	3.0443	0.27775	0.376	-0.086	0.021	0.191	0.50798
0.8601	3.07345	0.28745	0.359	-0.063	0.081	0.212	0.59053
0.88108	3.12422	0.2199	0.381	0.027	0.051	-0.051	-0.13386
0.90206	3.15485	0.15478	0.372	-0.066	-0.005	-0.236	-0.63441
0.92303	3.16909	0.25036	0.374	0.001	-0.091	-0.087	-0.23262
0.94401	3.17406	0.18555	0.378	-0.003	-0.027	0.086	0.22751
0.96499	3.20662	0.22612	0.4	0.014	0.016	-0.059	-0.1475
0.98597	3.2272	0.23921	0.387	0.06	-0.088	-0.094	-0.24289
1.00695	3.23859	0.18328	0.41	-0.047	0.016	0.102	0.24878
1.02792	3.25555	0.24597	0.416	0.105	0.029	0.062	0.14904
1.0489	3.24522	0.18409	0.393	-0.134	-0.052	0.009	0.0229
1.06988	3.24948	0.22875	0.396	0.031	0.071	0.118	0.29798
1.09086	3.25736	0.1583	0.398	0.058	-0.002	0.089	0.22362
1.11184	3.25608	0.23879	0.398	-0.001	-0.023	0.025	0.06281
1.13281	3.25259	0.20183	0.392	0.107	0.057	-0.064	-0.16327
1.15379	3.25762	0.22053	0.396	-0.132	0.06	-0.148	-0.37374
1.17477	3.25223	0.21747	0.395	-0.117	0.058	-0.087	-0.22025
							--
#	BAND	=	0	0	152		--
0	3.25867	0.23549	0.39	-0.068	0.002	-0.062	-0.15897
0.02098	3.25399	0.24551	0.392	-0.046	-0.006	0.006	0.01531
0.04196	3.25699	0.21122	0.398	0.159	-0.026	-0.139	-0.34925
0.06293	3.26933	0.26546	0.389	-0.073	0.127	0.029	0.07455
0.08391	3.2678	0.26716	0.389	-0.03	0.03	0.065	0.1671
0.10489	3.26426	0.22863	0.401	-0.046	0.073	-0.037	-0.09227
0.12587	3.26278	0.22761	0.406	-0.022	-0.017	0.067	0.16502
0.14685	3.25232	0.22501	0.397	0.123	0.015	0.104	0.26196
0.16782	3.24553	0.24758	0.396	-0.054	0.068	0.185	0.46717
0.1888	3.23542	0.24287	0.383	-0.024	0.008	0.053	0.13838
0.20978	3.21126	0.18923	0.391	-0.058	0.05	0.069	0.17647
0.23076	3.19633	0.26275	0.356	-0.006	0.18	0.057	0.16011
0.25174	3.16181	0.23439	0.364	-0.04	0.085	0.153	0.42033
0.27271	3.1629	0.23166	0.358	0.008	0.07	0.2	0.55866
0.29369	3.14637	0.20188	0.366	-0.126	0.034	0.13	0.35519
0.31467	3.13006	0.21614	0.352	0.024	0.042	0.173	0.49148
0.33565	3.12534	0.17912	0.377	-0.085	-0.113	0.171	0.45358
0.35663	3.08414	0.26893	0.353	-0.033	0.083	-0.173	-0.49008
0.3776	3.06137	0.2654	0.349	-0.093	0.044	-0.152	-0.43553
0.39858	3.04	0.26924	0.353	-0.061	0.109	-0.09	-0.25496
0.41956	3.03435	0.27587	0.33	0	0.005	-0.188	-0.5697
0.44054	3.01036	0.27014	0.39	0.171	-0.035	-0.022	-0.05641
0.46152	3.01429	0.28434	0.339	-0.02	0.047	-0.195	-0.57522
0.4825	3.01238	0.26207	0.351	0.019	-0.027	-0.098	-0.2792
0.50347	3.01532	0.24465	0.319	-0.047	0.038	0.118	0.36991
0.52445	2.98404	0.21256	0.367	-0.058	-0.07	0.106	0.28883
0.54543	2.98614	0.21418	0.345	0	0.228	-0.06	-0.17391
0.56641	2.96772	0.22793	0.338	0.004	0.192	-0.038	-0.11243
0.58739	2.99045	0.23724	0.33	-0.051	0.009	0.075	0.22727
0.58739	2.97448	0.23527	0.334	-0.144	0.104	-0.045	-0.13473
0.60836	2.99383	0.24161	0.344	0.018	0.108	-0.121	-0.35174
0.62934	2.98031	0.22905	0.364	0.063	-0.172	0.103	0.28297
0.65032	2.99111	0.22156	0.337	-0.066	0.037	-0.175	-0.51929
0.6713	2.98529	0.24456	0.371	0.032	0.001	-0.004	-0.01078
0.69228	2.98934	0.25257	0.361	0.027	0.031	-0.079	-0.21884
0.71325	3.00182	0.25101	0.348	-0.024	0.174	0.018	0.05172
0.73423	3.01831	0.27719	0.325	0.055	-0.049	0.201	0.61846
0.75521	3.02354	0.26311	0.348	0.091	-0.008	0.18	0.51724
0.77619	3.0468	0.27922	0.328	0.033	-0.105	0.184	0.56098
0.79717	3.06139	0.26713	0.35	-0.115	-0.143	0.127	0.36286
0.81814	3.08298	0.24355	0.364	-0.079	-0.064	0.131	0.35989
0.83912	3.10898	0.23566	0.391	0.024	-0.163	0.099	0.2532
0.8601	3.1317	0.19961	0.377	0.069	-0.041	-0.134	-0.35544
0.88108	3.14286	0.1952	0.369	-0.038	-0.006	-0.159	-0.43089
0.90206	3.1516	0.26707	0.364	0.119	-0.133	-0.085	-0.23352
0.92303	3.16475	0.19076	0.375	0.049	-0.05	0.206	0.54933
0.94401	3.19247	0.20459	0.359	-0.022	-0.152	0.023	0.06407
0.96499	3.21333	0.25487	0.391	0.083	-0.112	-0.006	-0.01535
0.98597	3.23217	0.23693	0.388	-0.068	-0.021	-0.026	-0.06701
1.00695	3.24441	0.24292	0.38	0.048	-0.073	0.046	0.12105
1.02792	3.25692	0.25152	0.407	0.039	0.057	0.114	0.2801
1.0489	3.24837	0.22436	0.396	-0.04	-0.039	0.089	0.22475
1.06988	3.28009	0.27613	0.39	-0.039	-0.133	-0.102	-0.26154
1.09086	3.26457	0.26238	0.384	-0.021	-0.065	-0.031	-0.08073
1.11184	3.27248	0.21963	0.396	0.147	-0.059	0.037	0.09343
1.13281	3.25973	0.22108	0.392	0.093	0.049	-0.073	-0.18622
1.15379	3.25997	0.22308	0.391	-0.018	0.089	0.013	0.03325
1.17477	3.25996	0.23268	0.393	-0.016	-0.12	0.071	0.18066
							--
#	BAND	=	0	0	153		--
0	3.31642	0.24888	0.39	-0.143	-0.083	0.015	0.03846
0.02098	3.28633	0.29446	0.391	0.047	0.099	0.004	0.01023
0.04196	3.30334	0.26849	0.382	-0.05	0.057	0.02	0.05236
0.06293	3.30526	0.28073	0.388	0.053	0.003	0.116	0.29897
0.08391	3.32512	0.29769	0.373	-0.042	0.115	0.147	0.3941
0.10489	3.31685	0.30536	0.366	-0.093	0.122	0.151	0.41257
0.12587	3.28269	0.23737	0.399	-0.003	0.034	-0.162	-0.40602
0.14685	3.28512	0.27302	0.393	0.011	0.145	0.061	0.15522
0.16782	3.27048	0.29151	0.375	-0.038	-0.118	0.072	0.192
0.1888	3.26471	0.28438	0.379	0.082	0.078	0.081	0.21372
0.20978	3.23778	0.21299	0.381	0.04	0.115	-0.193	-0.50656
0.23076	3.2323	0.19126	0.387	0.088	-0.057	-0.151	-0.39018
0.25174	3.23669	0.18681	0.386	0.042	0.001	-0.039	-0.10104
0.27271	3.22423	0.20397	0.386	0.091	0.037	-0.153	-0.39637
0.29369	3.18719	0.18484	0.394	-0.05	0.049	-0.159	-0.40355
0.31467	3.20954	0.13912	0.385	-0.045	0.013	-0.069	-0.17922
0.33565	3.15035	0.23638	0.363	0.035	0.236	-0.036	-0.09917
0.35663	3.13796	0.23749	0.355	-0.017	-0.044	0.134	0.37746
0.3776	3.11699	0.27493	0.335	0.108	0.016	0.177	0.52836
0.39858	3.09363	0.26537	0.364	0.1	-0.139	0.096	0.26374
0.41956	3.10155	0.26434	0.335	0.013	0.064	0.129	0.38507
0.44054	3.05866	0.25041	0.351	-0.01	0.07	-0.04	-0.11396
0.46152	3.06582	0.23994	0.37	0.069	-0.019	0.158	0.42703
0.4825	3.05833	0.26321	0.306	-0.064	0.142	0.075	0.2451
0.50347	3.03958	0.27318	0.327	0.074	-0.031	-0.142	-0.43425
0.52445	3.05259	0.27288	0.325	0.151	0.142	-0.088	-0.27077
0.54543	3.0693	0.26318	0.314	-0.037	-0.171	-0.013	-0.0414
0.56641	3.05884	0.23725	0.343	-0.129	-0.098	-0.009	-0.02624
0.58739	3.0586	0.24001	0.321	0.077	-0.048	-0.103	-0.32087
0.58739	3.07534	0.24558	0.331	0.15	0.001	-0.084	-0.25378
0.60836	3.0603	0.23909	0.326	-0.037	-0.056	0.127	0.38957
0.62934	3.05469	0.23663	0.333	0.006	0.125	0.046	0.13814
0.65032	3.04911	0.27309	0.333	0.139	0.028	0.108	0.32432
0.6713	3.05403	0.26102	0.306	-0.053	-0.168	0.109	0.35621
0.69228	3.03031	0.27709	0.332	-0.055	0	0.167	0.50301
0.71325	3.05315	0.27159	0.344	0.088	-0.164	-0.046	-0.13372
0.73423	3.08266	0.28185	0.336	-0.078	0.018	-0.147	-0.4375
0.75521	3.05937	0.25588	0.37	-0.086	-0.005	-0.068	-0.18378
0.77619	3.12214	0.27292	0.356	-0.012	0.077	-0.168	-0.47191
0.79717	3.13249	0.21876	0.387	0.078	0.103	-0.076	-0.19638
0.81814	3.14065	0.25601	0.356	0.05	-0.032	-0.092	-0.25843
0.83912	3.16068	0.17163	0.37	0.057	-0.172	-0.141	-0.38108
0.8601	3.1809	0.22034	0.359	0.039	-0.114	0.058	0.16156
0.88108	3.20594	0.13186	0.374	-0.075	-0.15	0.159	0.42513
0.90206	3.22833	0.19965	0.369	-0.094	-0.094	0.069	0.18699
0.92303	3.22806	0.24484	0.382	-0.004	-0.153	-0.06	-0.15707
0.94401	3.23805	0.2284	0.375	-0.167	0.032	0.034	0.09067
0.96499	3.25073	0.18008	0.401	-0.207	0.058	0.001	0.00249
0.98597	3.26495	0.26145	0.384	0.057	-0.129	0.052	0.13542
1.00695	3.27955	0.28883	0.386	-0.082	0.029	-0.044	-0.11399
1.02792	3.28475	0.2909	0.374	0.056	-0.102	-0.192	-0.51337
1.0489	3.30607	0.32333	0.366	-0.002	-0.058	-0.225	-0.61475
1.06988	3.33358	0.23458	0.388	0.005	0.017	0.092	0.23711
1.09086	3.33548	0.31697	0.371	0.098	-0.102	-0.14	-0.37736
1.11184	3.32802	0.30733	0.389	-0.021	-0.005	-0.146	-0.37532
1.13281	3.30986	0.28609	0.38	-0.079	-0.055	-0.064	-0.16842
1.15379	3.31301	0.27179	0.382	0.072	-0.02	-0.035	-0.09162
1.17477	3.2929	0.25391	0.387	0.014	0.02	0.016	0.04134
							
