0	0.7523
1	0.75224
2	0.75203
3	0.7517
4	0.75098
5	0.75077
6	0.75001
7	0.74908
8	0.748
9	0.74679
10	0.74548
11	0.74398
13	0.74262
14	0.74119
15	0.7396
16	0.73843
17	0.7366
18	0.73525
19	0.73401
20	0.73293
21	0.73203
22	0.73135
23	0.73081
24	0.73057
25	0.73059
26	0.73095
27	0.73133
28	0.7319
29	0.73263
30	0.73347
31	0.73439
32	0.73537
34	0.73635
35	0.73741
36	0.73839
37	0.73975
38	0.7405
39	0.74117
40	0.74173
41	0.74217
42	0.7425
43	0.7427
44	0.74275
45	0.74269
46	0.74248
47	0.74213
48	0.74117
49	0.74063
50	0.73998
51	0.73925
52	0.73843
53	0.73756
55	0.73665
56	0.73574
57	0.73485
58	0.73401
59	0.73324
60	0.73259
61	0.73207
62	0.73173
63	0.73157
64	0.73161
65	0.73186
66	0.73233
67	0.73299
68	0.73384
69	0.73428
70	0.73544
71	0.73667
72	0.73793
73	0.73916
74	0.74039
76	0.74152
77	0.74258
78	0.74357
79	0.74447
80	0.74527
81	0.74649
82	0.74701
83	0.74764
84	0.74787
85	0.74801
86	0.748
87	0.74787
88	0.7476
89	0.74714
90	0.74652
91	0.74576
92	0.74488
93	0.74388
94	0.74258
95	0.7415
97	0.7404
98	0.73929
99	0.73824
100	0.73724
101	0.73635
102	0.73556
103	0.7349
104	0.7344
105	0.73406
106	0.7339
107	0.73391
108	0.73407
109	0.73439
110	0.73485
111	0.73543
112	0.7361
113	0.73683
114	0.73759
115	0.73828
116	0.73853
118	0.73899
119	0.73977
120	0.74052
121	0.74181
122	0.74314
123	0.74432
124	0.74525
125	0.74555
126	0.74566
127	0.74574
128	0.74728
129	0.74695
130	0.7461
131	0.74507
132	0.74328
133	0.74123
134	0.73914
135	0.73714
136	0.73626
137	0.73477
139	0.73327
140	0.73065
141	0.7296
142	0.72867
143	0.72788
144	0.72725
145	0.72679
146	0.72651
147	0.72638
148	0.72577
149	0.72602
150	0.72641
151	0.72693
152	0.72756
153	0.72828
154	0.72903
155	0.72956
156	0.73046
157	0.73134
158	0.73221
160	0.73303
161	0.73379
162	0.73446
163	0.73501
164	0.73526
165	0.73531
166	0.73546
167	0.73608
168	0.73623
169	0.73624
170	0.73619
171	0.7359
172	0.73548
173	0.73496
174	0.73438
175	0.73392
176	0.7335
177	0.73285
178	0.732
179	0.73103
181	0.73011
182	0.7292
183	0.72849
184	0.7279
185	0.72745
186	0.72713
187	0.72697
188	0.72694
189	0.72704
190	0.72714
191	0.72749
192	0.72793
193	0.72844
194	0.729
195	0.72959
196	0.73019
197	0.73077
198	0.73131
199	0.73182
200	0.73227
202	0.73259
203	0.73242
204	0.73268
205	0.73286
206	0.73296
207	0.73296
208	0.73285
209	0.73265
210	0.73234
211	0.73193
212	0.731
213	0.73053
214	0.73028
215	0.72952
216	0.72848
217	0.72749
218	0.72649
219	0.72548
220	0.72446
221	0.72351
223	0.7226
224	0.72217
225	0.72135
226	0.72073
227	0.72013
228	0.71986
229	0.71961
230	0.71949
231	0.72025
232	0.72029
233	0.72037
234	0.72054
235	0.72072
236	0.72093
237	0.72113
238	0.72132
239	0.72149
240	0.7216
241	0.72162
242	0.7208
244	0.72074
245	0.72062
246	0.72041
247	0.72014
248	0.71959
249	0.71924
250	0.71881
251	0.71829
252	0.7177
253	0.71703
254	0.71631
255	0.71553
256	0.71471
257	0.7139
258	0.71307
259	0.71249
260	0.71168
261	0.71092
262	0.71012
263	0.70967
265	0.70937
266	0.70924
267	0.7096
268	0.70971
269	0.70998
270	0.71039
271	0.71093
272	0.71158
273	0.71235
274	0.71332
275	0.7141
276	0.7149
277	0.71566
278	0.71606
279	0.71683
280	0.71755
281	0.71822
282	0.71882
283	0.71938
284	0.71989
286	0.72034
287	0.72075
288	0.72111
289	0.72143
290	0.7217
291	0.72193
292	0.72211
293	0.72223
294	0.72229
295	0.7223
296	0.72225
297	0.72216
298	0.72205
299	0.72193
300	0.72181
301	0.72173
302	0.72169
303	0.72173
304	0.72186
305	0.7221
307	0.72246
308	0.72294
309	0.72351
310	0.72413
311	0.72451
312	0.72499
313	0.72561
314	0.72629
315	0.72724
316	0.72807
317	0.72877
318	0.73006
319	0.73093
320	0.73206
321	0.73281
322	0.73364
323	0.73437
324	0.73495
325	0.73538
326	0.73544
328	0.73552
329	0.73558
330	0.73487
331	0.73441
332	0.73352
333	0.73285
334	0.73224
335	0.73148
336	0.73061
337	0.72966
338	0.72864
339	0.72759
340	0.72651
341	0.72546
342	0.72445
343	0.72352
344	0.7227
345	0.72202
346	0.72151
347	0.72116
349	0.72101
350	0.72105
351	0.72128
352	0.72169
353	0.72226
354	0.72299
355	0.72381
356	0.72471
357	0.72565
358	0.7266
359	0.72753
360	0.72839
361	0.72918
362	0.72987
363	0.73046
364	0.7309
365	0.73121
366	0.73132
367	0.73111
368	0.73127
370	0.73109
371	0.73078
372	0.73037
373	0.72984
374	0.7292
375	0.72846
376	0.72766
377	0.72721
378	0.72633
379	0.72561
380	0.72441
381	0.72346
382	0.72259
383	0.72182
384	0.7212
385	0.72074
386	0.72047
387	0.72041
388	0.72014
389	0.72055
391	0.72118
392	0.72203
393	0.72307
394	0.7243
395	0.72567
396	0.72713
397	0.72767
398	0.72928
399	0.7309
400	0.73248
401	0.73381
402	0.73524
403	0.73653
404	0.73767
405	0.73864
406	0.7394
407	0.73997
408	0.74108
409	0.74122
410	0.74092
412	0.7407
413	0.74062
414	0.74021
415	0.73966
416	0.73896
417	0.7381
418	0.73715
419	0.73688
420	0.73601
421	0.73485
422	0.73392
423	0.73274
424	0.73184
425	0.73065
426	0.72958
427	0.72868
428	0.72801
429	0.72754
430	0.72655
431	0.72656
433	0.72679
434	0.72723
435	0.72784
436	0.72826
437	0.72915
438	0.7301
439	0.73108
440	0.73205
441	0.73297
442	0.73377
443	0.734
444	0.73468
445	0.73522
446	0.73564
447	0.73487
448	0.73502
449	0.73503
450	0.7349
451	0.73464
452	0.73422
454	0.73358
455	0.73342
456	0.73177
457	0.72975
458	0.72805
459	0.72778
460	0.7264
461	0.72502
462	0.72359
463	0.72214
464	0.72073
465	0.71973
466	0.71848
467	0.71819
468	0.71835
469	0.71831
470	0.71809
471	0.71948
472	0.71969
473	0.72019
475	0.72099
476	0.72206
477	0.72318
478	0.72472
479	0.72639
480	0.72817
481	0.72998
482	0.73173
483	0.73207
484	0.73373
485	0.73526
486	0.73664
487	0.73786
488	0.73889
489	0.73975
490	0.74042
491	0.74092
492	0.74125
493	0.74125
494	0.7413
496	0.74118
497	0.74089
498	0.73961
499	0.73906
500	0.73836
501	0.73752
502	0.73655
503	0.73535
504	0.73425
505	0.73309
506	0.73197
507	0.73096
508	0.7301
509	0.7303
510	0.72989
511	0.72976
512	0.72994
513	0.73049
514	0.7319
515	0.73299
517	0.73458
518	0.73692
519	0.73873
520	0.74071
521	0.74272
522	0.74476
523	0.74678
524	0.74873
525	0.75056
526	0.75183
527	0.75341
528	0.75478
529	0.75524
530	0.75621
531	0.75694
532	0.75748
533	0.75781
534	0.75793
535	0.75784
536	0.75756
538	0.75706
539	0.75637
540	0.75547
541	0.75436
542	0.75306
543	0.75157
544	0.74921
545	0.74742
546	0.74191
547	0.74008
548	0.73826
549	0.73655
550	0.73497
551	0.73361
552	0.73248
553	0.73173
554	0.73134
555	0.73202
556	0.73237
557	0.73671
559	0.73765
560	0.73888
561	0.74034
562	0.74196
563	0.74372
564	0.74555
565	0.74732
566	0.74907
567	0.75074
568	0.75343
569	0.75473
570	0.75594
571	0.75685
572	0.75756
573	0.75806
574	0.75835
575	0.75845
576	0.75832
577	0.75795
578	0.75735
580	0.75536
581	0.75439
582	0.7531
583	0.75169
584	0.75007
585	0.74826
586	0.74628
587	0.74418
588	0.74203
589	0.73987
590	0.73777
591	0.73583
592	0.73333
593	0.73192
594	0.73086
595	0.72995
596	0.72978
597	0.73007
598	0.73079
599	0.73194
601	0.73154
602	0.73002
603	0.72871
604	0.7264
605	0.7236
606	0.72219
607	0.72009
608	0.71723
609	0.71436
610	0.71128
611	0.70818
612	0.70787
613	0.70981
614	0.71357
615	0.71962
616	0.72537
617	0.72959
618	0.73504
619	0.74009
620	0.74482
622	0.74939
623	0.75418
624	0.75705
625	0.75869
626	0.75816
627	0.75689
628	0.75536
629	0.75374
630	0.75154
631	0.7499
632	0.74834
633	0.74692
634	0.74512
635	0.74421
636	0.74363
637	0.74342
638	0.74361
639	0.74419
640	0.74502
641	0.74637
643	0.74804
644	0.74996
645	0.75206
646	0.75425
647	0.75467
648	0.75688
649	0.75873
650	0.75871
651	0.75725
652	0.75524
653	0.75275
654	0.75049
655	0.74813
656	0.74725
657	0.74442
658	0.74251
659	0.73822
660	0.73393
661	0.73199
662	0.73201
664	0.73395
665	0.73668
666	0.73887
667	0.74075
668	0.74078
669	0.7425
670	0.74157
671	0.74404
672	0.74657
673	0.74831
674	0.75023
675	0.74958
676	0.74822
677	0.74701
678	0.74607
679	0.74544
680	0.74509
681	0.74831
682	0.74878
683	0.74957
685	0.75066
686	0.75101
687	0.75264
688	0.7544
689	0.75581
690	0.75772
691	0.75958
692	0.76136
693	0.76297
694	0.76433
695	0.76332
696	0.76443
697	0.76531
698	0.76595
699	0.76629
700	0.76679
701	0.76661
702	0.76628
703	0.76549
704	0.76439
706	0.76343
707	0.76299
708	0.76041
709	0.7579
710	0.75584
711	0.75414
712	0.75285
713	0.7515
714	0.75006
715	0.74892
716	0.74797
717	0.74791
718	0.74844
719	0.74884
720	0.74927
721	0.74944
722	0.7499
723	0.74969
724	0.7502
725	0.7509
727	0.75193
728	0.75323
729	0.75377
730	0.75555
731	0.75746
732	0.75943
733	0.76139
734	0.76288
735	0.76499
736	0.76659
737	0.7682
738	0.76962
739	0.77087
740	0.77192
741	0.77275
742	0.77221
743	0.77269
744	0.77297
745	0.77309
746	0.77176
748	0.77
749	0.76859
750	0.76574
751	0.76227
752	0.75646
753	0.75063
754	0.74502
755	0.73888
756	0.73338
757	0.72873
758	0.72678
759	0.7265
760	0.72591
761	0.72672
762	0.72815
763	0.73198
764	0.73648
765	0.74155
766	0.74614
767	0.75033
769	0.75397
770	0.75631
771	0.75748
772	0.75872
773	0.76009
774	0.76172
775	0.76319
776	0.7641
777	0.76549
778	0.76677
779	0.76791
780	0.7689
781	0.76972
782	0.77036
783	0.7708
784	0.77098
785	0.77088
786	0.77079
787	0.77052
788	0.77005
790	0.7694
791	0.76766
792	0.76664
793	0.76543
794	0.7639
795	0.76051
796	0.75602
797	0.75031
798	0.74415
799	0.73856
800	0.7323
801	0.72548
802	0.72084
803	0.71624
804	0.71334
805	0.71212
806	0.71321
807	0.71568
808	0.71948
809	0.72398
811	0.7282
812	0.73552
813	0.74155
814	0.74661
815	0.75105
816	0.7541
817	0.75627
818	0.75776
819	0.7592
820	0.76052
821	0.76173
822	0.76276
823	0.76152
824	0.76225
825	0.7628
826	0.76317
827	0.76336
828	0.76302
829	0.76287
830	0.76255
832	0.7621
833	0.76149
834	0.76074
835	0.75986
836	0.7588
837	0.75627
838	0.75514
839	0.75397
840	0.75279
841	0.75048
842	0.7494
843	0.74841
844	0.74755
845	0.74684
846	0.74597
847	0.74492
848	0.7447
849	0.74307
850	0.742
851	0.74122
853	0.7427
854	0.74398
855	0.74549
856	0.74717
857	0.74898
858	0.75124
859	0.754
860	0.75757
861	0.76314
862	0.76645
863	0.76961
864	0.77177
865	0.774
866	0.77503
867	0.77586
868	0.7765
869	0.77694
870	0.77718
871	0.77722
872	0.77522
874	0.77494
875	0.77448
876	0.77388
877	0.77217
878	0.77132
879	0.77038
880	0.76937
881	0.76829
882	0.76719
883	0.76609
884	0.765
885	0.76396
886	0.76301
887	0.76156
888	0.76087
889	0.76035
890	0.75999
891	0.75737
892	0.75743
893	0.7577
895	0.75815
896	0.75879
897	0.75958
898	0.7605
899	0.76212
900	0.76319
901	0.76428
902	0.76538
903	0.76889
904	0.76987
905	0.77077
906	0.77156
907	0.77224
908	0.77358
909	0.77397
910	0.77423
911	0.77497
912	0.77491
913	0.7747
914	0.77435
916	0.77387
917	0.77327
918	0.77255
919	0.77173
920	0.77002
921	0.76905
922	0.768
923	0.76628
924	0.76521
925	0.76412
926	0.76304
927	0.762
928	0.76101
929	0.7601
930	0.75929
931	0.75861
932	0.75808
933	0.75774
934	0.75758
935	0.7576
937	0.75682
938	0.75727
939	0.75791
940	0.75839
941	0.75934
942	0.7604
943	0.76154
944	0.76271
945	0.76388
946	0.765
947	0.76605
948	0.76796
949	0.76905
950	0.77007
951	0.77107
952	0.77154
953	0.77191
954	0.77217
955	0.77229
956	0.77231
958	0.77223
959	0.77208
960	0.77217
961	0.77159
962	0.77088
963	0.77032
964	0.76978
965	0.76917
966	0.76877
967	0.76803
968	0.76728
969	0.76653
970	0.76578
971	0.76479
972	0.76413
973	0.76353
974	0.76303
975	0.76263
976	0.76234
977	0.76194
979	0.76201
980	0.76222
981	0.76258
982	0.76213
983	0.7628
984	0.76359
985	0.76448
986	0.76546
987	0.76646
988	0.76535
989	0.76636
990	0.76733
991	0.76824
992	0.76906
993	0.7707
994	0.77124
995	0.77163
996	0.77185
997	0.77192
998	0.77183
1000	0.77373
0	0.46747
1	0.46753
2	0.4675
3	0.46739
4	0.46717
5	0.46687
6	0.46646
7	0.46595
8	0.46534
9	0.46465
10	0.46385
11	0.46298
13	0.46206
14	0.46107
15	0.46006
16	0.45905
17	0.45805
18	0.45711
19	0.45623
20	0.45546
21	0.45481
22	0.4543
23	0.45394
24	0.45374
25	0.4537
26	0.4538
27	0.45404
28	0.45441
29	0.45487
30	0.45542
31	0.45602
32	0.45667
34	0.45731
35	0.45796
36	0.45857
37	0.45915
38	0.45968
39	0.46016
40	0.46057
41	0.46091
42	0.46118
43	0.46137
44	0.46147
45	0.4615
46	0.46145
47	0.46131
48	0.4611
49	0.46081
50	0.46044
51	0.46001
52	0.45952
53	0.45898
55	0.45841
56	0.45783
57	0.45726
58	0.4567
59	0.4562
60	0.45575
61	0.45539
62	0.45514
63	0.45501
64	0.45501
65	0.45515
66	0.45543
67	0.45584
68	0.45637
69	0.45701
70	0.45773
71	0.45851
72	0.45932
73	0.46012
74	0.46093
76	0.46168
77	0.46239
78	0.46305
79	0.46365
80	0.46417
81	0.46461
82	0.46497
83	0.46525
84	0.46545
85	0.46558
86	0.46561
87	0.46557
88	0.46544
89	0.4652
90	0.46488
91	0.46446
92	0.46397
93	0.46342
94	0.4628
95	0.46216
97	0.46149
98	0.46082
99	0.46017
100	0.45955
101	0.45898
102	0.45848
103	0.45805
104	0.45772
105	0.45749
106	0.45737
107	0.45736
108	0.45744
109	0.45763
110	0.4579
111	0.45824
112	0.45864
113	0.45908
114	0.45955
115	0.46002
116	0.46047
118	0.4609
119	0.46128
120	0.46162
121	0.4619
122	0.46211
123	0.46225
124	0.46232
125	0.4623
126	0.46221
127	0.46203
128	0.46177
129	0.46143
130	0.461
131	0.4605
132	0.45992
133	0.45928
134	0.45859
135	0.45786
136	0.45711
137	0.45636
139	0.45562
140	0.45493
141	0.45429
142	0.45371
143	0.45322
144	0.45283
145	0.45255
146	0.45237
147	0.45231
148	0.45235
149	0.4525
150	0.45273
151	0.45306
152	0.45345
153	0.45389
154	0.45438
155	0.4549
156	0.45542
157	0.45595
158	0.45646
160	0.45694
161	0.45739
162	0.45779
163	0.45815
164	0.45845
165	0.45868
166	0.45885
167	0.45895
168	0.45898
169	0.45894
170	0.45882
171	0.45862
172	0.45835
173	0.45801
174	0.4576
175	0.45714
176	0.45664
177	0.45612
178	0.45558
179	0.45504
181	0.45452
182	0.45404
183	0.45361
184	0.45325
185	0.45296
186	0.45276
187	0.45265
188	0.45262
189	0.45268
190	0.45282
191	0.45302
192	0.45328
193	0.45359
194	0.45392
195	0.45428
196	0.45464
197	0.45499
198	0.45532
199	0.45562
200	0.4559
202	0.45613
203	0.45631
204	0.45644
205	0.45653
206	0.45656
207	0.45653
208	0.45643
209	0.45628
210	0.45605
211	0.45576
212	0.4554
213	0.45498
214	0.45449
215	0.45395
216	0.45337
217	0.45275
218	0.45211
219	0.45147
220	0.45083
221	0.45022
223	0.44965
224	0.44913
225	0.44866
226	0.44827
227	0.44795
228	0.44771
229	0.44755
230	0.44746
231	0.44744
232	0.44748
233	0.44757
234	0.44769
235	0.44784
236	0.448
237	0.44815
238	0.4483
239	0.44843
240	0.44852
241	0.44858
242	0.44861
244	0.44859
245	0.44853
246	0.44841
247	0.44826
248	0.44806
249	0.44782
250	0.44752
251	0.44716
252	0.44676
253	0.4463
254	0.4458
255	0.44526
256	0.44469
257	0.44411
258	0.44352
259	0.44295
260	0.4424
261	0.4419
262	0.44147
263	0.44111
265	0.44085
266	0.44068
267	0.44063
268	0.44067
269	0.44082
270	0.44107
271	0.4414
272	0.44182
273	0.44229
274	0.4428
275	0.44335
276	0.44391
277	0.44447
278	0.44501
279	0.44553
280	0.44602
281	0.44648
282	0.4469
283	0.44728
284	0.44763
286	0.44794
287	0.44821
288	0.44846
289	0.44867
290	0.44886
291	0.44901
292	0.44912
293	0.4492
294	0.44924
295	0.44926
296	0.44924
297	0.44919
298	0.44913
299	0.44907
300	0.44901
301	0.44898
302	0.44897
303	0.44902
304	0.44912
305	0.44929
307	0.44953
308	0.44986
309	0.45026
310	0.45073
311	0.45127
312	0.45188
313	0.45251
314	0.45318
315	0.45385
316	0.45451
317	0.45515
318	0.45575
319	0.4563
320	0.45679
321	0.45721
322	0.45757
323	0.45784
324	0.45805
325	0.45819
326	0.45825
328	0.45825
329	0.45819
330	0.45806
331	0.45787
332	0.45761
333	0.45729
334	0.45691
335	0.45647
336	0.45598
337	0.45544
338	0.45486
339	0.45427
340	0.45366
341	0.45306
342	0.45249
343	0.45197
344	0.45152
345	0.45115
346	0.45087
347	0.45069
349	0.45063
350	0.45068
351	0.45084
352	0.4511
353	0.45146
354	0.4519
355	0.45239
356	0.45292
357	0.45348
358	0.45403
359	0.45458
360	0.45508
361	0.45554
362	0.45594
363	0.45628
364	0.45654
365	0.45672
366	0.45684
367	0.45688
368	0.45684
370	0.45673
371	0.45655
372	0.45631
373	0.456
374	0.45563
375	0.4552
376	0.45472
377	0.4542
378	0.45364
379	0.45307
380	0.4525
381	0.45196
382	0.45146
383	0.45102
384	0.45067
385	0.45042
386	0.45028
387	0.45027
388	0.4504
389	0.45066
391	0.45106
392	0.45158
393	0.45221
394	0.45296
395	0.45378
396	0.45466
397	0.45559
398	0.45653
399	0.45747
400	0.45838
401	0.45924
402	0.46004
403	0.46076
404	0.46138
405	0.46191
406	0.46231
407	0.4626
408	0.46243
409	0.46242
410	0.46169
412	0.46121
413	0.46098
414	0.46068
415	0.46029
416	0.45981
417	0.45924
418	0.45859
419	0.45789
420	0.45748
421	0.45676
422	0.45664
423	0.45618
424	0.45541
425	0.45467
426	0.45401
427	0.45346
428	0.45305
429	0.45278
430	0.45265
431	0.45268
433	0.45284
434	0.45314
435	0.45354
436	0.45403
437	0.45459
438	0.45517
439	0.45578
440	0.45637
441	0.45693
442	0.45744
443	0.45789
444	0.45827
445	0.45856
446	0.45877
447	0.4589
448	0.45893
449	0.45889
450	0.45875
451	0.45853
452	0.45813
454	0.45639
455	0.45517
456	0.45165
457	0.44754
458	0.44372
459	0.44069
460	0.43768
461	0.43591
462	0.43489
463	0.43395
464	0.43312
465	0.4336
466	0.43356
467	0.43585
468	0.43878
469	0.4415
470	0.44357
471	0.44573
472	0.44681
473	0.44732
475	0.44792
476	0.44869
477	0.44961
478	0.45065
479	0.45177
480	0.45294
481	0.45412
482	0.45527
483	0.45638
484	0.45742
485	0.45836
486	0.45921
487	0.45994
488	0.46056
489	0.46106
490	0.46145
491	0.46173
492	0.4619
493	0.46198
494	0.46197
496	0.46186
497	0.46165
498	0.46135
499	0.46096
500	0.46049
501	0.45993
502	0.4593
503	0.45861
504	0.45789
505	0.45715
506	0.45645
507	0.45582
508	0.45527
509	0.45486
510	0.45461
511	0.45454
512	0.45467
513	0.45501
514	0.45556
515	0.4563
517	0.45725
518	0.45833
519	0.45953
520	0.46084
521	0.46218
522	0.46353
523	0.46487
524	0.46616
525	0.46736
526	0.46847
527	0.46947
528	0.47033
529	0.47106
530	0.47166
531	0.47211
532	0.47245
533	0.47266
534	0.47274
535	0.4727
536	0.47254
538	0.47225
539	0.47184
540	0.4713
541	0.47063
542	0.46984
543	0.46893
544	0.46791
545	0.46681
546	0.46566
547	0.46449
548	0.46334
549	0.46224
550	0.46124
551	0.46039
552	0.45971
553	0.45925
554	0.45903
555	0.45904
556	0.45929
557	0.45976
559	0.46044
560	0.4613
561	0.4623
562	0.4634
563	0.46457
564	0.46577
565	0.46694
566	0.46807
567	0.46913
568	0.47009
569	0.47095
570	0.47169
571	0.4723
572	0.47279
573	0.47315
574	0.47337
575	0.47348
576	0.47346
577	0.4733
578	0.47301
580	0.47259
581	0.47202
582	0.47131
583	0.47045
584	0.46946
585	0.46833
586	0.46709
587	0.46576
588	0.46438
589	0.46299
590	0.46164
591	0.46039
592	0.45927
593	0.45834
594	0.45765
595	0.45723
596	0.45711
597	0.45728
598	0.45775
599	0.45849
601	0.4586
602	0.45771
603	0.45717
604	0.45508
605	0.45661
606	0.45816
607	0.45966
608	0.46109
609	0.46242
610	0.46363
611	0.46471
612	0.46639
613	0.46925
614	0.47177
615	0.47582
616	0.47618
617	0.4764
618	0.4765
619	0.47648
620	0.47632
622	0.47603
623	0.47559
624	0.47517
625	0.4745
626	0.47369
627	0.47277
628	0.47175
629	0.47067
630	0.46956
631	0.46845
632	0.46739
633	0.46642
634	0.4656
635	0.46496
636	0.46453
637	0.46435
638	0.46443
639	0.46478
640	0.46538
641	0.46622
643	0.46725
644	0.46845
645	0.46977
646	0.47115
647	0.47254
648	0.47389
649	0.47518
650	0.47634
651	0.47732
652	0.47792
653	0.4784
654	0.47896
655	0.47937
656	0.47968
657	0.47981
658	0.47973
659	0.47925
660	0.47855
661	0.4782
662	0.47784
664	0.47759
665	0.47721
666	0.47648
667	0.47562
668	0.47462
669	0.47356
670	0.47252
671	0.4717
672	0.47097
673	0.46978
674	0.46861
675	0.46752
676	0.46654
677	0.46573
678	0.46512
679	0.46472
680	0.46457
681	0.46466
682	0.46499
683	0.46555
685	0.4663
686	0.46723
687	0.46828
688	0.46942
689	0.47062
690	0.47181
691	0.47297
692	0.47406
693	0.47506
694	0.47595
695	0.47671
696	0.47734
697	0.47784
698	0.47822
699	0.47848
700	0.47862
701	0.47866
702	0.47859
703	0.47841
704	0.47813
706	0.47775
707	0.47722
708	0.47659
709	0.47584
710	0.47501
711	0.47409
712	0.47309
713	0.47202
714	0.47091
715	0.46979
716	0.46868
717	0.46764
718	0.46674
719	0.46598
720	0.46538
721	0.46497
722	0.46477
723	0.4648
724	0.46506
725	0.46556
727	0.46626
728	0.46716
729	0.46821
730	0.46937
731	0.47062
732	0.47191
733	0.47319
734	0.47444
735	0.47564
736	0.47676
737	0.47777
738	0.47867
739	0.47946
740	0.48013
741	0.48068
742	0.48111
743	0.48142
744	0.48161
745	0.48168
746	0.48162
748	0.48143
749	0.48065
750	0.4785
751	0.47567
752	0.47202
753	0.46799
754	0.46267
755	0.45778
756	0.45329
757	0.44945
758	0.44712
759	0.44611
760	0.44566
761	0.44656
762	0.44816
763	0.45062
764	0.45354
765	0.45785
766	0.46187
767	0.46565
769	0.46894
770	0.4709
771	0.47173
772	0.47266
773	0.47366
774	0.4747
775	0.47575
776	0.47678
777	0.47776
778	0.47867
779	0.47947
780	0.48018
781	0.48076
782	0.48123
783	0.48158
784	0.4818
785	0.48191
786	0.48189
787	0.48174
788	0.48147
790	0.48106
791	0.48053
792	0.47987
793	0.47908
794	0.47817
795	0.47703
796	0.47429
797	0.4699
798	0.4645
799	0.45917
800	0.45265
801	0.44509
802	0.43843
803	0.43235
804	0.42774
805	0.42454
806	0.42384
807	0.42518
808	0.42834
809	0.43268
811	0.43714
812	0.44298
813	0.45008
814	0.45647
815	0.4625
816	0.46726
817	0.4708
818	0.47217
819	0.47315
820	0.47406
821	0.47487
822	0.47558
823	0.47617
824	0.47665
825	0.47702
826	0.47727
827	0.4774
828	0.47742
829	0.47732
830	0.47711
832	0.4768
833	0.47638
834	0.47587
835	0.47526
836	0.47458
837	0.47382
838	0.47301
839	0.47217
840	0.47131
841	0.47046
842	0.46964
843	0.46888
844	0.4682
845	0.46686
846	0.46418
847	0.46078
848	0.45644
849	0.45185
850	0.44752
851	0.44332
853	0.44019
854	0.4384
855	0.43751
856	0.43854
857	0.44044
858	0.44386
859	0.44819
860	0.45362
861	0.45943
862	0.46512
863	0.47077
864	0.47545
865	0.47884
866	0.48134
867	0.48192
868	0.48236
869	0.48268
870	0.48287
871	0.48294
872	0.48289
874	0.48273
875	0.48246
876	0.48208
877	0.48161
878	0.48105
879	0.48042
880	0.47973
881	0.47899
882	0.47823
883	0.47744
884	0.47667
885	0.47591
886	0.4752
887	0.47455
888	0.47398
889	0.47351
890	0.47315
891	0.47291
892	0.4728
893	0.47281
895	0.47294
896	0.47319
897	0.47356
898	0.47401
899	0.47453
900	0.47512
901	0.47572
902	0.47634
903	0.47695
904	0.47755
905	0.4781
906	0.47862
907	0.47908
908	0.47947
909	0.47979
910	0.48002
911	0.48017
912	0.48023
913	0.48021
914	0.4801
916	0.47991
917	0.47963
918	0.47927
919	0.47884
920	0.47834
921	0.47777
922	0.47716
923	0.4765
924	0.47582
925	0.47512
926	0.47441
927	0.47371
928	0.47303
929	0.47239
930	0.47181
931	0.4713
932	0.47088
933	0.47056
934	0.47036
935	0.47029
937	0.47035
938	0.47053
939	0.47083
940	0.47124
941	0.47175
942	0.47234
943	0.47298
944	0.47364
945	0.47297
946	0.47132
947	0.46923
948	0.46681
949	0.46451
950	0.46223
951	0.46056
952	0.4595
953	0.4598
954	0.46003
955	0.4602
956	0.46163
958	0.46397
959	0.46667
960	0.46959
961	0.47229
962	0.47485
963	0.47667
964	0.47777
965	0.47741
966	0.47701
967	0.47658
968	0.47614
969	0.47568
970	0.47522
971	0.47479
972	0.47437
973	0.47399
974	0.47366
975	0.47341
976	0.47324
977	0.47316
979	0.47319
980	0.47331
981	0.47355
982	0.47389
983	0.47433
984	0.47486
985	0.47546
986	0.47611
987	0.47681
988	0.47752
989	0.47823
990	0.4789
991	0.47884
992	0.47681
993	0.47225
994	0.46736
995	0.46205
996	0.45696
997	0.4527
998	0.44733
1000	0.44352
0	0.21201
1	0.21207
2	0.21209
3	0.21207
4	0.212
5	0.21188
6	0.21172
7	0.2115
8	0.21124
9	0.21093
10	0.21056
11	0.21015
13	0.20971
14	0.20923
15	0.20874
16	0.20823
17	0.20773
18	0.20724
19	0.20679
20	0.20637
21	0.20602
22	0.20574
23	0.20553
24	0.20539
25	0.20534
26	0.20537
27	0.20546
28	0.20563
29	0.20584
30	0.2061
31	0.2064
32	0.20672
34	0.20704
35	0.20736
36	0.20768
37	0.20798
38	0.20826
39	0.20852
40	0.20875
41	0.20895
42	0.20912
43	0.20926
44	0.20936
45	0.20943
46	0.20946
47	0.20946
48	0.20941
49	0.20933
50	0.20921
51	0.20905
52	0.20886
53	0.20864
55	0.2084
56	0.20815
57	0.20789
58	0.20764
59	0.2074
60	0.20718
61	0.207
62	0.20687
63	0.20679
64	0.20677
65	0.20682
66	0.20693
67	0.2071
68	0.20733
69	0.2076
70	0.20791
71	0.20825
72	0.20861
73	0.20897
74	0.20934
76	0.20968
77	0.21001
78	0.21032
79	0.21059
80	0.21084
81	0.21106
82	0.21124
83	0.2114
84	0.21152
85	0.21161
86	0.21166
87	0.21168
88	0.21167
89	0.21161
90	0.21151
91	0.21138
92	0.21121
93	0.21101
94	0.21078
95	0.21052
97	0.21025
98	0.20997
99	0.20969
100	0.20942
101	0.20917
102	0.20894
103	0.20874
104	0.20858
105	0.20847
106	0.2084
107	0.20838
108	0.2084
109	0.20847
110	0.20857
111	0.2087
112	0.20885
113	0.20902
114	0.2092
115	0.20938
116	0.20955
118	0.20971
119	0.20986
120	0.20998
121	0.21009
122	0.21017
123	0.21022
124	0.21025
125	0.21024
126	0.2102
127	0.21013
128	0.21003
129	0.2099
130	0.20974
131	0.20954
132	0.20932
133	0.20906
134	0.20879
135	0.2085
136	0.2082
137	0.20791
139	0.20761
140	0.20733
141	0.20707
142	0.20684
143	0.20664
144	0.20648
145	0.20637
146	0.2063
147	0.20628
148	0.20631
149	0.20638
150	0.2065
151	0.20664
152	0.20682
153	0.20701
154	0.20723
155	0.20745
156	0.20767
157	0.20788
158	0.20809
160	0.20828
161	0.20846
162	0.20861
163	0.20874
164	0.20884
165	0.20892
166	0.20897
167	0.20899
168	0.20899
169	0.20896
170	0.2089
171	0.20881
172	0.20869
173	0.20855
174	0.20838
175	0.2082
176	0.208
177	0.20779
178	0.20758
179	0.20736
181	0.20716
182	0.20698
183	0.20682
184	0.20668
185	0.20658
186	0.20651
187	0.20648
188	0.20648
189	0.20652
190	0.20659
191	0.20668
192	0.2068
193	0.20694
194	0.20708
195	0.20723
196	0.20738
197	0.20752
198	0.20764
199	0.20776
200	0.20785
202	0.20793
203	0.20798
204	0.20801
205	0.20802
206	0.208
207	0.20796
208	0.20789
209	0.20779
210	0.20767
211	0.20751
212	0.20732
213	0.20711
214	0.20687
215	0.20661
216	0.20633
217	0.20604
218	0.20574
219	0.20544
220	0.20514
221	0.20486
223	0.2046
224	0.20436
225	0.20416
226	0.20399
227	0.20385
228	0.20375
229	0.20369
230	0.20366
231	0.20366
232	0.20368
233	0.20372
234	0.20378
235	0.20384
236	0.2039
237	0.20396
238	0.20401
239	0.20404
240	0.20406
241	0.20406
242	0.20405
244	0.20401
245	0.20395
246	0.20388
247	0.20378
248	0.20367
249	0.20353
250	0.20337
251	0.20318
252	0.20297
253	0.20273
254	0.20248
255	0.20219
256	0.2019
257	0.2016
258	0.20129
259	0.20099
260	0.2007
261	0.20043
262	0.20019
263	0.2
265	0.19985
266	0.19975
267	0.1997
268	0.19971
269	0.19977
270	0.19988
271	0.20003
272	0.20023
273	0.20046
274	0.20071
275	0.20098
276	0.20125
277	0.20153
278	0.2018
279	0.20206
280	0.2023
281	0.20253
282	0.20275
283	0.20294
284	0.20311
286	0.20327
287	0.20341
288	0.20353
289	0.20365
290	0.20375
291	0.20383
292	0.2039
293	0.20395
294	0.20399
295	0.20401
296	0.20401
297	0.20401
298	0.204
299	0.20399
300	0.20397
301	0.20397
302	0.20398
303	0.20402
304	0.20408
305	0.20417
307	0.2043
308	0.20447
309	0.20467
310	0.20491
311	0.20518
312	0.20548
313	0.2058
314	0.20613
315	0.20647
316	0.20681
317	0.20714
318	0.20745
319	0.20773
320	0.208
321	0.20823
322	0.20843
323	0.20859
324	0.20873
325	0.20883
326	0.2089
328	0.20894
329	0.20896
330	0.20894
331	0.2089
332	0.20883
333	0.20874
334	0.20862
335	0.20847
336	0.2083
337	0.2081
338	0.20789
339	0.20766
340	0.20743
341	0.2072
342	0.20699
343	0.20679
344	0.20663
345	0.20649
346	0.2064
347	0.20635
349	0.20636
350	0.20641
351	0.2065
352	0.20664
353	0.20682
354	0.20703
355	0.20727
356	0.20752
357	0.20778
358	0.20804
359	0.20829
360	0.20852
361	0.20873
362	0.2089
363	0.20905
364	0.20917
365	0.20925
366	0.20929
367	0.2093
368	0.20927
370	0.20922
371	0.20913
372	0.20902
373	0.20888
374	0.20872
375	0.20853
376	0.20833
377	0.20811
378	0.20788
379	0.20764
380	0.2074
381	0.20718
382	0.20697
383	0.20679
384	0.20664
385	0.20654
386	0.2065
387	0.2065
388	0.20657
389	0.2067
391	0.20689
392	0.20713
393	0.20743
394	0.20776
395	0.20813
396	0.20852
397	0.20893
398	0.20933
399	0.20972
400	0.21009
401	0.21043
402	0.21074
403	0.211
404	0.21121
405	0.21138
406	0.2115
407	0.21156
408	0.21158
409	0.21156
410	0.21149
412	0.21138
413	0.21122
414	0.21103
415	0.21081
416	0.21054
417	0.21023
418	0.20988
419	0.20951
420	0.20911
421	0.2087
422	0.20828
423	0.20787
424	0.20748
425	0.20712
426	0.20681
427	0.20656
428	0.20637
429	0.20625
430	0.2062
431	0.20623
433	0.20632
434	0.20648
435	0.20668
436	0.20692
437	0.20719
438	0.20747
439	0.20775
440	0.20802
441	0.20826
442	0.20848
443	0.20866
444	0.2088
445	0.20889
446	0.20894
447	0.20895
448	0.2089
449	0.20882
450	0.2087
451	0.20855
452	0.20836
454	0.20813
455	0.20787
456	0.20756
457	0.20723
458	0.20686
459	0.20646
460	0.20604
461	0.20559
462	0.20513
463	0.20466
464	0.20421
465	0.20379
466	0.20341
467	0.2031
468	0.20286
469	0.20271
470	0.20266
471	0.20271
472	0.20287
473	0.20313
475	0.20349
476	0.20392
477	0.20443
478	0.20498
479	0.20557
480	0.20617
481	0.20676
482	0.20734
483	0.20788
484	0.20837
485	0.20881
486	0.2092
487	0.20952
488	0.20978
489	0.20998
490	0.21013
491	0.21022
492	0.21026
493	0.21026
494	0.21021
496	0.21011
497	0.20997
498	0.20979
499	0.20956
500	0.20929
501	0.20898
502	0.20865
503	0.20829
504	0.20792
505	0.20755
506	0.2072
507	0.20688
508	0.20662
509	0.20643
510	0.20632
511	0.20631
512	0.20641
513	0.20662
514	0.20693
515	0.20735
517	0.20786
518	0.20844
519	0.20909
520	0.20978
521	0.2105
522	0.21121
523	0.21191
524	0.21257
525	0.21319
526	0.21376
527	0.21425
528	0.21468
529	0.21504
530	0.21533
531	0.21555
532	0.21571
533	0.21582
534	0.21586
535	0.21584
536	0.21577
538	0.21564
539	0.21545
540	0.2152
541	0.21488
542	0.2145
543	0.21406
544	0.21356
545	0.21302
546	0.21245
547	0.21187
548	0.21129
549	0.21074
550	0.21024
551	0.20981
552	0.20948
553	0.20927
554	0.20917
555	0.2092
556	0.20936
557	0.20962
559	0.21
560	0.21047
561	0.21101
562	0.2116
563	0.21221
564	0.21284
565	0.21344
566	0.21403
567	0.21458
568	0.21507
569	0.21552
570	0.2159
571	0.21622
572	0.21648
573	0.21669
574	0.21683
575	0.21691
576	0.21694
577	0.2169
578	0.21679
580	0.21662
581	0.21637
582	0.21605
583	0.21564
584	0.21517
585	0.21462
586	0.21401
587	0.21334
588	0.21265
589	0.21195
590	0.21125
591	0.2106
592	0.21002
593	0.20953
594	0.20916
595	0.20893
596	0.20884
597	0.20891
598	0.20912
599	0.20947
601	0.20995
602	0.21052
603	0.21118
604	0.21189
605	0.21263
606	0.21337
607	0.21409
608	0.21477
609	0.2154
610	0.21597
611	0.21647
612	0.2169
613	0.21726
614	0.21755
615	0.21778
616	0.21795
617	0.21805
618	0.2181
619	0.21808
620	0.218
622	0.21786
623	0.21765
624	0.21738
625	0.21703
626	0.21662
627	0.21615
628	0.21562
629	0.21506
630	0.21447
631	0.21388
632	0.21332
633	0.2128
634	0.21236
635	0.212
636	0.21176
637	0.21164
638	0.21165
639	0.2118
640	0.21208
641	0.21248
643	0.21297
644	0.21355
645	0.21417
646	0.21482
647	0.21547
648	0.21609
649	0.21667
650	0.21718
651	0.21763
652	0.21799
653	0.21828
654	0.21849
655	0.21864
656	0.21872
657	0.21873
658	0.21869
659	0.21859
660	0.21843
661	0.21824
662	0.21799
664	0.2177
665	0.21735
666	0.21694
667	0.21648
668	0.21596
669	0.2154
670	0.21481
671	0.2142
672	0.21358
673	0.21296
674	0.21238
675	0.21184
676	0.21136
677	0.21096
678	0.21067
679	0.2105
680	0.21044
681	0.21051
682	0.2107
683	0.211
685	0.21141
686	0.21188
687	0.21242
688	0.21299
689	0.21358
690	0.21416
691	0.21471
692	0.21522
693	0.21568
694	0.21607
695	0.21639
696	0.21664
697	0.21682
698	0.21695
699	0.21702
700	0.21704
701	0.21702
702	0.21695
703	0.21683
704	0.21667
706	0.21646
707	0.2162
708	0.21589
709	0.21552
710	0.21511
711	0.21465
712	0.21414
713	0.21361
714	0.21305
715	0.2125
716	0.21195
717	0.21145
718	0.211
719	0.21063
720	0.21035
721	0.21018
722	0.21012
723	0.21018
724	0.21036
725	0.21065
727	0.21104
728	0.21153
729	0.21209
730	0.2127
731	0.21335
732	0.214
733	0.21465
734	0.21528
735	0.21587
736	0.21642
737	0.21691
738	0.21735
739	0.21773
740	0.21804
741	0.2183
742	0.21849
743	0.21863
744	0.2187
745	0.21872
746	0.21868
748	0.21857
749	0.2184
750	0.21817
751	0.21788
752	0.21753
753	0.21713
754	0.21668
755	0.21619
756	0.21568
757	0.21516
758	0.21465
759	0.21417
760	0.21373
761	0.21334
762	0.21304
763	0.21284
764	0.21274
765	0.21275
766	0.21288
767	0.21312
769	0.21347
770	0.2139
771	0.21441
772	0.21497
773	0.21557
774	0.21618
775	0.21679
776	0.21737
777	0.21792
778	0.21842
779	0.21887
780	0.21925
781	0.21957
782	0.21982
783	0.22001
784	0.22013
785	0.22018
786	0.22016
787	0.22008
788	0.21993
790	0.2197
791	0.2194
792	0.21903
793	0.21859
794	0.21809
795	0.21752
796	0.2169
797	0.21624
798	0.21556
799	0.21488
800	0.2142
801	0.21355
802	0.21295
803	0.21242
804	0.21198
805	0.21165
806	0.21144
807	0.21135
808	0.2114
809	0.21156
811	0.21184
812	0.21223
813	0.2127
814	0.21324
815	0.21383
816	0.21443
817	0.21503
818	0.21561
819	0.21617
820	0.21667
821	0.21712
822	0.2175
823	0.21782
824	0.21808
825	0.21826
826	0.21839
827	0.21844
828	0.21844
829	0.21837
830	0.21824
832	0.21805
833	0.2178
834	0.2175
835	0.21715
836	0.21675
837	0.2163
838	0.21583
839	0.21534
840	0.21483
841	0.21432
842	0.21383
843	0.21337
844	0.21295
845	0.21259
846	0.2123
847	0.2121
848	0.21199
849	0.21198
850	0.21208
851	0.21228
853	0.21257
854	0.21296
855	0.21342
856	0.21394
857	0.21451
858	0.21511
859	0.21572
860	0.21632
861	0.21691
862	0.21747
863	0.21798
864	0.21845
865	0.21887
866	0.21923
867	0.21952
868	0.21976
869	0.21994
870	0.22004
871	0.22008
872	0.22006
874	0.21998
875	0.21984
876	0.21965
877	0.2194
878	0.2191
879	0.21875
880	0.21837
881	0.21796
882	0.21754
883	0.2171
884	0.21666
885	0.21622
886	0.21581
887	0.21542
888	0.21507
889	0.21477
890	0.21452
891	0.21433
892	0.2142
893	0.21414
895	0.21413
896	0.2142
897	0.21432
898	0.21449
899	0.21471
900	0.21496
901	0.21523
902	0.21551
903	0.2158
904	0.21609
905	0.21637
906	0.21663
907	0.21688
908	0.21709
909	0.21728
910	0.21744
911	0.21756
912	0.21764
913	0.21768
914	0.21768
916	0.21764
917	0.21756
918	0.21743
919	0.21726
920	0.21704
921	0.21679
922	0.21651
923	0.21619
924	0.21586
925	0.21551
926	0.21515
927	0.21479
928	0.21444
929	0.2141
930	0.21378
931	0.2135
932	0.21326
933	0.21307
934	0.21294
935	0.21286
937	0.21285
938	0.2129
939	0.213
940	0.21316
941	0.21336
942	0.2136
943	0.21388
944	0.21417
945	0.21447
946	0.21477
947	0.21507
948	0.21536
949	0.21563
950	0.21587
951	0.21609
952	0.21628
953	0.21644
954	0.21657
955	0.21667
956	0.21672
958	0.21675
959	0.21674
960	0.2167
961	0.21663
962	0.21654
963	0.21642
964	0.21629
965	0.21612
966	0.21594
967	0.21575
968	0.21556
969	0.21536
970	0.21515
971	0.21495
972	0.21476
973	0.2146
974	0.21446
975	0.21436
976	0.21429
977	0.21428
979	0.21431
980	0.2144
981	0.21454
982	0.21474
983	0.21498
984	0.21526
985	0.21558
986	0.21593
987	0.2163
988	0.21667
989	0.21704
990	0.21739
991	0.21771
992	0.218
993	0.21825
994	0.21845
995	0.2186
996	0.21869
997	0.21874
998	0.21872
1000	0.21867
0	-0.005
1	-0.005
2	-0.005
3	-0.005
4	-0.005
5	-0.005
6	-0.005
7	-0.005
8	-0.005
9	-0.005
10	-0.005
11	-0.005
13	-0.005
14	-0.005
15	-0.005
16	-0.005
17	-0.005
18	-0.005
19	-0.005
20	-0.005
21	-0.005
22	-0.005
23	-0.005
24	-0.005
25	-0.005
26	-0.005
27	-0.005
28	-0.005
29	-0.005
30	-0.005
31	-0.005
32	-0.005
34	-0.005
35	-0.005
36	-0.005
37	-0.005
38	-0.005
39	-0.005
40	-0.005
41	-0.005
42	-0.005
43	-0.005
44	-0.005
45	-0.005
46	-0.005
47	-0.005
48	-0.005
49	-0.005
50	-0.005
51	-0.005
52	-0.005
53	-0.005
55	-0.005
56	-0.005
57	-0.005
58	-0.005
59	-0.005
60	-0.005
61	-0.005
62	-0.005
63	-0.005
64	-0.005
65	-0.005
66	-0.005
67	-0.005
68	-0.005
69	-0.005
70	-0.005
71	-0.005
72	-0.005
73	-0.005
74	-0.005
76	-0.005
77	-0.005
78	-0.005
79	-0.005
80	-0.005
81	-0.005
82	-0.005
83	-0.005
84	-0.005
85	-0.005
86	-0.005
87	-0.005
88	-0.005
89	-0.005
90	-0.005
91	-0.005
92	-0.005
93	-0.005
94	-0.005
95	-0.005
97	-0.005
98	-0.005
99	-0.005
100	-0.005
101	-0.005
102	-0.005
103	-0.005
104	-0.005
105	-0.005
106	-0.005
107	-0.005
108	-0.005
109	-0.005
110	-0.005
111	-0.005
112	-0.005
113	-0.005
114	-0.005
115	-0.005
116	-0.005
118	-0.005
119	-0.005
120	-0.005
121	-0.005
122	-0.005
123	-0.005
124	-0.005
125	-0.005
126	-0.005
127	-0.005
128	-0.005
129	-0.005
130	-0.005
131	-0.005
132	-0.005
133	-0.005
134	-0.005
135	-0.005
136	-0.005
137	-0.005
139	-0.005
140	-0.005
141	-0.005
142	-0.005
143	-0.005
144	-0.005
145	-0.005
146	-0.005
147	-0.005
148	-0.005
149	-0.005
150	-0.005
151	-0.005
152	-0.005
153	-0.005
154	-0.005
155	-0.005
156	-0.005
157	-0.005
158	-0.005
160	-0.005
161	-0.005
162	-0.005
163	-0.005
164	-0.005
165	-0.005
166	-0.005
167	-0.005
168	-0.005
169	-0.005
170	-0.005
171	-0.005
172	-0.005
173	-0.005
174	-0.005
175	-0.005
176	-0.005
177	-0.005
178	-0.005
179	-0.005
181	-0.005
182	-0.005
183	-0.005
184	-0.005
185	-0.005
186	-0.005
187	-0.005
188	-0.005
189	-0.005
190	-0.005
191	-0.005
192	-0.005
193	-0.005
194	-0.005
195	-0.005
196	-0.005
197	-0.005
198	-0.005
199	-0.005
200	-0.005
202	-0.005
203	-0.005
204	-0.005
205	-0.005
206	-0.005
207	-0.005
208	-0.005
209	-0.005
210	-0.005
211	-0.005
212	-0.005
213	-0.005
214	-0.005
215	-0.005
216	-0.005
217	-0.005
218	-0.005
219	-0.005
220	-0.005
221	-0.005
223	-0.005
224	-0.005
225	-0.005
226	-0.005
227	-0.005
228	-0.005
229	-0.005
230	-0.005
231	-0.005
232	-0.005
233	-0.005
234	-0.005
235	-0.005
236	-0.005
237	-0.005
238	-0.005
239	-0.005
240	-0.005
241	-0.005
242	-0.005
244	-0.005
245	-0.005
246	-0.005
247	-0.005
248	-0.005
249	-0.005
250	-0.005
251	-0.005
252	-0.005
253	-0.005
254	-0.005
255	-0.005
256	-0.005
257	-0.005
258	-0.005
259	-0.005
260	-0.005
261	-0.005
262	-0.005
263	-0.005
265	-0.005
266	-0.005
267	-0.005
268	-0.005
269	-0.005
270	-0.005
271	-0.005
272	-0.005
273	-0.005
274	-0.005
275	-0.005
276	-0.005
277	-0.005
278	-0.005
279	-0.005
280	-0.005
281	-0.005
282	-0.005
283	-0.005
284	-0.005
286	-0.005
287	-0.005
288	-0.005
289	-0.005
290	-0.005
291	-0.005
292	-0.005
293	-0.005
294	-0.005
295	-0.005
296	-0.005
297	-0.005
298	-0.005
299	-0.005
300	-0.005
301	-0.005
302	-0.005
303	-0.005
304	-0.005
305	-0.005
307	-0.005
308	-0.005
309	-0.005
310	-0.005
311	-0.005
312	-0.005
313	-0.005
314	-0.005
315	-0.005
316	-0.005
317	-0.005
318	-0.005
319	-0.005
320	-0.005
321	-0.005
322	-0.005
323	-0.005
324	-0.005
325	-0.005
326	-0.005
328	-0.005
329	-0.005
330	-0.005
331	-0.005
332	-0.005
333	-0.005
334	-0.005
335	-0.005
336	-0.005
337	-0.005
338	-0.005
339	-0.005
340	-0.005
341	-0.005
342	-0.005
343	-0.005
344	-0.005
345	-0.005
346	-0.005
347	-0.005
349	-0.005
350	-0.005
351	-0.005
352	-0.005
353	-0.005
354	-0.005
355	-0.005
356	-0.005
357	-0.005
358	-0.005
359	-0.005
360	-0.005
361	-0.005
362	-0.005
363	-0.005
364	-0.005
365	-0.005
366	-0.005
367	-0.005
368	-0.005
370	-0.005
371	-0.005
372	-0.005
373	-0.005
374	-0.005
375	-0.005
376	-0.005
377	-0.005
378	-0.005
379	-0.005
380	-0.005
381	-0.005
382	-0.005
383	-0.005
384	-0.005
385	-0.005
386	-0.005
387	-0.005
388	-0.005
389	-0.005
391	-0.005
392	-0.005
393	-0.005
394	-0.005
395	-0.005
396	-0.005
397	-0.005
398	-0.005
399	-0.005
400	-0.005
401	-0.005
402	-0.005
403	-0.005
404	-0.005
405	-0.005
406	-0.005
407	-0.005
408	-0.005
409	-0.005
410	-0.005
412	-0.005
413	-0.005
414	-0.005
415	-0.005
416	-0.005
417	-0.005
418	-0.005
419	-0.005
420	-0.005
421	-0.005
422	-0.005
423	-0.005
424	-0.005
425	-0.005
426	-0.005
427	-0.005
428	-0.005
429	-0.005
430	-0.005
431	-0.005
433	-0.005
434	-0.005
435	-0.005
436	-0.005
437	-0.005
438	-0.005
439	-0.005
440	-0.005
441	-0.005
442	-0.005
443	-0.005
444	-0.005
445	-0.005
446	-0.005
447	-0.005
448	-0.005
449	-0.005
450	-0.005
451	-0.005
452	-0.005
454	-0.005
455	-0.005
456	-0.005
457	-0.005
458	-0.005
459	-0.005
460	-0.005
461	-0.005
462	-0.005
463	-0.005
464	-0.005
465	-0.005
466	-0.005
467	-0.005
468	-0.005
469	-0.005
470	-0.005
471	-0.005
472	-0.005
473	-0.005
475	-0.005
476	-0.005
477	-0.005
478	-0.005
479	-0.005
480	-0.005
481	-0.005
482	-0.005
483	-0.005
484	-0.005
485	-0.005
486	-0.005
487	-0.005
488	-0.005
489	-0.005
490	-0.005
491	-0.005
492	-0.005
493	-0.005
494	-0.005
496	-0.005
497	-0.005
498	-0.005
499	-0.005
500	-0.005
501	-0.005
502	-0.005
503	-0.005
504	-0.005
505	-0.005
506	-0.005
507	-0.005
508	-0.005
509	-0.005
510	-0.005
511	-0.005
512	-0.005
513	-0.005
514	-0.005
515	-0.005
517	-0.005
518	-0.005
519	-0.005
520	-0.005
521	-0.005
522	-0.005
523	-0.005
524	-0.005
525	-0.005
526	-0.005
527	-0.005
528	-0.005
529	-0.005
530	-0.005
531	-0.005
532	-0.005
533	-0.005
534	-0.005
535	-0.005
536	-0.005
538	-0.005
539	-0.005
540	-0.005
541	-0.005
542	-0.005
543	-0.005
544	-0.005
545	-0.005
546	-0.005
547	-0.005
548	-0.005
549	-0.005
550	-0.005
551	-0.005
552	-0.005
553	-0.005
554	-0.005
555	-0.005
556	-0.005
557	-0.005
559	-0.005
560	-0.005
561	-0.005
562	-0.005
563	-0.005
564	-0.005
565	-0.005
566	-0.005
567	-0.005
568	-0.005
569	-0.005
570	-0.005
571	-0.005
572	-0.005
573	-0.005
574	-0.005
575	-0.005
576	-0.005
577	-0.005
578	-0.005
580	-0.005
581	-0.005
582	-0.005
583	-0.005
584	-0.005
585	-0.005
586	-0.005
587	-0.005
588	-0.005
589	-0.005
590	-0.005
591	-0.005
592	-0.005
593	-0.005
594	-0.005
595	-0.005
596	-0.005
597	-0.005
598	-0.005
599	-0.005
601	-0.005
602	-0.005
603	-0.005
604	-0.005
605	-0.005
606	-0.005
607	-0.005
608	-0.005
609	-0.005
610	-0.005
611	-0.005
612	-0.005
613	-0.005
614	-0.005
615	-0.005
616	-0.005
617	-0.005
618	-0.005
619	-0.005
620	-0.005
622	-0.005
623	-0.005
624	-0.005
625	-0.005
626	-0.005
627	-0.005
628	-0.005
629	-0.005
630	-0.005
631	-0.005
632	-0.005
633	-0.005
634	-0.005
635	-0.005
636	-0.005
637	-0.005
638	-0.005
639	-0.005
640	-0.005
641	-0.005
643	-0.005
644	-0.005
645	-0.005
646	-0.005
647	-0.005
648	-0.005
649	-0.005
650	-0.005
651	-0.005
652	-0.005
653	-0.005
654	-0.005
655	-0.005
656	-0.005
657	-0.005
658	-0.005
659	-0.005
660	-0.005
661	-0.005
662	-0.005
664	-0.005
665	-0.005
666	-0.005
667	-0.005
668	-0.005
669	-0.005
670	-0.005
671	-0.005
672	-0.005
673	-0.005
674	-0.005
675	-0.005
676	-0.005
677	-0.005
678	-0.005
679	-0.005
680	-0.005
681	-0.005
682	-0.005
683	-0.005
685	-0.005
686	-0.005
687	-0.005
688	-0.005
689	-0.005
690	-0.005
691	-0.005
692	-0.005
693	-0.005
694	-0.005
695	-0.005
696	-0.005
697	-0.005
698	-0.005
699	-0.005
700	-0.005
701	-0.005
702	-0.005
703	-0.005
704	-0.005
706	-0.005
707	-0.005
708	-0.005
709	-0.005
710	-0.005
711	-0.005
712	-0.005
713	-0.005
714	-0.005
715	-0.005
716	-0.005
717	-0.005
718	-0.005
719	-0.005
720	-0.005
721	-0.005
722	-0.005
723	-0.005
724	-0.005
725	-0.005
727	-0.005
728	-0.005
729	-0.005
730	-0.005
731	-0.005
732	-0.005
733	-0.005
734	-0.005
735	-0.005
736	-0.005
737	-0.005
738	-0.005
739	-0.005
740	-0.005
741	-0.005
742	-0.005
743	-0.005
744	-0.005
745	-0.005
746	-0.005
748	-0.005
749	-0.005
750	-0.005
751	-0.005
752	-0.005
753	-0.005
754	-0.005
755	-0.005
756	-0.005
757	-0.005
758	-0.005
759	-0.005
760	-0.005
761	-0.005
762	-0.005
763	-0.005
764	-0.005
765	-0.005
766	-0.005
767	-0.005
769	-0.005
770	-0.005
771	-0.005
772	-0.005
773	-0.005
774	-0.005
775	-0.005
776	-0.005
777	-0.005
778	-0.005
779	-0.005
780	-0.005
781	-0.005
782	-0.005
783	-0.005
784	-0.005
785	-0.005
786	-0.005
787	-0.005
788	-0.005
790	-0.005
791	-0.005
792	-0.005
793	-0.005
794	-0.005
795	-0.005
796	-0.005
797	-0.005
798	-0.005
799	-0.005
800	-0.005
801	-0.005
802	-0.005
803	-0.005
804	-0.005
805	-0.005
806	-0.005
807	-0.005
808	-0.005
809	-0.005
811	-0.005
812	-0.005
813	-0.005
814	-0.005
815	-0.005
816	-0.005
817	-0.005
818	-0.005
819	-0.005
820	-0.005
821	-0.005
822	-0.005
823	-0.005
824	-0.005
825	-0.005
826	-0.005
827	-0.005
828	-0.005
829	-0.005
830	-0.005
832	-0.005
833	-0.005
834	-0.005
835	-0.005
836	-0.005
837	-0.005
838	-0.005
839	-0.005
840	-0.005
841	-0.005
842	-0.005
843	-0.005
844	-0.005
845	-0.005
846	-0.005
847	-0.005
848	-0.005
849	-0.005
850	-0.005
851	-0.005
853	-0.005
854	-0.005
855	-0.005
856	-0.005
857	-0.005
858	-0.005
859	-0.005
860	-0.005
861	-0.005
862	-0.005
863	-0.005
864	-0.005
865	-0.005
866	-0.005
867	-0.005
868	-0.005
869	-0.005
870	-0.005
871	-0.005
872	-0.005
874	-0.005
875	-0.005
876	-0.005
877	-0.005
878	-0.005
879	-0.005
880	-0.005
881	-0.005
882	-0.005
883	-0.005
884	-0.005
885	-0.005
886	-0.005
887	-0.005
888	-0.005
889	-0.005
890	-0.005
891	-0.005
892	-0.005
893	-0.005
895	-0.005
896	-0.005
897	-0.005
898	-0.005
899	-0.005
900	-0.005
901	-0.005
902	-0.005
903	-0.005
904	-0.005
905	-0.005
906	-0.005
907	-0.005
908	-0.005
909	-0.005
910	-0.005
911	-0.005
912	-0.005
913	-0.005
914	-0.005
916	-0.005
917	-0.005
918	-0.005
919	-0.005
920	-0.005
921	-0.005
922	-0.005
923	-0.005
924	-0.005
925	-0.005
926	-0.005
927	-0.005
928	-0.005
929	-0.005
930	-0.005
931	-0.005
932	-0.005
933	-0.005
934	-0.005
935	-0.005
937	-0.005
938	-0.005
939	-0.005
940	-0.005
941	-0.005
942	-0.005
943	-0.005
944	-0.005
945	-0.005
946	-0.005
947	-0.005
948	-0.005
949	-0.005
950	-0.005
951	-0.005
952	-0.005
953	-0.005
954	-0.005
955	-0.005
956	-0.005
958	-0.005
959	-0.005
960	-0.005
961	-0.005
962	-0.005
963	-0.005
964	-0.005
965	-0.005
966	-0.005
967	-0.005
968	-0.005
969	-0.005
970	-0.005
971	-0.005
972	-0.005
973	-0.005
974	-0.005
975	-0.005
976	-0.005
977	-0.005
979	-0.005
980	-0.005
981	-0.005
982	-0.005
983	-0.005
984	-0.005
985	-0.005
986	-0.005
987	-0.005
988	-0.005
989	-0.005
990	-0.005
991	-0.005
992	-0.005
993	-0.005
994	-0.005
995	-0.005
996	-0.005
997	-0.005
998	-0.005
1000	-0.005
0	-0.005
1	-0.005
2	-0.005
3	-0.005
4	-0.005
5	-0.005
6	-0.005
7	-0.005
8	-0.005
9	-0.005
10	-0.005
11	-0.005
13	-0.005
14	-0.005
15	-0.005
16	-0.005
17	-0.005
18	-0.005
19	-0.005
20	-0.005
21	-0.005
22	-0.005
23	-0.005
24	-0.005
25	-0.005
26	-0.005
27	-0.005
28	-0.005
29	-0.005
30	-0.005
31	-0.005
32	-0.005
34	-0.005
35	-0.005
36	-0.005
37	-0.005
38	-0.005
39	-0.005
40	-0.005
41	-0.005
42	-0.005
43	-0.005
44	-0.005
45	-0.005
46	-0.005
47	-0.005
48	-0.005
49	-0.005
50	-0.005
51	-0.005
52	-0.005
53	-0.005
55	-0.005
56	-0.005
57	-0.005
58	-0.005
59	-0.005
60	-0.005
61	-0.005
62	-0.005
63	-0.005
64	-0.005
65	-0.005
66	-0.005
67	-0.005
68	-0.005
69	-0.005
70	-0.005
71	-0.005
72	-0.005
73	-0.005
74	-0.005
76	-0.005
77	-0.005
78	-0.005
79	-0.005
80	-0.005
81	-0.005
82	-0.005
83	-0.005
84	-0.005
85	-0.005
86	-0.005
87	-0.005
88	-0.005
89	-0.005
90	-0.005
91	-0.005
92	-0.005
93	-0.005
94	-0.005
95	-0.005
97	-0.005
98	-0.005
99	-0.005
100	-0.005
101	-0.005
102	-0.005
103	-0.005
104	-0.005
105	-0.005
106	-0.005
107	-0.005
108	-0.005
109	-0.005
110	-0.005
111	-0.005
112	-0.005
113	-0.005
114	-0.005
115	-0.005
116	-0.005
118	-0.005
119	-0.005
120	-0.005
121	-0.005
122	-0.005
123	-0.005
124	-0.005
125	-0.005
126	-0.005
127	-0.005
128	-0.005
129	-0.005
130	-0.005
131	-0.005
132	-0.005
133	-0.005
134	-0.005
135	-0.005
136	-0.005
137	-0.005
139	-0.005
140	-0.005
141	-0.005
142	-0.005
143	-0.005
144	-0.005
145	-0.005
146	-0.005
147	-0.005
148	-0.005
149	-0.005
150	-0.005
151	-0.005
152	-0.005
153	-0.005
154	-0.005
155	-0.005
156	-0.005
157	-0.005
158	-0.005
160	-0.005
161	-0.005
162	-0.005
163	-0.005
164	-0.005
165	-0.005
166	-0.005
167	-0.005
168	-0.005
169	-0.005
170	-0.005
171	-0.005
172	-0.005
173	-0.005
174	-0.005
175	-0.005
176	-0.005
177	-0.005
178	-0.005
179	-0.005
181	-0.005
182	-0.005
183	-0.005
184	-0.005
185	-0.005
186	-0.005
187	-0.005
188	-0.005
189	-0.005
190	-0.005
191	-0.005
192	-0.005
193	-0.005
194	-0.005
195	-0.005
196	-0.005
197	-0.005
198	-0.005
199	-0.005
200	-0.005
202	-0.005
203	-0.005
204	-0.005
205	-0.005
206	-0.005
207	-0.005
208	-0.005
209	-0.005
210	-0.005
211	-0.005
212	-0.005
213	-0.005
214	-0.005
215	-0.005
216	-0.005
217	-0.005
218	-0.005
219	-0.005
220	-0.005
221	-0.005
223	-0.005
224	-0.005
225	-0.005
226	-0.005
227	-0.005
228	-0.005
229	-0.005
230	-0.005
231	-0.005
232	-0.005
233	-0.005
234	-0.005
235	-0.005
236	-0.005
237	-0.005
238	-0.005
239	-0.005
240	-0.005
241	-0.005
242	-0.005
244	-0.005
245	-0.005
246	-0.005
247	-0.005
248	-0.005
249	-0.005
250	-0.005
251	-0.005
252	-0.005
253	-0.005
254	-0.005
255	-0.005
256	-0.005
257	-0.005
258	-0.005
259	-0.005
260	-0.005
261	-0.005
262	-0.005
263	-0.005
265	-0.005
266	-0.005
267	-0.005
268	-0.005
269	-0.005
270	-0.005
271	-0.005
272	-0.005
273	-0.005
274	-0.005
275	-0.005
276	-0.005
277	-0.005
278	-0.005
279	-0.005
280	-0.005
281	-0.005
282	-0.005
283	-0.005
284	-0.005
286	-0.005
287	-0.005
288	-0.005
289	-0.005
290	-0.005
291	-0.005
292	-0.005
293	-0.005
294	-0.005
295	-0.005
296	-0.005
297	-0.005
298	-0.005
299	-0.005
300	-0.005
301	-0.005
302	-0.005
303	-0.005
304	-0.005
305	-0.005
307	-0.005
308	-0.005
309	-0.005
310	-0.005
311	-0.005
312	-0.005
313	-0.005
314	-0.005
315	-0.005
316	-0.005
317	-0.005
318	-0.005
319	-0.005
320	-0.005
321	-0.005
322	-0.005
323	-0.005
324	-0.005
325	-0.005
326	-0.005
328	-0.005
329	-0.005
330	-0.005
331	-0.005
332	-0.005
333	-0.005
334	-0.005
335	-0.005
336	-0.005
337	-0.005
338	-0.005
339	-0.005
340	-0.005
341	-0.005
342	-0.005
343	-0.005
344	-0.005
345	-0.005
346	-0.005
347	-0.005
349	-0.005
350	-0.005
351	-0.005
352	-0.005
353	-0.005
354	-0.005
355	-0.005
356	-0.005
357	-0.005
358	-0.005
359	-0.005
360	-0.005
361	-0.005
362	-0.005
363	-0.005
364	-0.005
365	-0.005
366	-0.005
367	-0.005
368	-0.005
370	-0.005
371	-0.005
372	-0.005
373	-0.005
374	-0.005
375	-0.005
376	-0.005
377	-0.005
378	-0.005
379	-0.005
380	-0.005
381	-0.005
382	-0.005
383	-0.005
384	-0.005
385	-0.005
386	-0.005
387	-0.005
388	-0.005
389	-0.005
391	-0.005
392	-0.005
393	-0.005
394	-0.005
395	-0.005
396	-0.005
397	-0.005
398	-0.005
399	-0.005
400	-0.005
401	-0.005
402	-0.005
403	-0.005
404	-0.005
405	-0.005
406	-0.005
407	-0.005
408	-0.005
409	-0.005
410	-0.005
412	-0.005
413	-0.005
414	-0.005
415	-0.005
416	-0.005
417	-0.005
418	-0.005
419	-0.005
420	-0.005
421	-0.005
422	-0.005
423	-0.005
424	-0.005
425	-0.005
426	-0.005
427	-0.005
428	-0.005
429	-0.005
430	-0.005
431	-0.005
433	-0.005
434	-0.005
435	-0.005
436	-0.005
437	-0.005
438	-0.005
439	-0.005
440	-0.005
441	-0.005
442	-0.005
443	-0.005
444	-0.005
445	-0.005
446	-0.005
447	-0.005
448	-0.005
449	-0.005
450	-0.005
451	-0.005
452	-0.005
454	-0.005
455	-0.005
456	-0.005
457	-0.005
458	-0.005
459	-0.005
460	-0.005
461	-0.005
462	-0.005
463	-0.005
464	-0.005
465	-0.005
466	-0.005
467	-0.005
468	-0.005
469	-0.005
470	-0.005
471	-0.005
472	-0.005
473	-0.005
475	-0.005
476	-0.005
477	-0.005
478	-0.005
479	-0.005
480	-0.005
481	-0.005
482	-0.005
483	-0.005
484	-0.005
485	-0.005
486	-0.005
487	-0.005
488	-0.005
489	-0.005
490	-0.005
491	-0.005
492	-0.005
493	-0.005
494	-0.005
496	-0.005
497	-0.005
498	-0.005
499	-0.005
500	-0.005
501	-0.005
502	-0.005
503	-0.005
504	-0.005
505	-0.005
506	-0.005
507	-0.005
508	-0.005
509	-0.005
510	-0.005
511	-0.005
512	-0.005
513	-0.005
514	-0.005
515	-0.005
517	-0.005
518	-0.005
519	-0.005
520	-0.005
521	-0.005
522	-0.005
523	-0.005
524	-0.005
525	-0.005
526	-0.005
527	-0.005
528	-0.005
529	-0.005
530	-0.005
531	-0.005
532	-0.005
533	-0.005
534	-0.005
535	-0.005
536	-0.005
538	-0.005
539	-0.005
540	-0.005
541	-0.005
542	-0.005
543	-0.005
544	-0.005
545	-0.005
546	-0.005
547	-0.005
548	-0.005
549	-0.005
550	-0.005
551	-0.005
552	-0.005
553	-0.005
554	-0.005
555	-0.005
556	-0.005
557	-0.005
559	-0.005
560	-0.005
561	-0.005
562	-0.005
563	-0.005
564	-0.005
565	-0.005
566	-0.005
567	-0.005
568	-0.005
569	-0.005
570	-0.005
571	-0.005
572	-0.005
573	-0.005
574	-0.005
575	-0.005
576	-0.005
577	-0.005
578	-0.005
580	-0.005
581	-0.005
582	-0.005
583	-0.005
584	-0.005
585	-0.005
586	-0.005
587	-0.005
588	-0.005
589	-0.005
590	-0.005
591	-0.005
592	-0.005
593	-0.005
594	-0.005
595	-0.005
596	-0.005
597	-0.005
598	-0.005
599	-0.005
601	-0.005
602	-0.005
603	-0.005
604	-0.005
605	-0.005
606	-0.005
607	-0.005
608	-0.005
609	-0.005
610	-0.005
611	-0.005
612	-0.005
613	-0.005
614	-0.005
615	-0.005
616	-0.005
617	-0.005
618	-0.005
619	-0.005
620	-0.005
622	-0.005
623	-0.005
624	-0.005
625	-0.005
626	-0.005
627	-0.005
628	-0.005
629	-0.005
630	-0.005
631	-0.005
632	-0.005
633	-0.005
634	-0.005
635	-0.005
636	-0.005
637	-0.005
638	-0.005
639	-0.005
640	-0.005
641	-0.005
643	-0.005
644	-0.005
645	-0.005
646	-0.005
647	-0.005
648	-0.005
649	-0.005
650	-0.005
651	-0.005
652	-0.005
653	-0.005
654	-0.005
655	-0.005
656	-0.005
657	-0.005
658	-0.005
659	-0.005
660	-0.005
661	-0.005
662	-0.005
664	-0.005
665	-0.005
666	-0.005
667	-0.005
668	-0.005
669	-0.005
670	-0.005
671	-0.005
672	-0.005
673	-0.005
674	-0.005
675	-0.005
676	-0.005
677	-0.005
678	-0.005
679	-0.005
680	-0.005
681	-0.005
682	-0.005
683	-0.005
685	-0.005
686	-0.005
687	-0.005
688	-0.005
689	-0.005
690	-0.005
691	-0.005
692	-0.005
693	-0.005
694	-0.005
695	-0.005
696	-0.005
697	-0.005
698	-0.005
699	-0.005
700	-0.005
701	-0.005
702	-0.005
703	-0.005
704	-0.005
706	-0.005
707	-0.005
708	-0.005
709	-0.005
710	-0.005
711	-0.005
712	-0.005
713	-0.005
714	-0.005
715	-0.005
716	-0.005
717	-0.005
718	-0.005
719	-0.005
720	-0.005
721	-0.005
722	-0.005
723	-0.005
724	-0.005
725	-0.005
727	-0.005
728	-0.005
729	-0.005
730	-0.005
731	-0.005
732	-0.005
733	-0.005
734	-0.005
735	-0.005
736	-0.005
737	-0.005
738	-0.005
739	-0.005
740	-0.005
741	-0.005
742	-0.005
743	-0.005
744	-0.005
745	-0.005
746	-0.005
748	-0.005
749	-0.005
750	-0.005
751	-0.005
752	-0.005
753	-0.005
754	-0.005
755	-0.005
756	-0.005
757	-0.005
758	-0.005
759	-0.005
760	-0.005
761	-0.005
762	-0.005
763	-0.005
764	-0.005
765	-0.005
766	-0.005
767	-0.005
769	-0.005
770	-0.005
771	-0.005
772	-0.005
773	-0.005
774	-0.005
775	-0.005
776	-0.005
777	-0.005
778	-0.005
779	-0.005
780	-0.005
781	-0.005
782	-0.005
783	-0.005
784	-0.005
785	-0.005
786	-0.005
787	-0.005
788	-0.005
790	-0.005
791	-0.005
792	-0.005
793	-0.005
794	-0.005
795	-0.005
796	-0.005
797	-0.005
798	-0.005
799	-0.005
800	-0.005
801	-0.005
802	-0.005
803	-0.005
804	-0.005
805	-0.005
806	-0.005
807	-0.005
808	-0.005
809	-0.005
811	-0.005
812	-0.005
813	-0.005
814	-0.005
815	-0.005
816	-0.005
817	-0.005
818	-0.005
819	-0.005
820	-0.005
821	-0.005
822	-0.005
823	-0.005
824	-0.005
825	-0.005
826	-0.005
827	-0.005
828	-0.005
829	-0.005
830	-0.005
832	-0.005
833	-0.005
834	-0.005
835	-0.005
836	-0.005
837	-0.005
838	-0.005
839	-0.005
840	-0.005
841	-0.005
842	-0.005
843	-0.005
844	-0.005
845	-0.005
846	-0.005
847	-0.005
848	-0.005
849	-0.005
850	-0.005
851	-0.005
853	-0.005
854	-0.005
855	-0.005
856	-0.005
857	-0.005
858	-0.005
859	-0.005
860	-0.005
861	-0.005
862	-0.005
863	-0.005
864	-0.005
865	-0.005
866	-0.005
867	-0.005
868	-0.005
869	-0.005
870	-0.005
871	-0.005
872	-0.005
874	-0.005
875	-0.005
876	-0.005
877	-0.005
878	-0.005
879	-0.005
880	-0.005
881	-0.005
882	-0.005
883	-0.005
884	-0.005
885	-0.005
886	-0.005
887	-0.005
888	-0.005
889	-0.005
890	-0.005
891	-0.005
892	-0.005
893	-0.005
895	-0.005
896	-0.005
897	-0.005
898	-0.005
899	-0.005
900	-0.005
901	-0.005
902	-0.005
903	-0.005
904	-0.005
905	-0.005
906	-0.005
907	-0.005
908	-0.005
909	-0.005
910	-0.005
911	-0.005
912	-0.005
913	-0.005
914	-0.005
916	-0.005
917	-0.005
918	-0.005
919	-0.005
920	-0.005
921	-0.005
922	-0.005
923	-0.005
924	-0.005
925	-0.005
926	-0.005
927	-0.005
928	-0.005
929	-0.005
930	-0.005
931	-0.005
932	-0.005
933	-0.005
934	-0.005
935	-0.005
937	-0.005
938	-0.005
939	-0.005
940	-0.005
941	-0.005
942	-0.005
943	-0.005
944	-0.005
945	-0.005
946	-0.005
947	-0.005
948	-0.005
949	-0.005
950	-0.005
951	-0.005
952	-0.005
953	-0.005
954	-0.005
955	-0.005
956	-0.005
958	-0.005
959	-0.005
960	-0.005
961	-0.005
962	-0.005
963	-0.005
964	-0.005
965	-0.005
966	-0.005
967	-0.005
968	-0.005
969	-0.005
970	-0.005
971	-0.005
972	-0.005
973	-0.005
974	-0.005
975	-0.005
976	-0.005
977	-0.005
979	-0.005
980	-0.005
981	-0.005
982	-0.005
983	-0.005
984	-0.005
985	-0.005
986	-0.005
987	-0.005
988	-0.005
989	-0.005
990	-0.005
991	-0.005
992	-0.005
993	-0.005
994	-0.005
995	-0.005
996	-0.005
997	-0.005
998	-0.005
1000	-0.005
0	0.21701
1	0.21707
2	0.21709
3	0.21707
4	0.217
5	0.21688
6	0.21672
7	0.2165
8	0.21624
9	0.21593
10	0.21556
11	0.21515
13	0.21471
14	0.21423
15	0.21374
16	0.21323
17	0.21273
18	0.21224
19	0.21179
20	0.21137
21	0.21102
22	0.21074
23	0.21053
24	0.21039
25	0.21034
26	0.21037
27	0.21046
28	0.21063
29	0.21084
30	0.2111
31	0.2114
32	0.21172
34	0.21204
35	0.21236
36	0.21268
37	0.21298
38	0.21326
39	0.21352
40	0.21375
41	0.21395
42	0.21412
43	0.21426
44	0.21436
45	0.21443
46	0.21446
47	0.21446
48	0.21441
49	0.21433
50	0.21421
51	0.21405
52	0.21386
53	0.21364
55	0.2134
56	0.21315
57	0.21289
58	0.21264
59	0.2124
60	0.21218
61	0.212
62	0.21187
63	0.21179
64	0.21177
65	0.21182
66	0.21193
67	0.2121
68	0.21233
69	0.2126
70	0.21291
71	0.21325
72	0.21361
73	0.21397
74	0.21434
76	0.21468
77	0.21501
78	0.21532
79	0.21559
80	0.21584
81	0.21606
82	0.21624
83	0.2164
84	0.21652
85	0.21661
86	0.21666
87	0.21668
88	0.21667
89	0.21661
90	0.21651
91	0.21638
92	0.21621
93	0.21601
94	0.21578
95	0.21552
97	0.21525
98	0.21497
99	0.21469
100	0.21442
101	0.21417
102	0.21394
103	0.21374
104	0.21358
105	0.21347
106	0.2134
107	0.21338
108	0.2134
109	0.21347
110	0.21357
111	0.2137
112	0.21385
113	0.21402
114	0.2142
115	0.21438
116	0.21455
118	0.21471
119	0.21486
120	0.21498
121	0.21509
122	0.21517
123	0.21522
124	0.21525
125	0.21524
126	0.2152
127	0.21513
128	0.21503
129	0.2149
130	0.21474
131	0.21454
132	0.21432
133	0.21406
134	0.21379
135	0.2135
136	0.2132
137	0.21291
139	0.21261
140	0.21233
141	0.21207
142	0.21184
143	0.21164
144	0.21148
145	0.21137
146	0.2113
147	0.21128
148	0.21131
149	0.21138
150	0.2115
151	0.21164
152	0.21182
153	0.21201
154	0.21223
155	0.21245
156	0.21267
157	0.21288
158	0.21309
160	0.21328
161	0.21346
162	0.21361
163	0.21374
164	0.21384
165	0.21392
166	0.21397
167	0.21399
168	0.21399
169	0.21396
170	0.2139
171	0.21381
172	0.21369
173	0.21355
174	0.21338
175	0.2132
176	0.213
177	0.21279
178	0.21258
179	0.21236
181	0.21216
182	0.21198
183	0.21182
184	0.21168
185	0.21158
186	0.21151
187	0.21148
188	0.21148
189	0.21152
190	0.21159
191	0.21168
192	0.2118
193	0.21194
194	0.21208
195	0.21223
196	0.21238
197	0.21252
198	0.21264
199	0.21276
200	0.21285
202	0.21293
203	0.21298
204	0.21301
205	0.21302
206	0.213
207	0.21296
208	0.21289
209	0.21279
210	0.21267
211	0.21251
212	0.21232
213	0.21211
214	0.21187
215	0.21161
216	0.21133
217	0.21104
218	0.21074
219	0.21044
220	0.21014
221	0.20986
223	0.2096
224	0.20936
225	0.20916
226	0.20899
227	0.20885
228	0.20875
229	0.20869
230	0.20866
231	0.20866
232	0.20868
233	0.20872
234	0.20878
235	0.20884
236	0.2089
237	0.20896
238	0.20901
239	0.20904
240	0.20906
241	0.20906
242	0.20905
244	0.20901
245	0.20895
246	0.20888
247	0.20878
248	0.20867
249	0.20853
250	0.20837
251	0.20818
252	0.20797
253	0.20773
254	0.20748
255	0.20719
256	0.2069
257	0.2066
258	0.20629
259	0.20599
260	0.2057
261	0.20543
262	0.20519
263	0.205
265	0.20485
266	0.20475
267	0.2047
268	0.20471
269	0.20477
270	0.20488
271	0.20503
272	0.20523
273	0.20546
274	0.20571
275	0.20598
276	0.20625
277	0.20653
278	0.2068
279	0.20706
280	0.2073
281	0.20753
282	0.20775
283	0.20794
284	0.20811
286	0.20827
287	0.20841
288	0.20853
289	0.20865
290	0.20875
291	0.20883
292	0.2089
293	0.20895
294	0.20899
295	0.20901
296	0.20901
297	0.20901
298	0.209
299	0.20899
300	0.20897
301	0.20897
302	0.20898
303	0.20902
304	0.20908
305	0.20917
307	0.2093
308	0.20947
309	0.20967
310	0.20991
311	0.21018
312	0.21048
313	0.2108
314	0.21113
315	0.21147
316	0.21181
317	0.21214
318	0.21245
319	0.21273
320	0.213
321	0.21323
322	0.21343
323	0.21359
324	0.21373
325	0.21383
326	0.2139
328	0.21394
329	0.21396
330	0.21394
331	0.2139
332	0.21383
333	0.21374
334	0.21362
335	0.21347
336	0.2133
337	0.2131
338	0.21289
339	0.21266
340	0.21243
341	0.2122
342	0.21199
343	0.21179
344	0.21163
345	0.21149
346	0.2114
347	0.21135
349	0.21136
350	0.21141
351	0.2115
352	0.21164
353	0.21182
354	0.21203
355	0.21227
356	0.21252
357	0.21278
358	0.21304
359	0.21329
360	0.21352
361	0.21373
362	0.2139
363	0.21405
364	0.21417
365	0.21425
366	0.21429
367	0.2143
368	0.21427
370	0.21422
371	0.21413
372	0.21402
373	0.21388
374	0.21372
375	0.21353
376	0.21333
377	0.21311
378	0.21288
379	0.21264
380	0.2124
381	0.21218
382	0.21197
383	0.21179
384	0.21164
385	0.21154
386	0.2115
387	0.2115
388	0.21157
389	0.2117
391	0.21189
392	0.21213
393	0.21243
394	0.21276
395	0.21313
396	0.21352
397	0.21393
398	0.21433
399	0.21472
400	0.21509
401	0.21543
402	0.21574
403	0.216
404	0.21621
405	0.21638
406	0.2165
407	0.21656
408	0.21658
409	0.21656
410	0.21649
412	0.21638
413	0.21622
414	0.21603
415	0.21581
416	0.21554
417	0.21523
418	0.21488
419	0.21451
420	0.21411
421	0.2137
422	0.21328
423	0.21287
424	0.21248
425	0.21212
426	0.21181
427	0.21156
428	0.21137
429	0.21125
430	0.2112
431	0.21123
433	0.21132
434	0.21148
435	0.21168
436	0.21192
437	0.21219
438	0.21247
439	0.21275
440	0.21302
441	0.21326
442	0.21348
443	0.21366
444	0.2138
445	0.21389
446	0.21394
447	0.21395
448	0.2139
449	0.21382
450	0.2137
451	0.21355
452	0.21336
454	0.21313
455	0.21287
456	0.21256
457	0.21223
458	0.21186
459	0.21146
460	0.21104
461	0.21059
462	0.21013
463	0.20966
464	0.20921
465	0.20879
466	0.20841
467	0.2081
468	0.20786
469	0.20771
470	0.20766
471	0.20771
472	0.20787
473	0.20813
475	0.20849
476	0.20892
477	0.20943
478	0.20998
479	0.21057
480	0.21117
481	0.21176
482	0.21234
483	0.21288
484	0.21337
485	0.21381
486	0.2142
487	0.21452
488	0.21478
489	0.21498
490	0.21513
491	0.21522
492	0.21526
493	0.21526
494	0.21521
496	0.21511
497	0.21497
498	0.21479
499	0.21456
500	0.21429
501	0.21398
502	0.21365
503	0.21329
504	0.21292
505	0.21255
506	0.2122
507	0.21188
508	0.21162
509	0.21143
510	0.21132
511	0.21131
512	0.21141
513	0.21162
514	0.21193
515	0.21235
517	0.21286
518	0.21344
519	0.21409
520	0.21478
521	0.2155
522	0.21621
523	0.21691
524	0.21757
525	0.21819
526	0.21876
527	0.21925
528	0.21968
529	0.22004
530	0.22033
531	0.22055
532	0.22071
533	0.22082
534	0.22086
535	0.22084
536	0.22077
538	0.22064
539	0.22045
540	0.2202
541	0.21988
542	0.2195
543	0.21906
544	0.21856
545	0.21802
546	0.21745
547	0.21687
548	0.21629
549	0.21574
550	0.21524
551	0.21481
552	0.21448
553	0.21427
554	0.21417
555	0.2142
556	0.21436
557	0.21462
559	0.215
560	0.21547
561	0.21601
562	0.2166
563	0.21721
564	0.21784
565	0.21844
566	0.21903
567	0.21958
568	0.22007
569	0.22052
570	0.2209
571	0.22122
572	0.22148
573	0.22169
574	0.22183
575	0.22191
576	0.22194
577	0.2219
578	0.22179
580	0.22162
581	0.22137
582	0.22105
583	0.22064
584	0.22017
585	0.21962
586	0.21901
587	0.21834
588	0.21765
589	0.21695
590	0.21625
591	0.2156
592	0.21502
593	0.21453
594	0.21416
595	0.21393
596	0.21384
597	0.21391
598	0.21412
599	0.21447
601	0.21495
602	0.21552
603	0.21618
604	0.21689
605	0.21763
606	0.21837
607	0.21909
608	0.21977
609	0.2204
610	0.22097
611	0.22147
612	0.2219
613	0.22226
614	0.22255
615	0.22278
616	0.22295
617	0.22305
618	0.2231
619	0.22308
620	0.223
622	0.22286
623	0.22265
624	0.22238
625	0.22203
626	0.22162
627	0.22115
628	0.22062
629	0.22006
630	0.21947
631	0.21888
632	0.21832
633	0.2178
634	0.21736
635	0.217
636	0.21676
637	0.21664
638	0.21665
639	0.2168
640	0.21708
641	0.21748
643	0.21797
644	0.21855
645	0.21917
646	0.21982
647	0.22047
648	0.22109
649	0.22167
650	0.22218
651	0.22263
652	0.22299
653	0.22328
654	0.22349
655	0.22364
656	0.22372
657	0.22373
658	0.22369
659	0.22359
660	0.22343
661	0.22324
662	0.22299
664	0.2227
665	0.22235
666	0.22194
667	0.22148
668	0.22096
669	0.2204
670	0.21981
671	0.2192
672	0.21858
673	0.21796
674	0.21738
675	0.21684
676	0.21636
677	0.21596
678	0.21567
679	0.2155
680	0.21544
681	0.21551
682	0.2157
683	0.216
685	0.21641
686	0.21688
687	0.21742
688	0.21799
689	0.21858
690	0.21916
691	0.21971
692	0.22022
693	0.22068
694	0.22107
695	0.22139
696	0.22164
697	0.22182
698	0.22195
699	0.22202
700	0.22204
701	0.22202
702	0.22195
703	0.22183
704	0.22167
706	0.22146
707	0.2212
708	0.22089
709	0.22052
710	0.22011
711	0.21965
712	0.21914
713	0.21861
714	0.21805
715	0.2175
716	0.21695
717	0.21645
718	0.216
719	0.21563
720	0.21535
721	0.21518
722	0.21512
723	0.21518
724	0.21536
725	0.21565
727	0.21604
728	0.21653
729	0.21709
730	0.2177
731	0.21835
732	0.219
733	0.21965
734	0.22028
735	0.22087
736	0.22142
737	0.22191
738	0.22235
739	0.22273
740	0.22304
741	0.2233
742	0.22349
743	0.22363
744	0.2237
745	0.22372
746	0.22368
748	0.22357
749	0.2234
750	0.22317
751	0.22288
752	0.22253
753	0.22213
754	0.22168
755	0.22119
756	0.22068
757	0.22016
758	0.21965
759	0.21917
760	0.21873
761	0.21834
762	0.21804
763	0.21784
764	0.21774
765	0.21775
766	0.21788
767	0.21812
769	0.21847
770	0.2189
771	0.21941
772	0.21997
773	0.22057
774	0.22118
775	0.22179
776	0.22237
777	0.22292
778	0.22342
779	0.22387
780	0.22425
781	0.22457
782	0.22482
783	0.22501
784	0.22513
785	0.22518
786	0.22516
787	0.22508
788	0.22493
790	0.2247
791	0.2244
792	0.22403
793	0.22359
794	0.22309
795	0.22252
796	0.2219
797	0.22124
798	0.22056
799	0.21988
800	0.2192
801	0.21855
802	0.21795
803	0.21742
804	0.21698
805	0.21665
806	0.21644
807	0.21635
808	0.2164
809	0.21656
811	0.21684
812	0.21723
813	0.2177
814	0.21824
815	0.21883
816	0.21943
817	0.22003
818	0.22061
819	0.22117
820	0.22167
821	0.22212
822	0.2225
823	0.22282
824	0.22308
825	0.22326
826	0.22339
827	0.22344
828	0.22344
829	0.22337
830	0.22324
832	0.22305
833	0.2228
834	0.2225
835	0.22215
836	0.22175
837	0.2213
838	0.22083
839	0.22034
840	0.21983
841	0.21932
842	0.21883
843	0.21837
844	0.21795
845	0.21759
846	0.2173
847	0.2171
848	0.21699
849	0.21698
850	0.21708
851	0.21728
853	0.21757
854	0.21796
855	0.21842
856	0.21894
857	0.21951
858	0.22011
859	0.22072
860	0.22132
861	0.22191
862	0.22247
863	0.22298
864	0.22345
865	0.22387
866	0.22423
867	0.22452
868	0.22476
869	0.22494
870	0.22504
871	0.22508
872	0.22506
874	0.22498
875	0.22484
876	0.22465
877	0.2244
878	0.2241
879	0.22375
880	0.22337
881	0.22296
882	0.22254
883	0.2221
884	0.22166
885	0.22122
886	0.22081
887	0.22042
888	0.22007
889	0.21977
890	0.21952
891	0.21933
892	0.2192
893	0.21914
895	0.21913
896	0.2192
897	0.21932
898	0.21949
899	0.21971
900	0.21996
901	0.22023
902	0.22051
903	0.2208
904	0.22109
905	0.22137
906	0.22163
907	0.22188
908	0.22209
909	0.22228
910	0.22244
911	0.22256
912	0.22264
913	0.22268
914	0.22268
916	0.22264
917	0.22256
918	0.22243
919	0.22226
920	0.22204
921	0.22179
922	0.22151
923	0.22119
924	0.22086
925	0.22051
926	0.22015
927	0.21979
928	0.21944
929	0.2191
930	0.21878
931	0.2185
932	0.21826
933	0.21807
934	0.21794
935	0.21786
937	0.21785
938	0.2179
939	0.218
940	0.21816
941	0.21836
942	0.2186
943	0.21888
944	0.21917
945	0.21947
946	0.21977
947	0.22007
948	0.22036
949	0.22063
950	0.22087
951	0.22109
952	0.22128
953	0.22144
954	0.22157
955	0.22167
956	0.22172
958	0.22175
959	0.22174
960	0.2217
961	0.22163
962	0.22154
963	0.22142
964	0.22129
965	0.22112
966	0.22094
967	0.22075
968	0.22056
969	0.22036
970	0.22015
971	0.21995
972	0.21976
973	0.2196
974	0.21946
975	0.21936
976	0.21929
977	0.21928
979	0.21931
980	0.2194
981	0.21954
982	0.21974
983	0.21998
984	0.22026
985	0.22058
986	0.22093
987	0.2213
988	0.22167
989	0.22204
990	0.22239
991	0.22271
992	0.223
993	0.22325
994	0.22345
995	0.2236
996	0.22369
997	0.22374
998	0.22372
1000	0.22367
0	0.47247
1	0.47253
2	0.4725
3	0.47239
4	0.47217
5	0.47187
6	0.47146
7	0.47095
8	0.47034
9	0.46965
10	0.46885
11	0.46798
13	0.46706
14	0.46607
15	0.46506
16	0.46405
17	0.46305
18	0.46211
19	0.46123
20	0.46046
21	0.45981
22	0.4593
23	0.45894
24	0.45874
25	0.4587
26	0.4588
27	0.45904
28	0.45941
29	0.45987
30	0.46042
31	0.46102
32	0.46167
34	0.46231
35	0.46296
36	0.46357
37	0.46415
38	0.46468
39	0.46516
40	0.46557
41	0.46591
42	0.46618
43	0.46637
44	0.46647
45	0.4665
46	0.46645
47	0.46631
48	0.4661
49	0.46581
50	0.46544
51	0.46501
52	0.46452
53	0.46398
55	0.46341
56	0.46283
57	0.46226
58	0.4617
59	0.4612
60	0.46075
61	0.46039
62	0.46014
63	0.46001
64	0.46001
65	0.46015
66	0.46043
67	0.46084
68	0.46137
69	0.46201
70	0.46273
71	0.46351
72	0.46432
73	0.46512
74	0.46593
76	0.46668
77	0.46739
78	0.46805
79	0.46865
80	0.46917
81	0.46961
82	0.46997
83	0.47025
84	0.47045
85	0.47058
86	0.47061
87	0.47057
88	0.47044
89	0.4702
90	0.46988
91	0.46946
92	0.46897
93	0.46842
94	0.4678
95	0.46716
97	0.46649
98	0.46582
99	0.46517
100	0.46455
101	0.46398
102	0.46348
103	0.46305
104	0.46272
105	0.46249
106	0.46237
107	0.46236
108	0.46244
109	0.46263
110	0.4629
111	0.46324
112	0.46364
113	0.46408
114	0.46455
115	0.46502
116	0.46547
118	0.4659
119	0.46628
120	0.46662
121	0.4669
122	0.46711
123	0.46725
124	0.46732
125	0.4673
126	0.46721
127	0.46703
128	0.46677
129	0.46643
130	0.466
131	0.4655
132	0.46492
133	0.46428
134	0.46359
135	0.46286
136	0.46211
137	0.46136
139	0.46062
140	0.45993
141	0.45929
142	0.45871
143	0.45822
144	0.45783
145	0.45755
146	0.45737
147	0.45731
148	0.45735
149	0.4575
150	0.45773
151	0.45806
152	0.45845
153	0.45889
154	0.45938
155	0.4599
156	0.46042
157	0.46095
158	0.46146
160	0.46194
161	0.46239
162	0.46279
163	0.46315
164	0.46345
165	0.46368
166	0.46385
167	0.46395
168	0.46398
169	0.46394
170	0.46382
171	0.46362
172	0.46335
173	0.46301
174	0.4626
175	0.46214
176	0.46164
177	0.46112
178	0.46058
179	0.46004
181	0.45952
182	0.45904
183	0.45861
184	0.45825
185	0.45796
186	0.45776
187	0.45765
188	0.45762
189	0.45768
190	0.45782
191	0.45802
192	0.45828
193	0.45859
194	0.45892
195	0.45928
196	0.45964
197	0.45999
198	0.46032
199	0.46062
200	0.4609
202	0.46113
203	0.46131
204	0.46144
205	0.46153
206	0.46156
207	0.46153
208	0.46143
209	0.46128
210	0.46105
211	0.46076
212	0.4604
213	0.45998
214	0.45949
215	0.45895
216	0.45837
217	0.45775
218	0.45711
219	0.45647
220	0.45583
221	0.45522
223	0.45465
224	0.45413
225	0.45366
226	0.45327
227	0.45295
228	0.45271
229	0.45255
230	0.45246
231	0.45244
232	0.45248
233	0.45257
234	0.45269
235	0.45284
236	0.453
237	0.45315
238	0.4533
239	0.45343
240	0.45352
241	0.45358
242	0.45361
244	0.45359
245	0.45353
246	0.45341
247	0.45326
248	0.45306
249	0.45282
250	0.45252
251	0.45216
252	0.45176
253	0.4513
254	0.4508
255	0.45026
256	0.44969
257	0.44911
258	0.44852
259	0.44795
260	0.4474
261	0.4469
262	0.44647
263	0.44611
265	0.44585
266	0.44568
267	0.44563
268	0.44567
269	0.44582
270	0.44607
271	0.4464
272	0.44682
273	0.44729
274	0.4478
275	0.44835
276	0.44891
277	0.44947
278	0.45001
279	0.45053
280	0.45102
281	0.45148
282	0.4519
283	0.45228
284	0.45263
286	0.45294
287	0.45321
288	0.45346
289	0.45367
290	0.45386
291	0.45401
292	0.45412
293	0.4542
294	0.45424
295	0.45426
296	0.45424
297	0.45419
298	0.45413
299	0.45407
300	0.45401
301	0.45398
302	0.45397
303	0.45402
304	0.45412
305	0.45429
307	0.45453
308	0.45486
309	0.45526
310	0.45573
311	0.45627
312	0.45688
313	0.45751
314	0.45818
315	0.45885
316	0.45951
317	0.46015
318	0.46075
319	0.4613
320	0.46179
321	0.46221
322	0.46257
323	0.46284
324	0.46305
325	0.46319
326	0.46325
328	0.46325
329	0.46319
330	0.46306
331	0.46287
332	0.46261
333	0.46229
334	0.46191
335	0.46147
336	0.46098
337	0.46044
338	0.45986
339	0.45927
340	0.45866
341	0.45806
342	0.45749
343	0.45697
344	0.45652
345	0.45615
346	0.45587
347	0.45569
349	0.45563
350	0.45568
351	0.45584
352	0.4561
353	0.45646
354	0.4569
355	0.45739
356	0.45792
357	0.45848
358	0.45903
359	0.45958
360	0.46008
361	0.46054
362	0.46094
363	0.46128
364	0.46154
365	0.46172
366	0.46184
367	0.46188
368	0.46184
370	0.46173
371	0.46155
372	0.46131
373	0.461
374	0.46063
375	0.4602
376	0.45972
377	0.4592
378	0.45864
379	0.45807
380	0.4575
381	0.45696
382	0.45646
383	0.45602
384	0.45567
385	0.45542
386	0.45528
387	0.45527
388	0.4554
389	0.45566
391	0.45606
392	0.45658
393	0.45721
394	0.45796
395	0.45878
396	0.45966
397	0.46059
398	0.46153
399	0.46247
400	0.46338
401	0.46424
402	0.46504
403	0.46576
404	0.46638
405	0.46691
406	0.46731
407	0.4676
408	0.46743
409	0.46742
410	0.46669
412	0.46621
413	0.46598
414	0.46568
415	0.46529
416	0.46481
417	0.46424
418	0.46359
419	0.46289
420	0.46248
421	0.46176
422	0.46164
423	0.46118
424	0.46041
425	0.45967
426	0.45901
427	0.45846
428	0.45805
429	0.45778
430	0.45765
431	0.45768
433	0.45784
434	0.45814
435	0.45854
436	0.45903
437	0.45959
438	0.46017
439	0.46078
440	0.46137
441	0.46193
442	0.46244
443	0.46289
444	0.46327
445	0.46356
446	0.46377
447	0.4639
448	0.46393
449	0.46389
450	0.46375
451	0.46353
452	0.46313
454	0.46139
455	0.46017
456	0.45665
457	0.45254
458	0.44872
459	0.44569
460	0.44268
461	0.44091
462	0.43989
463	0.43895
464	0.43812
465	0.4386
466	0.43856
467	0.44085
468	0.44378
469	0.4465
470	0.44857
471	0.45073
472	0.45181
473	0.45232
475	0.45292
476	0.45369
477	0.45461
478	0.45565
479	0.45677
480	0.45794
481	0.45912
482	0.46027
483	0.46138
484	0.46242
485	0.46336
486	0.46421
487	0.46494
488	0.46556
489	0.46606
490	0.46645
491	0.46673
492	0.4669
493	0.46698
494	0.46697
496	0.46686
497	0.46665
498	0.46635
499	0.46596
500	0.46549
501	0.46493
502	0.4643
503	0.46361
504	0.46289
505	0.46215
506	0.46145
507	0.46082
508	0.46027
509	0.45986
510	0.45961
511	0.45954
512	0.45967
513	0.46001
514	0.46056
515	0.4613
517	0.46225
518	0.46333
519	0.46453
520	0.46584
521	0.46718
522	0.46853
523	0.46987
524	0.47116
525	0.47236
526	0.47347
527	0.47447
528	0.47533
529	0.47606
530	0.47666
531	0.47711
532	0.47745
533	0.47766
534	0.47774
535	0.4777
536	0.47754
538	0.47725
539	0.47684
540	0.4763
541	0.47563
542	0.47484
543	0.47393
544	0.47291
545	0.47181
546	0.47066
547	0.46949
548	0.46834
549	0.46724
550	0.46624
551	0.46539
552	0.46471
553	0.46425
554	0.46403
555	0.46404
556	0.46429
557	0.46476
559	0.46544
560	0.4663
561	0.4673
562	0.4684
563	0.46957
564	0.47077
565	0.47194
566	0.47307
567	0.47413
568	0.47509
569	0.47595
570	0.47669
571	0.4773
572	0.47779
573	0.47815
574	0.47837
575	0.47848
576	0.47846
577	0.4783
578	0.47801
580	0.47759
581	0.47702
582	0.47631
583	0.47545
584	0.47446
585	0.47333
586	0.47209
587	0.47076
588	0.46938
589	0.46799
590	0.46664
591	0.46539
592	0.46427
593	0.46334
594	0.46265
595	0.46223
596	0.46211
597	0.46228
598	0.46275
599	0.46349
601	0.4636
602	0.46271
603	0.46217
604	0.46008
605	0.46161
606	0.46316
607	0.46466
608	0.46609
609	0.46742
610	0.46863
611	0.46971
612	0.47139
613	0.47425
614	0.47677
615	0.48082
616	0.48118
617	0.4814
618	0.4815
619	0.48148
620	0.48132
622	0.48103
623	0.48059
624	0.48017
625	0.4795
626	0.47869
627	0.47777
628	0.47675
629	0.47567
630	0.47456
631	0.47345
632	0.47239
633	0.47142
634	0.4706
635	0.46996
636	0.46953
637	0.46935
638	0.46943
639	0.46978
640	0.47038
641	0.47122
643	0.47225
644	0.47345
645	0.47477
646	0.47615
647	0.47754
648	0.47889
649	0.48018
650	0.48134
651	0.48232
652	0.48292
653	0.4834
654	0.48396
655	0.48437
656	0.48468
657	0.48481
658	0.48473
659	0.48425
660	0.48355
661	0.4832
662	0.48284
664	0.48259
665	0.48221
666	0.48148
667	0.48062
668	0.47962
669	0.47856
670	0.47752
671	0.4767
672	0.47597
673	0.47478
674	0.47361
675	0.47252
676	0.47154
677	0.47073
678	0.47012
679	0.46972
680	0.46957
681	0.46966
682	0.46999
683	0.47055
685	0.4713
686	0.47223
687	0.47328
688	0.47442
689	0.47562
690	0.47681
691	0.47797
692	0.47906
693	0.48006
694	0.48095
695	0.48171
696	0.48234
697	0.48284
698	0.48322
699	0.48348
700	0.48362
701	0.48366
702	0.48359
703	0.48341
704	0.48313
706	0.48275
707	0.48222
708	0.48159
709	0.48084
710	0.48001
711	0.47909
712	0.47809
713	0.47702
714	0.47591
715	0.47479
716	0.47368
717	0.47264
718	0.47174
719	0.47098
720	0.47038
721	0.46997
722	0.46977
723	0.4698
724	0.47006
725	0.47056
727	0.47126
728	0.47216
729	0.47321
730	0.47437
731	0.47562
732	0.47691
733	0.47819
734	0.47944
735	0.48064
736	0.48176
737	0.48277
738	0.48367
739	0.48446
740	0.48513
741	0.48568
742	0.48611
743	0.48642
744	0.48661
745	0.48668
746	0.48662
748	0.48643
749	0.48565
750	0.4835
751	0.48067
752	0.47702
753	0.47299
754	0.46767
755	0.46278
756	0.45829
757	0.45445
758	0.45212
759	0.45111
760	0.45066
761	0.45156
762	0.45316
763	0.45562
764	0.45854
765	0.46285
766	0.46687
767	0.47065
769	0.47394
770	0.4759
771	0.47673
772	0.47766
773	0.47866
774	0.4797
775	0.48075
776	0.48178
777	0.48276
778	0.48367
779	0.48447
780	0.48518
781	0.48576
782	0.48623
783	0.48658
784	0.4868
785	0.48691
786	0.48689
787	0.48674
788	0.48647
790	0.48606
791	0.48553
792	0.48487
793	0.48408
794	0.48317
795	0.48203
796	0.47929
797	0.4749
798	0.4695
799	0.46417
800	0.45765
801	0.45009
802	0.44343
803	0.43735
804	0.43274
805	0.42954
806	0.42884
807	0.43018
808	0.43334
809	0.43768
811	0.44214
812	0.44798
813	0.45508
814	0.46147
815	0.4675
816	0.47226
817	0.4758
818	0.47717
819	0.47815
820	0.47906
821	0.47987
822	0.48058
823	0.48117
824	0.48165
825	0.48202
826	0.48227
827	0.4824
828	0.48242
829	0.48232
830	0.48211
832	0.4818
833	0.48138
834	0.48087
835	0.48026
836	0.47958
837	0.47882
838	0.47801
839	0.47717
840	0.47631
841	0.47546
842	0.47464
843	0.47388
844	0.4732
845	0.47186
846	0.46918
847	0.46578
848	0.46144
849	0.45685
850	0.45252
851	0.44832
853	0.44519
854	0.4434
855	0.44251
856	0.44354
857	0.44544
858	0.44886
859	0.45319
860	0.45862
861	0.46443
862	0.47012
863	0.47577
864	0.48045
865	0.48384
866	0.48634
867	0.48692
868	0.48736
869	0.48768
870	0.48787
871	0.48794
872	0.48789
874	0.48773
875	0.48746
876	0.48708
877	0.48661
878	0.48605
879	0.48542
880	0.48473
881	0.48399
882	0.48323
883	0.48244
884	0.48167
885	0.48091
886	0.4802
887	0.47955
888	0.47898
889	0.47851
890	0.47815
891	0.47791
892	0.4778
893	0.47781
895	0.47794
896	0.47819
897	0.47856
898	0.47901
899	0.47953
900	0.48012
901	0.48072
902	0.48134
903	0.48195
904	0.48255
905	0.4831
906	0.48362
907	0.48408
908	0.48447
909	0.48479
910	0.48502
911	0.48517
912	0.48523
913	0.48521
914	0.4851
916	0.48491
917	0.48463
918	0.48427
919	0.48384
920	0.48334
921	0.48277
922	0.48216
923	0.4815
924	0.48082
925	0.48012
926	0.47941
927	0.47871
928	0.47803
929	0.47739
930	0.47681
931	0.4763
932	0.47588
933	0.47556
934	0.47536
935	0.47529
937	0.47535
938	0.47553
939	0.47583
940	0.47624
941	0.47675
942	0.47734
943	0.47798
944	0.47864
945	0.47797
946	0.47632
947	0.47423
948	0.47181
949	0.46951
950	0.46723
951	0.46556
952	0.4645
953	0.4648
954	0.46503
955	0.4652
956	0.46663
958	0.46897
959	0.47167
960	0.47459
961	0.47729
962	0.47985
963	0.48167
964	0.48277
965	0.48241
966	0.48201
967	0.48158
968	0.48114
969	0.48068
970	0.48022
971	0.47979
972	0.47937
973	0.47899
974	0.47866
975	0.47841
976	0.47824
977	0.47816
979	0.47819
980	0.47831
981	0.47855
982	0.47889
983	0.47933
984	0.47986
985	0.48046
986	0.48111
987	0.48181
988	0.48252
989	0.48323
990	0.4839
991	0.48384
992	0.48181
993	0.47725
994	0.47236
995	0.46705
996	0.46196
997	0.4577
998	0.45233
1000	0.44852
0	0.7573
1	0.75724
2	0.75703
3	0.7567
4	0.75598
5	0.75577
6	0.75501
7	0.75408
8	0.753
9	0.75179
10	0.75048
11	0.74898
13	0.74762
14	0.74619
15	0.7446
16	0.74343
17	0.7416
18	0.74025
19	0.73901
20	0.73793
21	0.73703
22	0.73635
23	0.73581
24	0.73557
25	0.73559
26	0.73595
27	0.73633
28	0.7369
29	0.73763
30	0.73847
31	0.73939
32	0.74037
34	0.74135
35	0.74241
36	0.74339
37	0.74475
38	0.7455
39	0.74617
40	0.74673
41	0.74717
42	0.7475
43	0.7477
44	0.74775
45	0.74769
46	0.74748
47	0.74713
48	0.74617
49	0.74563
50	0.74498
51	0.74425
52	0.74343
53	0.74256
55	0.74165
56	0.74074
57	0.73985
58	0.73901
59	0.73824
60	0.73759
61	0.73707
62	0.73673
63	0.73657
64	0.73661
65	0.73686
66	0.73733
67	0.73799
68	0.73884
69	0.73928
70	0.74044
71	0.74167
72	0.74293
73	0.74416
74	0.74539
76	0.74652
77	0.74758
78	0.74857
79	0.74947
80	0.75027
81	0.75149
82	0.75201
83	0.75264
84	0.75287
85	0.75301
86	0.753
87	0.75287
88	0.7526
89	0.75214
90	0.75152
91	0.75076
92	0.74988
93	0.74888
94	0.74758
95	0.7465
97	0.7454
98	0.74429
99	0.74324
100	0.74224
101	0.74135
102	0.74056
103	0.7399
104	0.7394
105	0.73906
106	0.7389
107	0.73891
108	0.73907
109	0.73939
110	0.73985
111	0.74043
112	0.7411
113	0.74183
114	0.74259
115	0.74328
116	0.74353
118	0.74399
119	0.74477
120	0.74552
121	0.7459
122	0.74632
123	0.7475
124	0.74843
125	0.74873
126	0.74884
127	0.74892
128	0.75046
129	0.75013
130	0.74928
131	0.74825
132	0.74737
133	0.74623
134	0.74414
135	0.74214
136	0.74126
137	0.73977
139	0.73827
140	0.73565
141	0.7346
142	0.73367
143	0.73288
144	0.73225
145	0.73179
146	0.73151
147	0.73138
148	0.73077
149	0.73102
150	0.73141
151	0.73193
152	0.73256
153	0.73328
154	0.73403
155	0.73456
156	0.73546
157	0.73634
158	0.73721
160	0.73803
161	0.73879
162	0.73946
163	0.74001
164	0.74117
165	0.74213
166	0.74319
167	0.74381
168	0.74396
169	0.74397
170	0.74392
171	0.74367
172	0.74325
173	0.74273
174	0.74216
175	0.74078
176	0.73945
177	0.7379
178	0.73705
179	0.73608
181	0.73516
182	0.73425
183	0.73349
184	0.7329
185	0.73245
186	0.73213
187	0.73197
188	0.73194
189	0.73204
190	0.73214
191	0.73249
192	0.73293
193	0.73344
194	0.734
195	0.73459
196	0.73519
197	0.73577
198	0.73631
199	0.73682
200	0.73727
202	0.73759
203	0.73742
204	0.73768
205	0.73786
206	0.73796
207	0.73796
208	0.73785
209	0.73765
210	0.73734
211	0.73693
212	0.736
213	0.73553
214	0.73528
215	0.73452
216	0.73348
217	0.73249
218	0.73149
219	0.73048
220	0.72946
221	0.72851
223	0.7276
224	0.72717
225	0.72635
226	0.72573
227	0.72513
228	0.72486
229	0.72461
230	0.72449
231	0.72525
232	0.72529
233	0.72537
234	0.72554
235	0.72572
236	0.72593
237	0.72613
238	0.72632
239	0.72649
240	0.7266
241	0.72662
242	0.7258
244	0.72574
245	0.72562
246	0.72541
247	0.72514
248	0.72459
249	0.72424
250	0.72381
251	0.72329
252	0.7227
253	0.72203
254	0.72131
255	0.72053
256	0.71971
257	0.7189
258	0.71807
259	0.71749
260	0.71668
261	0.71592
262	0.71512
263	0.71467
265	0.71437
266	0.71424
267	0.7146
268	0.71471
269	0.71498
270	0.71539
271	0.71593
272	0.71658
273	0.71735
274	0.71832
275	0.7191
276	0.7199
277	0.72066
278	0.72106
279	0.72183
280	0.72255
281	0.72322
282	0.72382
283	0.72438
284	0.72489
286	0.72534
287	0.72575
288	0.72611
289	0.72643
290	0.7267
291	0.72693
292	0.72711
293	0.72723
294	0.72729
295	0.7273
296	0.72725
297	0.72716
298	0.72705
299	0.72693
300	0.72681
301	0.72673
302	0.72669
303	0.72673
304	0.72686
305	0.7271
307	0.72746
308	0.72794
309	0.72851
310	0.72913
311	0.72951
312	0.72999
313	0.73116
314	0.73158
315	0.73253
316	0.73336
317	0.73405
318	0.73444
319	0.7344
320	0.73455
321	0.73501
322	0.73583
323	0.73656
324	0.73659
325	0.73728
326	0.73734
328	0.73742
329	0.73748
330	0.73768
331	0.73813
332	0.73822
333	0.73785
334	0.73724
335	0.73648
336	0.73561
337	0.73466
338	0.73364
339	0.73259
340	0.73151
341	0.73046
342	0.72945
343	0.72852
344	0.7277
345	0.72702
346	0.72651
347	0.72616
349	0.72601
350	0.72605
351	0.72628
352	0.72669
353	0.72726
354	0.72799
355	0.72881
356	0.72971
357	0.73065
358	0.7316
359	0.73253
360	0.73339
361	0.73418
362	0.73487
363	0.73546
364	0.7359
365	0.73621
366	0.73632
367	0.73611
368	0.73627
370	0.73609
371	0.73578
372	0.73537
373	0.73484
374	0.7342
375	0.73346
376	0.73266
377	0.73221
378	0.73133
379	0.73061
380	0.72941
381	0.72846
382	0.72759
383	0.72682
384	0.7262
385	0.72574
386	0.72547
387	0.72541
388	0.72514
389	0.72555
391	0.72618
392	0.72703
393	0.72807
394	0.7293
395	0.73067
396	0.73213
397	0.73267
398	0.73428
399	0.7359
400	0.73748
401	0.73881
402	0.74024
403	0.74153
404	0.74267
405	0.74364
406	0.7444
407	0.74497
408	0.74608
409	0.74622
410	0.74592
412	0.7457
413	0.74562
414	0.74521
415	0.74466
416	0.74396
417	0.7431
418	0.74215
419	0.74188
420	0.74101
421	0.73985
422	0.73892
423	0.73774
424	0.73684
425	0.73565
426	0.73458
427	0.73368
428	0.73301
429	0.73254
430	0.73155
431	0.73156
433	0.73179
434	0.73223
435	0.73284
436	0.73326
437	0.73415
438	0.7351
439	0.73608
440	0.73705
441	0.73797
442	0.73877
443	0.739
444	0.73968
445	0.74022
446	0.74064
447	0.73987
448	0.74002
449	0.74003
450	0.7399
451	0.73964
452	0.73922
454	0.73858
455	0.73842
456	0.73677
457	0.73475
458	0.73305
459	0.73278
460	0.7314
461	0.73002
462	0.72859
463	0.72714
464	0.72573
465	0.72473
466	0.72348
467	0.72319
468	0.72335
469	0.72331
470	0.72309
471	0.72448
472	0.72469
473	0.72519
475	0.72599
476	0.72706
477	0.72818
478	0.72972
479	0.73139
480	0.73317
481	0.73498
482	0.73673
483	0.73707
484	0.73873
485	0.74026
486	0.74164
487	0.74286
488	0.74389
489	0.74475
490	0.74542
491	0.74592
492	0.74625
493	0.74625
494	0.7463
496	0.74618
497	0.74589
498	0.74461
499	0.74406
500	0.74336
501	0.74252
502	0.74155
503	0.74035
504	0.73925
505	0.73809
506	0.73697
507	0.73596
508	0.7351
509	0.7353
510	0.73489
511	0.73476
512	0.73494
513	0.73549
514	0.7369
515	0.73799
517	0.73958
518	0.74192
519	0.74373
520	0.74571
521	0.74772
522	0.74976
523	0.75178
524	0.75373
525	0.75556
526	0.75683
527	0.75841
528	0.75978
529	0.76024
530	0.76121
531	0.76194
532	0.76248
533	0.76281
534	0.76293
535	0.76284
536	0.76256
538	0.76206
539	0.76137
540	0.76047
541	0.75936
542	0.75806
543	0.75657
544	0.75421
545	0.75242
546	0.74691
547	0.74508
548	0.74326
549	0.74155
550	0.73997
551	0.73861
552	0.73748
553	0.73673
554	0.73634
555	0.73702
556	0.73737
557	0.74171
559	0.74265
560	0.74388
561	0.74534
562	0.74696
563	0.74872
564	0.75055
565	0.75232
566	0.75407
567	0.75574
568	0.75843
569	0.75973
570	0.76094
571	0.76185
572	0.76256
573	0.76306
574	0.76335
575	0.76345
576	0.76332
577	0.76295
578	0.76235
580	0.76036
581	0.75939
582	0.7581
583	0.75669
584	0.75507
585	0.75326
586	0.75128
587	0.74918
588	0.74703
589	0.74487
590	0.74277
591	0.74083
592	0.73833
593	0.73692
594	0.73586
595	0.73495
596	0.73478
597	0.73507
598	0.73579
599	0.73694
601	0.73654
602	0.73502
603	0.73371
604	0.7314
605	0.7286
606	0.72719
607	0.72509
608	0.72223
609	0.71936
610	0.71628
611	0.71318
612	0.71287
613	0.71481
614	0.71857
615	0.72462
616	0.73037
617	0.73459
618	0.74004
619	0.74509
620	0.74982
622	0.75439
623	0.75918
624	0.76205
625	0.76369
626	0.76316
627	0.76189
628	0.76036
629	0.75874
630	0.75654
631	0.7549
632	0.75334
633	0.75192
634	0.75012
635	0.74921
636	0.74863
637	0.74842
638	0.74861
639	0.74919
640	0.75002
641	0.75137
643	0.75304
644	0.75496
645	0.75706
646	0.75925
647	0.75967
648	0.76188
649	0.76373
650	0.76371
651	0.76225
652	0.76024
653	0.75775
654	0.75549
655	0.75313
656	0.75225
657	0.74942
658	0.74751
659	0.74322
660	0.73893
661	0.73699
662	0.73701
664	0.73895
665	0.74168
666	0.74387
667	0.74575
668	0.74578
669	0.7475
670	0.74657
671	0.74904
672	0.75157
673	0.75331
674	0.75523
675	0.75458
676	0.75322
677	0.75201
678	0.75107
679	0.75044
680	0.75009
681	0.75331
682	0.75378
683	0.75457
685	0.75566
686	0.75601
687	0.75764
688	0.7594
689	0.76081
690	0.76272
691	0.76458
692	0.76636
693	0.76797
694	0.76933
695	0.76832
696	0.76943
697	0.77031
698	0.77095
699	0.77129
700	0.77179
701	0.77161
702	0.77128
703	0.77049
704	0.76939
706	0.76843
707	0.76799
708	0.76541
709	0.76307
710	0.76021
711	0.7584
712	0.75711
713	0.75576
714	0.75432
715	0.75318
716	0.75223
717	0.75217
718	0.75271
719	0.7531
720	0.75337
721	0.75434
722	0.7549
723	0.75469
724	0.7552
725	0.7559
727	0.75693
728	0.75823
729	0.75877
730	0.76055
731	0.76246
732	0.76443
733	0.76639
734	0.76788
735	0.76999
736	0.77159
737	0.7732
738	0.77462
739	0.77587
740	0.77692
741	0.77775
742	0.77721
743	0.77769
744	0.77797
745	0.77809
746	0.77676
748	0.775
749	0.77268
750	0.76983
751	0.76636
752	0.76146
753	0.75563
754	0.75002
755	0.74388
756	0.73838
757	0.73373
758	0.73178
759	0.7315
760	0.73182
761	0.73263
762	0.73406
763	0.73698
764	0.74148
765	0.74655
766	0.75114
767	0.75533
769	0.75897
770	0.76131
771	0.76248
772	0.76372
773	0.76509
774	0.76672
775	0.76819
776	0.7691
777	0.77049
778	0.77177
779	0.77291
780	0.7739
781	0.77472
782	0.77536
783	0.7758
784	0.77598
785	0.77588
786	0.77579
787	0.77552
788	0.77505
790	0.7744
791	0.77266
792	0.77164
793	0.77043
794	0.7689
795	0.76551
796	0.76102
797	0.75531
798	0.74915
799	0.74356
800	0.7373
801	0.73048
802	0.72584
803	0.72124
804	0.71834
805	0.71712
806	0.71821
807	0.72068
808	0.72448
809	0.72898
811	0.7332
812	0.74052
813	0.74655
814	0.75161
815	0.75605
816	0.7591
817	0.76127
818	0.76276
819	0.7642
820	0.76552
821	0.76673
822	0.76776
823	0.76652
824	0.76725
825	0.7678
826	0.76817
827	0.76836
828	0.76802
829	0.76787
830	0.76755
832	0.7671
833	0.76649
834	0.76574
835	0.76486
836	0.7638
837	0.76127
838	0.76014
839	0.75897
840	0.75779
841	0.75548
842	0.7544
843	0.75341
844	0.75255
845	0.75184
846	0.75097
847	0.74992
848	0.7497
849	0.74807
850	0.747
851	0.74622
853	0.7477
854	0.74898
855	0.75049
856	0.75217
857	0.75398
858	0.75624
859	0.759
860	0.76257
861	0.76814
862	0.77145
863	0.77461
864	0.77677
865	0.779
866	0.78003
867	0.78086
868	0.7815
869	0.78194
870	0.78218
871	0.78222
872	0.78022
874	0.77994
875	0.77948
876	0.77888
877	0.77717
878	0.77632
879	0.77538
880	0.77437
881	0.77329
882	0.77219
883	0.77109
884	0.77
885	0.76896
886	0.76801
887	0.76656
888	0.76587
889	0.76535
890	0.76499
891	0.76237
892	0.76243
893	0.7627
895	0.76315
896	0.76379
897	0.76458
898	0.7655
899	0.76712
900	0.76819
901	0.76928
902	0.77038
903	0.77389
904	0.77487
905	0.77577
906	0.77656
907	0.77724
908	0.77858
909	0.77897
910	0.77923
911	0.77997
912	0.77991
913	0.7797
914	0.77935
916	0.77887
917	0.77827
918	0.77755
919	0.77673
920	0.77502
921	0.77405
922	0.773
923	0.77128
924	0.77021
925	0.76912
926	0.76804
927	0.767
928	0.76601
929	0.7651
930	0.76429
931	0.76361
932	0.76308
933	0.76274
934	0.76258
935	0.7626
937	0.76182
938	0.76227
939	0.76291
940	0.76339
941	0.76434
942	0.7654
943	0.76654
944	0.76771
945	0.76888
946	0.77
947	0.77105
948	0.77296
949	0.77405
950	0.77416
951	0.77516
952	0.77563
953	0.77601
954	0.77626
955	0.77638
956	0.7764
958	0.77632
959	0.77617
960	0.77627
961	0.77568
962	0.77588
963	0.77532
964	0.77478
965	0.77417
966	0.77377
967	0.77303
968	0.77228
969	0.77153
970	0.77078
971	0.76979
972	0.76913
973	0.76853
974	0.76803
975	0.76763
976	0.76734
977	0.76694
979	0.76701
980	0.76722
981	0.76758
982	0.76713
983	0.7678
984	0.76859
985	0.76948
986	0.77046
987	0.77146
988	0.77035
989	0.77136
990	0.77233
991	0.77324
992	0.77406
993	0.7757
994	0.77624
995	0.77663
996	0.77685
997	0.77692
998	0.77683
1000	0.77873
0	1.0472
1	1.04788
2	1.04838
3	1.04875
4	1.04897
5	1.0491
6	1.04913
7	1.04907
8	1.04895
9	1.04879
10	1.04862
11	1.04837
13	1.04809
14	1.04779
15	1.04746
16	1.04711
17	1.04659
18	1.04579
19	1.04471
20	1.04341
21	1.04188
22	1.04009
23	1.03804
24	1.03576
25	1.03321
26	1.03059
27	1.02798
28	1.02545
29	1.02318
30	1.02128
31	1.01975
32	1.01882
34	1.01807
35	1.0178
36	1.01796
37	1.01859
38	1.01951
39	1.02066
40	1.02199
41	1.02353
42	1.02508
43	1.02658
44	1.02778
45	1.02916
46	1.03042
47	1.03145
48	1.03229
49	1.03298
50	1.03354
51	1.03396
52	1.03425
53	1.03448
55	1.03467
56	1.03489
57	1.03503
58	1.03517
59	1.03533
60	1.03551
61	1.0356
62	1.03567
63	1.03568
64	1.03557
65	1.03522
66	1.03462
67	1.0338
68	1.03275
69	1.03122
70	1.02955
71	1.02742
72	1.0253
73	1.02309
74	1.021
76	1.01885
77	1.01697
78	1.0154
79	1.01411
80	1.01326
81	1.01302
82	1.01319
83	1.01406
84	1.01517
85	1.01659
86	1.01816
87	1.02007
88	1.02206
89	1.02409
90	1.02609
91	1.02795
92	1.02969
93	1.03125
94	1.03269
95	1.03382
97	1.03483
98	1.0357
99	1.03634
100	1.03695
101	1.03745
102	1.03792
103	1.03837
104	1.03878
105	1.03916
106	1.03939
107	1.03973
108	1.03982
109	1.0399
110	1.03984
111	1.03943
112	1.03875
113	1.03792
114	1.037
115	1.03583
116	1.03445
118	1.03307
119	1.03174
120	1.03073
121	1.02974
122	1.02895
123	1.02838
124	1.02805
125	1.02766
126	1.02729
127	1.02711
128	1.02739
129	1.02789
130	1.02865
131	1.02944
132	1.03052
133	1.03163
134	1.03298
135	1.03449
136	1.03615
137	1.03783
139	1.03951
140	1.04093
141	1.04214
142	1.04303
143	1.04377
144	1.04417
145	1.0445
146	1.04462
147	1.04464
148	1.04466
149	1.04471
150	1.04479
151	1.0449
152	1.04503
153	1.04518
154	1.04534
155	1.04545
156	1.04539
157	1.04515
158	1.0448
160	1.04418
161	1.04341
162	1.04241
163	1.04128
164	1.03996
165	1.03858
166	1.03703
167	1.03553
168	1.0341
169	1.03267
170	1.03142
171	1.03065
172	1.03017
173	1.03003
174	1.03024
175	1.03086
176	1.03172
177	1.03296
178	1.03437
179	1.03588
181	1.03754
182	1.03912
183	1.04047
184	1.04167
185	1.04274
186	1.04359
187	1.04422
188	1.04464
189	1.04488
190	1.04494
191	1.04502
192	1.04511
193	1.04522
194	1.04533
195	1.04546
196	1.04558
197	1.0457
198	1.04582
199	1.04593
200	1.04602
202	1.04609
203	1.04605
204	1.04579
205	1.04531
206	1.0446
207	1.04358
208	1.04234
209	1.0409
210	1.03913
211	1.03709
212	1.03457
213	1.0321
214	1.02959
215	1.02724
216	1.02507
217	1.02305
218	1.02133
219	1.01993
220	1.01911
221	1.01851
223	1.01864
224	1.01938
225	1.02044
226	1.02195
227	1.02372
228	1.02574
229	1.02803
230	1.0305
231	1.03288
232	1.03489
233	1.03701
234	1.03868
235	1.0402
236	1.04139
237	1.04225
238	1.0429
239	1.04333
240	1.04356
241	1.0436
242	1.0436
244	1.04359
245	1.04357
246	1.04352
247	1.04347
248	1.04335
249	1.04315
250	1.0428
251	1.04217
252	1.04143
253	1.04058
254	1.03932
255	1.03775
256	1.03588
257	1.03381
258	1.03139
259	1.02876
260	1.02604
261	1.02321
262	1.02054
263	1.01793
265	1.01544
266	1.01345
267	1.01194
268	1.01091
269	1.0105
270	1.01051
271	1.01097
272	1.01201
273	1.0137
274	1.01566
275	1.01789
276	1.02031
277	1.02285
278	1.02532
279	1.02777
280	1.0299
281	1.03202
282	1.03403
283	1.03571
284	1.03709
286	1.03818
287	1.03915
288	1.03995
289	1.04055
290	1.04106
291	1.04142
292	1.04168
293	1.0418
294	1.04189
295	1.04184
296	1.0417
297	1.04156
298	1.04126
299	1.04077
300	1.04013
301	1.03929
302	1.03826
303	1.0371
304	1.03576
305	1.03411
307	1.03225
308	1.03051
309	1.02829
310	1.02604
311	1.02384
312	1.02182
313	1.01992
314	1.0185
315	1.01731
316	1.01627
317	1.01543
318	1.01502
319	1.01465
320	1.01474
321	1.01523
322	1.01586
323	1.01661
324	1.01767
325	1.01869
326	1.01977
328	1.02122
329	1.02296
330	1.02456
331	1.02613
332	1.02798
333	1.02962
334	1.03134
335	1.033
336	1.03444
337	1.03571
338	1.03687
339	1.03777
340	1.03852
341	1.03919
342	1.03985
343	1.04031
344	1.04059
345	1.04076
346	1.04079
347	1.04072
349	1.04058
350	1.04011
351	1.03936
352	1.03831
353	1.03702
354	1.03541
355	1.03389
356	1.03242
357	1.03113
358	1.02981
359	1.0285
360	1.02718
361	1.02605
362	1.02506
363	1.02412
364	1.02348
365	1.02298
366	1.02216
367	1.02136
368	1.02057
370	1.02016
371	1.02016
372	1.02053
373	1.02135
374	1.02248
375	1.02423
376	1.02627
377	1.02852
378	1.03106
379	1.03359
380	1.03593
381	1.03799
382	1.03968
383	1.04102
384	1.042
385	1.04286
386	1.04327
387	1.04342
388	1.04346
389	1.04355
391	1.04369
392	1.04386
393	1.04408
394	1.04434
395	1.04463
396	1.04494
397	1.04505
398	1.04497
399	1.04456
400	1.04358
401	1.04213
402	1.04022
403	1.03786
404	1.03516
405	1.03208
406	1.02856
407	1.02488
408	1.0211
409	1.01765
410	1.01431
412	1.01166
413	1.00977
414	1.00855
415	1.0081
416	1.00833
417	1.0094
418	1.01108
419	1.01329
420	1.01617
421	1.01911
422	1.02255
423	1.02606
424	1.02939
425	1.03249
426	1.03523
427	1.03761
428	1.03949
429	1.0412
430	1.04252
431	1.04347
433	1.04423
434	1.04472
435	1.04501
436	1.04518
437	1.04536
438	1.04556
439	1.04577
440	1.04597
441	1.04616
442	1.04633
443	1.04638
444	1.04599
445	1.04528
446	1.04415
447	1.04258
448	1.04055
449	1.03808
450	1.03525
451	1.03191
452	1.02835
454	1.0244
455	1.02072
456	1.01682
457	1.0131
458	1.00988
459	1.00731
460	1.00522
461	1.00391
462	1.0032
463	1.00333
464	1.00422
465	1.00589
466	1.00781
467	1.01075
468	1.01425
469	1.01801
470	1.02184
471	1.0257
472	1.02924
473	1.03256
475	1.03557
476	1.03808
477	1.04026
478	1.04204
479	1.04348
480	1.04451
481	1.04519
482	1.0456
483	1.04597
484	1.04632
485	1.04664
486	1.04693
487	1.04718
488	1.0474
489	1.04758
490	1.04772
491	1.04782
492	1.04789
493	1.04789
494	1.04756
496	1.04682
497	1.04571
498	1.04422
499	1.04229
500	1.04
501	1.03756
502	1.03476
503	1.03162
504	1.02873
505	1.02551
506	1.02287
507	1.02059
508	1.01867
509	1.01737
510	1.0168
511	1.01691
512	1.01756
513	1.01903
514	1.0212
515	1.02353
517	1.0266
518	1.02968
519	1.03284
520	1.03604
521	1.03902
522	1.04174
523	1.04417
524	1.04622
525	1.04784
526	1.04911
527	1.05
528	1.05052
529	1.05076
530	1.05096
531	1.05111
532	1.05122
533	1.05129
534	1.05131
535	1.0513
536	1.05124
538	1.05114
539	1.051
540	1.05081
541	1.05059
542	1.05032
543	1.05001
544	1.04953
545	1.04869
546	1.04753
547	1.04572
548	1.04368
549	1.04119
550	1.03843
551	1.03545
552	1.03233
553	1.02968
554	1.02712
555	1.02488
556	1.02314
557	1.02189
559	1.02129
560	1.02105
561	1.02133
562	1.02195
563	1.02298
564	1.02425
565	1.02544
566	1.02718
567	1.02893
568	1.03091
569	1.03307
570	1.03552
571	1.03786
572	1.04016
573	1.04241
574	1.0445
575	1.04651
576	1.04816
577	1.04919
578	1.05004
580	1.05048
581	1.05056
582	1.05033
583	1.05004
584	1.04971
585	1.04933
586	1.04893
587	1.04849
588	1.04805
589	1.0476
590	1.04716
591	1.04676
592	1.04624
593	1.04554
594	1.04454
595	1.04327
596	1.0417
597	1.03981
598	1.03737
599	1.03492
601	1.03184
602	1.02847
603	1.02518
604	1.02162
605	1.01842
606	1.01599
607	1.01374
608	1.01183
609	1.01037
610	1.00957
611	1.00892
612	1.00925
613	1.01018
614	1.01156
615	1.0136
616	1.01607
617	1.01845
618	1.02135
619	1.0246
620	1.0281
622	1.03168
623	1.03524
624	1.03844
625	1.0413
626	1.04361
627	1.04565
628	1.04708
629	1.04814
630	1.04882
631	1.04914
632	1.0491
633	1.04893
634	1.04869
635	1.0485
636	1.04838
637	1.04834
638	1.04838
639	1.0485
640	1.04867
641	1.04871
643	1.04864
644	1.04822
645	1.04752
646	1.04651
647	1.04497
648	1.04312
649	1.04085
650	1.03812
651	1.03506
652	1.03191
653	1.02892
654	1.02621
655	1.02392
656	1.02238
657	1.02069
658	1.01934
659	1.01816
660	1.01731
661	1.01707
662	1.0173
664	1.01801
665	1.01907
666	1.02027
667	1.0217
668	1.02306
669	1.02502
670	1.02741
671	1.03014
672	1.03318
673	1.03604
674	1.03874
675	1.04105
676	1.04299
677	1.04464
678	1.04602
679	1.04703
680	1.04791
681	1.04859
682	1.04906
683	1.04932
685	1.04961
686	1.0499
687	1.05023
688	1.05059
689	1.05088
690	1.05098
691	1.05089
692	1.05054
693	1.04994
694	1.04913
695	1.04771
696	1.04606
697	1.04413
698	1.04196
699	1.03954
700	1.03709
701	1.03476
702	1.03258
703	1.03043
704	1.02835
706	1.02645
707	1.02454
708	1.02281
709	1.0213
710	1.02012
711	1.01938
712	1.01903
713	1.01905
714	1.01939
715	1.02028
716	1.02156
717	1.02319
718	1.0256
719	1.02823
720	1.03109
721	1.03397
722	1.03687
723	1.03946
724	1.04182
725	1.04391
727	1.0457
728	1.04728
729	1.04853
730	1.04963
731	1.05055
732	1.05129
733	1.0519
734	1.05228
735	1.05262
736	1.0528
737	1.05285
738	1.05272
739	1.05234
740	1.05166
741	1.05075
742	1.04937
743	1.04759
744	1.0453
745	1.04271
746	1.03963
748	1.03619
749	1.0325
750	1.02857
751	1.0247
752	1.02088
753	1.01715
754	1.0135
755	1.01034
756	1.00777
757	1.00563
758	1.00443
759	1.00407
760	1.00444
761	1.00549
762	1.00721
763	1.00959
764	1.01248
765	1.01609
766	1.01989
767	1.02388
769	1.0278
770	1.03166
771	1.03526
772	1.0386
773	1.04172
774	1.04437
775	1.0466
776	1.04844
777	1.04991
778	1.0511
779	1.052
780	1.05281
781	1.0533
782	1.05363
783	1.05384
784	1.05391
785	1.05376
786	1.05336
787	1.05268
788	1.0518
790	1.05044
791	1.04864
792	1.04634
793	1.04355
794	1.04032
795	1.03645
796	1.03215
797	1.02757
798	1.02293
799	1.01857
800	1.01402
801	1.00963
802	1.0059
803	1.0028
804	1.00055
805	0.99908
806	0.99884
807	0.99951
808	1.00109
809	1.00349
811	1.0064
812	1.01011
813	1.01454
814	1.01912
815	1.02381
816	1.0285
817	1.033
818	1.03695
819	1.04046
820	1.04353
821	1.04606
822	1.04807
823	1.04964
824	1.05082
825	1.05161
826	1.05217
827	1.05234
828	1.05235
829	1.05232
830	1.05226
832	1.05216
833	1.05204
834	1.05189
835	1.05171
836	1.05149
837	1.05097
838	1.0502
839	1.04905
840	1.04752
841	1.04551
842	1.04294
843	1.04008
844	1.03691
845	1.03312
846	1.02897
847	1.02466
848	1.02037
849	1.01626
850	1.01257
851	1.00929
853	1.00676
854	1.00515
855	1.00406
856	1.00383
857	1.00477
858	1.00652
859	1.00915
860	1.01239
861	1.01621
862	1.02045
863	1.025
864	1.02972
865	1.03419
866	1.03846
867	1.04218
868	1.0454
869	1.04815
870	1.05023
871	1.05197
872	1.0532
874	1.05395
875	1.05437
876	1.05434
877	1.05419
878	1.05402
879	1.05383
880	1.05363
881	1.05341
882	1.05319
883	1.05297
884	1.05275
885	1.05254
886	1.05235
887	1.05205
888	1.05144
889	1.05041
890	1.04903
891	1.04702
892	1.04449
893	1.04154
895	1.03812
896	1.03486
897	1.03162
898	1.02848
899	1.02544
900	1.0229
901	1.02059
902	1.019
903	1.018
904	1.01768
905	1.01815
906	1.01962
907	1.02147
908	1.02381
909	1.02652
910	1.02971
911	1.03295
912	1.03639
913	1.03946
914	1.04258
916	1.04555
917	1.04814
918	1.0502
919	1.05171
920	1.0527
921	1.05319
922	1.05322
923	1.05301
924	1.05279
925	1.05257
926	1.05235
927	1.05214
928	1.05194
929	1.05176
930	1.05159
931	1.05145
932	1.05135
933	1.05128
934	1.05124
935	1.05125
937	1.05109
938	1.05055
939	1.04956
940	1.04814
941	1.0462
942	1.04381
943	1.04108
944	1.03772
945	1.03386
946	1.02973
947	1.02549
948	1.02135
949	1.01766
950	1.01444
951	1.01184
952	1.00994
953	1.00916
954	1.00905
955	1.00958
956	1.01081
958	1.01264
959	1.01512
960	1.01801
961	1.02116
962	1.02451
963	1.02807
964	1.03165
965	1.03482
966	1.03778
967	1.04073
968	1.04345
969	1.04581
970	1.0476
971	1.04906
972	1.0502
973	1.05112
974	1.05167
975	1.05203
976	1.05214
977	1.05213
979	1.05214
980	1.05219
981	1.05226
982	1.05217
983	1.05187
984	1.05128
985	1.05036
986	1.04906
987	1.04737
988	1.04518
989	1.04263
990	1.03933
991	1.03551
992	1.03118
993	1.02636
994	1.02167
995	1.01719
996	1.01312
997	1.00965
998	1.00628
1000	1.00383
0	1.04224
1	1.04292
2	1.04342
3	1.04379
4	1.04401
5	1.04414
6	1.04417
7	1.04411
8	1.04399
9	1.04383
10	1.04366
11	1.04341
13	1.04313
14	1.04283
15	1.0425
16	1.04215
17	1.04163
18	1.04083
19	1.03975
20	1.03845
21	1.03692
22	1.03513
23	1.03308
24	1.0308
25	1.02824
26	1.02562
27	1.023
28	1.02047
29	1.0182
30	1.0163
31	1.01477
32	1.01384
34	1.01309
35	1.01281
36	1.01297
37	1.0136
38	1.01453
39	1.01569
40	1.01702
41	1.01855
42	1.02011
43	1.02161
44	1.02281
45	1.02419
46	1.02545
47	1.02649
48	1.02732
49	1.02802
50	1.02857
51	1.029
52	1.02929
53	1.02952
55	1.0297
56	1.02993
57	1.03006
58	1.03021
59	1.03036
60	1.03054
61	1.03063
62	1.0307
63	1.03071
64	1.03061
65	1.03026
66	1.02966
67	1.02883
68	1.02778
69	1.02626
70	1.02458
71	1.02245
72	1.02033
73	1.01811
74	1.01602
76	1.01387
77	1.01199
78	1.01041
79	1.00912
80	1.00827
81	1.00803
82	1.0082
83	1.00907
84	1.01018
85	1.01161
86	1.01317
87	1.01509
88	1.01708
89	1.01911
90	1.02111
91	1.02298
92	1.02472
93	1.02628
94	1.02773
95	1.02886
97	1.02987
98	1.03074
99	1.03138
100	1.03199
101	1.03249
102	1.03296
103	1.0334
104	1.03382
105	1.0342
106	1.03443
107	1.03477
108	1.03486
109	1.03494
110	1.03487
111	1.03447
112	1.03379
113	1.03296
114	1.03204
115	1.03086
116	1.02948
118	1.0281
119	1.02678
120	1.02576
121	1.02477
122	1.02398
123	1.02341
124	1.02308
125	1.02269
126	1.02232
127	1.02214
128	1.02242
129	1.02292
130	1.02368
131	1.02447
132	1.02555
133	1.02666
134	1.02801
135	1.02953
136	1.03119
137	1.03287
139	1.03455
140	1.03597
141	1.03718
142	1.03807
143	1.03881
144	1.03921
145	1.03954
146	1.03966
147	1.03968
148	1.0397
149	1.03975
150	1.03983
151	1.03994
152	1.04007
153	1.04022
154	1.04038
155	1.04049
156	1.04043
157	1.04019
158	1.03984
160	1.03922
161	1.03845
162	1.03745
163	1.03632
164	1.03499
165	1.03362
166	1.03206
167	1.03056
168	1.02913
169	1.0277
170	1.02645
171	1.02568
172	1.0252
173	1.02506
174	1.02527
175	1.02589
176	1.02676
177	1.02799
178	1.0294
179	1.03091
181	1.03257
182	1.03415
183	1.0355
184	1.03671
185	1.03778
186	1.03863
187	1.03925
188	1.03968
189	1.03992
190	1.03998
191	1.04006
192	1.04015
193	1.04026
194	1.04037
195	1.0405
196	1.04062
197	1.04074
198	1.04086
199	1.04097
200	1.04106
202	1.04113
203	1.04109
204	1.04083
205	1.04035
206	1.03964
207	1.03861
208	1.03738
209	1.03593
210	1.03417
211	1.03212
212	1.02961
213	1.02714
214	1.02462
215	1.02227
216	1.0201
217	1.01808
218	1.01635
219	1.01496
220	1.01413
221	1.01353
223	1.01366
224	1.0144
225	1.01546
226	1.01698
227	1.01874
228	1.02077
229	1.02305
230	1.02553
231	1.02791
232	1.02993
233	1.03205
234	1.03372
235	1.03524
236	1.03643
237	1.03729
238	1.03794
239	1.03837
240	1.0386
241	1.03864
242	1.03864
244	1.03863
245	1.03861
246	1.03856
247	1.03851
248	1.03839
249	1.03819
250	1.03784
251	1.03721
252	1.03647
253	1.03562
254	1.03436
255	1.03279
256	1.03092
257	1.02884
258	1.02642
259	1.02379
260	1.02107
261	1.01823
262	1.01556
263	1.01295
265	1.01046
266	1.00846
267	1.00695
268	1.00592
269	1.00551
270	1.00551
271	1.00597
272	1.00702
273	1.00871
274	1.01068
275	1.0129
276	1.01533
277	1.01787
278	1.02035
279	1.0228
280	1.02493
281	1.02706
282	1.02906
283	1.03075
284	1.03213
286	1.03321
287	1.03419
288	1.03499
289	1.03559
290	1.0361
291	1.03645
292	1.03671
293	1.03684
294	1.03693
295	1.03688
296	1.03674
297	1.0366
298	1.0363
299	1.03581
300	1.03517
301	1.03433
302	1.0333
303	1.03213
304	1.03079
305	1.02914
307	1.02729
308	1.02554
309	1.02332
310	1.02107
311	1.01886
312	1.01684
313	1.01494
314	1.01352
315	1.01233
316	1.01129
317	1.01045
318	1.01004
319	1.00967
320	1.00975
321	1.01024
322	1.01088
323	1.01163
324	1.01269
325	1.01371
326	1.01479
328	1.01624
329	1.01798
330	1.01958
331	1.02115
332	1.02301
333	1.02465
334	1.02637
335	1.02803
336	1.02947
337	1.03074
338	1.03191
339	1.0328
340	1.03356
341	1.03423
342	1.03489
343	1.03535
344	1.03563
345	1.0358
346	1.03582
347	1.03575
349	1.03562
350	1.03515
351	1.03439
352	1.03335
353	1.03205
354	1.03044
355	1.02892
356	1.02746
357	1.02616
358	1.02484
359	1.02352
360	1.02221
361	1.02108
362	1.02008
363	1.01915
364	1.01851
365	1.018
366	1.01718
367	1.01638
368	1.01559
370	1.01518
371	1.01518
372	1.01555
373	1.01637
374	1.0175
375	1.01925
376	1.02129
377	1.02355
378	1.02609
379	1.02862
380	1.03096
381	1.03303
382	1.03472
383	1.03606
384	1.03704
385	1.0379
386	1.03831
387	1.03846
388	1.0385
389	1.03859
391	1.03872
392	1.0389
393	1.03912
394	1.03938
395	1.03967
396	1.03998
397	1.04009
398	1.04001
399	1.0396
400	1.03862
401	1.03717
402	1.03526
403	1.03289
404	1.03019
405	1.02711
406	1.02359
407	1.0199
408	1.01612
409	1.01267
410	1.00932
412	1.00667
413	1.00477
414	1.00355
415	1.0031
416	1.00333
417	1.0044
418	1.00608
419	1.00829
420	1.01118
421	1.01413
422	1.01757
423	1.02108
424	1.02442
425	1.02752
426	1.03027
427	1.03264
428	1.03453
429	1.03623
430	1.03756
431	1.03851
433	1.03927
434	1.03976
435	1.04005
436	1.04022
437	1.0404
438	1.0406
439	1.04081
440	1.04101
441	1.0412
442	1.04137
443	1.04142
444	1.04104
445	1.04032
446	1.03919
447	1.03762
448	1.03559
449	1.03311
450	1.03028
451	1.02695
452	1.02338
454	1.01942
455	1.01574
456	1.01183
457	1.00811
458	1.00489
459	1.00231
460	1.00022
461	0.9989
462	0.99819
463	0.99832
464	0.99921
465	1.00088
466	1.00281
467	1.00575
468	1.00925
469	1.01303
470	1.01686
471	1.02072
472	1.02426
473	1.02759
475	1.03061
476	1.03312
477	1.03529
478	1.03708
479	1.03852
480	1.03955
481	1.04023
482	1.04065
483	1.04101
484	1.04136
485	1.04168
486	1.04197
487	1.04222
488	1.04244
489	1.04262
490	1.04276
491	1.04286
492	1.04293
493	1.04293
494	1.0426
496	1.04186
497	1.04075
498	1.03925
499	1.03733
500	1.03503
501	1.0326
502	1.02979
503	1.02665
504	1.02375
505	1.02053
506	1.01789
507	1.01561
508	1.01368
509	1.01239
510	1.01181
511	1.01193
512	1.01258
513	1.01404
514	1.01622
515	1.01855
517	1.02162
518	1.02471
519	1.02787
520	1.03107
521	1.03406
522	1.03678
523	1.0392
524	1.04126
525	1.04288
526	1.04415
527	1.04504
528	1.04556
529	1.04581
530	1.046
531	1.04616
532	1.04627
533	1.04633
534	1.04636
535	1.04634
536	1.04628
538	1.04618
539	1.04604
540	1.04585
541	1.04563
542	1.04536
543	1.04505
544	1.04457
545	1.04373
546	1.04257
547	1.04076
548	1.03872
549	1.03623
550	1.03346
551	1.03048
552	1.02736
553	1.02471
554	1.02214
555	1.0199
556	1.01817
557	1.01691
559	1.01631
560	1.01607
561	1.01635
562	1.01697
563	1.018
564	1.01928
565	1.02047
566	1.02221
567	1.02396
568	1.02594
569	1.0281
570	1.03055
571	1.03289
572	1.03519
573	1.03745
574	1.03954
575	1.04156
576	1.0432
577	1.04423
578	1.04508
580	1.04552
581	1.0456
582	1.04537
583	1.04508
584	1.04475
585	1.04437
586	1.04397
587	1.04353
588	1.04309
589	1.04264
590	1.0422
591	1.0418
592	1.04128
593	1.04058
594	1.03958
595	1.03831
596	1.03673
597	1.03485
598	1.03241
599	1.02995
601	1.02687
602	1.0235
603	1.0202
604	1.01664
605	1.01344
606	1.01101
607	1.00875
608	1.00684
609	1.00538
610	1.00457
611	1.00392
612	1.00426
613	1.00518
614	1.00657
615	1.00861
616	1.01109
617	1.01347
618	1.01637
619	1.01962
620	1.02313
622	1.02671
623	1.03027
624	1.03347
625	1.03634
626	1.03864
627	1.04069
628	1.04212
629	1.04318
630	1.04386
631	1.04418
632	1.04414
633	1.04397
634	1.04373
635	1.04354
636	1.04342
637	1.04338
638	1.04342
639	1.04354
640	1.04371
641	1.04375
643	1.04368
644	1.04326
645	1.04256
646	1.04155
647	1.04001
648	1.03816
649	1.03589
650	1.03316
651	1.0301
652	1.02694
653	1.02394
654	1.02124
655	1.01894
656	1.01741
657	1.01571
658	1.01436
659	1.01317
660	1.01233
661	1.01209
662	1.01232
664	1.01303
665	1.01409
666	1.01529
667	1.01672
668	1.01809
669	1.02005
670	1.02244
671	1.02517
672	1.02821
673	1.03107
674	1.03378
675	1.03608
676	1.03802
677	1.03968
678	1.04106
679	1.04207
680	1.04295
681	1.04363
682	1.0441
683	1.04436
685	1.04465
686	1.04494
687	1.04528
688	1.04563
689	1.04592
690	1.04602
691	1.04593
692	1.04558
693	1.04498
694	1.04417
695	1.04275
696	1.0411
697	1.03917
698	1.03699
699	1.03458
700	1.03212
701	1.0298
702	1.02761
703	1.02546
704	1.02338
706	1.02147
707	1.01957
708	1.01783
709	1.01632
710	1.01514
711	1.0144
712	1.01405
713	1.01407
714	1.01441
715	1.0153
716	1.01658
717	1.01822
718	1.02062
719	1.02326
720	1.02612
721	1.029
722	1.0319
723	1.0345
724	1.03686
725	1.03895
727	1.04074
728	1.04232
729	1.04358
730	1.04467
731	1.04559
732	1.04633
733	1.04694
734	1.04732
735	1.04766
736	1.04784
737	1.04789
738	1.04776
739	1.04738
740	1.0467
741	1.04579
742	1.04441
743	1.04263
744	1.04033
745	1.03775
746	1.03466
748	1.03123
749	1.02753
750	1.02359
751	1.01973
752	1.0159
753	1.01217
754	1.00851
755	1.00534
756	1.00277
757	1.00063
758	0.99942
759	0.99907
760	0.99943
761	1.00048
762	1.00221
763	1.0046
764	1.00748
765	1.0111
766	1.0149
767	1.0189
769	1.02283
770	1.02669
771	1.03029
772	1.03364
773	1.03676
774	1.03941
775	1.04164
776	1.04348
777	1.04495
778	1.04614
779	1.04704
780	1.04786
781	1.04835
782	1.04867
783	1.04888
784	1.04895
785	1.0488
786	1.0484
787	1.04772
788	1.04685
790	1.04548
791	1.04368
792	1.04138
793	1.03859
794	1.03536
795	1.03148
796	1.02718
797	1.02259
798	1.01795
799	1.01358
800	1.00903
801	1.00463
802	1.0009
803	0.99779
804	0.99554
805	0.99406
806	0.99382
807	0.9945
808	0.99608
809	0.99848
811	1.00139
812	1.00511
813	1.00955
814	1.01414
815	1.01882
816	1.02352
817	1.02803
818	1.03198
819	1.0355
820	1.03856
821	1.0411
822	1.04311
823	1.04468
824	1.04586
825	1.04665
826	1.04721
827	1.04738
828	1.04739
829	1.04736
830	1.0473
832	1.0472
833	1.04708
834	1.04693
835	1.04675
836	1.04653
837	1.04601
838	1.04524
839	1.04409
840	1.04256
841	1.04055
842	1.03798
843	1.03511
844	1.03194
845	1.02814
846	1.024
847	1.01968
848	1.01539
849	1.01127
850	1.00758
851	1.00429
853	1.00176
854	1.00014
855	0.99905
856	0.99882
857	0.99976
858	1.00152
859	1.00415
860	1.0074
861	1.01122
862	1.01547
863	1.02002
864	1.02474
865	1.02922
866	1.03349
867	1.03722
868	1.04044
869	1.04319
870	1.04527
871	1.04701
872	1.04825
874	1.049
875	1.04941
876	1.04938
877	1.04923
878	1.04906
879	1.04888
880	1.04867
881	1.04845
882	1.04823
883	1.04801
884	1.04779
885	1.04758
886	1.04739
887	1.04709
888	1.04648
889	1.04545
890	1.04408
891	1.04206
892	1.03953
893	1.03658
895	1.03315
896	1.02989
897	1.02664
898	1.02351
899	1.02046
900	1.01792
901	1.01561
902	1.01401
903	1.01302
904	1.01269
905	1.01316
906	1.01464
907	1.01649
908	1.01883
909	1.02154
910	1.02473
911	1.02798
912	1.03142
913	1.0345
914	1.03762
916	1.04059
917	1.04318
918	1.04524
919	1.04675
920	1.04774
921	1.04823
922	1.04826
923	1.04805
924	1.04783
925	1.04761
926	1.04739
927	1.04718
928	1.04698
929	1.0468
930	1.04663
931	1.04649
932	1.04639
933	1.04632
934	1.04629
935	1.04629
937	1.04613
938	1.04559
939	1.0446
940	1.04318
941	1.04124
942	1.03885
943	1.03612
944	1.03275
945	1.02889
946	1.02476
947	1.02051
948	1.01637
949	1.01267
950	1.00945
951	1.00685
952	1.00494
953	1.00416
954	1.00406
955	1.00458
956	1.00582
958	1.00765
959	1.01013
960	1.01302
961	1.01617
962	1.01953
963	1.02309
964	1.02667
965	1.02985
966	1.03281
967	1.03577
968	1.03848
969	1.04085
970	1.04264
971	1.0441
972	1.04524
973	1.04616
974	1.04671
975	1.04708
976	1.04718
977	1.04717
979	1.04719
980	1.04723
981	1.0473
982	1.04721
983	1.04692
984	1.04633
985	1.0454
986	1.04411
987	1.04241
988	1.04022
989	1.03767
990	1.03437
991	1.03054
992	1.02621
993	1.02138
994	1.01669
995	1.0122
996	1.00813
997	1.00465
998	1.00128
1000	0.99882
