#	BAND	=	0	0	0	0	--
0	-11.30332	0.43895	0.861	0.358	0.276	0.733	0.85134
0.02098	-11.34331	0.42657	0.86	0.148	0.222	0.817	0.95
0.04196	-11.38985	0.42467	0.859	0.132	0.228	0.817	0.95111
0.06293	-11.43749	0.42336	0.858	0.127	0.235	0.815	0.94988
0.08391	-11.48517	0.42213	0.857	0.125	0.24	0.813	0.94866
0.10489	-11.53235	0.42138	0.856	0.126	0.245	0.81	0.94626
0.12587	-11.57872	0.42169	0.855	0.128	0.25	0.808	0.94503
0.14685	-11.62402	0.42186	0.855	0.131	0.254	0.805	0.94152
0.16782	-11.66805	0.4193	0.854	0.135	0.258	0.802	0.93911
0.1888	-11.71066	0.41871	0.853	0.139	0.261	0.8	0.93787
0.20978	-11.75171	0.42006	0.852	0.143	0.264	0.797	0.93545
0.23076	-11.79109	0.41902	0.851	0.148	0.266	0.795	0.9342
0.25174	-11.82867	0.41798	0.851	0.152	0.269	0.793	0.93184
0.27271	-11.86439	0.41707	0.85	0.157	0.271	0.79	0.92941
0.29369	-11.89814	0.41718	0.849	0.162	0.273	0.788	0.92815
0.31467	-11.92985	0.41719	0.849	0.167	0.274	0.786	0.9258
0.33565	-11.95946	0.41683	0.848	0.173	0.276	0.783	0.92335
0.35663	-11.9869	0.41631	0.848	0.178	0.277	0.781	0.92099
0.3776	-12.01212	0.41742	0.847	0.184	0.278	0.779	0.91972
0.39858	-12.03508	0.41762	0.847	0.19	0.279	0.777	0.91736
0.41956	-12.05573	0.41703	0.847	0.196	0.28	0.775	0.91499
0.44054	-12.07404	0.41703	0.846	0.202	0.28	0.773	0.91371
0.46152	-12.08997	0.41703	0.846	0.208	0.281	0.77	0.91017
0.4825	-12.10349	0.41638	0.846	0.215	0.281	0.768	0.9078
0.50347	-12.11458	0.41638	0.846	0.222	0.281	0.766	0.90544
0.52445	-12.12323	0.41646	0.845	0.229	0.28	0.764	0.90414
0.54543	-12.12942	0.41646	0.845	0.237	0.28	0.761	0.90059
0.56641	-12.13313	0.41646	0.845	0.244	0.28	0.759	0.89822
0.58739	-12.13437	0.41586	0.845	0.253	0.28	0.756	0.89467
0.58739	-12.13437	0.41586	0.845	0.253	0.28	0.756	0.89467
0.60836	-12.13313	0.41586	0.845	0.262	0.28	0.753	0.89112
0.62934	-12.12941	0.41646	0.845	0.271	0.279	0.751	0.88876
0.65032	-12.12322	0.41646	0.845	0.281	0.278	0.748	0.88521
0.6713	-12.11457	0.41638	0.846	0.291	0.277	0.744	0.87943
0.69228	-12.10348	0.41678	0.846	0.304	0.277	0.739	0.87352
0.71325	-12.08996	0.41703	0.846	0.317	0.276	0.734	0.86761
0.73423	-12.07403	0.41703	0.846	0.33	0.275	0.729	0.8617
0.75521	-12.05572	0.41703	0.847	0.346	0.274	0.723	0.8536
0.77619	-12.03507	0.41762	0.847	0.363	0.273	0.715	0.84416
0.79717	-12.01211	0.41639	0.847	0.381	0.272	0.706	0.83353
0.81814	-11.98688	0.41631	0.848	0.403	0.271	0.695	0.81958
0.83912	-11.95944	0.41643	0.848	0.428	0.271	0.681	0.80307
0.8601	-11.92983	0.41691	0.849	0.456	0.269	0.663	0.78092
0.88108	-11.89811	0.41703	0.849	0.488	0.268	0.641	0.75501
0.90206	-11.86436	0.41703	0.85	0.526	0.266	0.612	0.72
0.92303	-11.82865	0.41815	0.851	0.569	0.264	0.574	0.6745
0.94401	-11.79106	0.41934	0.851	0.619	0.26	0.524	0.61575
0.96499	-11.75168	0.41915	0.852	0.674	0.253	0.456	0.53521
0.98597	-11.71063	0.42039	0.853	0.731	0.242	0.366	0.42907
1.00695	-11.66802	0.41975	0.854	0.785	0.225	0.248	0.2904
1.02792	-11.62398	0.42098	0.855	0.824	0.2	0.104	0.12164
1.0489	-11.57868	0.42174	0.855	0.837	0.168	-0.052	-0.06082
1.06988	-11.53232	0.42153	0.856	0.821	0.134	-0.203	-0.23715
1.09086	-11.48513	0.42105	0.857	0.785	0.103	-0.328	-0.38273
1.11184	-11.43745	0.42336	0.858	0.748	0.082	-0.412	-0.48019
1.13281	-11.38981	0.42467	0.859	0.733	0.08	-0.441	-0.51339
1.15379	-11.34327	0.42753	0.86	0.77	0.123	-0.361	-0.41977
1.17477	-11.30332	0.43895	0.861	0.358	0.276	0.733	0.85134
	BAND	=	1				--
#	BAND	=	0	0	1	1	--
0	-11.28826	0.44017	0.861	-0.358	-0.275	-0.733	-0.85134
0.02098	-11.32821	0.4265	0.86	-0.148	-0.222	-0.817	-0.95
0.04196	-11.37476	0.4242	0.859	-0.132	-0.228	-0.817	-0.95111
0.06293	-11.4224	0.42357	0.858	-0.127	-0.235	-0.815	-0.94988
0.08391	-11.47008	0.42014	0.857	-0.125	-0.24	-0.813	-0.94866
0.10489	-11.51727	0.42174	0.856	-0.126	-0.245	-0.81	-0.94626
0.12587	-11.56364	0.42114	0.855	-0.128	-0.25	-0.808	-0.94503
0.14685	-11.60893	0.42091	0.855	-0.131	-0.254	-0.805	-0.94152
0.16782	-11.65297	0.41923	0.854	-0.135	-0.258	-0.802	-0.93911
0.1888	-11.69559	0.41935	0.853	-0.139	-0.261	-0.8	-0.93787
0.20978	-11.73664	0.41863	0.852	-0.143	-0.264	-0.797	-0.93545
0.23076	-11.77601	0.41934	0.851	-0.148	-0.266	-0.795	-0.9342
0.25174	-11.8136	0.41763	0.851	-0.152	-0.269	-0.792	-0.93067
0.27271	-11.84932	0.41703	0.85	-0.157	-0.271	-0.79	-0.92941
0.29369	-11.88307	0.41727	0.849	-0.162	-0.273	-0.788	-0.92815
0.31467	-11.91478	0.41691	0.849	-0.167	-0.274	-0.786	-0.9258
0.33565	-11.94439	0.41643	0.848	-0.173	-0.276	-0.783	-0.92335
0.35663	-11.97184	0.41631	0.848	-0.178	-0.277	-0.781	-0.92099
0.3776	-11.99707	0.41639	0.847	-0.184	-0.278	-0.779	-0.91972
0.39858	-12.02003	0.41762	0.847	-0.19	-0.279	-0.777	-0.91736
0.41956	-12.04068	0.41703	0.847	-0.196	-0.28	-0.775	-0.91499
0.44054	-12.05899	0.41703	0.846	-0.202	-0.28	-0.773	-0.91371
0.46152	-12.07492	0.41703	0.846	-0.208	-0.281	-0.77	-0.91017
0.4825	-12.08844	0.41615	0.846	-0.215	-0.281	-0.768	-0.9078
0.50347	-12.09953	0.41674	0.846	-0.222	-0.281	-0.766	-0.90544
0.52445	-12.10818	0.41674	0.845	-0.229	-0.28	-0.764	-0.90414
0.54543	-12.11437	0.41586	0.845	-0.237	-0.28	-0.761	-0.90059
0.56641	-12.11809	0.41586	0.845	-0.244	-0.28	-0.759	-0.89822
0.58739	-12.11933	0.41586	0.845	-0.253	-0.28	-0.756	-0.89467
0.58739	-12.11933	0.41586	0.845	-0.253	-0.28	-0.756	-0.89467
0.60836	-12.11809	0.41586	0.845	-0.262	-0.28	-0.753	-0.89112
0.62934	-12.11437	0.41646	0.845	-0.271	-0.279	-0.751	-0.88876
0.65032	-12.10818	0.41646	0.845	-0.281	-0.278	-0.748	-0.88521
0.6713	-12.09954	0.41638	0.846	-0.291	-0.277	-0.744	-0.87943
0.69228	-12.08844	0.41638	0.846	-0.304	-0.277	-0.739	-0.87352
0.71325	-12.07492	0.41703	0.846	-0.317	-0.276	-0.734	-0.86761
0.73423	-12.059	0.41703	0.846	-0.33	-0.275	-0.729	-0.8617
0.75521	-12.04069	0.41703	0.847	-0.346	-0.274	-0.723	-0.8536
0.77619	-12.02004	0.41762	0.847	-0.363	-0.273	-0.715	-0.84416
0.79717	-11.99708	0.41778	0.847	-0.381	-0.272	-0.706	-0.83353
0.81814	-11.97186	0.41631	0.848	-0.403	-0.271	-0.694	-0.8184
0.83912	-11.94441	0.41683	0.848	-0.428	-0.271	-0.681	-0.80307
0.8601	-11.9148	0.41691	0.849	-0.456	-0.269	-0.663	-0.78092
0.88108	-11.88309	0.41718	0.849	-0.488	-0.268	-0.641	-0.75501
0.90206	-11.84934	0.41655	0.85	-0.526	-0.266	-0.612	-0.72
0.92303	-11.81363	0.41798	0.851	-0.569	-0.264	-0.574	-0.6745
0.94401	-11.77604	0.41902	0.851	-0.619	-0.26	-0.524	-0.61575
0.96499	-11.73667	0.42042	0.852	-0.674	-0.253	-0.456	-0.53521
0.98597	-11.69562	0.41955	0.853	-0.731	-0.242	-0.366	-0.42907
1.00695	-11.653	0.42003	0.854	-0.785	-0.225	-0.248	-0.2904
1.02792	-11.60897	0.42114	0.855	-0.824	-0.2	-0.104	-0.12164
1.0489	-11.56367	0.42174	0.855	-0.837	-0.168	0.052	0.06082
1.06988	-11.51731	0.42209	0.856	-0.821	-0.134	0.203	0.23715
1.09086	-11.47012	0.42058	0.857	-0.785	-0.103	0.328	0.38273
1.11184	-11.42244	0.42324	0.858	-0.748	-0.082	0.412	0.48019
1.13281	-11.37479	0.42503	0.859	-0.733	-0.08	0.441	0.51339
1.15379	-11.32825	0.42625	0.86	-0.77	-0.123	0.361	0.41977
1.17477	-11.28826	0.44017	0.861	-0.358	-0.276	-0.733	-0.85134
	BAND	=	2				--
#	BAND	=	0	0	2	2	--
0	-11.30159	0.4196	0.861	0.345	0.229	0.755	0.87689
0.02098	-11.30465	0.42035	0.861	-0.112	0.291	0.802	0.93148
0.04196	-11.33612	0.41664	0.86	-0.267	0.295	0.762	0.88605
0.06293	-11.37378	0.41458	0.859	-0.277	0.31	0.751	0.87427
0.08391	-11.41412	0.41252	0.858	-0.265	0.308	0.755	0.87995
0.10489	-11.45565	0.4124	0.857	-0.251	0.299	0.762	0.88915
0.12587	-11.49753	0.41256	0.856	-0.239	0.286	0.77	0.89953
0.14685	-11.53919	0.41105	0.855	-0.231	0.273	0.777	0.90877
0.16782	-11.58024	0.40902	0.854	-0.224	0.26	0.782	0.91569
0.1888	-11.62037	0.40981	0.853	-0.219	0.249	0.786	0.92145
0.20978	-11.65934	0.41025	0.853	-0.216	0.238	0.789	0.92497
0.23076	-11.69696	0.4097	0.852	-0.214	0.228	0.792	0.92958
0.25174	-11.73305	0.40898	0.851	-0.213	0.219	0.794	0.93302
0.27271	-11.76749	0.40918	0.85	-0.212	0.211	0.796	0.93647
0.29369	-11.80016	0.40822	0.85	-0.213	0.203	0.797	0.93765
0.31467	-11.83094	0.40865	0.849	-0.214	0.196	0.798	0.93993
0.33565	-11.85975	0.40782	0.849	-0.215	0.189	0.799	0.94111
0.35663	-11.8865	0.40694	0.848	-0.217	0.183	0.799	0.94222
0.3776	-11.91114	0.40718	0.848	-0.219	0.177	0.799	0.94222
0.39858	-11.9336	0.4073	0.847	-0.222	0.171	0.799	0.94333
0.41956	-11.95382	0.40777	0.847	-0.225	0.166	0.799	0.94333
0.44054	-11.97177	0.4063	0.847	-0.228	0.161	0.799	0.94333
0.46152	-11.9874	0.4079	0.846	-0.232	0.156	0.799	0.94444
0.4825	-12.00068	0.4079	0.846	-0.236	0.151	0.798	0.94326
0.50347	-12.01158	0.4079	0.846	-0.24	0.145	0.798	0.94326
0.52445	-12.02007	0.40825	0.846	-0.245	0.14	0.797	0.94208
0.54543	-12.02616	0.40825	0.846	-0.25	0.136	0.796	0.9409
0.56641	-12.02981	0.40781	0.846	-0.256	0.13	0.795	0.93972
0.58739	-12.03103	0.40781	0.846	-0.262	0.125	0.794	0.93853
0.58739	-12.03103	0.40781	0.846	-0.262	0.125	0.794	0.93853
0.60836	-12.02981	0.40781	0.846	-0.269	0.12	0.793	0.93735
0.62934	-12.02616	0.40825	0.846	-0.275	0.113	0.791	0.93499
0.65032	-12.02007	0.40825	0.846	-0.283	0.107	0.79	0.93381
0.6713	-12.01157	0.40749	0.846	-0.292	0.1	0.787	0.93026
0.69228	-12.00067	0.4079	0.846	-0.301	0.092	0.785	0.9279
0.71325	-11.98739	0.4079	0.846	-0.312	0.083	0.782	0.92435
0.73423	-11.97176	0.40694	0.847	-0.323	0.073	0.779	0.91972
0.75521	-11.95382	0.40706	0.847	-0.336	0.061	0.775	0.91499
0.77619	-11.93359	0.40722	0.847	-0.35	0.049	0.77	0.90909
0.79717	-11.91113	0.40718	0.848	-0.366	0.034	0.764	0.90094
0.81814	-11.88649	0.40722	0.848	-0.383	0.017	0.757	0.89269
0.83912	-11.85973	0.40865	0.849	-0.402	-0.002	0.747	0.87986
0.8601	-11.83093	0.40882	0.849	-0.422	-0.024	0.736	0.8669
0.88108	-11.80014	0.40822	0.85	-0.444	-0.049	0.723	0.85059
0.90206	-11.76748	0.40894	0.85	-0.467	-0.077	0.706	0.83059
0.92303	-11.73304	0.40898	0.851	-0.491	-0.108	0.686	0.80611
0.94401	-11.69694	0.40894	0.852	-0.515	-0.141	0.664	0.77934
0.96499	-11.65932	0.41034	0.853	-0.537	-0.176	0.639	0.74912
0.98597	-11.62035	0.40938	0.853	-0.556	-0.21	0.612	0.71747
1.00695	-11.58022	0.40902	0.854	-0.57	-0.241	0.588	0.68852
1.02792	-11.53918	0.41057	0.855	-0.579	-0.268	0.569	0.6655
1.0489	-11.49751	0.41072	0.856	-0.583	-0.286	0.557	0.6507
1.06988	-11.45564	0.41415	0.857	-0.579	-0.292	0.559	0.65228
1.09086	-11.41411	0.41183	0.858	-0.569	-0.282	0.576	0.67133
1.11184	-11.37377	0.41538	0.859	-0.55	-0.253	0.608	0.7078
1.13281	-11.33611	0.41748	0.86	-0.499	-0.198	0.671	0.78023
1.15379	-11.30465	0.41999	0.861	-0.183	-0.029	0.84	0.97561
1.17477	-11.30159	0.4196	0.861	0.345	0.229	0.755	0.87689
	BAND	=	3				--
#	BAND	=	0	0	3	3	--
0	-11.28652	0.41822	0.861	-0.345	-0.229	-0.755	-0.87689
0.02098	-11.28962	0.41948	0.861	0.112	-0.291	-0.802	-0.93148
0.04196	-11.32108	0.41684	0.86	0.267	-0.295	-0.762	-0.88605
0.06293	-11.35874	0.41522	0.859	0.277	-0.31	-0.751	-0.87427
0.08391	-11.39908	0.41243	0.858	0.265	-0.308	-0.755	-0.87995
0.10489	-11.44061	0.41323	0.857	0.251	-0.299	-0.762	-0.88915
0.12587	-11.48248	0.41168	0.856	0.239	-0.286	-0.77	-0.89953
0.14685	-11.52414	0.41017	0.855	0.231	-0.273	-0.777	-0.90877
0.16782	-11.56519	0.40961	0.854	0.224	-0.26	-0.782	-0.91569
0.1888	-11.60532	0.40938	0.853	0.219	-0.249	-0.786	-0.92145
0.20978	-11.64429	0.41034	0.853	0.216	-0.238	-0.789	-0.92497
0.23076	-11.68191	0.40894	0.852	0.214	-0.228	-0.792	-0.92958
0.25174	-11.718	0.40898	0.851	0.213	-0.219	-0.794	-0.93302
0.27271	-11.75244	0.40894	0.85	0.212	-0.211	-0.796	-0.93647
0.29369	-11.78511	0.40794	0.85	0.213	-0.203	-0.797	-0.93765
0.31467	-11.81589	0.40794	0.849	0.214	-0.196	-0.798	-0.93993
0.33565	-11.8447	0.40889	0.849	0.215	-0.189	-0.799	-0.94111
0.35663	-11.87146	0.40722	0.848	0.217	-0.183	-0.799	-0.94222
0.3776	-11.8961	0.40718	0.848	0.219	-0.177	-0.799	-0.94222
0.39858	-11.91855	0.40722	0.847	0.222	-0.171	-0.799	-0.94333
0.41956	-11.93878	0.40706	0.847	0.225	-0.166	-0.799	-0.94333
0.44054	-11.95673	0.40654	0.847	0.228	-0.161	-0.799	-0.94333
0.46152	-11.97236	0.4079	0.846	0.232	-0.156	-0.799	-0.94444
0.4825	-11.98563	0.40754	0.846	0.236	-0.151	-0.798	-0.94326
0.50347	-11.99653	0.40754	0.846	0.24	-0.145	-0.798	-0.94326
0.52445	-12.00503	0.40825	0.846	0.245	-0.14	-0.797	-0.94208
0.54543	-12.01112	0.40741	0.846	0.25	-0.136	-0.796	-0.9409
0.56641	-12.01477	0.40741	0.846	0.256	-0.13	-0.795	-0.93972
0.58739	-12.01599	0.40741	0.846	0.262	-0.125	-0.794	-0.93853
0.58739	-12.01599	0.40741	0.846	0.262	-0.125	-0.794	-0.93853
0.60836	-12.01477	0.40741	0.846	0.269	-0.12	-0.793	-0.93735
0.62934	-12.01112	0.40741	0.846	0.275	-0.113	-0.791	-0.93499
0.65032	-12.00504	0.40825	0.846	0.283	-0.107	-0.79	-0.93381
0.6713	-11.99654	0.4079	0.846	0.292	-0.1	-0.787	-0.93026
0.69228	-11.98564	0.4079	0.846	0.301	-0.092	-0.785	-0.9279
0.71325	-11.97236	0.4079	0.846	0.312	-0.083	-0.782	-0.92435
0.73423	-11.95673	0.4065	0.847	0.323	-0.073	-0.779	-0.91972
0.75521	-11.93879	0.40777	0.847	0.336	-0.061	-0.775	-0.91499
0.77619	-11.91856	0.4073	0.847	0.35	-0.049	-0.77	-0.90909
0.79717	-11.8961	0.40718	0.848	0.366	-0.034	-0.764	-0.90094
0.81814	-11.87147	0.40694	0.848	0.383	-0.017	-0.757	-0.89269
0.83912	-11.84471	0.40782	0.849	0.402	0.002	-0.747	-0.87986
0.8601	-11.8159	0.40865	0.849	0.422	0.024	-0.736	-0.8669
0.88108	-11.78512	0.40846	0.85	0.444	0.049	-0.723	-0.85059
0.90206	-11.75246	0.40918	0.85	0.467	0.077	-0.706	-0.83059
0.92303	-11.71802	0.40898	0.851	0.491	0.108	-0.686	-0.80611
0.94401	-11.68192	0.4097	0.852	0.514	0.141	-0.664	-0.77934
0.96499	-11.6443	0.40986	0.853	0.537	0.176	-0.639	-0.74912
0.98597	-11.60533	0.40918	0.853	0.556	0.21	-0.612	-0.71747
1.00695	-11.5652	0.40938	0.854	0.57	0.241	-0.588	-0.68852
1.02792	-11.52415	0.41077	0.855	0.579	0.268	-0.569	-0.6655
1.0489	-11.48249	0.41312	0.856	0.583	0.286	-0.557	-0.6507
1.06988	-11.44062	0.4124	0.857	0.579	0.292	-0.559	-0.65228
1.09086	-11.39909	0.41283	0.858	0.569	0.282	-0.576	-0.67133
1.11184	-11.35875	0.41458	0.859	0.55	0.253	-0.608	-0.7078
1.13281	-11.32109	0.41664	0.86	0.499	0.198	-0.671	-0.78023
1.15379	-11.28962	0.41924	0.861	0.183	0.029	-0.84	-0.97561
1.17477	-11.28652	0.41822	0.861	-0.345	-0.229	-0.755	-0.87689
	BAND	=	4				--
#	BAND	=	0	0	4	4	--
0	-11.27348	0.27865	0.861	-0.63	-0.499	-0.308	-0.35772
0.02098	-11.26985	0.40364	0.861	-0.413	-0.114	0.746	0.86643
0.04196	-11.28356	0.41261	0.86	-0.24	0.442	0.697	0.81047
0.06293	-11.30865	0.41072	0.859	-0.086	0.416	0.746	0.86845
0.08391	-11.33978	0.40966	0.858	-0.046	0.354	0.78	0.90909
0.10489	-11.37426	0.4073	0.857	-0.03	0.306	0.8	0.93349
0.12587	-11.41058	0.40967	0.856	-0.02	0.269	0.812	0.9486
0.14685	-11.44777	0.41019	0.856	-0.011	0.242	0.82	0.95794
0.16782	-11.48518	0.4091	0.855	-0.004	0.221	0.825	0.96491
0.1888	-11.52233	0.41006	0.854	0.003	0.205	0.829	0.97073
0.20978	-11.55882	0.40862	0.853	0.009	0.193	0.831	0.97421
0.23076	-11.59438	0.40918	0.852	0.015	0.184	0.832	0.97653
0.25174	-11.62875	0.41038	0.852	0.021	0.176	0.833	0.9777
0.27271	-11.66174	0.41006	0.851	0.027	0.171	0.833	0.97885
0.29369	-11.69318	0.40874	0.851	0.033	0.167	0.833	0.97885
0.31467	-11.72293	0.40905	0.85	0.038	0.164	0.833	0.98
0.33565	-11.75087	0.40857	0.849	0.043	0.162	0.832	0.97998
0.35663	-11.77689	0.4098	0.849	0.049	0.162	0.832	0.97998
0.3776	-11.8009	0.40829	0.848	0.054	0.162	0.831	0.97995
0.39858	-11.82283	0.41	0.848	0.06	0.162	0.83	0.97877
0.41956	-11.84261	0.40976	0.848	0.065	0.164	0.829	0.97759
0.44054	-11.86019	0.40888	0.847	0.071	0.166	0.828	0.97757
0.46152	-11.87551	0.4094	0.847	0.077	0.168	0.826	0.97521
0.4825	-11.88854	0.40968	0.847	0.083	0.172	0.825	0.97403
0.50347	-11.89925	0.40828	0.847	0.09	0.176	0.823	0.97166
0.52445	-11.9076	0.40896	0.846	0.097	0.181	0.821	0.97045
0.54543	-11.91358	0.40896	0.846	0.105	0.187	0.819	0.96809
0.56641	-11.91717	0.40936	0.846	0.113	0.194	0.816	0.96454
0.58739	-11.91837	0.40936	0.846	0.123	0.201	0.813	0.96099
0.58739	-11.91837	0.40936	0.846	0.123	0.201	0.813	0.96099
0.60836	-11.91717	0.40936	0.846	0.133	0.21	0.809	0.95626
0.62934	-11.91357	0.40923	0.846	0.146	0.221	0.804	0.95035
0.65032	-11.90759	0.40852	0.846	0.161	0.233	0.798	0.94326
0.6713	-11.89923	0.40845	0.847	0.177	0.248	0.79	0.9327
0.69228	-11.88852	0.40968	0.847	0.198	0.264	0.78	0.9209
0.71325	-11.87549	0.40892	0.847	0.225	0.285	0.765	0.90319
0.73423	-11.86016	0.40892	0.847	0.258	0.311	0.745	0.87957
0.75521	-11.84258	0.4096	0.848	0.304	0.344	0.712	0.83962
0.77619	-11.8228	0.40773	0.848	0.369	0.387	0.658	0.77594
0.79717	-11.80087	0.40881	0.848	0.466	0.443	0.554	0.6533
0.81814	-11.77685	0.40885	0.849	0.598	0.501	0.333	0.39223
0.83912	-11.75083	0.40857	0.849	0.693	0.482	-0.098	-0.11543
0.8601	-11.72289	0.40869	0.85	0.582	0.3	-0.541	-0.63647
0.88108	-11.69315	0.40874	0.851	0.4	0.109	-0.743	-0.87309
0.90206	-11.6617	0.41006	0.851	0.268	-0.018	-0.807	-0.9483
0.92303	-11.62871	0.41038	0.852	0.182	-0.106	-0.825	-0.96831
0.94401	-11.59434	0.40918	0.852	0.121	-0.176	-0.825	-0.96831
0.96499	-11.55879	0.40862	0.853	0.075	-0.239	-0.815	-0.95545
0.98597	-11.52229	0.41006	0.854	0.037	-0.303	-0.797	-0.93326
1.00695	-11.48515	0.4091	0.855	0.001	-0.376	-0.767	-0.89708
1.02792	-11.44774	0.40931	0.856	-0.037	-0.469	-0.714	-0.83411
1.0489	-11.41054	0.40939	0.856	-0.085	-0.598	-0.607	-0.70911
1.06988	-11.37423	0.40806	0.857	-0.16	-0.768	-0.345	-0.40257
1.09086	-11.33976	0.40886	0.858	-0.242	-0.787	0.242	0.28205
1.11184	-11.30863	0.41128	0.859	-0.239	-0.424	0.708	0.82421
1.13281	-11.28357	0.41444	0.86	-0.249	-0.131	0.812	0.94419
1.15379	-11.26985	0.40411	0.861	-0.645	0.05	0.567	0.65854
1.17477	-11.27348	0.27865	0.861	-0.63	-0.499	-0.307	-0.35656
	BAND	=	5				--
#	BAND	=	0	0	5	5	--
0	-11.25844	0.27865	0.861	0.63	0.499	0.308	0.35772
0.02098	-11.25482	0.40447	0.861	0.413	0.114	-0.746	-0.86643
0.04196	-11.26854	0.41384	0.86	0.24	-0.442	-0.697	-0.81047
0.06293	-11.2936	0.41155	0.859	0.086	-0.416	-0.746	-0.86845
0.08391	-11.32472	0.40885	0.858	0.046	-0.354	-0.78	-0.90909
0.10489	-11.35919	0.40802	0.857	0.03	-0.306	-0.8	-0.93349
0.12587	-11.39549	0.40843	0.856	0.02	-0.269	-0.812	-0.9486
0.14685	-11.43268	0.40963	0.856	0.011	-0.242	-0.82	-0.95794
0.16782	-11.47009	0.40966	0.855	0.004	-0.221	-0.825	-0.96491
0.1888	-11.50723	0.4091	0.854	-0.003	-0.205	-0.829	-0.97073
0.20978	-11.54373	0.40818	0.853	-0.009	-0.193	-0.831	-0.97421
0.23076	-11.57929	0.40894	0.852	-0.015	-0.184	-0.832	-0.97653
0.25174	-11.61366	0.40778	0.852	-0.021	-0.176	-0.833	-0.9777
0.27271	-11.64666	0.40934	0.851	-0.027	-0.171	-0.833	-0.97885
0.29369	-11.6781	0.40818	0.851	-0.033	-0.167	-0.833	-0.97885
0.31467	-11.70785	0.40889	0.85	-0.038	-0.164	-0.833	-0.98
0.33565	-11.73579	0.41025	0.849	-0.043	-0.162	-0.832	-0.97998
0.35663	-11.76181	0.4096	0.849	-0.049	-0.162	-0.832	-0.97998
0.3776	-11.78582	0.40881	0.848	-0.054	-0.162	-0.831	-0.97995
0.39858	-11.80776	0.40773	0.848	-0.06	-0.162	-0.83	-0.97877
0.41956	-11.82754	0.40873	0.848	-0.065	-0.164	-0.829	-0.97759
0.44054	-11.84512	0.40892	0.847	-0.071	-0.166	-0.828	-0.97757
0.46152	-11.86045	0.40892	0.847	-0.077	-0.168	-0.826	-0.97521
0.4825	-11.87348	0.40968	0.847	-0.083	-0.172	-0.825	-0.97403
0.50347	-11.88419	0.4082	0.847	-0.09	-0.176	-0.823	-0.97166
0.52445	-11.89254	0.40923	0.846	-0.097	-0.181	-0.821	-0.97045
0.54543	-11.89853	0.40936	0.846	-0.105	-0.187	-0.819	-0.96809
0.56641	-11.90212	0.40936	0.846	-0.113	-0.194	-0.816	-0.96454
0.58739	-11.90332	0.40936	0.846	-0.123	-0.201	-0.813	-0.96099
0.58739	-11.90332	0.40936	0.846	-0.123	-0.201	-0.813	-0.96099
0.60836	-11.90213	0.40936	0.846	-0.133	-0.21	-0.809	-0.95626
0.62934	-11.89853	0.40908	0.846	-0.146	-0.221	-0.804	-0.95035
0.65032	-11.89255	0.40896	0.846	-0.161	-0.233	-0.798	-0.94326
0.6713	-11.8842	0.409	0.847	-0.177	-0.248	-0.79	-0.9327
0.69228	-11.8735	0.40968	0.847	-0.198	-0.264	-0.78	-0.9209
0.71325	-11.86047	0.4094	0.847	-0.225	-0.285	-0.765	-0.90319
0.73423	-11.84514	0.40888	0.847	-0.258	-0.311	-0.745	-0.87957
0.75521	-11.82757	0.40952	0.848	-0.304	-0.344	-0.712	-0.83962
0.77619	-11.80779	0.41	0.848	-0.369	-0.387	-0.658	-0.77594
0.79717	-11.78586	0.40829	0.848	-0.466	-0.443	-0.554	-0.6533
0.81814	-11.76184	0.40973	0.849	-0.598	-0.501	-0.333	-0.39223
0.83912	-11.73582	0.40933	0.849	-0.693	-0.482	0.098	0.11543
0.8601	-11.70789	0.40937	0.85	-0.582	-0.3	0.541	0.63647
0.88108	-11.67814	0.40818	0.851	-0.4	-0.109	0.743	0.87309
0.90206	-11.64669	0.40934	0.851	-0.268	0.018	0.807	0.9483
0.92303	-11.6137	0.40778	0.852	-0.182	0.106	0.825	0.96831
0.94401	-11.57933	0.40822	0.852	-0.121	0.176	0.825	0.96831
0.96499	-11.54377	0.40818	0.853	-0.075	0.239	0.815	0.95545
0.98597	-11.50727	0.4091	0.854	-0.037	0.303	0.797	0.93326
1.00695	-11.47013	0.40966	0.855	-0.001	0.376	0.767	0.89708
1.02792	-11.43272	0.40923	0.856	0.037	0.469	0.714	0.83411
1.0489	-11.39553	0.40902	0.856	0.085	0.598	0.607	0.70911
1.06988	-11.35922	0.40762	0.857	0.16	0.768	0.345	0.40257
1.09086	-11.32474	0.40818	0.858	0.242	0.787	-0.242	-0.28205
1.11184	-11.29361	0.41096	0.859	0.239	0.424	-0.708	-0.82421
1.13281	-11.26853	0.41261	0.86	0.249	0.131	-0.812	-0.94419
1.15379	-11.25483	0.40388	0.861	0.645	-0.05	-0.567	-0.65854
1.17477	-11.25844	0.27865	0.861	0.63	0.499	0.307	0.35656
	BAND	=	6				--
#	BAND	=	0	0	6	6	--
0	-11.26892	0.57969	0.861	-0.48	0.203	0.684	0.79443
0.02098	-11.25391	0.46029	0.861	0.004	0.07	-0.858	-0.99652
0.04196	-11.23798	0.42468	0.861	0.125	0.85	-0.053	-0.06156
0.06293	-11.2455	0.40891	0.86	-0.017	0.372	0.775	0.90116
0.08391	-11.26492	0.40742	0.859	-0.033	0.236	0.825	0.96042
0.10489	-11.29047	0.41133	0.858	-0.034	0.163	0.842	0.98135
0.12587	-11.31974	0.41276	0.857	-0.028	0.117	0.849	0.99067
0.14685	-11.35131	0.41527	0.856	-0.019	0.09	0.851	0.99416
0.16782	-11.3842	0.41603	0.856	-0.008	0.076	0.852	0.99533
0.1888	-11.4177	0.41774	0.855	0.003	0.069	0.852	0.99649
0.20978	-11.45124	0.41846	0.854	0.014	0.068	0.851	0.99649
0.23076	-11.48439	0.41989	0.853	0.024	0.071	0.85	0.99648
0.25174	-11.5168	0.41877	0.853	0.034	0.077	0.848	0.99414
0.27271	-11.54818	0.42096	0.852	0.044	0.086	0.846	0.99296
0.29369	-11.5783	0.42136	0.852	0.054	0.096	0.844	0.99061
0.31467	-11.60697	0.42068	0.851	0.063	0.109	0.841	0.98825
0.33565	-11.63401	0.42115	0.85	0.072	0.122	0.838	0.98588
0.35663	-11.65929	0.42303	0.85	0.082	0.138	0.835	0.98235
0.3776	-11.6827	0.42087	0.85	0.091	0.155	0.83	0.97647
0.39858	-11.70413	0.42075	0.849	0.1	0.173	0.825	0.97173
0.41956	-11.72351	0.42163	0.849	0.11	0.194	0.819	0.96466
0.44054	-11.74075	0.42091	0.848	0.12	0.216	0.812	0.95755
0.46152	-11.75581	0.42035	0.848	0.13	0.24	0.803	0.94693
0.4825	-11.76863	0.42227	0.848	0.141	0.267	0.792	0.93396
0.50347	-11.77917	0.42019	0.848	0.152	0.297	0.779	0.91863
0.52445	-11.7874	0.42007	0.848	0.165	0.329	0.763	0.89976
0.54543	-11.79329	0.42007	0.847	0.178	0.365	0.744	0.87839
0.56641	-11.79683	0.42042	0.847	0.191	0.405	0.719	0.84888
0.58739	-11.79801	0.42042	0.847	0.206	0.448	0.689	0.81346
0.58739	-11.79801	0.42042	0.847	0.206	0.448	0.689	0.81346
0.60836	-11.79682	0.42042	0.847	0.22	0.495	0.651	0.7686
0.62934	-11.79328	0.42047	0.847	0.236	0.546	0.604	0.71311
0.65032	-11.78738	0.42007	0.848	0.251	0.599	0.545	0.64269
0.6713	-11.77914	0.42083	0.848	0.265	0.652	0.472	0.5566
0.69228	-11.7686	0.42131	0.848	0.276	0.703	0.385	0.45401
0.71325	-11.75578	0.42067	0.848	0.284	0.748	0.282	0.33255
0.73423	-11.74072	0.42243	0.848	0.286	0.781	0.166	0.19575
0.75521	-11.72347	0.42027	0.849	0.281	0.799	0.042	0.04947
0.77619	-11.70409	0.42151	0.849	0.27	0.8	-0.083	-0.09776
0.79717	-11.68266	0.42139	0.85	0.253	0.785	-0.204	-0.24
0.81814	-11.65925	0.42195	0.85	0.232	0.755	-0.314	-0.36941
0.83912	-11.63396	0.42171	0.85	0.208	0.715	-0.411	-0.48353
0.8601	-11.60692	0.4202	0.851	0.182	0.668	-0.495	-0.58167
0.88108	-11.57825	0.42072	0.852	0.156	0.617	-0.565	-0.66315
0.90206	-11.54813	0.42096	0.852	0.131	0.565	-0.624	-0.73239
0.92303	-11.51675	0.41929	0.853	0.106	0.511	-0.674	-0.79015
0.94401	-11.48434	0.41929	0.853	0.081	0.457	-0.716	-0.83939
0.96499	-11.45119	0.41846	0.854	0.058	0.401	-0.752	-0.88056
0.98597	-11.41765	0.41774	0.855	0.035	0.343	-0.782	-0.91462
1.00695	-11.38415	0.41603	0.856	0.014	0.28	-0.808	-0.94393
1.02792	-11.35126	0.41503	0.856	-0.006	0.211	-0.83	-0.96963
1.0489	-11.3197	0.41328	0.857	-0.022	0.131	-0.847	-0.98833
1.06988	-11.29043	0.41085	0.858	-0.031	0.032	-0.857	-0.99883
1.09086	-11.26488	0.40742	0.859	-0.025	-0.107	-0.852	-0.99185
1.11184	-11.24546	0.40867	0.86	0.105	-0.691	-0.5	-0.5814
1.13281	-11.23801	0.42405	0.861	0.056	0.014	0.859	0.99768
1.15379	-11.25394	0.45966	0.861	-0.001	0.082	0.857	0.99535
1.17477	-11.26892	0.57969	0.861	-0.48	0.204	0.684	0.79443
	BAND	=	7				--
#	BAND	=	0	0	7	7	--
0	-11.25387	0.57969	0.861	0.48	-0.203	-0.684	-0.79443
0.02098	-11.23884	0.46215	0.861	-0.004	-0.07	0.858	0.99652
0.04196	-11.22295	0.42487	0.861	-0.125	-0.85	0.053	0.06156
0.06293	-11.23041	0.40843	0.86	0.017	-0.372	-0.775	-0.90116
0.08391	-11.24979	0.40646	0.859	0.033	-0.236	-0.825	-0.96042
0.10489	-11.27533	0.40889	0.858	0.034	-0.163	-0.842	-0.98135
0.12587	-11.30458	0.41392	0.857	0.028	-0.117	-0.848	-0.9895
0.14685	-11.33614	0.41443	0.856	0.019	-0.09	-0.851	-0.99416
0.16782	-11.36902	0.41702	0.856	0.008	-0.076	-0.852	-0.99533
0.1888	-11.40252	0.41595	0.855	-0.003	-0.069	-0.852	-0.99649
0.20978	-11.43605	0.41858	0.854	-0.014	-0.068	-0.851	-0.99649
0.23076	-11.46921	0.41985	0.853	-0.024	-0.071	-0.85	-0.99648
0.25174	-11.50162	0.41953	0.853	-0.034	-0.077	-0.848	-0.99414
0.27271	-11.533	0.42028	0.852	-0.044	-0.086	-0.846	-0.99296
0.29369	-11.56313	0.42111	0.852	-0.054	-0.096	-0.844	-0.99061
0.31467	-11.5918	0.42023	0.851	-0.063	-0.109	-0.841	-0.98825
0.33565	-11.61885	0.4218	0.85	-0.072	-0.122	-0.838	-0.98588
0.35663	-11.64414	0.42127	0.85	-0.082	-0.138	-0.835	-0.98235
0.3776	-11.66755	0.42155	0.85	-0.091	-0.155	-0.83	-0.97647
0.39858	-11.68899	0.41968	0.849	-0.1	-0.173	-0.825	-0.97173
0.41956	-11.70837	0.41987	0.849	-0.11	-0.194	-0.819	-0.96466
0.44054	-11.72562	0.4194	0.848	-0.12	-0.216	-0.812	-0.95755
0.46152	-11.74069	0.42059	0.848	-0.13	-0.24	-0.803	-0.94693
0.4825	-11.75351	0.42071	0.848	-0.141	-0.267	-0.792	-0.93396
0.50347	-11.76405	0.42023	0.848	-0.152	-0.297	-0.779	-0.91863
0.52445	-11.77229	0.42059	0.848	-0.165	-0.329	-0.763	-0.89976
0.54543	-11.77819	0.41983	0.848	-0.178	-0.365	-0.744	-0.87736
0.56641	-11.78174	0.42042	0.847	-0.191	-0.405	-0.719	-0.84888
0.58739	-11.78292	0.42078	0.847	-0.206	-0.448	-0.689	-0.81346
0.58739	-11.78292	0.42078	0.847	-0.206	-0.448	-0.689	-0.81346
0.60836	-11.78174	0.42078	0.847	-0.22	-0.495	-0.651	-0.7686
0.62934	-11.7782	0.41983	0.847	-0.236	-0.546	-0.604	-0.71311
0.65032	-11.77231	0.42019	0.848	-0.251	-0.599	-0.545	-0.64269
0.6713	-11.76408	0.42095	0.848	-0.265	-0.652	-0.472	-0.5566
0.69228	-11.75354	0.42095	0.848	-0.276	-0.703	-0.385	-0.45401
0.71325	-11.74072	0.42123	0.848	-0.284	-0.748	-0.282	-0.33255
0.73423	-11.72566	0.42083	0.848	-0.286	-0.781	-0.166	-0.19575
0.75521	-11.70841	0.42003	0.849	-0.281	-0.799	-0.042	-0.04947
0.77619	-11.68903	0.42035	0.849	-0.27	-0.8	0.083	0.09776
0.79717	-11.6676	0.42095	0.85	-0.253	-0.785	0.204	0.24
0.81814	-11.64418	0.42155	0.85	-0.232	-0.755	0.314	0.36941
0.83912	-11.6189	0.42104	0.85	-0.208	-0.715	0.411	0.48353
0.8601	-11.59185	0.42048	0.851	-0.182	-0.668	0.495	0.58167
0.88108	-11.56318	0.42136	0.852	-0.156	-0.617	0.565	0.66315
0.90206	-11.53306	0.42096	0.852	-0.131	-0.565	0.624	0.73239
0.92303	-11.50167	0.41953	0.853	-0.106	-0.511	0.674	0.79015
0.94401	-11.46926	0.41972	0.853	-0.081	-0.457	0.716	0.83939
0.96499	-11.43611	0.41858	0.854	-0.058	-0.401	0.752	0.88056
0.98597	-11.40256	0.41595	0.855	-0.035	-0.343	0.782	0.91462
1.00695	-11.36907	0.4165	0.856	-0.014	-0.28	0.808	0.94393
1.02792	-11.33619	0.41443	0.856	0.006	-0.211	0.83	0.96963
1.0489	-11.30463	0.41392	0.857	0.022	-0.131	0.847	0.98833
1.06988	-11.27537	0.40837	0.858	0.031	-0.032	0.857	0.99883
1.09086	-11.24984	0.4061	0.859	0.025	0.107	0.852	0.99185
1.11184	-11.23045	0.40898	0.86	-0.105	0.691	0.5	0.5814
1.13281	-11.22292	0.42564	0.861	-0.056	-0.014	-0.859	-0.99768
1.15379	-11.2388	0.46287	0.861	0.001	-0.082	-0.857	-0.99535
1.17477	-11.25387	0.57969	0.861	0.48	-0.204	-0.684	-0.79443
	BAND	=	8				--
#	BAND	=	0	0	8	8	--
0	-11.20469	0.1766	0.86	-0.636	0.361	-0.452	-0.52558
0.02098	-11.20187	0.18706	0.86	-0.093	0.129	0.845	0.98256
0.04196	-11.19147	0.25459	0.861	-0.04	0.06	0.857	0.99535
0.06293	-11.18546	0.37236	0.86	-0.042	0.016	0.859	0.99884
0.08391	-11.19124	0.41109	0.86	-0.077	-0.1	0.85	0.98837
0.10489	-11.20521	0.42667	0.859	-0.071	-0.173	0.838	0.97555
0.12587	-11.22511	0.42986	0.858	-0.045	-0.183	0.837	0.97552
0.14685	-11.24927	0.43206	0.858	-0.018	-0.171	0.84	0.97902
0.16782	-11.27635	0.43505	0.857	0.007	-0.151	0.843	0.98366
0.1888	-11.30532	0.43572	0.856	0.028	-0.13	0.846	0.98832
0.20978	-11.33535	0.43852	0.856	0.047	-0.108	0.847	0.98949
0.23076	-11.36577	0.43851	0.855	0.065	-0.086	0.848	0.99181
0.25174	-11.39607	0.44011	0.854	0.081	-0.064	0.848	0.99297
0.27271	-11.42582	0.44064	0.854	0.095	-0.043	0.847	0.9918
0.29369	-11.45468	0.44056	0.853	0.11	-0.021	0.846	0.99179
0.31467	-11.48237	0.441	0.853	0.124	0.002	0.843	0.98828
0.33565	-11.50867	0.43769	0.852	0.137	0.025	0.84	0.98592
0.35663	-11.53339	0.44064	0.852	0.151	0.048	0.837	0.98239
0.3776	-11.55636	0.43876	0.851	0.164	0.073	0.832	0.97767
0.39858	-11.57747	0.44064	0.851	0.178	0.099	0.826	0.97062
0.41956	-11.5966	0.43923	0.85	0.193	0.127	0.818	0.96235
0.44054	-11.61367	0.4388	0.85	0.208	0.157	0.809	0.95176
0.46152	-11.62859	0.43844	0.85	0.224	0.189	0.797	0.93765
0.4825	-11.64131	0.43928	0.85	0.241	0.224	0.783	0.92118
0.50347	-11.65179	0.43975	0.849	0.259	0.262	0.765	0.90106
0.52445	-11.65997	0.4376	0.849	0.277	0.303	0.743	0.87515
0.54543	-11.66583	0.43748	0.849	0.297	0.348	0.715	0.84217
0.56641	-11.66936	0.43748	0.849	0.317	0.396	0.681	0.80212
0.58739	-11.67053	0.43807	0.849	0.337	0.448	0.638	0.75147
0.58739	-11.67053	0.43807	0.849	0.337	0.448	0.638	0.75147
0.60836	-11.66935	0.43807	0.849	0.357	0.502	0.584	0.68787
0.62934	-11.66581	0.43748	0.849	0.375	0.557	0.52	0.61249
0.65032	-11.65994	0.43776	0.849	0.391	0.611	0.442	0.52061
0.6713	-11.65175	0.43888	0.849	0.401	0.661	0.352	0.41461
0.69228	-11.64127	0.43943	0.85	0.406	0.703	0.25	0.29412
0.71325	-11.62854	0.43836	0.85	0.403	0.734	0.142	0.16706
0.73423	-11.61361	0.43896	0.85	0.393	0.753	0.03	0.03529
0.75521	-11.59654	0.43988	0.85	0.376	0.759	-0.079	-0.09294
0.77619	-11.5774	0.43884	0.851	0.353	0.752	-0.182	-0.21387
0.79717	-11.55629	0.43896	0.851	0.326	0.736	-0.275	-0.32315
0.81814	-11.53331	0.44024	0.852	0.297	0.713	-0.358	-0.42019
0.83912	-11.5086	0.43805	0.852	0.267	0.685	-0.43	-0.50469
0.8601	-11.4823	0.44104	0.853	0.237	0.655	-0.491	-0.57562
0.88108	-11.45461	0.44012	0.853	0.206	0.623	-0.544	-0.63775
0.90206	-11.42575	0.44103	0.854	0.176	0.591	-0.59	-0.69087
0.92303	-11.396	0.43892	0.854	0.146	0.558	-0.629	-0.73653
0.94401	-11.3657	0.43823	0.855	0.116	0.526	-0.663	-0.77544
0.96499	-11.33528	0.43831	0.856	0.085	0.494	-0.693	-0.80958
0.98597	-11.30526	0.43636	0.856	0.052	0.463	-0.718	-0.83879
1.00695	-11.2763	0.43505	0.857	0.018	0.432	-0.74	-0.86348
1.02792	-11.24922	0.43246	0.858	-0.019	0.401	-0.758	-0.88345
1.0489	-11.22507	0.42986	0.858	-0.061	0.368	-0.773	-0.90093
1.06988	-11.20517	0.42667	0.859	-0.101	0.315	-0.793	-0.92317
1.09086	-11.1912	0.41109	0.86	-0.099	0.177	-0.835	-0.97093
1.11184	-11.18543	0.37284	0.86	-0.033	0.009	-0.859	-0.99884
1.13281	-11.19146	0.25459	0.861	-0.027	-0.037	-0.859	-0.99768
1.15379	-11.20189	0.18701	0.86	-0.068	-0.047	-0.856	-0.99535
1.17477	-11.20469	0.1766	0.86	-0.636	0.36	-0.453	-0.52674
	BAND	=	9				--
#	BAND	=	0	0	9	9	--
0	-11.18964	0.1766	0.86	0.636	-0.361	0.452	0.52558
0.02098	-11.18647	0.18693	0.86	0.093	-0.129	-0.845	-0.98256
0.04196	-11.17587	0.25486	0.861	0.04	-0.06	-0.857	-0.99535
0.06293	-11.17016	0.37592	0.86	0.042	-0.016	-0.859	-0.99884
0.08391	-11.17605	0.41382	0.86	0.077	0.1	-0.85	-0.98837
0.10489	-11.19001	0.42502	0.859	0.071	0.173	-0.838	-0.97555
0.12587	-11.20988	0.43013	0.858	0.045	0.183	-0.837	-0.97552
0.14685	-11.234	0.43177	0.858	0.018	0.171	-0.84	-0.97902
0.16782	-11.26106	0.43433	0.857	-0.007	0.151	-0.843	-0.98366
0.1888	-11.29001	0.43537	0.856	-0.028	0.13	-0.846	-0.98832
0.20978	-11.32003	0.43576	0.856	-0.047	0.108	-0.847	-0.98949
0.23076	-11.35045	0.43824	0.855	-0.065	0.086	-0.848	-0.99181
0.25174	-11.38074	0.43824	0.854	-0.081	0.064	-0.848	-0.99297
0.27271	-11.4105	0.43916	0.854	-0.096	0.043	-0.847	-0.9918
0.29369	-11.43936	0.43809	0.853	-0.11	0.021	-0.846	-0.99179
0.31467	-11.46706	0.43904	0.853	-0.124	-0.002	-0.843	-0.98828
0.33565	-11.49337	0.43877	0.852	-0.137	-0.025	-0.84	-0.98592
0.35663	-11.51809	0.43808	0.852	-0.151	-0.048	-0.837	-0.98239
0.3776	-11.54108	0.43837	0.851	-0.164	-0.073	-0.832	-0.97767
0.39858	-11.5622	0.43884	0.851	-0.178	-0.099	-0.826	-0.97062
0.41956	-11.58134	0.43656	0.85	-0.193	-0.127	-0.818	-0.96235
0.44054	-11.59842	0.43956	0.85	-0.208	-0.157	-0.809	-0.95176
0.46152	-11.61336	0.43976	0.85	-0.224	-0.189	-0.797	-0.93765
0.4825	-11.62609	0.43768	0.85	-0.241	-0.224	-0.783	-0.92118
0.50347	-11.63658	0.43744	0.849	-0.259	-0.262	-0.765	-0.90106
0.52445	-11.64477	0.43676	0.849	-0.277	-0.303	-0.743	-0.87515
0.54543	-11.65065	0.43836	0.849	-0.297	-0.348	-0.715	-0.84217
0.56641	-11.65418	0.43832	0.849	-0.317	-0.396	-0.681	-0.80212
0.58739	-11.65537	0.43963	0.849	-0.337	-0.448	-0.638	-0.75147
0.58739	-11.65537	0.43963	0.849	-0.337	-0.448	-0.638	-0.75147
0.60836	-11.65419	0.43939	0.849	-0.357	-0.502	-0.584	-0.68787
0.62934	-11.65067	0.43855	0.849	-0.375	-0.557	-0.52	-0.61249
0.65032	-11.6448	0.43788	0.849	-0.391	-0.611	-0.442	-0.52061
0.6713	-11.63661	0.43676	0.849	-0.401	-0.661	-0.352	-0.41461
0.69228	-11.62614	0.43855	0.85	-0.406	-0.703	-0.25	-0.29412
0.71325	-11.61341	0.4392	0.85	-0.403	-0.734	-0.142	-0.16706
0.73423	-11.59848	0.4386	0.85	-0.393	-0.753	-0.03	-0.03529
0.75521	-11.5814	0.43924	0.85	-0.376	-0.759	0.079	0.09294
0.77619	-11.56227	0.43852	0.851	-0.353	-0.752	0.182	0.21387
0.79717	-11.54115	0.43752	0.851	-0.326	-0.736	0.275	0.32315
0.81814	-11.51816	0.43676	0.852	-0.297	-0.713	0.358	0.42019
0.83912	-11.49344	0.43868	0.852	-0.267	-0.685	0.43	0.50469
0.8601	-11.46713	0.43872	0.853	-0.237	-0.655	0.491	0.57562
0.88108	-11.43943	0.43705	0.853	-0.206	-0.623	0.544	0.63775
0.90206	-11.41057	0.43765	0.854	-0.176	-0.591	0.59	0.69087
0.92303	-11.38081	0.43796	0.854	-0.146	-0.558	0.629	0.73653
0.94401	-11.35051	0.43924	0.855	-0.116	-0.526	0.664	0.77661
0.96499	-11.32009	0.437	0.856	-0.085	-0.494	0.693	0.80958
0.98597	-11.29007	0.43413	0.856	-0.052	-0.463	0.718	0.83879
1.00695	-11.26112	0.43481	0.857	-0.018	-0.432	0.74	0.86348
1.02792	-11.23405	0.43117	0.858	0.019	-0.401	0.758	0.88345
1.0489	-11.20993	0.43013	0.858	0.061	-0.368	0.773	0.90093
1.06988	-11.19005	0.42502	0.859	0.101	-0.315	0.793	0.92317
1.09086	-11.17609	0.41386	0.86	0.099	-0.177	0.835	0.97093
1.11184	-11.17019	0.37552	0.86	0.033	-0.009	0.859	0.99884
1.13281	-11.17587	0.25498	0.861	0.027	0.037	0.859	0.99768
1.15379	-11.18645	0.18693	0.86	0.068	0.047	0.856	0.99535
1.17477	-11.18964	0.1766	0.86	0.636	-0.36	0.453	0.52674
	BAND	=	10				--
#	BAND	=	0	0	10	10	--
0	-11.18053	0.68043	0.859	0.419	0.156	0.733	0.85332
0.02098	-11.17805	0.67411	0.859	0.1	0.018	-0.853	-0.99302
0.04196	-11.16865	0.63052	0.86	0.017	-0.013	-0.86	-1
0.06293	-11.14791	0.51826	0.861	-0.021	-0.051	-0.859	-0.99768
0.08391	-11.12903	0.47156	0.861	-0.094	-0.266	-0.813	-0.94425
0.10489	-11.12216	0.45562	0.861	-0.101	-0.48	0.707	0.82114
0.12587	-11.12682	0.44909	0.86	-0.014	-0.232	0.828	0.96279
0.14685	-11.13992	0.44815	0.86	0.02	-0.166	0.843	0.98023
0.16782	-11.15901	0.44885	0.859	0.044	-0.127	0.848	0.98719
0.1888	-11.18224	0.44978	0.858	0.066	-0.096	0.85	0.99068
0.20978	-11.2082	0.45078	0.858	0.084	-0.069	0.851	0.99184
0.23076	-11.23581	0.4515	0.857	0.1	-0.044	0.85	0.99183
0.25174	-11.26419	0.44994	0.857	0.115	-0.021	0.848	0.9895
0.27271	-11.2927	0.45065	0.856	0.129	0.002	0.846	0.98832
0.29369	-11.32078	0.45392	0.855	0.141	0.023	0.843	0.98596
0.31467	-11.34804	0.45324	0.855	0.154	0.045	0.84	0.98246
0.33565	-11.37415	0.45271	0.854	0.166	0.067	0.835	0.97775
0.35663	-11.39883	0.45291	0.854	0.178	0.089	0.83	0.9719
0.3776	-11.42189	0.45147	0.854	0.19	0.112	0.824	0.96487
0.39858	-11.44315	0.45246	0.853	0.202	0.135	0.817	0.9578
0.41956	-11.46246	0.45198	0.853	0.216	0.161	0.809	0.94842
0.44054	-11.47973	0.45337	0.853	0.23	0.188	0.799	0.93669
0.46152	-11.49485	0.45397	0.852	0.244	0.217	0.787	0.92371
0.4825	-11.50776	0.45225	0.852	0.26	0.248	0.772	0.9061
0.50347	-11.51839	0.45368	0.852	0.277	0.282	0.754	0.88498
0.52445	-11.5267	0.45253	0.852	0.296	0.319	0.732	0.85915
0.54543	-11.53266	0.45253	0.852	0.315	0.359	0.705	0.82746
0.56641	-11.53624	0.45241	0.852	0.336	0.402	0.671	0.78756
0.58739	-11.53743	0.45241	0.852	0.357	0.449	0.629	0.73826
0.58739	-11.53743	0.45241	0.852	0.357	0.449	0.629	0.73826
0.60836	-11.53622	0.45241	0.852	0.378	0.497	0.578	0.6784
0.62934	-11.53262	0.45241	0.852	0.399	0.547	0.516	0.60563
0.65032	-11.52665	0.45261	0.852	0.417	0.597	0.441	0.51761
0.6713	-11.51832	0.45297	0.852	0.432	0.643	0.355	0.41667
0.69228	-11.50767	0.45357	0.852	0.441	0.682	0.257	0.30164
0.71325	-11.49475	0.45258	0.852	0.443	0.712	0.15	0.17606
0.73423	-11.47962	0.45217	0.853	0.438	0.73	0.04	0.04689
0.75521	-11.46234	0.45338	0.853	0.425	0.736	-0.069	-0.08089
0.77619	-11.44302	0.45142	0.853	0.406	0.73	-0.173	-0.20281
0.79717	-11.42176	0.45211	0.854	0.382	0.714	-0.268	-0.31382
0.81814	-11.3987	0.45167	0.854	0.354	0.692	-0.353	-0.41335
0.83912	-11.37401	0.45271	0.854	0.325	0.663	-0.428	-0.50117
0.8601	-11.3479	0.45216	0.855	0.295	0.632	-0.493	-0.57661
0.88108	-11.32064	0.45196	0.855	0.264	0.599	-0.55	-0.64327
0.90206	-11.29255	0.45113	0.856	0.233	0.564	-0.6	-0.70093
0.92303	-11.26406	0.45114	0.856	0.202	0.528	-0.643	-0.75117
0.94401	-11.23567	0.4515	0.857	0.169	0.492	-0.681	-0.79463
0.96499	-11.20807	0.45066	0.858	0.136	0.455	-0.714	-0.83217
0.98597	-11.18212	0.45034	0.858	0.101	0.419	-0.742	-0.8648
1.00695	-11.1589	0.44877	0.859	0.065	0.387	-0.764	-0.88941
1.02792	-11.13983	0.44843	0.86	0.025	0.37	-0.775	-0.90116
1.0489	-11.12675	0.44961	0.86	-0.028	0.409	-0.756	-0.87907
1.06988	-11.12212	0.45355	0.861	-0.201	0.813	-0.194	-0.22532
1.09086	-11.12908	0.46928	0.861	-0.066	0.15	0.845	0.98142
1.11184	-11.14796	0.51842	0.861	-0.017	0.043	0.86	0.99884
1.13281	-11.16872	0.62881	0.86	0.014	0.03	0.859	0.99884
1.15379	-11.17815	0.67411	0.859	0.068	0.043	0.855	0.99534
1.17477	-11.18053	0.68043	0.859	0.419	0.156	0.734	0.85448
	BAND	=	11				--
#	BAND	=	0	0	11	11	--
0	-11.1654	0.68043	0.859	-0.419	-0.156	-0.733	-0.85332
0.02098	-11.16262	0.67519	0.859	-0.1	-0.018	0.853	0.99302
0.04196	-11.15287	0.63163	0.86	-0.017	0.013	0.86	1
0.06293	-11.13239	0.52739	0.861	0.021	0.051	0.859	0.99768
0.08391	-11.11383	0.47574	0.861	0.094	0.266	0.813	0.94425
0.10489	-11.107	0.45078	0.861	0.101	0.48	-0.707	-0.82114
0.12587	-11.11145	0.44489	0.86	0.014	0.232	-0.828	-0.96279
0.14685	-11.12442	0.44633	0.86	-0.02	0.166	-0.843	-0.98023
0.16782	-11.14343	0.44675	0.859	-0.044	0.127	-0.848	-0.98719
0.1888	-11.16663	0.44899	0.858	-0.066	0.096	-0.85	-0.99068
0.20978	-11.19258	0.44979	0.858	-0.084	0.069	-0.851	-0.99184
0.23076	-11.22018	0.45003	0.857	-0.1	0.044	-0.85	-0.99183
0.25174	-11.24857	0.45142	0.857	-0.115	0.021	-0.848	-0.9895
0.27271	-11.27708	0.44942	0.856	-0.129	-0.002	-0.846	-0.98832
0.29369	-11.30519	0.451	0.855	-0.141	-0.023	-0.843	-0.98596
0.31467	-11.33246	0.44949	0.855	-0.154	-0.045	-0.84	-0.98246
0.33565	-11.35859	0.45024	0.854	-0.166	-0.067	-0.835	-0.97775
0.35663	-11.38329	0.45072	0.854	-0.178	-0.089	-0.83	-0.9719
0.3776	-11.40637	0.45067	0.854	-0.19	-0.112	-0.824	-0.96487
0.39858	-11.42765	0.45087	0.853	-0.202	-0.135	-0.817	-0.9578
0.41956	-11.44699	0.45134	0.853	-0.216	-0.161	-0.809	-0.94842
0.44054	-11.46427	0.45186	0.853	-0.23	-0.188	-0.799	-0.93669
0.46152	-11.47942	0.45238	0.852	-0.244	-0.217	-0.787	-0.92371
0.4825	-11.49235	0.45233	0.852	-0.26	-0.248	-0.772	-0.9061
0.50347	-11.50301	0.45261	0.852	-0.277	-0.282	-0.754	-0.88498
0.52445	-11.51134	0.45161	0.852	-0.296	-0.319	-0.732	-0.85915
0.54543	-11.51732	0.45313	0.852	-0.315	-0.359	-0.705	-0.82746
0.56641	-11.52092	0.45269	0.852	-0.336	-0.402	-0.671	-0.78756
0.58739	-11.52213	0.45293	0.851	-0.357	-0.449	-0.629	-0.73913
0.58739	-11.52213	0.45293	0.851	-0.357	-0.449	-0.629	-0.73913
0.60836	-11.52094	0.45293	0.852	-0.378	-0.497	-0.578	-0.6784
0.62934	-11.51736	0.45257	0.852	-0.399	-0.547	-0.516	-0.60563
0.65032	-11.51139	0.45369	0.852	-0.417	-0.597	-0.441	-0.51761
0.6713	-11.50307	0.4524	0.852	-0.432	-0.643	-0.355	-0.41667
0.69228	-11.49243	0.45069	0.852	-0.441	-0.682	-0.257	-0.30164
0.71325	-11.47952	0.45174	0.852	-0.443	-0.712	-0.15	-0.17606
0.73423	-11.46438	0.45217	0.853	-0.438	-0.73	-0.04	-0.04689
0.75521	-11.4471	0.45126	0.853	-0.425	-0.736	0.069	0.08089
0.77619	-11.42777	0.45095	0.853	-0.406	-0.73	0.173	0.20281
0.79717	-11.4065	0.45039	0.854	-0.382	-0.714	0.268	0.31382
0.81814	-11.38343	0.45168	0.854	-0.354	-0.692	0.353	0.41335
0.83912	-11.35872	0.45199	0.854	-0.325	-0.664	0.428	0.50117
0.8601	-11.3326	0.452	0.855	-0.295	-0.632	0.493	0.57661
0.88108	-11.30533	0.45056	0.855	-0.264	-0.599	0.55	0.64327
0.90206	-11.27722	0.45114	0.856	-0.233	-0.564	0.6	0.70093
0.92303	-11.24871	0.44939	0.857	-0.202	-0.528	0.643	0.75029
0.94401	-11.22031	0.44955	0.857	-0.169	-0.492	0.681	0.79463
0.96499	-11.1927	0.44991	0.858	-0.136	-0.455	0.714	0.83217
0.98597	-11.16674	0.44991	0.858	-0.101	-0.419	0.742	0.8648
1.00695	-11.14353	0.44747	0.859	-0.065	-0.387	0.764	0.88941
1.02792	-11.1245	0.44633	0.86	-0.025	-0.37	0.775	0.90116
1.0489	-11.11151	0.44504	0.86	0.028	-0.409	0.756	0.87907
1.06988	-11.10704	0.45328	0.861	0.201	-0.813	0.194	0.22532
1.09086	-11.11379	0.47534	0.861	0.066	-0.15	-0.845	-0.98142
1.11184	-11.13234	0.52818	0.861	0.017	-0.043	-0.86	-0.99884
1.13281	-11.1528	0.63246	0.86	-0.014	-0.03	-0.859	-0.99884
1.15379	-11.16252	0.67519	0.859	-0.068	-0.043	-0.855	-0.99534
1.17477	-11.1654	0.68043	0.859	-0.419	-0.156	-0.734	-0.85448
	BAND	=	12				--
#	BAND	=	0	0	12	12	--
0	-11.09477	0.07548	0.859	-0.775	0.251	0.271	0.31548
0.02098	-11.09118	0.08131	0.859	-0.058	-0.064	0.855	0.99534
0.04196	-11.08023	0.0974	0.86	-0.024	-0.064	0.857	0.99651
0.06293	-11.06309	0.12361	0.861	-0.011	-0.053	0.859	0.99768
0.08391	-11.04151	0.17047	0.861	-0.005	-0.043	0.86	0.99884
0.10489	-11.02219	0.27083	0.862	0	-0.042	0.86	0.99768
0.12587	-11.0136	0.37474	0.861	0.016	-0.049	0.859	0.99768
0.14685	-11.01557	0.42159	0.861	0.05	-0.044	0.858	0.99652
0.16782	-11.02613	0.43763	0.861	0.098	-0.021	0.855	0.99303
0.1888	-11.04367	0.4406	0.861	0.147	0.014	0.848	0.9849
0.20978	-11.06646	0.44548	0.86	0.189	0.051	0.838	0.97442
0.23076	-11.09281	0.44315	0.86	0.222	0.086	0.826	0.96047
0.25174	-11.12127	0.44205	0.86	0.249	0.118	0.814	0.94651
0.27271	-11.1507	0.4441	0.859	0.27	0.146	0.802	0.93364
0.29369	-11.18022	0.44186	0.859	0.288	0.172	0.791	0.92084
0.31467	-11.20917	0.43978	0.859	0.303	0.195	0.779	0.90687
0.33565	-11.23708	0.43973	0.858	0.316	0.217	0.767	0.89394
0.35663	-11.26357	0.43897	0.858	0.328	0.238	0.756	0.88112
0.3776	-11.28836	0.4364	0.858	0.34	0.258	0.744	0.86713
0.39858	-11.31124	0.4376	0.857	0.35	0.278	0.731	0.85298
0.41956	-11.33204	0.437	0.857	0.361	0.298	0.718	0.83781
0.44054	-11.35064	0.43732	0.857	0.371	0.318	0.704	0.82147
0.46152	-11.36693	0.43689	0.857	0.381	0.337	0.689	0.80397
0.4825	-11.38082	0.43588	0.856	0.39	0.358	0.673	0.78621
0.50347	-11.39227	0.43663	0.856	0.4	0.378	0.656	0.76636
0.52445	-11.40122	0.4352	0.856	0.41	0.399	0.637	0.74416
0.54543	-11.40764	0.43452	0.856	0.419	0.42	0.617	0.72079
0.56641	-11.41149	0.43559	0.856	0.429	0.441	0.595	0.69509
0.58739	-11.41278	0.43559	0.856	0.438	0.462	0.571	0.66706
0.58739	-11.41278	0.43559	0.856	0.438	0.462	0.571	0.66706
0.60836	-11.41149	0.43559	0.856	0.448	0.484	0.546	0.63785
0.62934	-11.40762	0.43527	0.856	0.456	0.506	0.518	0.60514
0.65032	-11.4012	0.43539	0.856	0.465	0.528	0.488	0.57009
0.6713	-11.39225	0.43679	0.856	0.473	0.549	0.456	0.53271
0.69228	-11.38079	0.43718	0.856	0.48	0.57	0.421	0.49182
0.71325	-11.36689	0.43663	0.857	0.487	0.591	0.383	0.44691
0.73423	-11.35059	0.43775	0.857	0.493	0.611	0.343	0.40023
0.75521	-11.33199	0.43694	0.857	0.497	0.63	0.299	0.34889
0.77619	-11.31118	0.44038	0.857	0.5	0.648	0.252	0.29405
0.79717	-11.28829	0.43994	0.858	0.502	0.665	0.201	0.23427
0.81814	-11.26349	0.4419	0.858	0.501	0.68	0.145	0.169
0.83912	-11.23699	0.44286	0.858	0.498	0.693	0.084	0.0979
0.8601	-11.20908	0.44302	0.859	0.492	0.703	0.015	0.01746
0.88108	-11.18011	0.4418	0.859	0.48	0.708	-0.063	-0.07334
0.90206	-11.15059	0.44481	0.859	0.463	0.707	-0.154	-0.17928
0.92303	-11.12115	0.44406	0.86	0.435	0.693	-0.26	-0.30233
0.94401	-11.09268	0.44408	0.86	0.392	0.659	-0.387	-0.45
0.96499	-11.06632	0.44734	0.86	0.328	0.592	-0.531	-0.61744
0.98597	-11.04352	0.44403	0.861	0.239	0.477	-0.674	-0.78281
1.00695	-11.02599	0.43659	0.861	0.141	0.327	-0.783	-0.90941
1.02792	-11.01544	0.42072	0.861	0.061	0.183	-0.839	-0.97445
1.0489	-11.01351	0.37478	0.861	0.016	0.084	-0.857	-0.99535
1.06988	-11.02215	0.27083	0.862	-0.001	0.04	-0.86	-0.99768
1.09086	-11.04151	0.17047	0.861	-0.006	0.039	-0.86	-0.99884
1.11184	-11.06308	0.12349	0.861	-0.013	0.056	-0.858	-0.99652
1.13281	-11.08022	0.0974	0.86	-0.028	0.078	-0.856	-0.99535
1.15379	-11.09116	0.08131	0.859	-0.065	0.105	-0.85	-0.98952
1.17477	-11.09477	0.07548	0.859	-0.775	0.251	0.271	0.31548
	BAND	=	13				--
#	BAND	=	0	0	13	13	--
0	-11.0797	0.07548	0.859	0.775	-0.251	-0.271	-0.31548
0.02098	-11.07534	0.08136	0.859	0.058	0.064	-0.855	-0.99534
0.04196	-11.06358	0.09725	0.86	0.024	0.064	-0.857	-0.99651
0.06293	-11.04563	0.12198	0.861	0.011	0.053	-0.859	-0.99768
0.08391	-11.02335	0.16997	0.862	0.005	0.043	-0.86	-0.99768
0.10489	-11.00421	0.29059	0.862	0	0.042	-0.86	-0.99768
0.12587	-10.99673	0.40195	0.861	-0.016	0.049	-0.859	-0.99768
0.14685	-10.99937	0.43758	0.861	-0.05	0.044	-0.858	-0.99652
0.16782	-11.01024	0.44826	0.861	-0.098	0.021	-0.855	-0.99303
0.1888	-11.02793	0.45089	0.861	-0.147	-0.014	-0.848	-0.9849
0.20978	-11.0508	0.45234	0.86	-0.189	-0.051	-0.838	-0.97442
0.23076	-11.07721	0.44982	0.86	-0.222	-0.086	-0.826	-0.96047
0.25174	-11.10571	0.44762	0.86	-0.249	-0.118	-0.814	-0.94651
0.27271	-11.13516	0.44477	0.859	-0.27	-0.146	-0.802	-0.93364
0.29369	-11.16471	0.44488	0.859	-0.288	-0.172	-0.791	-0.92084
0.31467	-11.19369	0.4444	0.859	-0.303	-0.195	-0.779	-0.90687
0.33565	-11.22162	0.44353	0.858	-0.316	-0.217	-0.767	-0.89394
0.35663	-11.24813	0.44228	0.858	-0.328	-0.238	-0.756	-0.88112
0.3776	-11.27293	0.44021	0.858	-0.34	-0.258	-0.744	-0.86713
0.39858	-11.29583	0.44068	0.857	-0.35	-0.278	-0.731	-0.85298
0.41956	-11.31665	0.43893	0.857	-0.361	-0.298	-0.718	-0.83781
0.44054	-11.33526	0.43786	0.857	-0.371	-0.318	-0.704	-0.82147
0.46152	-11.35156	0.43726	0.857	-0.381	-0.337	-0.689	-0.80397
0.4825	-11.36547	0.4367	0.856	-0.39	-0.358	-0.673	-0.78621
0.50347	-11.37693	0.4355	0.856	-0.4	-0.378	-0.656	-0.76636
0.52445	-11.38589	0.43614	0.856	-0.41	-0.399	-0.637	-0.74416
0.54543	-11.39231	0.43774	0.856	-0.419	-0.42	-0.617	-0.72079
0.56641	-11.39618	0.4377	0.856	-0.429	-0.441	-0.595	-0.69509
0.58739	-11.39747	0.43691	0.856	-0.438	-0.462	-0.571	-0.66706
0.58739	-11.39747	0.43691	0.856	-0.438	-0.462	-0.571	-0.66706
0.60836	-11.39618	0.43691	0.856	-0.448	-0.484	-0.546	-0.63785
0.62934	-11.39232	0.43571	0.856	-0.456	-0.506	-0.518	-0.60514
0.65032	-11.38591	0.43579	0.856	-0.465	-0.528	-0.488	-0.57009
0.6713	-11.37696	0.43467	0.856	-0.473	-0.549	-0.456	-0.53271
0.69228	-11.3655	0.43671	0.856	-0.48	-0.57	-0.421	-0.49182
0.71325	-11.3516	0.43616	0.857	-0.487	-0.591	-0.383	-0.44691
0.73423	-11.33531	0.43687	0.857	-0.493	-0.611	-0.343	-0.40023
0.75521	-11.31671	0.43823	0.857	-0.497	-0.63	-0.299	-0.34889
0.77619	-11.29589	0.4387	0.857	-0.5	-0.648	-0.252	-0.29405
0.79717	-11.273	0.43987	0.858	-0.502	-0.665	-0.201	-0.23427
0.81814	-11.2482	0.43899	0.858	-0.501	-0.68	-0.145	-0.169
0.83912	-11.2217	0.44207	0.858	-0.498	-0.693	-0.084	-0.0979
0.8601	-11.19378	0.44314	0.859	-0.492	-0.703	-0.015	-0.01746
0.88108	-11.16481	0.44135	0.859	-0.48	-0.708	0.063	0.07334
0.90206	-11.13528	0.44555	0.859	-0.463	-0.707	0.154	0.17928
0.92303	-11.10583	0.4472	0.86	-0.435	-0.693	0.26	0.30233
0.94401	-11.07734	0.44704	0.86	-0.392	-0.659	0.387	0.45
0.96499	-11.05095	0.45108	0.86	-0.328	-0.592	0.531	0.61744
0.98597	-11.02808	0.45078	0.861	-0.239	-0.477	0.674	0.78281
1.00695	-11.01039	0.44787	0.861	-0.141	-0.327	0.783	0.90941
1.02792	-10.9995	0.43894	0.861	-0.061	-0.183	0.839	0.97445
1.0489	-10.99683	0.40406	0.861	-0.016	-0.084	0.857	0.99535
1.06988	-11.00426	0.29059	0.862	0.001	-0.04	0.86	0.99768
1.09086	-11.02335	0.16997	0.862	0.006	-0.039	0.86	0.99768
1.11184	-11.04564	0.12198	0.861	0.013	-0.056	0.859	0.99768
1.13281	-11.06359	0.09712	0.86	0.028	-0.078	0.856	0.99535
1.15379	-11.07536	0.08136	0.859	0.065	-0.105	0.85	0.98952
1.17477	-11.0797	0.07548	0.859	0.775	-0.251	-0.271	-0.31548
	BAND	=	14				--
#	BAND	=	0	0	14	14	--
0	-11.02633	0.78418	0.857	-0.557	-0.651	0.002	0.00233
0.02098	-11.02498	0.78053	0.858	-0.248	-0.338	-0.748	-0.87179
0.04196	-11.0207	0.77179	0.858	-0.106	-0.17	-0.834	-0.97203
0.06293	-11.01334	0.75477	0.859	-0.044	-0.087	-0.853	-0.99302
0.08391	-11.0021	0.72084	0.86	-0.012	-0.04	-0.858	-0.99767
0.10489	-10.98303	0.60549	0.861	0.004	-0.019	-0.861	-1
0.12587	-10.95463	0.48765	0.863	0.023	-0.015	-0.862	-0.99884
0.14685	-10.92537	0.44284	0.864	0.08	-0.005	-0.86	-0.99537
0.16782	-10.9024	0.43521	0.864	0.661	0.172	-0.52	-0.60185
0.1888	-10.8913	0.48212	0.863	0.203	0.095	0.832	0.96408
0.20978	-10.89397	0.50118	0.862	0.12	0.074	0.85	0.98608
0.23076	-10.90865	0.53108	0.861	0.092	0.07	0.853	0.99071
0.25174	-10.9314	0.56107	0.86	0.078	0.07	0.853	0.99186
0.27271	-10.95852	0.59157	0.859	0.071	0.073	0.853	0.99302
0.29369	-10.98747	0.62015	0.859	0.068	0.078	0.852	0.99185
0.31467	-11.01667	0.64157	0.858	0.067	0.086	0.851	0.99184
0.33565	-11.04513	0.66126	0.858	0.068	0.095	0.849	0.98951
0.35663	-11.07225	0.67361	0.857	0.071	0.107	0.847	0.98833
0.3776	-11.09764	0.68914	0.857	0.075	0.12	0.844	0.98483
0.39858	-11.12103	0.69727	0.856	0.081	0.136	0.841	0.98248
0.41956	-11.14225	0.70356	0.856	0.088	0.155	0.837	0.9778
0.44054	-11.16115	0.7105	0.855	0.097	0.177	0.831	0.97193
0.46152	-11.17765	0.71445	0.855	0.108	0.204	0.823	0.96257
0.4825	-11.19168	0.71987	0.855	0.122	0.237	0.812	0.94971
0.50347	-11.20319	0.72155	0.855	0.14	0.278	0.796	0.93099
0.52445	-11.21213	0.72271	0.855	0.163	0.332	0.77	0.90058
0.54543	-11.21849	0.72382	0.854	0.194	0.402	0.729	0.85363
0.56641	-11.22226	0.72418	0.854	0.234	0.494	0.656	0.76815
0.58739	-11.22342	0.72518	0.854	0.285	0.61	0.526	0.61593
0.58739	-11.22342	0.72518	0.854	0.285	0.61	0.526	0.61593
0.60836	-11.222	0.72355	0.854	0.335	0.727	0.297	0.34778
0.62934	-11.21802	0.72255	0.854	0.354	0.777	-0.027	-0.03162
0.65032	-11.21153	0.72211	0.855	0.322	0.715	-0.337	-0.39415
0.6713	-11.2025	0.7202	0.855	0.269	0.601	-0.544	-0.63626
0.69228	-11.19096	0.71692	0.855	0.219	0.494	-0.661	-0.7731
0.71325	-11.17691	0.71429	0.855	0.181	0.41	-0.728	-0.85146
0.73423	-11.1604	0.70922	0.855	0.153	0.346	-0.767	-0.89708
0.75521	-11.14149	0.70316	0.856	0.132	0.297	-0.791	-0.92407
0.77619	-11.12029	0.69476	0.856	0.116	0.258	-0.807	-0.94276
0.79717	-11.09691	0.68671	0.857	0.104	0.228	-0.818	-0.95449
0.81814	-11.07154	0.67237	0.857	0.095	0.204	-0.826	-0.96383
0.83912	-11.04444	0.65792	0.857	0.09	0.185	-0.832	-0.97083
0.8601	-11.01601	0.63953	0.858	0.087	0.171	-0.836	-0.97436
0.88108	-10.98686	0.61653	0.859	0.087	0.161	-0.838	-0.97555
0.90206	-10.95796	0.58858	0.859	0.091	0.158	-0.839	-0.97672
0.92303	-10.9309	0.55953	0.86	0.102	0.164	-0.837	-0.97326
0.94401	-10.90823	0.529	0.861	0.123	0.188	-0.83	-0.964
0.96499	-10.89364	0.49839	0.862	0.174	0.264	-0.8	-0.92807
0.98597	-10.89111	0.47029	0.863	0.355	0.576	-0.526	-0.6095
1.00695	-10.90256	0.42752	0.864	0.199	0.383	0.745	0.86227
1.02792	-10.9255	0.4428	0.864	0.058	0.149	0.848	0.98148
1.0489	-10.95475	0.48873	0.863	0.02	0.076	0.859	0.99537
1.06988	-10.98316	0.6029	0.862	0.003	0.04	0.86	0.99768
1.09086	-11.00222	0.72089	0.86	-0.011	0.021	0.859	0.99884
1.11184	-11.01341	0.75576	0.859	-0.04	-0.006	0.857	0.99767
1.13281	-11.02073	0.77179	0.858	-0.1	-0.07	0.849	0.98951
1.15379	-11.02498	0.77957	0.858	-0.249	-0.241	0.784	0.91375
1.17477	-11.02633	0.78418	0.857	-0.557	-0.651	0.002	0.00233
	BAND	=	15				--
#	BAND	=	0	0	15	15	--
0	-11.01105	0.78418	0.857	0.557	0.651	-0.002	-0.00233
0.02098	-11.00938	0.78065	0.858	0.248	0.338	0.748	0.87179
0.04196	-11.00455	0.77303	0.858	0.106	0.17	0.834	0.97203
0.06293	-10.99649	0.75744	0.859	0.044	0.087	0.853	0.99302
0.08391	-10.98445	0.72683	0.86	0.012	0.04	0.859	0.99884
0.10489	-10.96539	0.63643	0.862	-0.004	0.019	0.861	0.99884
0.12587	-10.93805	0.53154	0.863	-0.023	0.015	0.862	0.99884
0.14685	-10.90958	0.49009	0.864	-0.08	0.005	0.86	0.99537
0.16782	-10.88724	0.46685	0.864	-0.661	-0.172	0.52	0.60185
0.1888	-10.87552	0.41735	0.863	-0.203	-0.095	-0.832	-0.96408
0.20978	-10.87712	0.41673	0.862	-0.119	-0.074	-0.85	-0.98608
0.23076	-10.89068	0.42895	0.861	-0.092	-0.069	-0.853	-0.99071
0.25174	-10.91244	0.45224	0.86	-0.078	-0.069	-0.853	-0.99186
0.27271	-10.9388	0.48194	0.859	-0.071	-0.072	-0.853	-0.99302
0.29369	-10.96725	0.51847	0.859	-0.067	-0.078	-0.852	-0.99185
0.31467	-10.99619	0.5538	0.858	-0.066	-0.085	-0.851	-0.99184
0.33565	-11.02461	0.58685	0.857	-0.067	-0.095	-0.849	-0.99067
0.35663	-11.05185	0.61881	0.857	-0.07	-0.106	-0.847	-0.98833
0.3776	-11.07747	0.64296	0.857	-0.075	-0.12	-0.845	-0.986
0.39858	-11.10118	0.66301	0.856	-0.08	-0.136	-0.841	-0.98248
0.41956	-11.12276	0.67869	0.856	-0.088	-0.155	-0.837	-0.9778
0.44054	-11.14205	0.69067	0.855	-0.097	-0.177	-0.831	-0.97193
0.46152	-11.15896	0.69943	0.855	-0.108	-0.204	-0.823	-0.96257
0.4825	-11.1734	0.70703	0.855	-0.122	-0.237	-0.812	-0.94971
0.50347	-11.18532	0.71229	0.855	-0.14	-0.278	-0.796	-0.93099
0.52445	-11.19467	0.71743	0.854	-0.163	-0.332	-0.77	-0.90164
0.54543	-11.20141	0.72077	0.854	-0.194	-0.402	-0.729	-0.85363
0.56641	-11.20553	0.72256	0.854	-0.234	-0.494	-0.656	-0.76815
0.58739	-11.207	0.72236	0.854	-0.285	-0.61	-0.525	-0.61475
0.58739	-11.207	0.72236	0.854	-0.285	-0.61	-0.525	-0.61475
0.60836	-11.20579	0.72288	0.854	-0.335	-0.727	-0.297	-0.34778
0.62934	-11.20188	0.72161	0.854	-0.354	-0.777	0.027	0.03162
0.65032	-11.19528	0.71798	0.854	-0.322	-0.715	0.337	0.39461
0.6713	-11.18601	0.71551	0.855	-0.269	-0.601	0.544	0.63626
0.69228	-11.17413	0.71106	0.855	-0.219	-0.494	0.662	0.77427
0.71325	-11.15971	0.70077	0.855	-0.181	-0.41	0.728	0.85146
0.73423	-11.1428	0.69302	0.855	-0.153	-0.346	0.767	0.89708
0.75521	-11.1235	0.68263	0.856	-0.132	-0.297	0.791	0.92407
0.77619	-11.10191	0.66735	0.856	-0.116	-0.258	0.808	0.94393
0.79717	-11.07818	0.64614	0.857	-0.104	-0.228	0.819	0.95566
0.81814	-11.05253	0.62242	0.857	-0.095	-0.204	0.826	0.96383
0.83912	-11.02524	0.59306	0.858	-0.089	-0.185	0.832	0.9697
0.8601	-10.99678	0.55889	0.858	-0.086	-0.17	0.836	0.97436
0.88108	-10.96778	0.52496	0.859	-0.086	-0.161	0.838	0.97555
0.90206	-10.93927	0.48532	0.859	-0.091	-0.157	0.839	0.97672
0.92303	-10.91284	0.45538	0.86	-0.101	-0.163	0.837	0.97326
0.94401	-10.89101	0.43118	0.861	-0.123	-0.188	0.83	0.964
0.96499	-10.87737	0.42138	0.862	-0.174	-0.263	0.8	0.92807
0.98597	-10.87566	0.42735	0.863	-0.355	-0.576	0.526	0.6095
1.00695	-10.88704	0.47336	0.864	-0.199	-0.383	-0.745	-0.86227
1.02792	-10.90942	0.49105	0.864	-0.058	-0.149	-0.848	-0.98148
1.0489	-10.9379	0.53238	0.863	-0.02	-0.076	-0.859	-0.99537
1.06988	-10.96524	0.63671	0.862	-0.003	-0.04	-0.86	-0.99768
1.09086	-10.98432	0.72583	0.86	0.011	-0.021	-0.859	-0.99884
1.11184	-10.9964	0.75744	0.859	0.04	0.006	-0.858	-0.99884
1.13281	-11.00452	0.77215	0.858	0.1	0.07	-0.849	-0.98951
1.15379	-11.00938	0.77977	0.858	0.249	0.241	-0.784	-0.91375
1.17477	-11.01105	0.78418	0.857	0.557	0.651	-0.002	-0.00233
	BAND	=	16				--
#	BAND	=	0	0	16	16	--
0	-10.30012	0.86387	0.866	0.27	0.64	0.516	0.59584
0.02098	-10.31281	0.45279	0.878	0.06	0.23	0.845	0.96241
0.04196	-10.36776	0.45336	0.877	0.145	0.376	0.778	0.88712
0.06293	-10.42275	0.46141	0.876	0.437	0.727	-0.212	-0.24201
0.08391	-10.47721	0.47834	0.874	0.232	0.31	-0.783	-0.89588
0.10489	-10.5308	0.48898	0.872	0.15	0.178	-0.84	-0.9633
0.12587	-10.58329	0.49926	0.871	0.111	0.121	-0.854	-0.98048
0.14685	-10.63439	0.50353	0.869	0.088	0.088	-0.86	-0.98964
0.16782	-10.68387	0.49928	0.868	0.072	0.066	-0.862	-0.99309
0.1888	-10.73153	0.49165	0.866	0.061	0.049	-0.862	-0.99538
0.20978	-10.77719	0.47485	0.865	0.054	0.036	-0.862	-0.99653
0.23076	-10.82069	0.4507	0.864	0.05	0.026	-0.861	-0.99653
0.25174	-10.86194	0.41658	0.863	0.047	0.017	-0.861	-0.99768
0.27271	-10.90082	0.38091	0.861	0.047	0.01	-0.86	-0.99884
0.29369	-10.93729	0.34013	0.86	0.048	0.003	-0.859	-0.99884
0.31467	-10.97131	0.30132	0.859	0.05	-0.003	-0.857	-0.99767
0.33565	-11.00287	0.26436	0.858	0.054	-0.009	-0.856	-0.99767
0.35663	-11.03195	0.23321	0.858	0.059	-0.015	-0.855	-0.9965
0.3776	-11.05856	0.20571	0.857	0.066	-0.021	-0.854	-0.9965
0.39858	-11.08268	0.18463	0.856	0.074	-0.028	-0.852	-0.99533
0.41956	-11.10431	0.16663	0.856	0.085	-0.036	-0.85	-0.99299
0.44054	-11.12342	0.15434	0.855	0.098	-0.046	-0.848	-0.99181
0.46152	-11.13999	0.14076	0.855	0.116	-0.058	-0.844	-0.98713
0.4825	-11.15402	0.13522	0.854	0.14	-0.074	-0.839	-0.98244
0.50347	-11.16547	0.12958	0.854	0.175	-0.096	-0.83	-0.9719
0.52445	-11.17433	0.12551	0.854	0.23	-0.132	-0.811	-0.94965
0.54543	-11.18061	0.12088	0.854	0.328	-0.195	-0.763	-0.89344
0.56641	-11.18431	0.11921	0.854	0.522	-0.318	-0.595	-0.69672
0.58739	-11.18551	0.11747	0.853	0.723	-0.452	0.026	0.03048
0.58739	-11.18551	0.11747	0.853	0.723	-0.452	0.026	0.03048
0.60836	-11.18433	0.11734	0.853	0.503	-0.32	0.61	0.71512
0.62934	-11.18063	0.11921	0.854	0.318	-0.206	0.764	0.89461
0.65032	-11.17436	0.12252	0.854	0.225	-0.147	0.81	0.94848
0.6713	-11.1655	0.12707	0.854	0.171	-0.113	0.829	0.97073
0.69228	-11.15406	0.13376	0.854	0.137	-0.091	0.838	0.98126
0.71325	-11.14004	0.13993	0.855	0.114	-0.075	0.843	0.98596
0.73423	-11.12348	0.15071	0.855	0.096	-0.063	0.847	0.99064
0.75521	-11.10438	0.16417	0.856	0.083	-0.054	0.849	0.99182
0.77619	-11.08277	0.18121	0.856	0.073	-0.045	0.851	0.99416
0.79717	-11.05867	0.20209	0.857	0.064	-0.038	0.853	0.99533
0.81814	-11.03209	0.22752	0.858	0.058	-0.031	0.855	0.9965
0.83912	-11.00304	0.25776	0.858	0.052	-0.024	0.856	0.99767
0.8601	-10.97152	0.29695	0.859	0.048	-0.016	0.857	0.99767
0.88108	-10.93755	0.33584	0.86	0.045	-0.008	0.859	0.99884
0.90206	-10.90112	0.37658	0.861	0.044	0.001	0.86	0.99884
0.92303	-10.86227	0.41407	0.863	0.044	0.012	0.861	0.99768
0.94401	-10.82105	0.447	0.864	0.045	0.025	0.862	0.99769
0.96499	-10.77756	0.47366	0.865	0.048	0.04	0.862	0.99653
0.98597	-10.73191	0.49093	0.866	0.053	0.058	0.862	0.99538
1.00695	-10.68424	0.50119	0.868	0.059	0.079	0.861	0.99194
1.02792	-10.63473	0.50476	0.869	0.068	0.105	0.859	0.98849
1.0489	-10.58359	0.50192	0.871	0.08	0.137	0.855	0.98163
1.06988	-10.53105	0.49189	0.872	0.097	0.179	0.848	0.97248
1.09086	-10.47739	0.48084	0.874	0.121	0.236	0.832	0.95195
1.11184	-10.42285	0.46416	0.876	0.169	0.331	0.792	0.90411
1.13281	-10.36772	0.45321	0.877	0.456	0.683	0.305	0.34778
1.15379	-10.31277	0.45238	0.878	0.143	-0.054	-0.864	-0.98405
1.17477	-10.30012	0.86387	0.866	0.27	0.64	0.516	0.59584
	BAND	=	17				--
#	BAND	=	0	0	17	17	--
0	-10.27932	0.86463	0.866	-0.27	-0.64	-0.516	-0.59584
0.02098	-10.29765	0.45191	0.878	-0.06	-0.23	-0.845	-0.96241
0.04196	-10.35264	0.45001	0.877	-0.145	-0.376	-0.778	-0.88712
0.06293	-10.40766	0.45759	0.876	-0.437	-0.727	0.212	0.24201
0.08391	-10.46188	0.46066	0.874	-0.232	-0.31	0.783	0.89588
0.10489	-10.51505	0.46312	0.873	-0.15	-0.178	0.84	0.9622
0.12587	-10.56695	0.45578	0.871	-0.111	-0.121	0.855	0.98163
0.14685	-10.61735	0.44384	0.869	-0.088	-0.088	0.86	0.98964
0.16782	-10.66605	0.42053	0.868	-0.072	-0.066	0.862	0.99309
0.1888	-10.71289	0.3928	0.867	-0.061	-0.049	0.863	0.99539
0.20978	-10.75773	0.35898	0.865	-0.054	-0.036	0.862	0.99653
0.23076	-10.8005	0.32292	0.864	-0.05	-0.026	0.862	0.99769
0.25174	-10.84114	0.28781	0.863	-0.048	-0.017	0.861	0.99768
0.27271	-10.8796	0.2548	0.862	-0.047	-0.01	0.86	0.99768
0.29369	-10.91587	0.2274	0.86	-0.048	-0.003	0.859	0.99884
0.31467	-10.94989	0.20157	0.859	-0.051	0.003	0.858	0.99884
0.33565	-10.98162	0.18287	0.859	-0.055	0.009	0.856	0.99651
0.35663	-11.01102	0.16472	0.858	-0.06	0.015	0.855	0.9965
0.3776	-11.03804	0.15151	0.857	-0.066	0.021	0.854	0.9965
0.39858	-11.06265	0.14215	0.856	-0.075	0.028	0.852	0.99533
0.41956	-11.08479	0.13459	0.856	-0.085	0.036	0.85	0.99299
0.44054	-11.10445	0.12758	0.855	-0.098	0.045	0.848	0.99181
0.46152	-11.12158	0.12487	0.855	-0.116	0.057	0.845	0.9883
0.4825	-11.13616	0.11897	0.854	-0.14	0.074	0.839	0.98244
0.50347	-11.14816	0.11878	0.854	-0.175	0.096	0.83	0.9719
0.52445	-11.15757	0.11775	0.854	-0.23	0.132	0.811	0.94965
0.54543	-11.16437	0.11675	0.854	-0.328	0.194	0.763	0.89344
0.56641	-11.16853	0.11675	0.853	-0.522	0.318	0.595	0.69754
0.58739	-11.16995	0.11663	0.853	-0.723	0.452	-0.026	-0.03048
0.58739	-11.16995	0.11663	0.853	-0.723	0.452	-0.026	-0.03048
0.60836	-11.16851	0.11663	0.853	-0.503	0.32	-0.61	-0.71512
0.62934	-11.16435	0.11747	0.854	-0.318	0.206	-0.764	-0.89461
0.65032	-11.15755	0.11726	0.854	-0.224	0.147	-0.81	-0.94848
0.6713	-11.14814	0.11878	0.854	-0.171	0.113	-0.829	-0.97073
0.69228	-11.13613	0.1228	0.854	-0.137	0.091	-0.838	-0.98126
0.71325	-11.12155	0.12539	0.855	-0.114	0.075	-0.844	-0.98713
0.73423	-11.10442	0.13009	0.855	-0.096	0.063	-0.847	-0.99064
0.75521	-11.08476	0.13634	0.856	-0.083	0.054	-0.85	-0.99299
0.77619	-11.06261	0.14458	0.856	-0.073	0.045	-0.852	-0.99533
0.79717	-11.038	0.15305	0.857	-0.065	0.038	-0.853	-0.99533
0.81814	-11.01096	0.16628	0.858	-0.058	0.03	-0.855	-0.9965
0.83912	-10.98155	0.18426	0.859	-0.053	0.023	-0.856	-0.99651
0.8601	-10.9498	0.20412	0.859	-0.049	0.016	-0.858	-0.99884
0.88108	-10.91576	0.22851	0.86	-0.046	0.008	-0.859	-0.99884
0.90206	-10.87947	0.25811	0.862	-0.044	-0.002	-0.86	-0.99768
0.92303	-10.84098	0.29016	0.863	-0.044	-0.012	-0.861	-0.99768
0.94401	-10.80031	0.32527	0.864	-0.045	-0.025	-0.862	-0.99769
0.96499	-10.75752	0.35997	0.865	-0.048	-0.04	-0.863	-0.99769
0.98597	-10.71265	0.39468	0.867	-0.053	-0.058	-0.863	-0.99539
1.00695	-10.66581	0.42009	0.868	-0.059	-0.079	-0.862	-0.99309
1.02792	-10.61712	0.44353	0.869	-0.068	-0.105	-0.86	-0.98964
1.0489	-10.56673	0.4543	0.871	-0.08	-0.137	-0.856	-0.98278
1.06988	-10.51486	0.46098	0.873	-0.097	-0.179	-0.848	-0.97136
1.09086	-10.46174	0.46048	0.874	-0.121	-0.236	-0.833	-0.95309
1.11184	-10.40759	0.45408	0.876	-0.169	-0.331	-0.792	-0.90411
1.13281	-10.35268	0.45121	0.877	-0.456	-0.683	-0.305	-0.34778
1.15379	-10.2977	0.4522	0.878	-0.142	0.053	0.864	0.98405
1.17477	-10.27932	0.86463	0.866	-0.27	-0.64	-0.516	-0.59584
	BAND	=	18				--
#	BAND	=	0	0	18	18	--
0	-10.2796	0.0016	0.865	0.721	-0.472	-0.065	-0.07514
0.02098	-10.30789	0.85884	0.866	0.339	0.76	-0.238	-0.27483
0.04196	-10.3357	0.78934	0.868	0.205	0.427	-0.726	-0.83641
0.06293	-10.37745	0.66829	0.87	0.143	0.254	-0.819	-0.94138
0.08391	-10.42213	0.57153	0.87	0.139	0.197	-0.835	-0.95977
0.10489	-10.46529	0.49755	0.869	0.175	0.197	-0.827	-0.95167
0.12587	-10.50454	0.44988	0.869	0.276	0.258	-0.78	-0.89758
0.14685	-10.53737	0.42238	0.868	0.562	0.464	-0.461	-0.53111
0.16782	-10.56074	0.41501	0.868	0.528	0.408	0.549	0.63249
0.1888	-10.57091	0.4221	0.869	0.301	0.227	0.781	0.89873
0.20978	-10.56596	0.42792	0.87	0.22	0.166	0.824	0.94713
0.23076	-10.54785	0.42948	0.871	0.187	0.141	0.838	0.96211
0.25174	-10.52077	0.42959	0.872	0.174	0.13	0.844	0.96789
0.27271	-10.48858	0.43245	0.873	0.169	0.124	0.847	0.97022
0.29369	-10.45399	0.42981	0.874	0.17	0.122	0.848	0.97025
0.31467	-10.41873	0.43094	0.874	0.173	0.122	0.848	0.97025
0.33565	-10.38392	0.4305	0.875	0.179	0.123	0.847	0.968
0.35663	-10.35032	0.42852	0.875	0.187	0.126	0.845	0.96571
0.3776	-10.31847	0.42907	0.876	0.197	0.13	0.843	0.96233
0.39858	-10.28877	0.42767	0.876	0.209	0.136	0.839	0.95776
0.41956	-10.26153	0.42875	0.876	0.223	0.144	0.835	0.9532
0.44054	-10.23699	0.42752	0.877	0.239	0.155	0.829	0.94527
0.46152	-10.21537	0.42744	0.877	0.257	0.168	0.821	0.93615
0.4825	-10.19681	0.42752	0.877	0.279	0.185	0.81	0.9236
0.50347	-10.18146	0.42737	0.877	0.304	0.207	0.796	0.90764
0.52445	-10.16941	0.42613	0.877	0.334	0.233	0.777	0.88597
0.54543	-10.16075	0.42673	0.878	0.369	0.264	0.75	0.85421
0.56641	-10.15554	0.42673	0.878	0.411	0.303	0.713	0.81207
0.58739	-10.15379	0.42609	0.878	0.46	0.348	0.66	0.75171
0.58739	-10.15379	0.42609	0.878	0.46	0.348	0.66	0.75171
0.60836	-10.15553	0.42765	0.878	0.516	0.401	0.585	0.66629
0.62934	-10.16073	0.42693	0.878	0.575	0.459	0.478	0.54442
0.65032	-10.16938	0.42617	0.877	0.63	0.513	0.33	0.37628
0.6713	-10.18142	0.42629	0.877	0.666	0.552	0.143	0.16306
0.69228	-10.19676	0.42661	0.877	0.67	0.561	-0.065	-0.07412
0.71325	-10.21531	0.42804	0.877	0.639	0.539	-0.264	-0.30103
0.73423	-10.23693	0.4278	0.877	0.585	0.492	-0.428	-0.48803
0.75521	-10.26146	0.42812	0.876	0.523	0.437	-0.55	-0.62785
0.77619	-10.2887	0.42708	0.876	0.463	0.381	-0.638	-0.72831
0.79717	-10.3184	0.4284	0.876	0.411	0.33	-0.698	-0.7968
0.81814	-10.35024	0.42812	0.875	0.368	0.286	-0.74	-0.84571
0.83912	-10.38383	0.43075	0.875	0.332	0.248	-0.77	-0.88
0.8601	-10.41863	0.4303	0.874	0.305	0.218	-0.789	-0.90275
0.88108	-10.45388	0.43129	0.874	0.286	0.194	-0.802	-0.91762
0.90206	-10.48845	0.43081	0.873	0.277	0.178	-0.808	-0.92554
0.92303	-10.52062	0.43007	0.872	0.28	0.172	-0.807	-0.92546
0.94401	-10.54767	0.42744	0.871	0.307	0.184	-0.793	-0.91045
0.96499	-10.56573	0.42737	0.87	0.388	0.232	-0.741	-0.85172
0.98597	-10.57067	0.42175	0.869	0.61	0.38	-0.478	-0.55006
1.00695	-10.56072	0.41389	0.869	0.592	0.404	0.48	0.55236
1.02792	-10.53774	0.42683	0.868	0.283	0.226	0.787	0.90668
1.0489	-10.50508	0.45153	0.869	0.167	0.169	0.835	0.96087
1.06988	-10.46601	0.50183	0.869	0.116	0.159	0.846	0.97353
1.09086	-10.42312	0.57669	0.87	0.093	0.176	0.846	0.97241
1.11184	-10.37891	0.67816	0.869	0.089	0.217	0.837	0.96318
1.13281	-10.33795	0.79747	0.868	0.109	0.289	0.81	0.93318
1.15379	-10.31017	0.85488	0.866	0.164	0.411	0.744	0.85912
1.17477	-10.2796	0.0016	0.865	0.721	-0.472	-0.065	-0.07514
	BAND	=	19				--
#	BAND	=	0	0	19	19	--
0	-10.26241	0.0016	0.865	-0.721	0.472	0.065	0.07514
0.02098	-10.28856	0.85759	0.866	-0.339	-0.76	0.238	0.27483
0.04196	-10.31584	0.75548	0.869	-0.205	-0.427	0.728	0.83774
0.06293	-10.35818	0.58918	0.871	-0.142	-0.253	0.82	0.94145
0.08391	-10.40367	0.49523	0.87	-0.139	-0.197	0.835	0.95977
0.10489	-10.4478	0.44371	0.869	-0.175	-0.197	0.827	0.95167
0.12587	-10.48805	0.42048	0.869	-0.276	-0.258	0.78	0.89758
0.14685	-10.52169	0.41405	0.868	-0.562	-0.464	0.461	0.53111
0.16782	-10.54509	0.41433	0.869	-0.528	-0.408	-0.549	-0.63176
0.1888	-10.55495	0.41432	0.869	-0.301	-0.227	-0.781	-0.89873
0.20978	-10.54992	0.41536	0.87	-0.22	-0.166	-0.824	-0.94713
0.23076	-10.53192	0.41904	0.871	-0.187	-0.141	-0.838	-0.96211
0.25174	-10.50499	0.42475	0.872	-0.174	-0.13	-0.844	-0.96789
0.27271	-10.47294	0.42605	0.873	-0.169	-0.124	-0.847	-0.97022
0.29369	-10.43846	0.42732	0.874	-0.17	-0.122	-0.848	-0.97025
0.31467	-10.40328	0.42779	0.874	-0.173	-0.122	-0.848	-0.97025
0.33565	-10.36854	0.42617	0.875	-0.179	-0.123	-0.847	-0.968
0.35663	-10.33499	0.428	0.875	-0.187	-0.126	-0.845	-0.96571
0.3776	-10.30318	0.4282	0.876	-0.197	-0.13	-0.843	-0.96233
0.39858	-10.27351	0.42744	0.876	-0.209	-0.136	-0.839	-0.95776
0.41956	-10.2463	0.42844	0.876	-0.223	-0.144	-0.835	-0.9532
0.44054	-10.22179	0.42581	0.877	-0.239	-0.155	-0.829	-0.94527
0.46152	-10.20018	0.42732	0.877	-0.257	-0.168	-0.821	-0.93615
0.4825	-10.18165	0.42709	0.877	-0.279	-0.185	-0.81	-0.9236
0.50347	-10.16631	0.42765	0.877	-0.304	-0.207	-0.796	-0.90764
0.52445	-10.15428	0.42669	0.877	-0.334	-0.233	-0.777	-0.88597
0.54543	-10.14564	0.42689	0.878	-0.369	-0.264	-0.75	-0.85421
0.56641	-10.14043	0.42633	0.878	-0.411	-0.303	-0.713	-0.81207
0.58739	-10.13869	0.42633	0.878	-0.46	-0.348	-0.66	-0.75171
0.58739	-10.13869	0.42633	0.878	-0.46	-0.348	-0.66	-0.75171
0.60836	-10.14044	0.42673	0.878	-0.516	-0.401	-0.585	-0.66629
0.62934	-10.14566	0.42673	0.878	-0.575	-0.459	-0.478	-0.54442
0.65032	-10.15431	0.42614	0.877	-0.63	-0.513	-0.33	-0.37628
0.6713	-10.16635	0.42773	0.877	-0.666	-0.552	-0.143	-0.16306
0.69228	-10.18169	0.42757	0.877	-0.67	-0.561	0.065	0.07412
0.71325	-10.20024	0.42676	0.877	-0.639	-0.539	0.264	0.30103
0.73423	-10.22185	0.42744	0.877	-0.585	-0.492	0.428	0.48803
0.75521	-10.24636	0.42641	0.876	-0.523	-0.437	0.55	0.62785
0.77619	-10.27358	0.42784	0.876	-0.463	-0.381	0.638	0.72831
0.79717	-10.30326	0.428	0.876	-0.411	-0.33	0.698	0.7968
0.81814	-10.33507	0.42704	0.875	-0.368	-0.286	0.74	0.84571
0.83912	-10.36863	0.42608	0.875	-0.332	-0.248	0.77	0.88
0.8601	-10.40338	0.42823	0.874	-0.305	-0.218	0.789	0.90275
0.88108	-10.43856	0.42836	0.874	-0.286	-0.194	0.802	0.91762
0.90206	-10.47306	0.42557	0.873	-0.277	-0.178	0.808	0.92554
0.92303	-10.50514	0.42515	0.872	-0.28	-0.172	0.807	0.92546
0.94401	-10.5321	0.41996	0.871	-0.307	-0.184	0.793	0.91045
0.96499	-10.55014	0.41719	0.87	-0.388	-0.232	0.741	0.85172
0.98597	-10.55519	0.41382	0.869	-0.61	-0.38	0.479	0.55121
1.00695	-10.54514	0.41422	0.868	-0.592	-0.404	-0.48	-0.553
1.02792	-10.52138	0.41115	0.868	-0.283	-0.226	-0.787	-0.90668
1.0489	-10.48762	0.41802	0.869	-0.167	-0.169	-0.835	-0.96087
1.06988	-10.44727	0.44031	0.869	-0.116	-0.159	-0.846	-0.97353
1.09086	-10.40297	0.48552	0.87	-0.092	-0.175	-0.847	-0.97356
1.11184	-10.35712	0.56982	0.871	-0.087	-0.216	-0.838	-0.96211
1.13281	-10.31389	0.72867	0.87	-0.108	-0.289	-0.813	-0.93448
1.15379	-10.28624	0.85943	0.866	-0.164	-0.411	-0.744	-0.85912
1.17477	-10.26241	0.0016	0.865	-0.721	0.472	0.065	0.07514
	BAND	=	20				--
#	BAND	=	0	0	20	20	--
0	-10.26779	0.48532	0.879	0.137	0.59	0.635	0.72241
0.02098	-10.28768	0.00562	0.865	0.358	-0.193	0.763	0.88208
0.04196	-10.31609	0.21663	0.869	0.267	0.024	0.823	0.94707
0.06293	-10.35014	0.30256	0.868	0.256	0.107	0.818	0.9424
0.08391	-10.38114	0.35973	0.869	0.239	0.129	0.822	0.94591
0.10489	-10.40478	0.39357	0.869	0.236	0.149	0.821	0.94476
0.12587	-10.41861	0.4119	0.87	0.24	0.168	0.818	0.94023
0.14685	-10.42172	0.42064	0.871	0.246	0.185	0.813	0.93341
0.16782	-10.41453	0.42491	0.872	0.252	0.2	0.809	0.92775
0.1888	-10.39847	0.42714	0.872	0.258	0.212	0.805	0.92317
0.20978	-10.37548	0.4286	0.873	0.265	0.222	0.801	0.91753
0.23076	-10.3475	0.43058	0.874	0.272	0.231	0.797	0.9119
0.25174	-10.31621	0.43074	0.875	0.279	0.238	0.793	0.90629
0.27271	-10.283	0.43034	0.876	0.287	0.245	0.789	0.90068
0.29369	-10.24894	0.42854	0.876	0.296	0.251	0.785	0.89612
0.31467	-10.21488	0.42871	0.877	0.306	0.257	0.78	0.8894
0.33565	-10.1815	0.42979	0.877	0.316	0.263	0.775	0.88369
0.35663	-10.14932	0.4315	0.878	0.327	0.268	0.769	0.87585
0.3776	-10.11879	0.42931	0.878	0.339	0.274	0.762	0.86788
0.39858	-10.09026	0.4278	0.879	0.352	0.281	0.754	0.85779
0.41956	-10.06403	0.43171	0.879	0.367	0.288	0.744	0.84642
0.44054	-10.04035	0.43051	0.88	0.383	0.296	0.734	0.83409
0.46152	-10.01944	0.42999	0.88	0.4	0.305	0.721	0.81932
0.4825	-10.00147	0.42955	0.88	0.418	0.315	0.707	0.80341
0.50347	-9.98657	0.43039	0.88	0.438	0.325	0.69	0.78409
0.52445	-9.97488	0.42795	0.88	0.46	0.337	0.67	0.76136
0.54543	-9.96646	0.42963	0.88	0.484	0.35	0.646	0.73409
0.56641	-9.96138	0.42963	0.88	0.509	0.363	0.619	0.70341
0.58739	-9.95968	0.42899	0.88	0.536	0.377	0.587	0.66705
0.58739	-9.95968	0.42899	0.88	0.536	0.377	0.587	0.66705
0.60836	-9.96137	0.42911	0.88	0.564	0.392	0.55	0.625
0.62934	-9.96644	0.42967	0.88	0.593	0.407	0.506	0.575
0.65032	-9.97484	0.42967	0.88	0.623	0.421	0.456	0.51818
0.6713	-9.98653	0.4305	0.88	0.653	0.435	0.398	0.45227
0.69228	-10.00142	0.42903	0.88	0.681	0.446	0.333	0.37841
0.71325	-10.01938	0.42827	0.88	0.706	0.455	0.26	0.29545
0.73423	-10.04028	0.43002	0.88	0.727	0.461	0.179	0.20341
0.75521	-10.06394	0.42963	0.879	0.742	0.461	0.092	0.10466
0.77619	-10.09016	0.42871	0.879	0.75	0.457	0	0
0.79717	-10.11868	0.42891	0.878	0.749	0.447	-0.093	-0.10592
0.81814	-10.14921	0.42867	0.878	0.74	0.432	-0.186	-0.21185
0.83912	-10.18137	0.42943	0.877	0.723	0.413	-0.274	-0.31243
0.8601	-10.21474	0.42811	0.877	0.698	0.39	-0.356	-0.40593
0.88108	-10.24878	0.42814	0.876	0.668	0.366	-0.43	-0.49087
0.90206	-10.28282	0.42854	0.876	0.635	0.342	-0.495	-0.56507
0.92303	-10.31602	0.42866	0.875	0.6	0.318	-0.55	-0.62857
0.94401	-10.34727	0.42895	0.874	0.564	0.296	-0.596	-0.68192
0.96499	-10.37523	0.42736	0.873	0.529	0.277	-0.635	-0.72738
0.98597	-10.39818	0.42554	0.872	0.496	0.258	-0.668	-0.76606
1.00695	-10.41418	0.42468	0.872	0.463	0.239	-0.696	-0.79817
1.02792	-10.42131	0.41996	0.871	0.432	0.216	-0.721	-0.82778
1.0489	-10.41813	0.41134	0.87	0.401	0.187	-0.745	-0.85632
1.06988	-10.40424	0.39377	0.869	0.376	0.148	-0.764	-0.87917
1.09086	-10.38055	0.36432	0.869	0.362	0.099	-0.776	-0.89298
1.11184	-10.34956	0.31312	0.868	0.367	0.035	-0.775	-0.89286
1.13281	-10.31581	0.22526	0.869	0.316	-0.102	-0.795	-0.91484
1.15379	-10.28787	0.00526	0.865	0.328	-0.253	-0.759	-0.87746
1.17477	-10.26779	0.48532	0.879	0.137	0.59	0.635	0.72241
	BAND	=	21				--
#	BAND	=	0	0	21	21	--
0	-10.25275	0.48532	0.879	-0.137	-0.59	-0.635	-0.72241
0.02098	-10.2685	0.01532	0.866	-0.358	0.193	-0.764	-0.88222
0.04196	-10.29853	0.30485	0.872	-0.265	-0.02	-0.826	-0.94725
0.06293	-10.33213	0.2969	0.87	-0.257	-0.107	-0.82	-0.94253
0.08391	-10.36321	0.3258	0.869	-0.24	-0.13	-0.823	-0.94707
0.10489	-10.38721	0.35771	0.87	-0.236	-0.149	-0.821	-0.94368
0.12587	-10.40147	0.38341	0.87	-0.24	-0.168	-0.818	-0.94023
0.14685	-10.40497	0.39958	0.871	-0.246	-0.185	-0.813	-0.93341
0.16782	-10.3981	0.40908	0.872	-0.252	-0.2	-0.809	-0.92775
0.1888	-10.3823	0.41655	0.872	-0.258	-0.212	-0.805	-0.92317
0.20978	-10.35951	0.41997	0.873	-0.265	-0.222	-0.801	-0.91753
0.23076	-10.33167	0.4244	0.874	-0.272	-0.231	-0.797	-0.9119
0.25174	-10.3005	0.42523	0.875	-0.279	-0.238	-0.793	-0.90629
0.27271	-10.26738	0.42486	0.876	-0.287	-0.245	-0.789	-0.90068
0.29369	-10.23339	0.42745	0.876	-0.296	-0.251	-0.785	-0.89612
0.31467	-10.19939	0.42758	0.877	-0.306	-0.257	-0.78	-0.8894
0.33565	-10.16606	0.42723	0.877	-0.316	-0.263	-0.775	-0.88369
0.35663	-10.13392	0.42795	0.878	-0.327	-0.268	-0.769	-0.87585
0.3776	-10.10341	0.42727	0.878	-0.339	-0.274	-0.762	-0.86788
0.39858	-10.07491	0.42938	0.879	-0.352	-0.281	-0.754	-0.85779
0.41956	-10.0487	0.4303	0.879	-0.367	-0.288	-0.744	-0.84642
0.44054	-10.02505	0.42859	0.88	-0.383	-0.296	-0.734	-0.83409
0.46152	-10.00416	0.4299	0.88	-0.4	-0.305	-0.721	-0.81932
0.4825	-9.9862	0.42907	0.88	-0.418	-0.315	-0.707	-0.80341
0.50347	-9.97132	0.4293	0.88	-0.438	-0.325	-0.69	-0.78409
0.52445	-9.95964	0.42963	0.88	-0.46	-0.337	-0.67	-0.76136
0.54543	-9.95123	0.42991	0.88	-0.484	-0.35	-0.646	-0.73409
0.56641	-9.94617	0.42871	0.88	-0.509	-0.363	-0.619	-0.70341
0.58739	-9.94448	0.42923	0.88	-0.536	-0.377	-0.587	-0.66705
0.58739	-9.94448	0.42923	0.88	-0.536	-0.377	-0.587	-0.66705
0.60836	-9.94618	0.42963	0.88	-0.564	-0.392	-0.55	-0.625
0.62934	-9.95125	0.42943	0.88	-0.593	-0.407	-0.506	-0.575
0.65032	-9.95967	0.42859	0.88	-0.623	-0.421	-0.456	-0.51818
0.6713	-9.97136	0.42919	0.88	-0.653	-0.435	-0.398	-0.45227
0.69228	-9.98625	0.42899	0.88	-0.681	-0.446	-0.333	-0.37841
0.71325	-10.00422	0.42919	0.88	-0.706	-0.455	-0.26	-0.29545
0.73423	-10.02512	0.42939	0.88	-0.727	-0.461	-0.179	-0.20341
0.75521	-10.04878	0.42883	0.879	-0.742	-0.461	-0.092	-0.10466
0.77619	-10.075	0.42795	0.879	-0.75	-0.457	0	0
0.79717	-10.10351	0.42843	0.878	-0.749	-0.447	0.093	0.10592
0.81814	-10.13402	0.42772	0.878	-0.74	-0.432	0.186	0.21185
0.83912	-10.16618	0.42999	0.877	-0.723	-0.413	0.274	0.31243
0.8601	-10.19953	0.42835	0.877	-0.698	-0.39	0.356	0.40593
0.88108	-10.23354	0.4277	0.876	-0.668	-0.366	0.43	0.49087
0.90206	-10.26754	0.42774	0.876	-0.635	-0.342	0.495	0.56507
0.92303	-10.30068	0.42575	0.875	-0.6	-0.318	0.55	0.62857
0.94401	-10.33187	0.42452	0.874	-0.564	-0.296	0.596	0.68192
0.96499	-10.35974	0.42145	0.873	-0.529	-0.277	0.635	0.72738
0.98597	-10.38257	0.41843	0.872	-0.496	-0.258	0.668	0.76606
1.00695	-10.3984	0.40916	0.872	-0.463	-0.239	0.696	0.79817
1.02792	-10.40532	0.40058	0.871	-0.432	-0.216	0.722	0.82893
1.0489	-10.40186	0.38309	0.87	-0.402	-0.187	0.745	0.85632
1.06988	-10.38764	0.35715	0.87	-0.376	-0.148	0.765	0.87931
1.09086	-10.36365	0.32093	0.869	-0.363	-0.1	0.777	0.89413
1.11184	-10.33252	0.29339	0.87	-0.369	-0.036	0.777	0.8931
1.13281	-10.29872	0.30372	0.873	-0.313	0.104	0.799	0.91523
1.15379	-10.26832	0.01723	0.866	-0.328	0.252	0.76	0.8776
1.17477	-10.25275	0.48532	0.879	-0.137	-0.59	-0.635	-0.72241
	BAND	=	22				--
#	BAND	=	0	0	22	22	--
0	-10.26422	0.40106	0.878	0.508	0.126	0.704	0.80182
0.02098	-10.28072	0.43678	0.878	0.098	-0.155	0.857	0.97608
0.04196	-10.30184	0.31897	0.872	0.211	-0.049	0.842	0.9656
0.06293	-10.31372	0.38697	0.872	0.232	0.08	0.835	0.95757
0.08391	-10.31763	0.4131	0.872	0.273	0.173	0.809	0.92775
0.10489	-10.3133	0.42387	0.873	0.306	0.24	0.78	0.89347
0.12587	-10.30106	0.42723	0.873	0.333	0.292	0.752	0.8614
0.14685	-10.28181	0.43018	0.874	0.355	0.334	0.724	0.82838
0.16782	-10.25675	0.43214	0.875	0.373	0.37	0.698	0.79771
0.1888	-10.22715	0.43206	0.876	0.39	0.4	0.673	0.76826
0.20978	-10.1942	0.43341	0.877	0.404	0.425	0.65	0.74116
0.23076	-10.15898	0.43277	0.877	0.416	0.446	0.629	0.71722
0.25174	-10.1224	0.43329	0.878	0.427	0.463	0.61	0.69476
0.27271	-10.08523	0.43309	0.879	0.437	0.477	0.594	0.67577
0.29369	-10.04813	0.43389	0.88	0.446	0.487	0.58	0.65909
0.31467	-10.01166	0.43266	0.88	0.454	0.495	0.568	0.64545
0.33565	-9.9763	0.43406	0.881	0.462	0.499	0.559	0.63451
0.35663	-9.94246	0.43561	0.882	0.469	0.502	0.552	0.62585
0.3776	-9.91048	0.43586	0.882	0.476	0.502	0.546	0.61905
0.39858	-9.88069	0.43669	0.883	0.483	0.501	0.542	0.61382
0.41956	-9.85335	0.43641	0.883	0.489	0.498	0.54	0.61155
0.44054	-9.8287	0.43617	0.884	0.496	0.493	0.539	0.60973
0.46152	-9.80694	0.43765	0.884	0.503	0.488	0.538	0.6086
0.4825	-9.78824	0.43773	0.884	0.51	0.481	0.538	0.6086
0.50347	-9.77275	0.43753	0.885	0.518	0.473	0.538	0.60791
0.52445	-9.76058	0.43881	0.885	0.525	0.464	0.539	0.60904
0.54543	-9.75182	0.43941	0.885	0.533	0.454	0.54	0.61017
0.56641	-9.74655	0.43846	0.885	0.541	0.444	0.54	0.61017
0.58739	-9.74478	0.43746	0.885	0.55	0.433	0.541	0.6113
0.58739	-9.74478	0.43746	0.885	0.55	0.433	0.541	0.6113
0.60836	-9.74654	0.43637	0.885	0.558	0.422	0.541	0.6113
0.62934	-9.75181	0.43797	0.885	0.566	0.411	0.54	0.61017
0.65032	-9.76056	0.43861	0.885	0.575	0.4	0.54	0.61017
0.6713	-9.77272	0.43857	0.885	0.583	0.389	0.538	0.60791
0.69228	-9.78821	0.43817	0.884	0.592	0.379	0.536	0.60633
0.71325	-9.8069	0.43589	0.884	0.601	0.369	0.532	0.60181
0.73423	-9.82866	0.43709	0.884	0.61	0.36	0.527	0.59615
0.75521	-9.8533	0.43568	0.883	0.62	0.352	0.521	0.59003
0.77619	-9.88063	0.43601	0.883	0.63	0.346	0.512	0.57984
0.79717	-9.91042	0.43648	0.882	0.64	0.341	0.501	0.56803
0.81814	-9.94239	0.43509	0.882	0.652	0.338	0.486	0.55102
0.83912	-9.97622	0.43418	0.881	0.666	0.338	0.467	0.53008
0.8601	-10.01158	0.43396	0.88	0.68	0.34	0.442	0.50227
0.88108	-10.04803	0.43248	0.88	0.697	0.345	0.41	0.46591
0.90206	-10.08511	0.43204	0.879	0.715	0.352	0.369	0.4198
0.92303	-10.12226	0.43116	0.878	0.733	0.362	0.316	0.35991
0.94401	-10.15883	0.43097	0.877	0.752	0.374	0.249	0.28392
0.96499	-10.19402	0.43133	0.877	0.768	0.386	0.163	0.18586
0.98597	-10.22694	0.43041	0.876	0.777	0.396	0.055	0.06279
1.00695	-10.25651	0.42985	0.875	0.773	0.398	-0.077	-0.088
1.02792	-10.28152	0.42657	0.874	0.747	0.385	-0.233	-0.26659
1.0489	-10.30072	0.42351	0.873	0.69	0.346	-0.403	-0.46163
1.06988	-10.3129	0.42068	0.873	0.594	0.273	-0.574	-0.6575
1.09086	-10.31719	0.41218	0.872	0.462	0.16	-0.719	-0.82454
1.11184	-10.31327	0.39481	0.872	0.314	0.018	-0.81	-0.9289
1.13281	-10.30161	0.33365	0.872	0.219	-0.123	-0.832	-0.95413
1.15379	-10.28069	0.43738	0.878	0.368	-0.089	-0.791	-0.90091
1.17477	-10.26422	0.40106	0.878	0.508	0.126	0.704	0.80182
	BAND	=	23				--
#	BAND	=	0	0	23	23	--
0	-10.24916	0.40065	0.878	-0.508	-0.126	-0.704	-0.80182
0.02098	-10.26565	0.42827	0.877	-0.097	0.155	-0.857	-0.97719
0.04196	-10.28334	0.20812	0.87	-0.214	0.045	-0.841	-0.96667
0.06293	-10.29617	0.32851	0.871	-0.232	-0.081	-0.834	-0.95752
0.08391	-10.30077	0.38176	0.872	-0.273	-0.174	-0.809	-0.92775
0.10489	-10.29684	0.40387	0.873	-0.306	-0.24	-0.78	-0.89347
0.12587	-10.28486	0.41449	0.873	-0.333	-0.292	-0.752	-0.8614
0.14685	-10.26579	0.41942	0.874	-0.355	-0.334	-0.724	-0.82838
0.16782	-10.24086	0.42493	0.875	-0.373	-0.37	-0.698	-0.79771
0.1888	-10.21136	0.42769	0.876	-0.39	-0.4	-0.673	-0.76826
0.20978	-10.17849	0.42949	0.877	-0.404	-0.425	-0.65	-0.74116
0.23076	-10.14333	0.42956	0.877	-0.416	-0.446	-0.629	-0.71722
0.25174	-10.1068	0.4324	0.878	-0.427	-0.463	-0.61	-0.69476
0.27271	-10.06967	0.43188	0.879	-0.437	-0.477	-0.594	-0.67577
0.29369	-10.03261	0.4306	0.88	-0.446	-0.487	-0.58	-0.65909
0.31467	-9.99616	0.43264	0.88	-0.454	-0.495	-0.568	-0.64545
0.33565	-9.96082	0.43537	0.881	-0.462	-0.499	-0.559	-0.63451
0.35663	-9.92699	0.43501	0.882	-0.469	-0.502	-0.552	-0.62585
0.3776	-9.89503	0.43553	0.882	-0.476	-0.502	-0.546	-0.61905
0.39858	-9.86525	0.43748	0.883	-0.483	-0.501	-0.542	-0.61382
0.41956	-9.83792	0.43676	0.883	-0.489	-0.498	-0.54	-0.61155
0.44054	-9.81328	0.4368	0.884	-0.496	-0.493	-0.538	-0.6086
0.46152	-9.79153	0.43589	0.884	-0.503	-0.488	-0.538	-0.6086
0.4825	-9.77284	0.43765	0.884	-0.51	-0.481	-0.538	-0.6086
0.50347	-9.75736	0.43877	0.885	-0.518	-0.473	-0.538	-0.60791
0.52445	-9.7452	0.43697	0.885	-0.525	-0.464	-0.539	-0.60904
0.54543	-9.73645	0.43697	0.885	-0.533	-0.454	-0.54	-0.61017
0.56641	-9.73118	0.43797	0.885	-0.541	-0.444	-0.54	-0.61017
0.58739	-9.72942	0.43817	0.885	-0.55	-0.433	-0.541	-0.6113
0.58739	-9.72942	0.43817	0.885	-0.55	-0.433	-0.541	-0.6113
0.60836	-9.73118	0.43817	0.885	-0.558	-0.422	-0.541	-0.6113
0.62934	-9.73646	0.43758	0.885	-0.566	-0.411	-0.54	-0.61017
0.65032	-9.74521	0.43574	0.885	-0.575	-0.4	-0.54	-0.61017
0.6713	-9.75738	0.43785	0.885	-0.583	-0.389	-0.538	-0.60791
0.69228	-9.77287	0.43665	0.884	-0.592	-0.379	-0.536	-0.60633
0.71325	-9.79156	0.43693	0.884	-0.601	-0.369	-0.532	-0.60181
0.73423	-9.81332	0.43757	0.884	-0.61	-0.36	-0.527	-0.59615
0.75521	-9.83796	0.43673	0.883	-0.62	-0.352	-0.521	-0.59003
0.77619	-9.8653	0.43681	0.883	-0.63	-0.346	-0.512	-0.57984
0.79717	-9.89508	0.43601	0.882	-0.64	-0.341	-0.501	-0.56803
0.81814	-9.92705	0.43462	0.882	-0.652	-0.338	-0.486	-0.55102
0.83912	-9.96089	0.43386	0.881	-0.666	-0.338	-0.467	-0.53008
0.8601	-9.99624	0.43321	0.88	-0.68	-0.34	-0.442	-0.50227
0.88108	-10.03269	0.43528	0.88	-0.697	-0.345	-0.41	-0.46591
0.90206	-10.06977	0.43229	0.879	-0.715	-0.352	-0.369	-0.4198
0.92303	-10.10691	0.43196	0.878	-0.733	-0.362	-0.316	-0.35991
0.94401	-10.14346	0.43232	0.877	-0.752	-0.374	-0.249	-0.28392
0.96499	-10.17865	0.43101	0.877	-0.768	-0.386	-0.163	-0.18586
0.98597	-10.21154	0.43205	0.876	-0.777	-0.396	-0.055	-0.06279
1.00695	-10.24108	0.42825	0.875	-0.773	-0.398	0.077	0.088
1.02792	-10.26604	0.42338	0.874	-0.747	-0.385	0.233	0.26659
1.0489	-10.28514	0.41718	0.873	-0.69	-0.346	0.403	0.46163
1.06988	-10.29715	0.4034	0.873	-0.594	-0.273	0.574	0.6575
1.09086	-10.30109	0.3814	0.872	-0.462	-0.16	0.719	0.82454
1.11184	-10.29641	0.32503	0.871	-0.315	-0.018	0.81	0.92997
1.13281	-10.28334	0.20229	0.87	-0.224	0.12	0.831	0.95517
1.15379	-10.26567	0.42627	0.877	-0.369	0.089	0.79	0.9008
1.17477	-10.24916	0.40065	0.878	-0.508	-0.126	-0.704	-0.80182
	BAND	=	24				--
#	BAND	=	0	0	24	24	--
0	-10.24864	0.57981	0.879	-0.547	0.246	0.641	0.72924
0.02098	-10.24671	0.43863	0.878	-0.573	0.626	-0.22	-0.25057
0.04196	-10.2491	0.437	0.876	0.408	0.442	0.636	0.72603
0.06293	-10.24199	0.43687	0.875	0.436	0.457	0.605	0.69143
0.08391	-10.22594	0.43515	0.875	0.452	0.497	0.56	0.64
0.10489	-10.20275	0.43848	0.876	0.464	0.536	0.512	0.58447
0.12587	-10.17379	0.44115	0.876	0.473	0.569	0.468	0.53425
0.14685	-10.14025	0.44241	0.877	0.48	0.596	0.428	0.48803
0.16782	-10.10322	0.44332	0.878	0.484	0.617	0.394	0.44875
0.1888	-10.06363	0.44365	0.879	0.487	0.633	0.366	0.41638
0.20978	-10.02233	0.44094	0.88	0.489	0.644	0.344	0.39091
0.23076	-9.98005	0.44222	0.881	0.49	0.652	0.329	0.37344
0.25174	-9.9374	0.44238	0.882	0.492	0.657	0.32	0.36281
0.27271	-9.89494	0.44423	0.883	0.493	0.659	0.316	0.35787
0.29369	-9.85317	0.44327	0.884	0.495	0.659	0.317	0.3586
0.31467	-9.81252	0.44367	0.885	0.497	0.656	0.322	0.36384
0.33565	-9.77339	0.44387	0.885	0.499	0.651	0.331	0.37401
0.35663	-9.73612	0.44551	0.886	0.502	0.644	0.343	0.38713
0.3776	-9.70104	0.44615	0.887	0.505	0.635	0.358	0.40361
0.39858	-9.66843	0.44627	0.888	0.507	0.623	0.375	0.4223
0.41956	-9.63857	0.44663	0.888	0.51	0.61	0.394	0.44369
0.44054	-9.61166	0.44663	0.889	0.514	0.594	0.414	0.46569
0.46152	-9.58793	0.44651	0.889	0.517	0.577	0.436	0.49044
0.4825	-9.56755	0.4468	0.89	0.519	0.557	0.458	0.51461
0.50347	-9.55067	0.44639	0.89	0.522	0.536	0.48	0.53933
0.52445	-9.53742	0.44623	0.89	0.524	0.514	0.503	0.56517
0.54543	-9.52788	0.4446	0.89	0.525	0.49	0.525	0.58989
0.56641	-9.52212	0.44484	0.89	0.526	0.465	0.547	0.61461
0.58739	-9.5202	0.44484	0.89	0.526	0.439	0.568	0.6382
0.58739	-9.5202	0.44484	0.89	0.526	0.439	0.568	0.6382
0.60836	-9.52212	0.4446	0.89	0.526	0.413	0.588	0.66067
0.62934	-9.52788	0.44519	0.89	0.524	0.387	0.606	0.6809
0.65032	-9.53742	0.44567	0.89	0.522	0.361	0.624	0.70112
0.6713	-9.55067	0.44679	0.89	0.519	0.336	0.64	0.7191
0.69228	-9.56755	0.44731	0.89	0.515	0.312	0.654	0.73483
0.71325	-9.58793	0.44635	0.889	0.511	0.29	0.667	0.75028
0.73423	-9.61166	0.4473	0.889	0.506	0.27	0.678	0.76265
0.75521	-9.63857	0.44555	0.888	0.501	0.252	0.688	0.77477
0.77619	-9.66844	0.44467	0.888	0.497	0.236	0.696	0.78378
0.79717	-9.70104	0.44643	0.887	0.493	0.223	0.702	0.79143
0.81814	-9.73612	0.44602	0.886	0.489	0.212	0.707	0.79797
0.83912	-9.77339	0.44422	0.885	0.486	0.205	0.71	0.80226
0.8601	-9.81253	0.44342	0.885	0.484	0.2	0.712	0.80452
0.88108	-9.85317	0.44378	0.884	0.484	0.198	0.711	0.8043
0.90206	-9.89494	0.44206	0.883	0.486	0.199	0.709	0.80294
0.92303	-9.93739	0.44301	0.882	0.489	0.204	0.704	0.79819
0.94401	-9.98004	0.4413	0.881	0.495	0.211	0.697	0.79115
0.96499	-10.02231	0.43902	0.88	0.503	0.222	0.686	0.77955
0.98597	-10.0636	0.43913	0.879	0.515	0.237	0.671	0.76337
1.00695	-10.10318	0.43944	0.878	0.531	0.256	0.65	0.74032
1.02792	-10.14019	0.43816	0.877	0.551	0.278	0.622	0.70924
1.0489	-10.17371	0.43794	0.876	0.577	0.304	0.584	0.66667
1.06988	-10.20265	0.43478	0.876	0.609	0.333	0.532	0.60731
1.09086	-10.22582	0.43377	0.875	0.648	0.36	0.464	0.53029
1.11184	-10.24186	0.43147	0.875	0.688	0.375	0.389	0.44457
1.13281	-10.24903	0.43371	0.876	0.679	0.348	0.429	0.48973
1.15379	-10.24673	0.43831	0.878	-0.128	0.027	0.867	0.98747
1.17477	-10.24864	0.57981	0.879	-0.547	0.246	0.641	0.72924
	BAND	=	25				--
#	BAND	=	0	0	25	25	--
0	-10.23359	0.58045	0.879	0.547	-0.246	-0.641	-0.72924
0.02098	-10.23169	0.4392	0.878	0.573	-0.626	0.22	0.25057
0.04196	-10.2338	0.43347	0.876	-0.408	-0.442	-0.636	-0.72603
0.06293	-10.22641	0.43231	0.875	-0.436	-0.457	-0.605	-0.69143
0.08391	-10.21027	0.43209	0.875	-0.452	-0.497	-0.56	-0.64
0.10489	-10.18706	0.43418	0.876	-0.464	-0.536	-0.512	-0.58447
0.12587	-10.1581	0.43595	0.876	-0.473	-0.569	-0.468	-0.53425
0.14685	-10.12458	0.43888	0.877	-0.48	-0.596	-0.428	-0.48803
0.16782	-10.08756	0.44012	0.878	-0.484	-0.617	-0.394	-0.44875
0.1888	-10.04799	0.44057	0.879	-0.487	-0.633	-0.366	-0.41638
0.20978	-10.00671	0.44125	0.88	-0.489	-0.644	-0.344	-0.39091
0.23076	-9.96443	0.4413	0.881	-0.49	-0.652	-0.329	-0.37344
0.25174	-9.9218	0.4411	0.882	-0.492	-0.657	-0.32	-0.36281
0.27271	-9.87935	0.44158	0.883	-0.493	-0.659	-0.316	-0.35787
0.29369	-9.83759	0.44382	0.884	-0.495	-0.659	-0.317	-0.3586
0.31467	-9.79695	0.44418	0.885	-0.497	-0.656	-0.322	-0.36384
0.33565	-9.75782	0.4451	0.885	-0.499	-0.651	-0.331	-0.37401
0.35663	-9.72056	0.44515	0.886	-0.502	-0.644	-0.343	-0.38713
0.3776	-9.68549	0.4481	0.887	-0.504	-0.635	-0.358	-0.40361
0.39858	-9.65289	0.44487	0.888	-0.507	-0.623	-0.375	-0.4223
0.41956	-9.62302	0.44579	0.888	-0.51	-0.61	-0.394	-0.44369
0.44054	-9.59613	0.44615	0.889	-0.514	-0.594	-0.414	-0.46569
0.46152	-9.5724	0.44515	0.889	-0.517	-0.577	-0.436	-0.49044
0.4825	-9.55202	0.44599	0.889	-0.519	-0.557	-0.458	-0.51519
0.50347	-9.53515	0.44619	0.89	-0.522	-0.536	-0.48	-0.53933
0.52445	-9.52189	0.44675	0.89	-0.524	-0.514	-0.503	-0.56517
0.54543	-9.51236	0.44679	0.89	-0.525	-0.49	-0.525	-0.58989
0.56641	-9.50661	0.4462	0.89	-0.526	-0.465	-0.547	-0.61461
0.58739	-9.50468	0.44683	0.89	-0.526	-0.439	-0.568	-0.6382
0.58739	-9.50468	0.44683	0.89	-0.526	-0.439	-0.568	-0.6382
0.60836	-9.5066	0.44683	0.89	-0.526	-0.413	-0.587	-0.65955
0.62934	-9.51235	0.44588	0.89	-0.524	-0.387	-0.606	-0.6809
0.65032	-9.52189	0.44551	0.89	-0.522	-0.361	-0.624	-0.70112
0.6713	-9.53514	0.44603	0.89	-0.519	-0.336	-0.64	-0.7191
0.69228	-9.55202	0.44619	0.889	-0.515	-0.312	-0.654	-0.73566
0.71325	-9.5724	0.44603	0.889	-0.511	-0.29	-0.667	-0.75028
0.73423	-9.59612	0.44623	0.889	-0.506	-0.27	-0.678	-0.76265
0.75521	-9.62301	0.44663	0.888	-0.501	-0.252	-0.688	-0.77477
0.77619	-9.65288	0.44647	0.888	-0.497	-0.236	-0.696	-0.78378
0.79717	-9.68548	0.44555	0.887	-0.493	-0.223	-0.702	-0.79143
0.81814	-9.72055	0.44491	0.886	-0.489	-0.212	-0.707	-0.79797
0.83912	-9.75781	0.44531	0.885	-0.486	-0.205	-0.71	-0.80226
0.8601	-9.79694	0.44291	0.885	-0.484	-0.2	-0.712	-0.80452
0.88108	-9.83758	0.44275	0.884	-0.484	-0.198	-0.711	-0.8043
0.90206	-9.87934	0.44383	0.883	-0.486	-0.199	-0.709	-0.80294
0.92303	-9.92179	0.44351	0.882	-0.489	-0.204	-0.704	-0.79819
0.94401	-9.96443	0.44374	0.881	-0.495	-0.211	-0.697	-0.79115
0.96499	-10.00671	0.44262	0.88	-0.503	-0.222	-0.686	-0.77955
0.98597	-10.048	0.44102	0.879	-0.515	-0.237	-0.671	-0.76337
1.00695	-10.08758	0.44229	0.878	-0.531	-0.256	-0.65	-0.74032
1.02792	-10.12461	0.44101	0.877	-0.551	-0.278	-0.622	-0.70924
1.0489	-10.15814	0.44036	0.876	-0.577	-0.304	-0.584	-0.66667
1.06988	-10.18712	0.43828	0.876	-0.609	-0.333	-0.532	-0.60731
1.09086	-10.21035	0.43806	0.875	-0.648	-0.36	-0.464	-0.53029
1.11184	-10.2265	0.436	0.875	-0.688	-0.375	-0.389	-0.44457
1.13281	-10.23384	0.4366	0.876	-0.679	-0.348	-0.429	-0.48973
1.15379	-10.23166	0.43844	0.878	0.128	-0.027	-0.867	-0.98747
1.17477	-10.23359	0.58045	0.879	0.547	-0.246	-0.641	-0.72924
	BAND	=	26				--
#	BAND	=	0	0	26	26	--
0	-10.24104	0.28732	0.879	-0.696	-0.503	-0.181	-0.20592
0.02098	-10.21526	0.42638	0.879	0.584	0.387	-0.529	-0.60182
0.04196	-10.19472	0.44662	0.877	0.432	0.596	0.476	0.54276
0.06293	-10.16845	0.45071	0.877	0.472	0.632	0.383	0.43672
0.08391	-10.13533	0.4508	0.878	0.493	0.653	0.316	0.35991
0.10489	-10.09699	0.4521	0.878	0.504	0.668	0.263	0.29954
0.12587	-10.05475	0.45243	0.879	0.51	0.679	0.223	0.2537
0.14685	-10.00961	0.45172	0.88	0.514	0.687	0.193	0.21932
0.16782	-9.96243	0.45296	0.881	0.516	0.692	0.173	0.19637
0.1888	-9.9139	0.45229	0.882	0.517	0.696	0.16	0.18141
0.20978	-9.86465	0.45058	0.883	0.519	0.697	0.155	0.17554
0.23076	-9.81521	0.45322	0.885	0.52	0.697	0.156	0.17627
0.25174	-9.76608	0.45495	0.886	0.522	0.695	0.163	0.18397
0.27271	-9.71769	0.45443	0.887	0.525	0.692	0.174	0.19617
0.29369	-9.67045	0.45444	0.888	0.528	0.687	0.19	0.21396
0.31467	-9.62475	0.4542	0.889	0.531	0.681	0.209	0.2351
0.33565	-9.58094	0.45544	0.89	0.534	0.672	0.232	0.26067
0.35663	-9.53934	0.45397	0.891	0.537	0.662	0.256	0.28732
0.3776	-9.50027	0.45345	0.892	0.54	0.65	0.283	0.31726
0.39858	-9.464	0.45477	0.893	0.543	0.635	0.312	0.34938
0.41956	-9.43081	0.4545	0.893	0.545	0.619	0.342	0.38298
0.44054	-9.40093	0.45362	0.894	0.547	0.6	0.372	0.41611
0.46152	-9.37459	0.45633	0.895	0.549	0.58	0.403	0.45028
0.4825	-9.35196	0.45857	0.895	0.549	0.557	0.434	0.48492
0.50347	-9.33323	0.45845	0.896	0.549	0.533	0.464	0.51786
0.52445	-9.31851	0.45888	0.896	0.548	0.507	0.494	0.55134
0.54543	-9.30792	0.45877	0.896	0.546	0.48	0.523	0.58371
0.56641	-9.30154	0.45877	0.896	0.543	0.452	0.551	0.61496
0.58739	-9.29941	0.45877	0.896	0.538	0.423	0.578	0.64509
0.58739	-9.29941	0.45877	0.896	0.538	0.423	0.578	0.64509
0.60836	-9.30154	0.45825	0.896	0.533	0.394	0.602	0.67188
0.62934	-9.30793	0.45825	0.896	0.527	0.366	0.625	0.69754
0.65032	-9.31853	0.45968	0.896	0.519	0.338	0.646	0.72098
0.6713	-9.33324	0.46004	0.895	0.511	0.312	0.665	0.74302
0.69228	-9.35199	0.4582	0.895	0.502	0.287	0.682	0.76201
0.71325	-9.37462	0.45704	0.895	0.493	0.263	0.698	0.77989
0.73423	-9.40096	0.45804	0.894	0.483	0.242	0.711	0.7953
0.75521	-9.43085	0.45648	0.893	0.474	0.223	0.723	0.80963
0.77619	-9.46404	0.45529	0.893	0.464	0.206	0.733	0.82083
0.79717	-9.50031	0.45556	0.892	0.455	0.192	0.742	0.83184
0.81814	-9.53939	0.4544	0.891	0.446	0.18	0.749	0.84063
0.83912	-9.581	0.45476	0.89	0.437	0.171	0.755	0.84831
0.8601	-9.62481	0.45588	0.889	0.43	0.164	0.76	0.85489
0.88108	-9.67052	0.45423	0.888	0.423	0.159	0.764	0.86036
0.90206	-9.71776	0.45482	0.887	0.417	0.157	0.766	0.86359
0.92303	-9.76615	0.4557	0.886	0.412	0.158	0.767	0.86569
0.94401	-9.81528	0.45377	0.885	0.409	0.16	0.767	0.86667
0.96499	-9.86472	0.45213	0.883	0.407	0.165	0.766	0.8675
0.98597	-9.91397	0.45113	0.882	0.407	0.173	0.763	0.86508
1.00695	-9.96249	0.45143	0.881	0.408	0.183	0.758	0.86039
1.02792	-10.00967	0.45159	0.88	0.412	0.196	0.752	0.85455
1.0489	-10.0548	0.45218	0.879	0.418	0.212	0.743	0.84528
1.06988	-10.09703	0.4526	0.878	0.426	0.229	0.732	0.83371
1.09086	-10.13535	0.45004	0.878	0.437	0.248	0.719	0.81891
1.11184	-10.16846	0.44934	0.877	0.448	0.263	0.706	0.80502
1.13281	-10.19472	0.44772	0.877	0.439	0.254	0.715	0.81528
1.15379	-10.21531	0.42491	0.879	0.124	0.198	0.846	0.96246
1.17477	-10.24104	0.28732	0.879	-0.696	-0.503	-0.181	-0.20592
	BAND	=	27				--
#	BAND	=	0	0	27	27	--
0	-10.22599	0.28732	0.879	0.696	0.503	0.181	0.20592
0.02098	-10.20024	0.42611	0.879	-0.584	-0.387	0.529	0.60182
0.04196	-10.1795	0.44669	0.877	-0.432	-0.596	-0.476	-0.54276
0.06293	-10.15307	0.45103	0.877	-0.472	-0.632	-0.383	-0.43672
0.08391	-10.11986	0.4518	0.878	-0.493	-0.653	-0.316	-0.35991
0.10489	-10.08148	0.45054	0.878	-0.504	-0.668	-0.263	-0.29954
0.12587	-10.03921	0.45283	0.879	-0.51	-0.679	-0.223	-0.2537
0.14685	-9.99406	0.45247	0.88	-0.514	-0.687	-0.193	-0.21932
0.16782	-9.94686	0.45284	0.881	-0.516	-0.692	-0.173	-0.19637
0.1888	-9.89833	0.45177	0.882	-0.517	-0.696	-0.16	-0.18141
0.20978	-9.84907	0.45246	0.883	-0.519	-0.697	-0.155	-0.17554
0.23076	-9.79963	0.45306	0.885	-0.52	-0.697	-0.156	-0.17627
0.25174	-9.7505	0.45315	0.886	-0.522	-0.695	-0.163	-0.18397
0.27271	-9.70211	0.45315	0.887	-0.525	-0.692	-0.174	-0.19617
0.29369	-9.65488	0.45427	0.888	-0.528	-0.687	-0.19	-0.21396
0.31467	-9.60918	0.45452	0.889	-0.531	-0.681	-0.209	-0.2351
0.33565	-9.56536	0.45369	0.89	-0.534	-0.672	-0.232	-0.26067
0.35663	-9.52377	0.45401	0.891	-0.537	-0.662	-0.256	-0.28732
0.3776	-9.48469	0.45417	0.892	-0.54	-0.65	-0.283	-0.31726
0.39858	-9.44843	0.45377	0.893	-0.543	-0.635	-0.312	-0.34938
0.41956	-9.41524	0.45664	0.893	-0.545	-0.619	-0.341	-0.38186
0.44054	-9.38536	0.45597	0.894	-0.547	-0.6	-0.372	-0.41611
0.46152	-9.35902	0.4574	0.895	-0.549	-0.58	-0.403	-0.45028
0.4825	-9.3364	0.45724	0.895	-0.549	-0.557	-0.434	-0.48492
0.50347	-9.31766	0.45745	0.895	-0.549	-0.533	-0.464	-0.51844
0.52445	-9.30294	0.45889	0.896	-0.548	-0.507	-0.494	-0.55134
0.54543	-9.29235	0.45884	0.896	-0.546	-0.48	-0.523	-0.58371
0.56641	-9.28596	0.45884	0.896	-0.543	-0.451	-0.551	-0.61496
0.58739	-9.28383	0.4596	0.896	-0.538	-0.423	-0.578	-0.64509
0.58739	-9.28383	0.4596	0.896	-0.538	-0.423	-0.578	-0.64509
0.60836	-9.28596	0.45888	0.896	-0.533	-0.394	-0.602	-0.67188
0.62934	-9.29234	0.45793	0.896	-0.527	-0.366	-0.625	-0.69754
0.65032	-9.30293	0.45793	0.896	-0.519	-0.338	-0.646	-0.72098
0.6713	-9.31764	0.45773	0.895	-0.511	-0.312	-0.665	-0.74302
0.69228	-9.33637	0.45713	0.895	-0.502	-0.287	-0.682	-0.76201
0.71325	-9.35899	0.45621	0.895	-0.493	-0.263	-0.698	-0.77989
0.73423	-9.38532	0.45509	0.894	-0.483	-0.242	-0.711	-0.7953
0.75521	-9.4152	0.4545	0.893	-0.474	-0.223	-0.723	-0.80963
0.77619	-9.44838	0.45422	0.893	-0.464	-0.206	-0.733	-0.82083
0.79717	-9.48464	0.45422	0.892	-0.455	-0.192	-0.742	-0.83184
0.81814	-9.52371	0.45385	0.891	-0.446	-0.18	-0.749	-0.84063
0.83912	-9.5653	0.45469	0.89	-0.437	-0.171	-0.755	-0.84831
0.8601	-9.60911	0.45524	0.889	-0.43	-0.164	-0.76	-0.85489
0.88108	-9.6548	0.45285	0.888	-0.423	-0.159	-0.764	-0.86036
0.90206	-9.70203	0.45296	0.887	-0.417	-0.157	-0.766	-0.86359
0.92303	-9.75042	0.45395	0.886	-0.412	-0.158	-0.767	-0.86569
0.94401	-9.79955	0.45323	0.885	-0.409	-0.16	-0.767	-0.86667
0.96499	-9.84899	0.45118	0.883	-0.407	-0.165	-0.766	-0.8675
0.98597	-9.89825	0.4513	0.882	-0.407	-0.173	-0.763	-0.86508
1.00695	-9.94678	0.45361	0.881	-0.408	-0.183	-0.758	-0.86039
1.02792	-9.99398	0.45264	0.88	-0.412	-0.196	-0.752	-0.85455
1.0489	-10.03914	0.45491	0.879	-0.418	-0.212	-0.743	-0.84528
1.06988	-10.08143	0.45055	0.878	-0.426	-0.229	-0.732	-0.83371
1.09086	-10.11983	0.45077	0.878	-0.437	-0.248	-0.719	-0.81891
1.11184	-10.15306	0.44968	0.877	-0.448	-0.263	-0.706	-0.80502
1.13281	-10.1795	0.44678	0.877	-0.439	-0.254	-0.715	-0.81528
1.15379	-10.2002	0.42464	0.879	-0.124	-0.198	-0.846	-0.96246
1.17477	-10.22599	0.28732	0.879	0.696	0.503	0.181	0.20592
	BAND	=	28				--
#	BAND	=	0	0	28	28	--
0	-10.19053	0.7015	0.878	0.386	0.008	0.788	0.89749
0.02098	-10.18009	0.60352	0.878	0.157	0.852	0.141	0.16059
0.04196	-10.147	0.49304	0.879	0.297	0.811	0.159	0.18089
0.06293	-10.1042	0.46995	0.879	0.395	0.754	0.219	0.24915
0.08391	-10.05629	0.46212	0.88	0.437	0.729	0.224	0.25455
0.10489	-10.00501	0.46109	0.881	0.46	0.718	0.219	0.24858
0.12587	-9.9514	0.4588	0.882	0.473	0.712	0.215	0.24376
0.14685	-9.89619	0.45986	0.883	0.483	0.707	0.215	0.24349
0.16782	-9.84	0.4584	0.884	0.489	0.702	0.22	0.24887
0.1888	-9.78333	0.45781	0.886	0.494	0.697	0.229	0.25847
0.20978	-9.72664	0.45921	0.887	0.498	0.692	0.242	0.27283
0.23076	-9.67036	0.46034	0.888	0.501	0.685	0.258	0.29054
0.25174	-9.61488	0.45963	0.89	0.504	0.678	0.276	0.31011
0.27271	-9.56059	0.46008	0.891	0.506	0.67	0.295	0.33109
0.29369	-9.50783	0.45989	0.892	0.508	0.661	0.315	0.35314
0.31467	-9.45696	0.46281	0.893	0.51	0.651	0.336	0.37626
0.33565	-9.40831	0.46147	0.894	0.511	0.64	0.357	0.39933
0.35663	-9.36221	0.46335	0.896	0.513	0.629	0.377	0.42076
0.3776	-9.31895	0.46124	0.897	0.514	0.617	0.398	0.4437
0.39858	-9.27883	0.463	0.898	0.515	0.604	0.418	0.46548
0.41956	-9.24213	0.4636	0.899	0.516	0.59	0.438	0.48721
0.44054	-9.20909	0.46225	0.899	0.517	0.575	0.458	0.50945
0.46152	-9.17997	0.46484	0.9	0.518	0.559	0.478	0.53111
0.4825	-9.15495	0.46389	0.901	0.519	0.542	0.498	0.55272
0.50347	-9.13423	0.46397	0.901	0.519	0.524	0.517	0.57381
0.52445	-9.11795	0.46597	0.902	0.518	0.506	0.536	0.59424
0.54543	-9.10623	0.46533	0.902	0.518	0.486	0.555	0.6153
0.56641	-9.09917	0.46557	0.902	0.516	0.467	0.573	0.63525
0.58739	-9.09681	0.46517	0.902	0.515	0.446	0.591	0.65521
0.58739	-9.09681	0.46517	0.902	0.515	0.446	0.591	0.65521
0.60836	-9.09917	0.46517	0.902	0.512	0.426	0.608	0.67406
0.62934	-9.10623	0.46545	0.902	0.509	0.405	0.624	0.6918
0.65032	-9.11795	0.46433	0.902	0.506	0.385	0.639	0.70843
0.6713	-9.13423	0.46564	0.901	0.502	0.366	0.653	0.72475
0.69228	-9.15496	0.46688	0.901	0.497	0.347	0.666	0.73918
0.71325	-9.17998	0.46384	0.9	0.492	0.328	0.678	0.75333
0.73423	-9.20911	0.4652	0.899	0.486	0.311	0.689	0.76641
0.75521	-9.24214	0.46503	0.899	0.48	0.295	0.699	0.77753
0.77619	-9.27885	0.46323	0.898	0.474	0.28	0.709	0.78953
0.79717	-9.31897	0.46311	0.897	0.467	0.266	0.717	0.79933
0.81814	-9.36223	0.46128	0.896	0.459	0.253	0.725	0.80915
0.83912	-9.40834	0.46211	0.894	0.451	0.241	0.733	0.81991
0.8601	-9.457	0.46157	0.893	0.443	0.231	0.74	0.82867
0.88108	-9.50787	0.46152	0.892	0.435	0.222	0.746	0.83632
0.90206	-9.56063	0.46028	0.891	0.426	0.215	0.752	0.844
0.92303	-9.61493	0.46075	0.89	0.417	0.208	0.757	0.85056
0.94401	-9.67041	0.45986	0.888	0.409	0.203	0.761	0.85698
0.96499	-9.72669	0.46052	0.887	0.401	0.2	0.765	0.86246
0.98597	-9.78338	0.45932	0.886	0.393	0.198	0.768	0.86682
1.00695	-9.84005	0.45743	0.884	0.385	0.197	0.771	0.87217
1.02792	-9.89625	0.45913	0.883	0.378	0.197	0.773	0.87542
1.0489	-9.95145	0.45983	0.882	0.37	0.197	0.776	0.87982
1.06988	-10.00506	0.46212	0.881	0.359	0.196	0.779	0.88422
1.09086	-10.05633	0.46216	0.88	0.343	0.189	0.787	0.89432
1.11184	-10.10423	0.47005	0.879	0.307	0.162	0.807	0.91809
1.13281	-10.14703	0.49494	0.879	0.217	0.056	0.849	0.96587
1.15379	-10.18013	0.60529	0.878	0.083	-0.364	0.794	0.90433
1.17477	-10.19053	0.7015	0.878	0.386	0.008	0.788	0.89749
	BAND	=	29				--
#	BAND	=	0	0	29	29	--
0	-10.17542	0.7015	0.878	-0.386	-0.008	-0.788	-0.89749
0.02098	-10.16499	0.60146	0.878	-0.157	-0.852	-0.141	-0.16059
0.04196	-10.13179	0.49341	0.879	-0.297	-0.811	-0.159	-0.18089
0.06293	-10.08891	0.4719	0.879	-0.395	-0.754	-0.219	-0.24915
0.08391	-10.04095	0.46305	0.88	-0.437	-0.729	-0.224	-0.25455
0.10489	-9.98963	0.46137	0.881	-0.46	-0.718	-0.219	-0.24858
0.12587	-9.93599	0.46007	0.882	-0.473	-0.712	-0.215	-0.24376
0.14685	-9.88076	0.45754	0.883	-0.483	-0.707	-0.215	-0.24349
0.16782	-9.82454	0.45827	0.884	-0.489	-0.702	-0.22	-0.24887
0.1888	-9.76786	0.45788	0.886	-0.494	-0.697	-0.229	-0.25847
0.20978	-9.71116	0.45778	0.887	-0.498	-0.691	-0.242	-0.27283
0.23076	-9.65486	0.45891	0.888	-0.501	-0.685	-0.258	-0.29054
0.25174	-9.59938	0.46119	0.89	-0.504	-0.678	-0.276	-0.31011
0.27271	-9.54508	0.45984	0.891	-0.506	-0.67	-0.295	-0.33109
0.29369	-9.49231	0.46188	0.892	-0.508	-0.661	-0.315	-0.35314
0.31467	-9.44144	0.46217	0.893	-0.51	-0.651	-0.336	-0.37626
0.33565	-9.39279	0.4621	0.894	-0.511	-0.64	-0.357	-0.39933
0.35663	-9.34668	0.46119	0.896	-0.513	-0.629	-0.377	-0.42076
0.3776	-9.30341	0.46379	0.897	-0.514	-0.617	-0.398	-0.4437
0.39858	-9.26329	0.46399	0.898	-0.515	-0.604	-0.418	-0.46548
0.41956	-9.22658	0.46543	0.898	-0.516	-0.59	-0.438	-0.48775
0.44054	-9.19355	0.46332	0.899	-0.517	-0.575	-0.458	-0.50945
0.46152	-9.16442	0.46496	0.9	-0.518	-0.559	-0.478	-0.53111
0.4825	-9.1394	0.46349	0.901	-0.519	-0.542	-0.497	-0.55161
0.50347	-9.11868	0.46605	0.901	-0.519	-0.524	-0.517	-0.57381
0.52445	-9.10239	0.46509	0.902	-0.518	-0.506	-0.536	-0.59424
0.54543	-9.09068	0.46569	0.902	-0.518	-0.486	-0.555	-0.6153
0.56641	-9.08361	0.46609	0.902	-0.516	-0.467	-0.573	-0.63525
0.58739	-9.08125	0.46609	0.902	-0.514	-0.446	-0.591	-0.65521
0.58739	-9.08125	0.46609	0.902	-0.515	-0.446	-0.591	-0.65521
0.60836	-9.08361	0.46609	0.902	-0.512	-0.426	-0.608	-0.67406
0.62934	-9.09067	0.46569	0.902	-0.509	-0.405	-0.624	-0.6918
0.65032	-9.10239	0.46537	0.902	-0.506	-0.385	-0.639	-0.70843
0.6713	-9.11866	0.46505	0.901	-0.502	-0.366	-0.653	-0.72475
0.69228	-9.13939	0.46601	0.901	-0.497	-0.347	-0.666	-0.73918
0.71325	-9.1644	0.46413	0.9	-0.492	-0.328	-0.678	-0.75333
0.73423	-9.19353	0.46393	0.899	-0.486	-0.311	-0.689	-0.76641
0.75521	-9.22656	0.46209	0.898	-0.48	-0.295	-0.699	-0.7784
0.77619	-9.26326	0.46483	0.898	-0.474	-0.28	-0.709	-0.78953
0.79717	-9.30338	0.46315	0.897	-0.467	-0.266	-0.717	-0.79933
0.81814	-9.34664	0.46108	0.896	-0.459	-0.253	-0.725	-0.80915
0.83912	-9.39275	0.46067	0.894	-0.451	-0.241	-0.733	-0.81991
0.8601	-9.4414	0.46273	0.893	-0.443	-0.231	-0.74	-0.82867
0.88108	-9.49227	0.45961	0.892	-0.435	-0.222	-0.746	-0.83632
0.90206	-9.54503	0.46025	0.891	-0.426	-0.215	-0.752	-0.844
0.92303	-9.59932	0.46095	0.89	-0.417	-0.208	-0.757	-0.85056
0.94401	-9.65481	0.45871	0.888	-0.409	-0.203	-0.761	-0.85698
0.96499	-9.71109	0.45822	0.887	-0.401	-0.2	-0.765	-0.86246
0.98597	-9.76779	0.4579	0.886	-0.393	-0.198	-0.768	-0.86682
1.00695	-9.82448	0.45732	0.884	-0.385	-0.197	-0.771	-0.87217
1.02792	-9.8807	0.45763	0.883	-0.378	-0.197	-0.773	-0.87542
1.0489	-9.93593	0.45913	0.882	-0.37	-0.197	-0.775	-0.87868
1.06988	-9.98958	0.46217	0.881	-0.359	-0.196	-0.779	-0.88422
1.09086	-10.0409	0.46266	0.88	-0.343	-0.189	-0.787	-0.89432
1.11184	-10.08888	0.46845	0.879	-0.307	-0.162	-0.807	-0.91809
1.13281	-10.13177	0.49024	0.879	-0.217	-0.056	-0.849	-0.96587
1.15379	-10.16496	0.59881	0.878	-0.083	0.364	-0.794	-0.90433
1.17477	-10.17542	0.7015	0.878	-0.386	-0.008	-0.788	-0.89749
	BAND	=	30				--
#	BAND	=	0	0	30	30	--
0	-10.19004	0.17604	0.878	-0.757	0.413	0.16	0.18223
0.02098	-10.17152	0.28491	0.879	-0.1	-0.261	0.833	0.94767
0.04196	-10.12068	0.38593	0.881	0.185	-0.057	0.859	0.97503
0.06293	-10.06086	0.41075	0.882	0.307	0.148	0.813	0.92177
0.08391	-9.9985	0.42261	0.883	0.357	0.266	0.762	0.86297
0.10489	-9.93488	0.43189	0.884	0.385	0.337	0.72	0.81448
0.12587	-9.87056	0.43735	0.885	0.403	0.385	0.687	0.77627
0.14685	-9.80595	0.44205	0.886	0.416	0.419	0.66	0.74492
0.16782	-9.7414	0.44633	0.888	0.426	0.444	0.638	0.71847
0.1888	-9.67722	0.44876	0.889	0.434	0.463	0.621	0.69854
0.20978	-9.61372	0.45156	0.89	0.441	0.477	0.608	0.68315
0.23076	-9.55121	0.45593	0.892	0.447	0.487	0.597	0.66928
0.25174	-9.49	0.45789	0.893	0.452	0.495	0.588	0.65845
0.27271	-9.4304	0.45974	0.894	0.457	0.501	0.581	0.64989
0.29369	-9.37272	0.46162	0.896	0.462	0.506	0.576	0.64286
0.31467	-9.31725	0.4621	0.897	0.466	0.509	0.571	0.63657
0.33565	-9.26432	0.46421	0.899	0.471	0.512	0.568	0.63181
0.35663	-9.21422	0.46681	0.9	0.476	0.513	0.565	0.62778
0.3776	-9.16726	0.46789	0.901	0.48	0.513	0.562	0.62375
0.39858	-9.12373	0.46906	0.902	0.485	0.513	0.561	0.62195
0.41956	-9.08391	0.46953	0.903	0.489	0.511	0.561	0.62126
0.44054	-9.04807	0.47034	0.904	0.493	0.508	0.561	0.62058
0.46152	-9.01646	0.47085	0.905	0.497	0.504	0.563	0.6221
0.4825	-8.9893	0.47221	0.906	0.5	0.499	0.566	0.62472
0.50347	-8.9668	0.47146	0.906	0.503	0.493	0.57	0.62914
0.52445	-8.94911	0.47186	0.907	0.505	0.485	0.575	0.63396
0.54543	-8.93638	0.47234	0.907	0.507	0.477	0.581	0.64057
0.56641	-8.92871	0.47401	0.907	0.509	0.468	0.587	0.64719
0.58739	-8.92614	0.47341	0.908	0.511	0.459	0.593	0.65308
0.58739	-8.92614	0.47341	0.908	0.511	0.459	0.593	0.65308
0.60836	-8.9287	0.47369	0.907	0.512	0.45	0.598	0.65932
0.62934	-8.93638	0.47257	0.907	0.514	0.44	0.604	0.66593
0.65032	-8.94911	0.4723	0.907	0.516	0.431	0.608	0.67034
0.6713	-8.96679	0.47177	0.906	0.518	0.423	0.611	0.67439
0.69228	-8.98929	0.47177	0.906	0.52	0.415	0.614	0.6777
0.71325	-9.01645	0.47169	0.905	0.524	0.408	0.615	0.67956
0.73423	-9.04805	0.47084	0.904	0.527	0.402	0.614	0.6792
0.75521	-9.08389	0.46977	0.903	0.532	0.396	0.612	0.67774
0.77619	-9.1237	0.46877	0.902	0.536	0.392	0.609	0.67517
0.79717	-9.16723	0.46945	0.901	0.542	0.388	0.605	0.67148
0.81814	-9.21419	0.4682	0.9	0.547	0.386	0.6	0.66667
0.83912	-9.26428	0.46568	0.899	0.553	0.384	0.594	0.66073
0.8601	-9.31721	0.46369	0.897	0.559	0.384	0.587	0.6544
0.88108	-9.37267	0.46285	0.896	0.565	0.384	0.578	0.64509
0.90206	-9.43035	0.45957	0.894	0.571	0.385	0.569	0.63647
0.92303	-9.48995	0.45861	0.893	0.578	0.388	0.558	0.62486
0.94401	-9.55116	0.45509	0.892	0.585	0.392	0.545	0.61099
0.96499	-9.61366	0.45241	0.89	0.593	0.399	0.529	0.59438
0.98597	-9.67716	0.44977	0.889	0.602	0.409	0.509	0.57255
1.00695	-9.74134	0.44534	0.888	0.613	0.422	0.483	0.54392
1.02792	-9.8059	0.44322	0.886	0.626	0.439	0.447	0.50451
1.0489	-9.87051	0.43484	0.885	0.64	0.463	0.397	0.44859
1.06988	-9.93482	0.42983	0.884	0.655	0.496	0.324	0.36652
1.09086	-9.99845	0.4227	0.883	0.665	0.542	0.205	0.23216
1.11184	-10.06081	0.41028	0.882	0.638	0.607	-0.028	-0.03175
1.13281	-10.12064	0.38668	0.881	0.363	0.582	-0.552	-0.62656
1.15379	-10.17151	0.28578	0.879	-0.19	0.373	-0.773	-0.87941
1.17477	-10.19004	0.17604	0.878	-0.757	0.413	0.16	0.18223
	BAND	=	31				--
#	BAND	=	0	0	31	31	--
0	-10.17499	0.17604	0.878	0.757	-0.413	-0.16	-0.18223
0.02098	-10.15638	0.28204	0.879	0.1	0.261	-0.833	-0.94767
0.04196	-10.10553	0.38328	0.881	-0.185	0.057	-0.859	-0.97503
0.06293	-10.04568	0.40793	0.882	-0.307	-0.148	-0.813	-0.92177
0.08391	-9.98328	0.42155	0.883	-0.357	-0.266	-0.762	-0.86297
0.10489	-9.91961	0.42928	0.884	-0.385	-0.337	-0.72	-0.81448
0.12587	-9.85526	0.43624	0.885	-0.403	-0.385	-0.687	-0.77627
0.14685	-9.79062	0.44298	0.886	-0.416	-0.419	-0.66	-0.74492
0.16782	-9.72603	0.44517	0.888	-0.426	-0.444	-0.638	-0.71847
0.1888	-9.66182	0.44833	0.889	-0.434	-0.463	-0.621	-0.69854
0.20978	-9.5983	0.45329	0.89	-0.441	-0.477	-0.608	-0.68315
0.23076	-9.53578	0.45617	0.892	-0.447	-0.487	-0.597	-0.66928
0.25174	-9.47455	0.45797	0.893	-0.452	-0.495	-0.588	-0.65845
0.27271	-9.41495	0.46074	0.894	-0.457	-0.501	-0.581	-0.64989
0.29369	-9.35725	0.46285	0.896	-0.462	-0.506	-0.576	-0.64286
0.31467	-9.30178	0.46476	0.897	-0.466	-0.509	-0.571	-0.63657
0.33565	-9.24884	0.46637	0.899	-0.471	-0.512	-0.568	-0.63181
0.35663	-9.19875	0.4696	0.9	-0.476	-0.513	-0.565	-0.62778
0.3776	-9.15179	0.46921	0.901	-0.48	-0.513	-0.562	-0.62375
0.39858	-9.10825	0.47117	0.902	-0.485	-0.513	-0.561	-0.62195
0.41956	-9.06844	0.47101	0.903	-0.489	-0.511	-0.561	-0.62126
0.44054	-9.0326	0.47013	0.904	-0.493	-0.508	-0.561	-0.62058
0.46152	-9.00099	0.47081	0.905	-0.497	-0.504	-0.563	-0.6221
0.4825	-8.97384	0.47193	0.906	-0.5	-0.499	-0.566	-0.62472
0.50347	-8.95133	0.47129	0.906	-0.503	-0.493	-0.57	-0.62914
0.52445	-8.93365	0.47217	0.907	-0.505	-0.485	-0.575	-0.63396
0.54543	-8.92092	0.47334	0.907	-0.507	-0.477	-0.581	-0.64057
0.56641	-8.91325	0.47218	0.907	-0.509	-0.468	-0.587	-0.64719
0.58739	-8.91068	0.47218	0.907	-0.511	-0.459	-0.593	-0.6538
0.58739	-8.91068	0.47218	0.907	-0.511	-0.459	-0.593	-0.6538
0.60836	-8.91325	0.47334	0.907	-0.512	-0.45	-0.598	-0.65932
0.62934	-8.92092	0.47334	0.907	-0.514	-0.44	-0.604	-0.66593
0.65032	-8.93365	0.47174	0.907	-0.516	-0.431	-0.608	-0.67034
0.6713	-8.95134	0.47238	0.906	-0.518	-0.423	-0.611	-0.67439
0.69228	-8.97384	0.47074	0.906	-0.52	-0.415	-0.614	-0.6777
0.71325	-9.001	0.46942	0.905	-0.523	-0.408	-0.615	-0.67956
0.73423	-9.03261	0.47058	0.904	-0.527	-0.402	-0.614	-0.6792
0.75521	-9.06846	0.46914	0.903	-0.532	-0.396	-0.612	-0.67774
0.77619	-9.10827	0.4663	0.902	-0.536	-0.392	-0.609	-0.67517
0.79717	-9.15181	0.46842	0.901	-0.542	-0.388	-0.605	-0.67148
0.81814	-9.19877	0.46562	0.9	-0.547	-0.386	-0.6	-0.66667
0.83912	-9.24888	0.46485	0.899	-0.553	-0.384	-0.594	-0.66073
0.8601	-9.30182	0.46421	0.897	-0.559	-0.384	-0.587	-0.6544
0.88108	-9.35729	0.45994	0.896	-0.565	-0.384	-0.578	-0.64509
0.90206	-9.41499	0.45874	0.894	-0.571	-0.385	-0.569	-0.63647
0.92303	-9.4746	0.45849	0.893	-0.578	-0.388	-0.558	-0.62486
0.94401	-9.53582	0.45628	0.892	-0.585	-0.392	-0.545	-0.61099
0.96499	-9.59835	0.45331	0.89	-0.593	-0.399	-0.529	-0.59438
0.98597	-9.66187	0.44952	0.889	-0.602	-0.409	-0.509	-0.57255
1.00695	-9.72608	0.44593	0.888	-0.613	-0.421	-0.483	-0.54392
1.02792	-9.79067	0.44165	0.886	-0.626	-0.439	-0.447	-0.50451
1.0489	-9.85531	0.43619	0.885	-0.64	-0.463	-0.397	-0.44859
1.06988	-9.91967	0.42962	0.884	-0.655	-0.496	-0.324	-0.36652
1.09086	-9.98333	0.42269	0.883	-0.665	-0.542	-0.205	-0.23216
1.11184	-10.04573	0.41128	0.882	-0.638	-0.607	0.028	0.03175
1.13281	-10.10557	0.38164	0.881	-0.363	-0.582	0.552	0.62656
1.15379	-10.1564	0.2831	0.879	0.19	-0.373	0.773	0.87941
1.17477	-10.17499	0.17604	0.878	0.757	-0.413	-0.16	-0.18223
	BAND	=	32				--
#	BAND	=	0	0	32	32	--
0	-10.11514	0.80863	0.877	-0.369	-0.759	-0.239	-0.27252
0.02098	-10.0913	0.79619	0.878	-0.168	0.848	-0.148	-0.16856
0.04196	-10.04162	0.78412	0.879	0.091	0.781	-0.392	-0.44596
0.06293	-9.98304	0.7749	0.881	0.108	0.641	-0.593	-0.6731
0.08391	-9.92052	0.76317	0.882	0.1	0.527	-0.7	-0.79365
0.10489	-9.85587	0.75191	0.884	0.09	0.446	-0.757	-0.85633
0.12587	-9.78999	0.73981	0.885	0.084	0.392	-0.789	-0.89153
0.14685	-9.72348	0.7198	0.887	0.081	0.356	-0.808	-0.91094
0.16782	-9.65682	0.6995	0.889	0.084	0.334	-0.819	-0.92126
0.1888	-9.59041	0.67507	0.89	0.091	0.323	-0.824	-0.92584
0.20978	-9.5246	0.64963	0.892	0.104	0.323	-0.824	-0.92377
0.23076	-9.45973	0.62326	0.894	0.123	0.332	-0.82	-0.91723
0.25174	-9.39611	0.59587	0.895	0.15	0.352	-0.808	-0.90279
0.27271	-9.33406	0.57619	0.897	0.187	0.383	-0.788	-0.87848
0.29369	-9.27388	0.557	0.898	0.236	0.427	-0.753	-0.83853
0.31467	-9.21589	0.54298	0.9	0.3	0.484	-0.695	-0.77222
0.33565	-9.16042	0.52785	0.902	0.381	0.553	-0.6	-0.66519
0.35663	-9.10779	0.51637	0.903	0.47	0.622	-0.453	-0.50166
0.3776	-9.05834	0.50918	0.904	0.55	0.67	-0.253	-0.27987
0.39858	-9.01239	0.50196	0.906	0.598	0.678	-0.028	-0.03091
0.41956	-8.97027	0.49468	0.907	0.608	0.649	0.175	0.19294
0.44054	-8.93227	0.49244	0.908	0.593	0.602	0.329	0.36233
0.46152	-8.89868	0.48942	0.909	0.57	0.555	0.438	0.48185
0.4825	-8.86977	0.48672	0.91	0.547	0.516	0.512	0.56264
0.50347	-8.84577	0.48513	0.911	0.527	0.485	0.561	0.61581
0.52445	-8.82689	0.48554	0.911	0.511	0.463	0.595	0.65313
0.54543	-8.81329	0.48518	0.912	0.498	0.446	0.619	0.67873
0.56641	-8.80508	0.48423	0.912	0.487	0.433	0.637	0.69846
0.58739	-8.80234	0.48398	0.912	0.478	0.423	0.651	0.71382
0.58739	-8.80234	0.48398	0.912	0.478	0.423	0.651	0.71382
0.60836	-8.80509	0.48462	0.912	0.468	0.413	0.665	0.72917
0.62934	-8.8133	0.48465	0.912	0.457	0.402	0.678	0.74342
0.65032	-8.82691	0.4862	0.911	0.443	0.389	0.694	0.7618
0.6713	-8.8458	0.48723	0.911	0.427	0.372	0.713	0.78266
0.69228	-8.86981	0.48992	0.91	0.407	0.351	0.734	0.80659
0.71325	-8.89873	0.49334	0.909	0.383	0.326	0.757	0.83278
0.73423	-8.93234	0.49658	0.908	0.355	0.296	0.781	0.86013
0.75521	-8.97036	0.49979	0.907	0.324	0.262	0.805	0.88754
0.77619	-9.01252	0.50639	0.906	0.291	0.227	0.826	0.9117
0.79717	-9.05849	0.50957	0.904	0.257	0.192	0.845	0.93473
0.81814	-9.10796	0.52034	0.903	0.224	0.158	0.86	0.95238
0.83912	-9.16061	0.53131	0.902	0.193	0.127	0.871	0.96563
0.8601	-9.2161	0.54504	0.9	0.165	0.099	0.879	0.97667
0.88108	-9.27411	0.55989	0.899	0.14	0.075	0.884	0.98331
0.90206	-9.3343	0.57625	0.897	0.119	0.054	0.887	0.98885
0.92303	-9.39637	0.59698	0.895	0.101	0.038	0.888	0.99218
0.94401	-9.46	0.62489	0.894	0.086	0.024	0.889	0.99441
0.96499	-9.52489	0.6479	0.892	0.075	0.013	0.888	0.99552
0.98597	-9.59071	0.6745	0.89	0.067	0.005	0.887	0.99663
1.00695	-9.65713	0.701	0.889	0.062	-0.001	0.886	0.99663
1.02792	-9.7238	0.72279	0.887	0.061	-0.007	0.884	0.99662
1.0489	-9.79031	0.73841	0.885	0.062	-0.013	0.883	0.99774
1.06988	-9.85617	0.75138	0.884	0.065	-0.022	0.881	0.99661
1.09086	-9.92079	0.76309	0.882	0.071	-0.04	0.878	0.99546
1.11184	-9.98324	0.77494	0.881	0.077	-0.088	0.872	0.98978
1.13281	-10.04173	0.78577	0.879	0.068	-0.244	0.841	0.95677
1.15379	-10.09141	0.79727	0.878	-0.092	-0.775	0.4	0.45558
1.17477	-10.11514	0.80863	0.877	-0.369	-0.759	-0.239	-0.27252
	BAND	=	33				--
#	BAND	=	0	0	33	33	--
0	-10.09978	0.80775	0.877	0.369	0.759	0.239	0.27252
0.02098	-10.07607	0.79747	0.878	0.168	-0.848	0.148	0.16856
0.04196	-10.02599	0.78345	0.879	-0.091	-0.781	0.392	0.44596
0.06293	-9.96706	0.7745	0.881	-0.108	-0.641	0.593	0.6731
0.08391	-9.90422	0.76453	0.882	-0.1	-0.527	0.7	0.79365
0.10489	-9.8393	0.75179	0.884	-0.09	-0.446	0.757	0.85633
0.12587	-9.77322	0.73552	0.886	-0.084	-0.392	0.789	0.89052
0.14685	-9.70662	0.71447	0.887	-0.081	-0.356	0.808	0.91094
0.16782	-9.63998	0.68531	0.889	-0.084	-0.334	0.819	0.92126
0.1888	-9.57369	0.65457	0.89	-0.091	-0.323	0.824	0.92584
0.20978	-9.50808	0.62289	0.892	-0.104	-0.323	0.824	0.92377
0.23076	-9.44345	0.59584	0.894	-0.123	-0.332	0.82	0.91723
0.25174	-9.38006	0.56902	0.895	-0.15	-0.352	0.808	0.90279
0.27271	-9.31822	0.54944	0.897	-0.186	-0.383	0.788	0.87848
0.29369	-9.25823	0.53415	0.898	-0.236	-0.427	0.753	0.83853
0.31467	-9.20039	0.52211	0.9	-0.3	-0.484	0.695	0.77222
0.33565	-9.14503	0.51581	0.902	-0.381	-0.553	0.6	0.66519
0.35663	-9.09248	0.50804	0.903	-0.47	-0.622	0.453	0.50166
0.3776	-9.04308	0.50352	0.904	-0.55	-0.67	0.253	0.27987
0.39858	-8.99716	0.49918	0.906	-0.598	-0.678	0.028	0.03091
0.41956	-8.95504	0.49696	0.907	-0.608	-0.649	-0.175	-0.19294
0.44054	-8.91703	0.49277	0.908	-0.593	-0.602	-0.329	-0.36233
0.46152	-8.88344	0.49231	0.909	-0.57	-0.555	-0.438	-0.48185
0.4825	-8.85452	0.48902	0.91	-0.547	-0.516	-0.512	-0.56264
0.50347	-8.83052	0.48684	0.911	-0.527	-0.485	-0.561	-0.61581
0.52445	-8.81163	0.48768	0.911	-0.511	-0.463	-0.595	-0.65313
0.54543	-8.79803	0.48453	0.912	-0.498	-0.446	-0.619	-0.67873
0.56641	-8.78981	0.48442	0.912	-0.487	-0.433	-0.637	-0.69846
0.58739	-8.78707	0.48518	0.912	-0.478	-0.423	-0.651	-0.71382
0.58739	-8.78707	0.48518	0.912	-0.478	-0.423	-0.651	-0.71382
0.60836	-8.78981	0.48383	0.912	-0.468	-0.413	-0.665	-0.72917
0.62934	-8.79801	0.48411	0.912	-0.457	-0.402	-0.678	-0.74342
0.65032	-8.81161	0.48615	0.911	-0.443	-0.389	-0.694	-0.7618
0.6713	-8.83049	0.48582	0.911	-0.427	-0.372	-0.713	-0.78266
0.69228	-8.85448	0.48734	0.91	-0.407	-0.351	-0.734	-0.80659
0.71325	-8.88338	0.48924	0.909	-0.383	-0.326	-0.757	-0.83278
0.73423	-8.91695	0.49115	0.908	-0.355	-0.296	-0.781	-0.86013
0.75521	-8.95493	0.49213	0.907	-0.324	-0.262	-0.805	-0.88754
0.77619	-8.99703	0.4967	0.906	-0.291	-0.227	-0.826	-0.9117
0.79717	-9.04293	0.49988	0.904	-0.257	-0.192	-0.845	-0.93473
0.81814	-9.09231	0.50637	0.903	-0.224	-0.158	-0.86	-0.95238
0.83912	-9.14484	0.51303	0.902	-0.193	-0.127	-0.871	-0.96563
0.8601	-9.20018	0.52124	0.9	-0.165	-0.099	-0.878	-0.97556
0.88108	-9.25801	0.5334	0.898	-0.14	-0.075	-0.884	-0.98441
0.90206	-9.31799	0.54841	0.897	-0.119	-0.054	-0.887	-0.98885
0.92303	-9.37981	0.56772	0.895	-0.101	-0.038	-0.888	-0.99218
0.94401	-9.44318	0.59394	0.894	-0.086	-0.024	-0.888	-0.99329
0.96499	-9.5078	0.62234	0.892	-0.075	-0.013	-0.888	-0.99552
0.98597	-9.57339	0.65483	0.89	-0.067	-0.005	-0.887	-0.99663
1.00695	-9.63967	0.68587	0.889	-0.062	0.001	-0.886	-0.99663
1.02792	-9.7063	0.71555	0.887	-0.061	0.007	-0.884	-0.99662
1.0489	-9.77291	0.7368	0.885	-0.062	0.013	-0.883	-0.99774
1.06988	-9.839	0.75279	0.884	-0.065	0.022	-0.881	-0.99661
1.09086	-9.90397	0.76461	0.882	-0.071	0.04	-0.878	-0.99546
1.11184	-9.96688	0.77445	0.881	-0.077	0.088	-0.872	-0.98978
1.13281	-10.02591	0.784	0.879	-0.068	0.244	-0.841	-0.95677
1.15379	-10.07599	0.79726	0.878	0.092	0.776	-0.4	-0.45558
1.17477	-10.09978	0.80775	0.877	0.369	0.759	0.239	0.27252
	BAND	=	34				--
#	BAND	=	0	0	34	34	--
0	-10.06524	0.06864	0.877	-0.776	0.289	0.287	0.32725
0.02098	-10.04756	0.07252	0.877	-0.011	-0.376	0.792	0.90308
0.04196	-10.00519	0.08044	0.878	0.064	-0.308	0.82	0.93394
0.06293	-9.95146	0.08839	0.88	0.071	-0.249	0.84	0.95455
0.08391	-9.89222	0.09818	0.882	0.067	-0.21	0.853	0.96712
0.10489	-9.82984	0.11327	0.883	0.061	-0.184	0.861	0.97508
0.12587	-9.76547	0.12765	0.885	0.056	-0.165	0.867	0.97966
0.14685	-9.69973	0.15108	0.887	0.052	-0.15	0.872	0.98309
0.16782	-9.63311	0.1802	0.889	0.049	-0.139	0.876	0.98538
0.1888	-9.566	0.21737	0.891	0.047	-0.129	0.88	0.98765
0.20978	-9.4988	0.25021	0.893	0.046	-0.12	0.883	0.9888
0.23076	-9.43191	0.28003	0.895	0.046	-0.113	0.886	0.98994
0.25174	-9.36575	0.30743	0.897	0.047	-0.106	0.889	0.99108
0.27271	-9.30075	0.32847	0.899	0.048	-0.1	0.891	0.9911
0.29369	-9.23731	0.34597	0.9	0.05	-0.095	0.893	0.99222
0.31467	-9.17584	0.35938	0.902	0.052	-0.09	0.896	0.99335
0.33565	-9.11676	0.37301	0.904	0.055	-0.086	0.897	0.99226
0.35663	-9.06048	0.37984	0.905	0.058	-0.083	0.899	0.99337
0.3776	-9.00739	0.38665	0.907	0.061	-0.08	0.901	0.99338
0.39858	-8.9579	0.39303	0.908	0.066	-0.076	0.902	0.99339
0.41956	-8.91239	0.39504	0.91	0.072	-0.072	0.903	0.99231
0.44054	-8.87124	0.40169	0.911	0.08	-0.068	0.904	0.99232
0.46152	-8.83478	0.40403	0.912	0.09	-0.062	0.905	0.99232
0.4825	-8.80333	0.40757	0.913	0.103	-0.054	0.905	0.99124
0.50347	-8.77718	0.40737	0.914	0.123	-0.043	0.904	0.98906
0.52445	-8.75657	0.40932	0.914	0.153	-0.025	0.901	0.98578
0.54543	-8.74169	0.40856	0.915	0.205	0.005	0.891	0.97377
0.56641	-8.73269	0.40681	0.915	0.31	0.067	0.858	0.9377
0.58739	-8.72966	0.40521	0.915	0.575	0.235	0.672	0.73443
0.58739	-8.72966	0.40521	0.915	0.575	0.235	0.672	0.73443
0.60836	-8.73265	0.40681	0.915	0.737	0.438	-0.32	-0.34973
0.62934	-8.74164	0.41052	0.915	0.383	0.296	-0.776	-0.84809
0.65032	-8.75651	0.40944	0.914	0.237	0.223	-0.854	-0.93435
0.6713	-8.77712	0.40793	0.914	0.171	0.187	-0.878	-0.96061
0.69228	-8.80327	0.40757	0.913	0.134	0.165	-0.887	-0.97152
0.71325	-8.83472	0.40363	0.912	0.111	0.15	-0.892	-0.97807
0.73423	-8.87118	0.4018	0.911	0.095	0.138	-0.895	-0.98244
0.75521	-8.91233	0.39676	0.91	0.084	0.128	-0.896	-0.98462
0.77619	-8.95784	0.39367	0.908	0.075	0.12	-0.897	-0.98789
0.79717	-9.00733	0.38731	0.907	0.069	0.113	-0.897	-0.98897
0.81814	-9.06041	0.3801	0.905	0.063	0.106	-0.896	-0.99006
0.83912	-9.1167	0.37341	0.904	0.059	0.1	-0.896	-0.99115
0.8601	-9.17578	0.36045	0.902	0.055	0.095	-0.895	-0.99224
0.88108	-9.23725	0.34648	0.9	0.052	0.09	-0.894	-0.99333
0.90206	-9.30069	0.33041	0.899	0.05	0.086	-0.892	-0.99221
0.92303	-9.36569	0.30786	0.897	0.048	0.082	-0.891	-0.99331
0.94401	-9.43186	0.28306	0.895	0.047	0.08	-0.889	-0.9933
0.96499	-9.49876	0.2506	0.893	0.047	0.078	-0.888	-0.9944
0.98597	-9.56597	0.22078	0.891	0.047	0.078	-0.886	-0.99439
1.00695	-9.63309	0.1802	0.889	0.049	0.079	-0.884	-0.99438
1.02792	-9.69972	0.15104	0.887	0.052	0.082	-0.881	-0.99324
1.0489	-9.76545	0.12765	0.885	0.057	0.087	-0.878	-0.99209
1.06988	-9.82983	0.11327	0.883	0.062	0.097	-0.875	-0.99094
1.09086	-9.8922	0.09834	0.882	0.069	0.114	-0.871	-0.98753
1.11184	-9.95143	0.08839	0.88	0.074	0.145	-0.864	-0.98182
1.13281	-10.00516	0.08044	0.878	0.068	0.21	-0.85	-0.96811
1.15379	-10.04753	0.07252	0.877	-0.009	0.361	-0.799	-0.91106
1.17477	-10.06524	0.06864	0.877	-0.776	0.289	0.287	0.32725
	BAND	=	35				--
#	BAND	=	0	0	35	35	--
0	-10.05015	0.06864	0.877	0.776	-0.289	-0.287	-0.32725
0.02098	-10.03198	0.07329	0.877	0.011	0.376	-0.792	-0.90308
0.04196	-9.98899	0.08094	0.879	-0.064	0.308	-0.82	-0.93288
0.06293	-9.93468	0.08885	0.88	-0.071	0.249	-0.84	-0.95455
0.08391	-9.87494	0.09771	0.882	-0.067	0.21	-0.853	-0.96712
0.10489	-9.81218	0.1106	0.883	-0.061	0.184	-0.861	-0.97508
0.12587	-9.74753	0.12165	0.885	-0.056	0.165	-0.867	-0.97966
0.14685	-9.68166	0.14055	0.887	-0.052	0.15	-0.872	-0.98309
0.16782	-9.61503	0.16114	0.889	-0.049	0.139	-0.876	-0.98538
0.1888	-9.54804	0.1859	0.891	-0.047	0.129	-0.88	-0.98765
0.20978	-9.48105	0.21451	0.893	-0.046	0.12	-0.883	-0.9888
0.23076	-9.41441	0.2424	0.895	-0.046	0.113	-0.886	-0.98994
0.25174	-9.34852	0.26822	0.897	-0.047	0.106	-0.889	-0.99108
0.27271	-9.28378	0.28961	0.899	-0.048	0.1	-0.891	-0.9911
0.29369	-9.22057	0.3087	0.9	-0.05	0.095	-0.893	-0.99222
0.31467	-9.15932	0.32789	0.902	-0.052	0.09	-0.896	-0.99335
0.33565	-9.10043	0.34138	0.904	-0.055	0.086	-0.898	-0.99336
0.35663	-9.04431	0.35475	0.905	-0.058	0.083	-0.899	-0.99337
0.3776	-8.99137	0.36456	0.907	-0.061	0.08	-0.901	-0.99338
0.39858	-8.94201	0.37269	0.908	-0.066	0.076	-0.902	-0.99339
0.41956	-8.89662	0.38027	0.91	-0.072	0.072	-0.904	-0.99341
0.44054	-8.85557	0.38662	0.911	-0.08	0.068	-0.905	-0.99341
0.46152	-8.81921	0.39154	0.912	-0.09	0.062	-0.905	-0.99232
0.4825	-8.78786	0.39466	0.913	-0.103	0.054	-0.905	-0.99124
0.50347	-8.76179	0.39876	0.914	-0.123	0.043	-0.904	-0.98906
0.52445	-8.74126	0.40293	0.914	-0.153	0.025	-0.901	-0.98578
0.54543	-8.72647	0.40383	0.915	-0.205	-0.005	-0.891	-0.97377
0.56641	-8.71755	0.40538	0.915	-0.31	-0.067	-0.858	-0.9377
0.58739	-8.71458	0.40681	0.915	-0.575	-0.235	-0.672	-0.73443
0.58739	-8.71458	0.40681	0.915	-0.575	-0.235	-0.672	-0.73443
0.60836	-8.71759	0.40538	0.915	-0.737	-0.438	0.32	0.34973
0.62934	-8.72652	0.40383	0.915	-0.383	-0.296	0.776	0.84809
0.65032	-8.74132	0.40229	0.914	-0.237	-0.223	0.854	0.93435
0.6713	-8.76185	0.39812	0.914	-0.171	-0.187	0.878	0.96061
0.69228	-8.78791	0.39494	0.913	-0.134	-0.165	0.887	0.97152
0.71325	-8.81926	0.39058	0.912	-0.111	-0.15	0.892	0.97807
0.73423	-8.85563	0.38478	0.911	-0.095	-0.138	0.895	0.98244
0.75521	-8.89667	0.37951	0.91	-0.084	-0.128	0.896	0.98462
0.77619	-8.94206	0.37234	0.908	-0.075	-0.12	0.897	0.98789
0.79717	-8.99142	0.36349	0.907	-0.069	-0.113	0.897	0.98897
0.81814	-9.04436	0.35348	0.905	-0.063	-0.106	0.896	0.99006
0.83912	-9.10048	0.33966	0.904	-0.059	-0.1	0.896	0.99115
0.8601	-9.15937	0.32586	0.902	-0.055	-0.095	0.895	0.99224
0.88108	-9.22062	0.30771	0.9	-0.052	-0.09	0.894	0.99333
0.90206	-9.28382	0.28731	0.899	-0.05	-0.086	0.893	0.99333
0.92303	-9.34855	0.26491	0.897	-0.048	-0.083	0.891	0.99331
0.94401	-9.41444	0.24149	0.895	-0.047	-0.08	0.889	0.9933
0.96499	-9.48107	0.21367	0.893	-0.047	-0.078	0.888	0.9944
0.98597	-9.54806	0.18606	0.891	-0.048	-0.078	0.886	0.99439
1.00695	-9.61505	0.16114	0.889	-0.049	-0.079	0.884	0.99438
1.02792	-9.68167	0.14071	0.887	-0.052	-0.082	0.881	0.99324
1.0489	-9.74754	0.12193	0.885	-0.057	-0.088	0.879	0.99322
1.06988	-9.81219	0.11008	0.883	-0.062	-0.097	0.875	0.99094
1.09086	-9.87496	0.09771	0.882	-0.069	-0.114	0.871	0.98753
1.11184	-9.9347	0.08901	0.88	-0.074	-0.145	0.864	0.98182
1.13281	-9.98902	0.08094	0.879	-0.068	-0.21	0.85	0.96701
1.15379	-10.03201	0.07329	0.877	0.009	-0.361	0.799	0.91106
1.17477	-10.05015	0.06864	0.877	0.776	-0.289	-0.287	-0.32725
	BAND	=	36				--
#	BAND	=	0	0	36	36	--
0	-3.84337	0.32763	0.637	-0.136	0.357	-0.062	-0.09733
0.02098	-3.84991	0.34014	0.636	-0.015	0.524	-0.069	-0.10849
0.04196	-3.85998	0.33945	0.633	-0.015	0.564	-0.024	-0.03791
0.06293	-3.87295	0.33758	0.631	-0.015	0.584	0.033	0.0523
0.08391	-3.8882	0.33495	0.63	-0.015	0.587	0.091	0.14444
0.10489	-3.90512	0.33266	0.628	-0.015	0.579	0.145	0.23089
0.12587	-3.92316	0.32928	0.626	-0.015	0.564	0.195	0.3115
0.14685	-3.94179	0.32747	0.625	-0.015	0.545	0.241	0.3856
0.16782	-3.96063	0.32517	0.623	-0.015	0.523	0.282	0.45265
0.1888	-3.97933	0.32203	0.622	-0.016	0.499	0.32	0.51447
0.20978	-3.99759	0.32157	0.621	-0.016	0.474	0.353	0.56844
0.23076	-4.0152	0.31787	0.62	-0.017	0.449	0.382	0.61613
0.25174	-4.03196	0.31648	0.619	-0.018	0.424	0.407	0.65751
0.27271	-4.04776	0.31594	0.618	-0.019	0.401	0.429	0.69417
0.29369	-4.06244	0.31439	0.617	-0.02	0.38	0.447	0.72447
0.31467	-4.07591	0.31356	0.616	-0.022	0.361	0.462	0.75
0.33565	-4.08813	0.31134	0.615	-0.023	0.344	0.474	0.77073
0.35663	-4.09906	0.3121	0.615	-0.025	0.329	0.484	0.78699
0.3776	-4.10871	0.31135	0.614	-0.026	0.318	0.491	0.79967
0.39858	-4.11708	0.30956	0.614	-0.028	0.309	0.497	0.80945
0.41956	-4.12422	0.30686	0.613	-0.03	0.303	0.501	0.81729
0.44054	-4.13021	0.3077	0.613	-0.032	0.3	0.503	0.82055
0.46152	-4.13511	0.30666	0.612	-0.035	0.3	0.503	0.8219
0.4825	-4.13902	0.3048	0.612	-0.039	0.305	0.5	0.81699
0.50347	-4.14205	0.3066	0.612	-0.043	0.316	0.494	0.80719
0.52445	-4.14427	0.30528	0.612	-0.05	0.338	0.479	0.78268
0.54543	-4.14579	0.30537	0.612	-0.062	0.379	0.448	0.73203
0.56641	-4.14668	0.30366	0.612	-0.085	0.462	0.361	0.58987
0.58739	-4.14696	0.30426	0.611	-0.129	0.582	0.029	0.04746
0.58739	-4.14696	0.30426	0.611	-0.129	0.582	0.029	0.04746
0.60836	-4.14667	0.30446	0.612	-0.096	0.308	-0.494	-0.80719
0.62934	-4.14579	0.30441	0.612	-0.047	0.065	-0.581	-0.94935
0.65032	-4.14426	0.30644	0.612	-0.027	-0.032	-0.584	-0.95425
0.6713	-4.14204	0.30536	0.612	-0.018	-0.083	-0.579	-0.94608
0.69228	-4.13901	0.30572	0.612	-0.013	-0.116	-0.573	-0.93627
0.71325	-4.1351	0.30595	0.612	-0.01	-0.14	-0.567	-0.92647
0.73423	-4.1302	0.30702	0.613	-0.009	-0.161	-0.561	-0.91517
0.75521	-4.12421	0.30749	0.613	-0.008	-0.181	-0.555	-0.90538
0.77619	-4.11707	0.30853	0.614	-0.008	-0.2	-0.548	-0.89251
0.79717	-4.1087	0.30876	0.614	-0.008	-0.22	-0.54	-0.87948
0.81814	-4.09905	0.31154	0.615	-0.009	-0.242	-0.531	-0.86341
0.83912	-4.08812	0.31137	0.615	-0.009	-0.265	-0.519	-0.8439
0.8601	-4.0759	0.31264	0.616	-0.01	-0.291	-0.506	-0.82143
0.88108	-4.06243	0.31555	0.617	-0.01	-0.319	-0.489	-0.79254
0.90206	-4.04775	0.3163	0.618	-0.01	-0.348	-0.469	-0.7589
0.92303	-4.03195	0.31816	0.619	-0.01	-0.38	-0.446	-0.72052
0.94401	-4.01518	0.31827	0.62	-0.01	-0.412	-0.418	-0.67419
0.96499	-3.99758	0.31982	0.621	-0.01	-0.444	-0.386	-0.62158
0.98597	-3.97931	0.321	0.622	-0.009	-0.476	-0.349	-0.56109
1.00695	-3.96061	0.32493	0.623	-0.009	-0.506	-0.309	-0.49599
1.02792	-3.94177	0.32691	0.625	-0.008	-0.533	-0.263	-0.4208
1.0489	-3.92313	0.32984	0.626	-0.006	-0.557	-0.214	-0.34185
1.06988	-3.9051	0.3321	0.628	-0.005	-0.575	-0.159	-0.25318
1.09086	-3.88818	0.33411	0.63	-0.003	-0.586	-0.101	-0.16032
1.11184	-3.87292	0.33925	0.631	-0.001	-0.585	-0.039	-0.06181
1.13281	-3.85995	0.33929	0.633	0	-0.565	0.022	0.03476
1.15379	-3.84988	0.34054	0.636	0.002	-0.525	0.069	0.10849
1.17477	-3.84337	0.32763	0.637	-0.136	0.357	-0.062	-0.09733
	BAND	=	37				--
#	BAND	=	0	0	37	37	--
0	-3.82833	0.32774	0.637	0.134	-0.36	0.06	0.09419
0.02098	-3.83446	0.28748	0.636	0.015	-0.524	0.07	0.11006
0.04196	-3.84453	0.28593	0.634	0.015	-0.564	0.024	0.03785
0.06293	-3.85751	0.28587	0.632	0.015	-0.584	-0.032	-0.05063
0.08391	-3.87276	0.28645	0.63	0.015	-0.587	-0.09	-0.14286
0.10489	-3.8897	0.28909	0.628	0.015	-0.579	-0.145	-0.23089
0.12587	-3.90775	0.29126	0.626	0.014	-0.564	-0.195	-0.3115
0.14685	-3.9264	0.29202	0.625	0.015	-0.545	-0.241	-0.3856
0.16782	-3.94526	0.2936	0.623	0.015	-0.523	-0.282	-0.45265
0.1888	-3.96399	0.29493	0.622	0.016	-0.499	-0.32	-0.51447
0.20978	-3.98227	0.29612	0.621	0.016	-0.474	-0.353	-0.56844
0.23076	-3.9999	0.29542	0.62	0.017	-0.449	-0.382	-0.61613
0.25174	-4.01668	0.29688	0.618	0.018	-0.424	-0.407	-0.65858
0.27271	-4.0325	0.29696	0.618	0.019	-0.401	-0.429	-0.69417
0.29369	-4.0472	0.29782	0.617	0.02	-0.38	-0.447	-0.72447
0.31467	-4.06068	0.29874	0.616	0.022	-0.361	-0.462	-0.75
0.33565	-4.07291	0.29864	0.615	0.023	-0.344	-0.474	-0.77073
0.35663	-4.08386	0.29891	0.615	0.025	-0.329	-0.484	-0.78699
0.3776	-4.09352	0.29914	0.614	0.026	-0.318	-0.491	-0.79967
0.39858	-4.1019	0.30006	0.613	0.028	-0.309	-0.497	-0.81077
0.41956	-4.10905	0.29838	0.613	0.03	-0.303	-0.501	-0.81729
0.44054	-4.11506	0.3006	0.613	0.032	-0.299	-0.503	-0.82055
0.46152	-4.11997	0.30048	0.612	0.035	-0.3	-0.503	-0.8219
0.4825	-4.12391	0.30127	0.612	0.039	-0.305	-0.501	-0.81863
0.50347	-4.12695	0.30134	0.612	0.043	-0.316	-0.494	-0.80719
0.52445	-4.12919	0.30173	0.612	0.05	-0.338	-0.479	-0.78268
0.54543	-4.13074	0.30328	0.612	0.062	-0.379	-0.448	-0.73203
0.56641	-4.13164	0.30403	0.612	0.085	-0.462	-0.361	-0.58987
0.58739	-4.13194	0.30426	0.611	0.129	-0.582	-0.029	-0.04746
0.58739	-4.13194	0.30426	0.611	0.129	-0.582	-0.029	-0.04746
0.60836	-4.13165	0.30344	0.612	0.096	-0.308	0.494	0.80719
0.62934	-4.13074	0.30177	0.612	0.047	-0.065	0.581	0.94935
0.65032	-4.1292	0.30145	0.612	0.027	0.032	0.584	0.95425
0.6713	-4.12696	0.30154	0.612	0.018	0.083	0.579	0.94608
0.69228	-4.12392	0.30134	0.612	0.013	0.116	0.573	0.93627
0.71325	-4.11998	0.3012	0.612	0.01	0.14	0.567	0.92647
0.73423	-4.11507	0.30005	0.613	0.009	0.161	0.561	0.91517
0.75521	-4.10906	0.29922	0.613	0.008	0.181	0.555	0.90538
0.77619	-4.10191	0.29978	0.613	0.008	0.2	0.548	0.89396
0.79717	-4.09353	0.2995	0.614	0.008	0.22	0.54	0.87948
0.81814	-4.08387	0.30015	0.615	0.009	0.242	0.531	0.86341
0.83912	-4.07292	0.298	0.615	0.009	0.265	0.519	0.8439
0.8601	-4.0607	0.29741	0.616	0.01	0.291	0.506	0.82143
0.88108	-4.04721	0.29762	0.617	0.01	0.319	0.489	0.79254
0.90206	-4.03251	0.29731	0.618	0.01	0.349	0.469	0.7589
0.92303	-4.0167	0.29681	0.618	0.01	0.38	0.446	0.72168
0.94401	-3.99992	0.29629	0.62	0.01	0.412	0.418	0.67419
0.96499	-3.98229	0.29599	0.621	0.01	0.444	0.386	0.62158
0.98597	-3.964	0.29505	0.622	0.009	0.476	0.349	0.56109
1.00695	-3.94528	0.29304	0.623	0.009	0.506	0.308	0.49438
1.02792	-3.92642	0.2925	0.625	0.008	0.533	0.263	0.4208
1.0489	-3.90776	0.29173	0.626	0.006	0.557	0.213	0.34026
1.06988	-3.88971	0.28906	0.628	0.005	0.576	0.159	0.25318
1.09086	-3.87278	0.2862	0.63	0.003	0.586	0.1	0.15873
1.11184	-3.85752	0.28579	0.632	0.002	0.585	0.038	0.06013
1.13281	-3.84455	0.28521	0.634	0	0.566	-0.022	-0.0347
1.15379	-3.83448	0.28808	0.636	-0.002	0.525	-0.07	-0.11006
1.17477	-3.82833	0.32774	0.637	0.134	-0.36	0.06	0.09419
	BAND	=	38				--
#	BAND	=	0	0	38	38	--
0	-3.84246	0.30031	0.638	0.098	0.46	0.01	0.01567
0.02098	-3.83987	0.33879	0.639	0.004	-0.42	0.085	0.13302
0.04196	-3.84001	0.34014	0.641	0.002	-0.39	0.057	0.08892
0.06293	-3.84293	0.34093	0.642	-0.001	-0.379	0.023	0.03583
0.08391	-3.84789	0.34327	0.642	-0.002	-0.376	-0.007	-0.0109
0.10489	-3.85444	0.3337	0.64	0.004	-0.37	-0.085	-0.13281
0.12587	-3.86962	0.29635	0.627	0.005	-0.531	-0.238	-0.37959
0.14685	-3.88808	0.29575	0.626	0.006	-0.535	-0.238	-0.38019
0.16782	-3.9067	0.29515	0.624	0.007	-0.528	-0.251	-0.40224
0.1888	-3.92512	0.29646	0.623	0.009	-0.518	-0.269	-0.43178
0.20978	-3.94309	0.29758	0.622	0.01	-0.506	-0.289	-0.46463
0.23076	-3.96042	0.29789	0.621	0.012	-0.492	-0.311	-0.50081
0.25174	-3.97696	0.29657	0.62	0.014	-0.476	-0.333	-0.5371
0.27271	-3.9926	0.29637	0.619	0.015	-0.458	-0.357	-0.57674
0.29369	-4.00721	0.29665	0.618	0.017	-0.438	-0.38	-0.61489
0.31467	-4.02074	0.29769	0.618	0.019	-0.416	-0.402	-0.65049
0.33565	-4.03313	0.2972	0.617	0.02	-0.394	-0.424	-0.6872
0.35663	-4.04437	0.29589	0.616	0.022	-0.37	-0.445	-0.7224
0.3776	-4.05443	0.2966	0.616	0.023	-0.346	-0.464	-0.75325
0.39858	-4.06333	0.29684	0.615	0.023	-0.322	-0.481	-0.78211
0.41956	-4.07111	0.29791	0.615	0.024	-0.298	-0.496	-0.8065
0.44054	-4.07779	0.29652	0.614	0.024	-0.276	-0.509	-0.82899
0.46152	-4.08342	0.29707	0.614	0.023	-0.255	-0.52	-0.84691
0.4825	-4.08807	0.29786	0.614	0.022	-0.237	-0.53	-0.86319
0.50347	-4.09177	0.29707	0.613	0.019	-0.22	-0.537	-0.87602
0.52445	-4.09458	0.2971	0.613	0.013	-0.207	-0.543	-0.88581
0.54543	-4.09655	0.29782	0.613	0	-0.195	-0.548	-0.89396
0.56641	-4.09771	0.29881	0.613	-0.047	-0.183	-0.551	-0.89886
0.58739	-4.09809	0.29905	0.613	-0.371	0.195	0.411	0.67047
0.58739	-4.09809	0.29905	0.613	-0.371	0.195	0.411	0.67047
0.60836	-4.09772	0.29881	0.613	-0.1	0.199	0.538	0.87765
0.62934	-4.09656	0.29782	0.613	-0.072	0.202	0.541	0.88254
0.65032	-4.09459	0.2971	0.613	-0.061	0.21	0.539	0.87928
0.6713	-4.09178	0.29707	0.613	-0.055	0.221	0.535	0.87276
0.69228	-4.08808	0.29786	0.614	-0.051	0.236	0.528	0.85993
0.71325	-4.08343	0.29707	0.614	-0.048	0.253	0.52	0.84691
0.73423	-4.0778	0.29652	0.614	-0.045	0.273	0.509	0.82899
0.75521	-4.07112	0.29791	0.615	-0.042	0.295	0.497	0.80813
0.77619	-4.06334	0.29724	0.615	-0.039	0.318	0.482	0.78374
0.79717	-4.05444	0.2966	0.616	-0.037	0.342	0.466	0.75649
0.81814	-4.04437	0.29589	0.616	-0.034	0.366	0.447	0.72565
0.83912	-4.03314	0.29677	0.617	-0.032	0.39	0.427	0.69206
0.8601	-4.02074	0.29769	0.618	-0.029	0.413	0.405	0.65534
0.88108	-4.00722	0.29665	0.618	-0.027	0.435	0.383	0.61974
0.90206	-3.9926	0.29565	0.619	-0.024	0.455	0.36	0.58158
0.92303	-3.97696	0.29657	0.62	-0.021	0.473	0.336	0.54194
0.94401	-3.96042	0.29718	0.621	-0.019	0.49	0.314	0.50564
0.96499	-3.94309	0.29674	0.622	-0.016	0.504	0.292	0.46945
0.98597	-3.92513	0.29646	0.623	-0.014	0.517	0.272	0.4366
1.00695	-3.90671	0.29515	0.624	-0.012	0.527	0.254	0.40705
1.02792	-3.88808	0.29575	0.626	-0.01	0.534	0.24	0.38339
1.0489	-3.86963	0.29635	0.627	-0.008	0.529	0.24	0.38278
1.06988	-3.85447	0.33335	0.64	-0.002	0.366	0.085	0.13281
1.09086	-3.84791	0.34264	0.642	0.004	0.369	0.004	0.00623
1.11184	-3.84296	0.33982	0.642	0.001	0.372	-0.025	-0.03894
1.13281	-3.84004	0.33898	0.641	-0.003	0.386	-0.058	-0.09048
1.15379	-3.8399	0.3395	0.639	-0.007	0.42	-0.084	-0.13146
1.17477	-3.84246	0.30031	0.638	0.098	0.46	0.01	0.01567
	BAND	=	39				--
#	BAND	=	0	0	39	39	--
0	-3.82743	0.30107	0.638	-0.096	-0.458	-0.008	-0.01254
0.02098	-3.82442	0.2903	0.639	-0.003	0.42	-0.085	-0.13302
0.04196	-3.82451	0.29053	0.641	-0.001	0.391	-0.057	-0.08892
0.06293	-3.82737	0.29105	0.642	0.001	0.38	-0.024	-0.03738
0.08391	-3.83219	0.2905	0.642	0.002	0.379	0.003	0.00467
0.10489	-3.83817	0.29233	0.642	-0.008	0.364	0.028	0.04361
0.12587	-3.85237	0.31819	0.627	-0.004	0.511	0.252	0.40191
0.14685	-3.87107	0.31453	0.625	-0.006	0.531	0.239	0.3824
0.16782	-3.88989	0.31214	0.624	-0.007	0.527	0.251	0.40224
0.1888	-3.90849	0.311	0.623	-0.009	0.517	0.268	0.43018
0.20978	-3.92661	0.31127	0.622	-0.01	0.506	0.288	0.46302
0.23076	-3.94409	0.30993	0.621	-0.012	0.492	0.31	0.49919
0.25174	-3.96076	0.30741	0.62	-0.014	0.476	0.333	0.5371
0.27271	-3.97651	0.30698	0.619	-0.015	0.458	0.356	0.57512
0.29369	-3.99123	0.30634	0.618	-0.017	0.438	0.379	0.61327
0.31467	-4.00485	0.30511	0.618	-0.019	0.417	0.402	0.65049
0.33565	-4.01733	0.30431	0.617	-0.02	0.394	0.424	0.6872
0.35663	-4.02865	0.30479	0.616	-0.022	0.37	0.444	0.72078
0.3776	-4.03879	0.30335	0.616	-0.023	0.346	0.463	0.75162
0.39858	-4.04777	0.3028	0.615	-0.023	0.322	0.481	0.78211
0.41956	-4.05561	0.3012	0.615	-0.024	0.299	0.496	0.8065
0.44054	-4.06236	0.30183	0.614	-0.024	0.276	0.509	0.82899
0.46152	-4.06806	0.3024	0.614	-0.023	0.255	0.52	0.84691
0.4825	-4.07277	0.30172	0.614	-0.022	0.237	0.53	0.86319
0.50347	-4.07653	0.30084	0.613	-0.019	0.22	0.537	0.87602
0.52445	-4.07941	0.30112	0.613	-0.013	0.207	0.543	0.88581
0.54543	-4.08144	0.30052	0.613	0	0.195	0.548	0.89396
0.56641	-4.08266	0.30024	0.613	0.047	0.183	0.551	0.89886
0.58739	-4.08307	0.29905	0.613	0.371	-0.195	-0.411	-0.67047
0.58739	-4.08307	0.29905	0.613	0.371	-0.195	-0.411	-0.67047
0.60836	-4.08265	0.30041	0.613	0.1	-0.199	-0.538	-0.87765
0.62934	-4.08143	0.30052	0.613	0.072	-0.202	-0.541	-0.88254
0.65032	-4.0794	0.30112	0.613	0.061	-0.21	-0.539	-0.87928
0.6713	-4.07652	0.30044	0.613	0.055	-0.221	-0.535	-0.87276
0.69228	-4.07276	0.30132	0.614	0.051	-0.236	-0.528	-0.85993
0.71325	-4.06805	0.3024	0.614	0.048	-0.253	-0.52	-0.84691
0.73423	-4.06235	0.30183	0.614	0.045	-0.273	-0.509	-0.82899
0.75521	-4.0556	0.30191	0.615	0.042	-0.295	-0.497	-0.80813
0.77619	-4.04776	0.3028	0.615	0.039	-0.318	-0.482	-0.78374
0.79717	-4.03878	0.30335	0.616	0.037	-0.342	-0.465	-0.75487
0.81814	-4.02864	0.30479	0.616	0.034	-0.366	-0.447	-0.72565
0.83912	-4.01732	0.30431	0.617	0.032	-0.39	-0.426	-0.69044
0.8601	-4.00484	0.30511	0.618	0.029	-0.413	-0.405	-0.65534
0.88108	-3.99122	0.30658	0.618	0.027	-0.435	-0.382	-0.61812
0.90206	-3.9765	0.30722	0.619	0.024	-0.455	-0.359	-0.57997
0.92303	-3.96075	0.30737	0.62	0.021	-0.473	-0.336	-0.54194
0.94401	-3.94408	0.30952	0.621	0.019	-0.489	-0.313	-0.50403
0.96499	-3.92661	0.31127	0.622	0.016	-0.504	-0.291	-0.46785
0.98597	-3.90848	0.311	0.623	0.014	-0.516	-0.271	-0.43499
1.00695	-3.88989	0.31214	0.624	0.012	-0.525	-0.253	-0.40545
1.02792	-3.87106	0.31413	0.625	0.009	-0.53	-0.242	-0.3872
1.0489	-3.85237	0.31719	0.627	0.008	-0.509	-0.254	-0.4051
1.06988	-3.83816	0.29232	0.642	0.006	-0.362	-0.027	-0.04206
1.09086	-3.83217	0.29224	0.642	-0.004	-0.372	-0.001	-0.00156
1.11184	-3.82735	0.29181	0.642	-0.001	-0.374	0.026	0.0405
1.13281	-3.8245	0.29101	0.641	0.003	-0.387	0.058	0.09048
1.15379	-3.82441	0.28982	0.639	0.007	-0.42	0.085	0.13302
1.17477	-3.82743	0.30107	0.638	-0.096	-0.458	-0.008	-0.01254
	BAND	=	40				--
#	BAND	=	0	0	40	40	--
0	-3.78388	0.28971	0.635	-0.121	-0.194	0.027	0.04252
0.02098	-3.79211	0.29777	0.633	0.001	-0.568	-0.118	-0.18641
0.04196	-3.80364	0.29776	0.632	0.001	-0.574	-0.125	-0.19778
0.06293	-3.81774	0.29906	0.631	0.002	-0.575	-0.133	-0.21078
0.08391	-3.83372	0.29905	0.629	0.003	-0.572	-0.133	-0.21145
0.10489	-3.85061	0.31027	0.63	0.007	-0.521	-0.022	-0.03492
0.12587	-3.85964	0.33572	0.642	-0.027	-0.276	-0.033	-0.0514
0.14685	-3.86581	0.33931	0.642	-0.022	-0.308	-0.012	-0.01869
0.16782	-3.87137	0.3373	0.641	-0.023	-0.26	0.02	0.0312
0.1888	-3.87762	0.33338	0.637	-0.038	-0.072	0.149	0.23391
0.20978	-3.88993	0.30663	0.627	-0.003	-0.434	-0.178	-0.28389
0.23076	-3.90536	0.30212	0.624	0.007	-0.462	-0.257	-0.41186
0.25174	-3.92065	0.30094	0.623	0.01	-0.453	-0.301	-0.48315
0.27271	-3.9353	0.29947	0.622	0.013	-0.435	-0.337	-0.5418
0.29369	-3.94913	0.29841	0.621	0.015	-0.414	-0.37	-0.59581
0.31467	-3.96204	0.29933	0.62	0.017	-0.39	-0.399	-0.64355
0.33565	-3.97397	0.29722	0.619	0.019	-0.365	-0.425	-0.68659
0.35663	-3.98489	0.29721	0.618	0.021	-0.341	-0.447	-0.7233
0.3776	-3.99477	0.29825	0.618	0.023	-0.316	-0.468	-0.75728
0.39858	-4.00361	0.29754	0.617	0.025	-0.293	-0.485	-0.78606
0.41956	-4.01142	0.29821	0.617	0.027	-0.271	-0.5	-0.81037
0.44054	-4.01822	0.29774	0.616	0.028	-0.251	-0.512	-0.83117
0.46152	-4.02403	0.29746	0.616	0.03	-0.234	-0.522	-0.8474
0.4825	-4.02887	0.29893	0.615	0.031	-0.219	-0.53	-0.86179
0.50347	-4.03277	0.29741	0.615	0.033	-0.207	-0.536	-0.87154
0.52445	-4.03576	0.29718	0.615	0.034	-0.2	-0.54	-0.87805
0.54543	-4.03786	0.2969	0.615	0.036	-0.198	-0.541	-0.87967
0.56641	-4.03909	0.29798	0.614	0.041	-0.208	-0.537	-0.87459
0.58739	-4.03947	0.29837	0.614	0.12	-0.473	-0.322	-0.52443
0.58739	-4.03947	0.29837	0.614	0.12	-0.473	-0.322	-0.52443
0.60836	-4.03909	0.29726	0.614	-0.021	0.139	0.56	0.91205
0.62934	-4.03785	0.29765	0.615	-0.027	0.163	0.553	0.89919
0.65032	-4.03576	0.29718	0.615	-0.028	0.178	0.548	0.89106
0.6713	-4.03276	0.29777	0.615	-0.028	0.192	0.542	0.8813
0.69228	-4.02886	0.29893	0.615	-0.028	0.207	0.535	0.86992
0.71325	-4.02402	0.29746	0.616	-0.027	0.224	0.526	0.8539
0.73423	-4.01821	0.29774	0.616	-0.026	0.244	0.515	0.83604
0.75521	-4.01141	0.29737	0.617	-0.025	0.266	0.503	0.81524
0.77619	-4.0036	0.29754	0.617	-0.023	0.289	0.487	0.7893
0.79717	-3.99476	0.29825	0.618	-0.021	0.313	0.469	0.7589
0.81814	-3.98488	0.29721	0.618	-0.019	0.339	0.449	0.72654
0.83912	-3.97396	0.29738	0.619	-0.017	0.365	0.425	0.68659
0.8601	-3.96202	0.29933	0.62	-0.015	0.39	0.399	0.64355
0.88108	-3.94912	0.29841	0.621	-0.013	0.414	0.369	0.5942
0.90206	-3.93529	0.29972	0.622	-0.01	0.437	0.336	0.54019
0.92303	-3.92063	0.30007	0.623	-0.007	0.455	0.298	0.47833
0.94401	-3.90535	0.30212	0.624	-0.003	0.465	0.253	0.40545
0.96499	-3.88993	0.30855	0.627	0.012	0.438	0.166	0.26475
0.98597	-3.87764	0.33417	0.637	0.05	0.077	-0.155	-0.24333
1.00695	-3.87139	0.33702	0.641	0.029	0.257	-0.021	-0.03276
1.02792	-3.86583	0.33879	0.642	0.027	0.301	0.012	0.01869
1.0489	-3.85966	0.33452	0.642	0.031	0.263	0.032	0.04984
1.06988	-3.8506	0.31075	0.63	-0.009	0.522	0.021	0.03333
1.09086	-3.83371	0.29905	0.629	-0.004	0.572	0.134	0.21304
1.11184	-3.81774	0.29906	0.631	-0.003	0.574	0.134	0.21236
1.13281	-3.80364	0.29724	0.632	-0.002	0.574	0.125	0.19778
1.15379	-3.79211	0.29777	0.633	-0.002	0.568	0.118	0.18641
1.17477	-3.78388	0.28971	0.635	-0.121	-0.194	0.027	0.04252
	BAND	=	41				--
#	BAND	=	0	0	41	41	--
0	-3.76886	0.29007	0.635	0.121	0.195	-0.028	-0.04409
0.02098	-3.77415	0.32178	0.633	-0.001	0.565	0.122	0.19273
0.04196	-3.78571	0.32126	0.632	-0.001	0.572	0.126	0.19937
0.06293	-3.79996	0.31845	0.63	-0.002	0.572	0.134	0.2127
0.08391	-3.81616	0.31635	0.629	-0.002	0.569	0.136	0.21622
0.10489	-3.83352	0.31059	0.629	-0.003	0.527	0.078	0.12401
0.12587	-3.84414	0.29473	0.642	0.027	0.298	0.018	0.02804
0.14685	-3.85003	0.29322	0.642	0.022	0.315	0.01	0.01558
0.16782	-3.85536	0.29701	0.641	0.023	0.261	-0.021	-0.03276
0.1888	-3.86192	0.30061	0.635	0.039	-0.012	-0.179	-0.28189
0.20978	-3.87401	0.31082	0.628	0.003	0.379	0.158	0.25159
0.23076	-3.88901	0.30548	0.625	-0.007	0.448	0.25	0.4
0.25174	-3.90425	0.30552	0.623	-0.01	0.449	0.297	0.47673
0.27271	-3.91895	0.30484	0.622	-0.013	0.433	0.335	0.53859
0.29369	-3.93286	0.30533	0.621	-0.015	0.413	0.368	0.59259
0.31467	-3.94585	0.30342	0.62	-0.017	0.39	0.397	0.64032
0.33565	-3.95787	0.30298	0.619	-0.019	0.365	0.424	0.68498
0.35663	-3.96888	0.3023	0.618	-0.021	0.34	0.447	0.7233
0.3776	-3.97885	0.30094	0.618	-0.023	0.316	0.467	0.75566
0.39858	-3.98777	0.30054	0.617	-0.025	0.293	0.484	0.78444
0.41956	-3.99568	0.30086	0.617	-0.027	0.271	0.499	0.80875
0.44054	-4.00256	0.30022	0.616	-0.028	0.251	0.512	0.83117
0.46152	-4.00846	0.29775	0.616	-0.03	0.234	0.522	0.8474
0.4825	-4.01339	0.29802	0.615	-0.031	0.219	0.53	0.86179
0.50347	-4.01738	0.29838	0.615	-0.033	0.207	0.536	0.87154
0.52445	-4.02047	0.29753	0.615	-0.034	0.2	0.54	0.87805
0.54543	-4.02266	0.29798	0.615	-0.036	0.197	0.541	0.87967
0.56641	-4.02399	0.29754	0.614	-0.041	0.208	0.537	0.87459
0.58739	-4.02446	0.29866	0.614	-0.12	0.473	0.322	0.52443
0.58739	-4.02446	0.29866	0.614	-0.12	0.473	0.322	0.52443
0.60836	-4.024	0.29797	0.614	0.021	-0.139	-0.56	-0.91205
0.62934	-4.02267	0.29798	0.615	0.027	-0.163	-0.553	-0.89919
0.65032	-4.02048	0.29766	0.615	0.028	-0.178	-0.548	-0.89106
0.6713	-4.01739	0.29838	0.615	0.028	-0.191	-0.542	-0.8813
0.69228	-4.0134	0.29802	0.615	0.028	-0.207	-0.535	-0.86992
0.71325	-4.00847	0.29775	0.616	0.027	-0.224	-0.526	-0.8539
0.73423	-4.00257	0.30022	0.616	0.026	-0.244	-0.515	-0.83604
0.75521	-3.99569	0.30086	0.617	0.025	-0.265	-0.502	-0.81361
0.77619	-3.98778	0.30066	0.617	0.023	-0.289	-0.487	-0.7893
0.79717	-3.97886	0.30066	0.618	0.021	-0.313	-0.469	-0.7589
0.81814	-3.96889	0.3023	0.618	0.019	-0.339	-0.448	-0.72492
0.83912	-3.95789	0.30298	0.619	0.017	-0.364	-0.424	-0.68498
0.8601	-3.94587	0.30342	0.62	0.015	-0.389	-0.397	-0.64032
0.88108	-3.93287	0.30533	0.621	0.013	-0.413	-0.367	-0.59098
0.90206	-3.91897	0.30484	0.622	0.01	-0.435	-0.333	-0.53537
0.92303	-3.90426	0.30501	0.623	0.007	-0.451	-0.295	-0.47352
0.94401	-3.88902	0.30523	0.625	0.003	-0.451	-0.245	-0.392
0.96499	-3.87403	0.31043	0.628	-0.013	-0.384	-0.145	-0.23089
0.98597	-3.86191	0.30137	0.635	-0.051	0.005	0.185	0.29134
1.00695	-3.85536	0.29674	0.641	-0.029	-0.258	0.022	0.03432
1.02792	-3.85002	0.29438	0.642	-0.027	-0.308	-0.01	-0.01558
1.0489	-3.84413	0.29481	0.642	-0.031	-0.285	-0.017	-0.02648
1.06988	-3.83352	0.31055	0.629	0.005	-0.527	-0.077	-0.12242
1.09086	-3.81616	0.31635	0.629	0.004	-0.568	-0.136	-0.21622
1.11184	-3.79996	0.31845	0.63	0.003	-0.572	-0.134	-0.2127
1.13281	-3.78571	0.32126	0.632	0.002	-0.572	-0.127	-0.20095
1.15379	-3.77415	0.32178	0.633	0.002	-0.565	-0.122	-0.19273
1.17477	-3.76886	0.29007	0.635	0.121	0.195	-0.027	-0.04252
	BAND	=	42				--
#	BAND	=	0	0	42	42	--
0	-3.78095	0.33546	0.634	0.079	0.189	0.175	0.27603
0.02098	-3.77939	0.29976	0.636	-0.001	0.495	0.155	0.24371
0.04196	-3.77929	0.28995	0.636	0.001	0.33	0.247	0.38836
0.06293	-3.7839	0.28031	0.635	0.003	-0.085	0.301	0.47402
0.08391	-3.79311	0.28093	0.634	0.004	-0.377	0.187	0.29495
0.10489	-3.8058	0.28068	0.632	0.005	-0.478	0.071	0.11234
0.12587	-3.82071	0.28477	0.63	0.006	-0.51	-0.016	-0.0254
0.14685	-3.83676	0.28521	0.629	0.007	-0.507	-0.079	-0.1256
0.16782	-3.85293	0.28399	0.628	0.008	-0.457	-0.116	-0.18471
0.1888	-3.86669	0.27425	0.632	0.005	-0.164	-0.055	-0.08703
0.20978	-3.87259	0.27065	0.639	-0.014	0.014	0.049	0.07668
0.23076	-3.87486	0.28841	0.639	-0.015	-0.172	0.064	0.10016
0.25174	-3.87727	0.27729	0.635	-0.006	-0.294	0.11	0.17323
0.27271	-3.88439	0.29465	0.629	-0.007	-0.457	-0.01	-0.0159
0.29369	-3.89467	0.30593	0.626	-0.004	-0.441	-0.212	-0.33866
0.31467	-3.9052	0.30341	0.624	0.003	-0.401	-0.307	-0.49199
0.33565	-3.91527	0.30239	0.623	0.009	-0.377	-0.356	-0.57143
0.35663	-3.92471	0.30257	0.622	0.014	-0.362	-0.386	-0.62058
0.3776	-3.93342	0.30125	0.621	0.019	-0.352	-0.407	-0.65539
0.39858	-3.94135	0.30026	0.62	0.022	-0.345	-0.424	-0.68387
0.41956	-3.94846	0.30047	0.619	0.025	-0.338	-0.437	-0.70598
0.44054	-3.95474	0.29876	0.619	0.026	-0.332	-0.448	-0.72375
0.46152	-3.96018	0.29741	0.618	0.025	-0.328	-0.458	-0.7411
0.4825	-3.96477	0.29666	0.618	0.023	-0.323	-0.465	-0.75243
0.50347	-3.96851	0.29881	0.617	0.018	-0.319	-0.472	-0.76499
0.52445	-3.97141	0.29905	0.617	0.008	-0.315	-0.477	-0.7731
0.54543	-3.97345	0.29603	0.617	-0.015	-0.31	-0.482	-0.7812
0.56641	-3.97465	0.29639	0.616	-0.078	-0.298	-0.485	-0.78734
0.58739	-3.97502	0.29871	0.616	-0.531	-0.059	-0.245	-0.39773
0.58739	-3.97502	0.29871	0.616	-0.531	-0.059	-0.245	-0.39773
0.60836	-3.97464	0.29639	0.616	-0.216	0.318	0.431	0.69968
0.62934	-3.97343	0.29603	0.617	-0.136	0.322	0.456	0.73906
0.65032	-3.97139	0.29905	0.617	-0.109	0.323	0.46	0.74554
0.6713	-3.96849	0.29881	0.617	-0.094	0.326	0.459	0.74392
0.69228	-3.96475	0.2973	0.618	-0.084	0.329	0.455	0.73625
0.71325	-3.96017	0.29704	0.618	-0.077	0.333	0.449	0.72654
0.73423	-3.95472	0.29876	0.619	-0.07	0.337	0.441	0.71244
0.75521	-3.94845	0.30047	0.619	-0.063	0.343	0.431	0.69628
0.77619	-3.94133	0.30026	0.62	-0.056	0.349	0.418	0.67419
0.79717	-3.9334	0.30125	0.621	-0.049	0.356	0.402	0.64734
0.81814	-3.9247	0.30257	0.622	-0.041	0.366	0.381	0.61254
0.83912	-3.91526	0.30135	0.623	-0.032	0.38	0.351	0.5634
0.8601	-3.90519	0.3021	0.624	-0.023	0.404	0.303	0.48558
0.88108	-3.89466	0.30593	0.626	-0.013	0.443	0.207	0.33067
0.90206	-3.88439	0.29398	0.629	-0.003	0.457	0.007	0.01113
0.92303	-3.87727	0.27769	0.635	0.005	0.292	-0.111	-0.1748
0.94401	-3.87487	0.28698	0.639	0.018	0.171	-0.064	-0.10016
0.96499	-3.8726	0.27065	0.639	0.016	-0.011	-0.05	-0.07825
0.98597	-3.86668	0.27437	0.632	-0.006	0.165	0.055	0.08703
1.00695	-3.85292	0.28399	0.628	-0.008	0.457	0.116	0.18471
1.02792	-3.83674	0.28521	0.629	-0.006	0.507	0.078	0.12401
1.0489	-3.8207	0.28477	0.63	-0.005	0.51	0.014	0.02222
1.06988	-3.80579	0.28097	0.632	-0.004	0.478	-0.073	-0.11551
1.09086	-3.7931	0.28017	0.634	-0.003	0.375	-0.189	-0.29811
1.11184	-3.7839	0.28027	0.635	-0.002	0.082	-0.301	-0.47402
1.13281	-3.7793	0.28995	0.636	0	-0.33	-0.247	-0.38836
1.15379	-3.77939	0.29976	0.636	0.001	-0.495	-0.156	-0.24528
1.17477	-3.78095	0.33546	0.634	0.079	0.188	0.175	0.27603
	BAND	=	43				--
#	BAND	=	0	0	43	43	--
0	-3.76595	0.33546	0.634	-0.08	-0.189	-0.174	-0.27445
0.02098	-3.76198	0.33476	0.635	0.001	-0.495	-0.173	-0.27244
0.04196	-3.76241	0.34348	0.635	0	-0.336	-0.28	-0.44094
0.06293	-3.76703	0.35763	0.635	-0.002	0.072	-0.356	-0.56063
0.08391	-3.77542	0.35714	0.634	-0.003	0.369	-0.256	-0.40379
0.10489	-3.78747	0.34622	0.631	-0.005	0.485	-0.127	-0.20127
0.12587	-3.80227	0.33321	0.63	-0.006	0.521	-0.019	-0.03016
0.14685	-3.81847	0.32574	0.628	-0.007	0.513	0.058	0.09236
0.16782	-3.83483	0.32019	0.628	-0.008	0.461	0.104	0.16561
0.1888	-3.84928	0.32661	0.63	-0.006	0.246	0.079	0.1254
0.20978	-3.85667	0.34444	0.638	0.013	0.031	-0.031	-0.04859
0.23076	-3.85839	0.33575	0.64	0.013	0.157	-0.05	-0.07813
0.25174	-3.85928	0.3615	0.636	-0.003	0.261	-0.122	-0.19182
0.27271	-3.86723	0.30899	0.628	0.005	0.471	-0.026	-0.0414
0.29369	-3.87804	0.30039	0.626	0.004	0.443	0.203	0.32428
0.31467	-3.88873	0.30093	0.624	-0.003	0.401	0.305	0.48878
0.33565	-3.89892	0.30299	0.623	-0.009	0.376	0.355	0.56982
0.35663	-3.90847	0.30191	0.622	-0.014	0.362	0.386	0.62058
0.3776	-3.91728	0.30211	0.621	-0.019	0.352	0.407	0.65539
0.39858	-3.92531	0.29971	0.62	-0.022	0.344	0.424	0.68387
0.41956	-3.93253	0.29967	0.619	-0.025	0.338	0.437	0.70598
0.44054	-3.93892	0.30103	0.619	-0.026	0.332	0.448	0.72375
0.46152	-3.94447	0.29819	0.618	-0.025	0.327	0.458	0.7411
0.4825	-3.94917	0.29895	0.617	-0.023	0.323	0.465	0.75365
0.50347	-3.95302	0.29743	0.617	-0.018	0.319	0.472	0.76499
0.52445	-3.95604	0.29704	0.617	-0.008	0.315	0.477	0.7731
0.54543	-3.9582	0.29699	0.617	0.015	0.31	0.482	0.7812
0.56641	-3.95951	0.29751	0.616	0.078	0.298	0.485	0.78734
0.58739	-3.95999	0.29783	0.616	0.531	0.059	0.245	0.39773
0.58739	-3.95999	0.29783	0.616	0.531	0.059	0.245	0.39773
0.60836	-3.95952	0.29792	0.616	0.216	-0.318	-0.431	-0.69968
0.62934	-3.95821	0.29699	0.617	0.136	-0.322	-0.456	-0.73906
0.65032	-3.95605	0.29704	0.617	0.109	-0.323	-0.46	-0.74554
0.6713	-3.95303	0.29799	0.617	0.094	-0.325	-0.459	-0.74392
0.69228	-3.94918	0.29895	0.617	0.084	-0.328	-0.455	-0.73744
0.71325	-3.94448	0.29819	0.618	0.077	-0.332	-0.449	-0.72654
0.73423	-3.93893	0.30075	0.619	0.07	-0.337	-0.441	-0.71244
0.75521	-3.93254	0.29967	0.619	0.063	-0.342	-0.431	-0.69628
0.77619	-3.92532	0.29959	0.62	0.056	-0.348	-0.418	-0.67419
0.79717	-3.91729	0.30211	0.621	0.049	-0.356	-0.402	-0.64734
0.81814	-3.90848	0.30191	0.622	0.041	-0.366	-0.381	-0.61254
0.83912	-3.89893	0.30387	0.623	0.032	-0.38	-0.35	-0.5618
0.8601	-3.88874	0.30289	0.624	0.023	-0.404	-0.3	-0.48077
0.88108	-3.87804	0.30019	0.626	0.013	-0.446	-0.198	-0.31629
0.90206	-3.86723	0.30899	0.628	0.005	-0.471	0.029	0.04618
0.92303	-3.85927	0.3615	0.636	0.001	-0.26	0.123	0.1934
0.94401	-3.85837	0.33647	0.64	-0.016	-0.155	0.05	0.07813
0.96499	-3.85666	0.34469	0.638	-0.015	-0.033	0.031	0.04859
0.98597	-3.84928	0.32668	0.63	0.007	-0.246	-0.078	-0.12381
1.00695	-3.83484	0.32019	0.628	0.008	-0.461	-0.104	-0.16561
1.02792	-3.81847	0.32574	0.628	0.006	-0.513	-0.057	-0.09076
1.0489	-3.80228	0.33325	0.63	0.005	-0.521	0.02	0.03175
1.06988	-3.78748	0.34622	0.631	0.004	-0.485	0.129	0.20444
1.09086	-3.77542	0.3573	0.634	0.002	-0.367	0.258	0.40694
1.11184	-3.76702	0.35783	0.635	0.001	-0.069	0.357	0.5622
1.13281	-3.7624	0.34348	0.635	0	0.336	0.28	0.44094
1.15379	-3.76197	0.33476	0.635	-0.001	0.495	0.173	0.27244
1.17477	-3.76595	0.33546	0.634	-0.08	-0.189	-0.174	-0.27445
	BAND	=	44				--
#	BAND	=	0	0	44	44	--
0	-3.73272	0.16849	0.633	0.339	-0.068	0.187	0.29542
0.02098	-3.7383	0.18394	0.633	0.001	0.151	-0.375	-0.59242
0.04196	-3.74739	0.19062	0.634	-0.001	0.203	-0.328	-0.51735
0.06293	-3.7588	0.19367	0.634	-0.002	0.244	-0.251	-0.3959
0.08391	-3.77133	0.19797	0.635	-0.002	0.221	-0.19	-0.29921
0.10489	-3.78387	0.21742	0.636	-0.001	0.154	-0.187	-0.29403
0.12587	-3.7961	0.23689	0.637	-0.002	0.1	-0.22	-0.34537
0.14685	-3.80829	0.25034	0.636	-0.003	0.068	-0.26	-0.40881
0.16782	-3.82058	0.25895	0.635	-0.006	0.054	-0.299	-0.47087
0.1888	-3.83294	0.26398	0.633	-0.007	0.053	-0.337	-0.53239
0.20978	-3.84526	0.26175	0.632	-0.007	0.069	-0.368	-0.58228
0.23076	-3.85733	0.25188	0.631	-0.002	0.118	-0.378	-0.59905
0.25174	-3.8679	0.2152	0.632	0.007	0.156	-0.263	-0.41614
0.27271	-3.87006	0.26621	0.638	-0.011	0.075	-0.124	-0.19436
0.29369	-3.86895	0.28611	0.637	-0.025	0.084	-0.175	-0.27473
0.31467	-3.86848	0.29291	0.635	-0.025	0.093	-0.258	-0.4063
0.33565	-3.86963	0.29457	0.632	-0.007	0.051	-0.35	-0.5538
0.35663	-3.87254	0.2977	0.629	0.033	-0.078	-0.404	-0.64229
0.3776	-3.87667	0.29915	0.626	0.078	-0.247	-0.378	-0.60383
0.39858	-3.88139	0.3038	0.625	0.106	-0.368	-0.316	-0.5056
0.41956	-3.8862	0.30173	0.623	0.118	-0.433	-0.269	-0.43178
0.44054	-3.89081	0.3005	0.622	0.121	-0.469	-0.244	-0.39228
0.46152	-3.89501	0.30139	0.621	0.12	-0.489	-0.234	-0.37681
0.4825	-3.8987	0.30111	0.62	0.115	-0.501	-0.234	-0.37742
0.50347	-3.9018	0.29845	0.62	0.106	-0.507	-0.239	-0.38548
0.52445	-3.90425	0.29798	0.619	0.091	-0.51	-0.251	-0.40549
0.54543	-3.906	0.29815	0.619	0.061	-0.506	-0.272	-0.43942
0.56641	-3.90704	0.29823	0.619	-0.014	-0.481	-0.319	-0.51535
0.58739	-3.90736	0.29792	0.619	-0.324	-0.225	-0.419	-0.6769
0.58739	-3.90736	0.29792	0.619	-0.324	-0.225	-0.419	-0.6769
0.60836	-3.90702	0.30083	0.619	-0.383	0.447	-0.04	-0.06462
0.62934	-3.90597	0.29779	0.619	-0.278	0.507	0.088	0.14216
0.65032	-3.90422	0.29858	0.619	-0.239	0.514	0.127	0.20517
0.6713	-3.90177	0.29805	0.62	-0.219	0.512	0.145	0.23387
0.69228	-3.89867	0.30155	0.62	-0.207	0.506	0.158	0.25484
0.71325	-3.89498	0.30111	0.621	-0.198	0.495	0.171	0.27536
0.73423	-3.89077	0.30221	0.622	-0.19	0.476	0.192	0.30868
0.75521	-3.88617	0.30419	0.623	-0.179	0.442	0.226	0.36276
0.77619	-3.88135	0.30459	0.625	-0.161	0.378	0.286	0.4576
0.79717	-3.87663	0.29918	0.626	-0.122	0.254	0.365	0.58307
0.81814	-3.87251	0.2977	0.629	-0.059	0.077	0.402	0.63911
0.83912	-3.86961	0.29433	0.632	-0.004	-0.053	0.35	0.5538
0.8601	-3.86846	0.29291	0.635	0.022	-0.093	0.258	0.4063
0.88108	-3.86893	0.28599	0.637	0.025	-0.084	0.175	0.27473
0.90206	-3.87005	0.26621	0.638	0.011	-0.075	0.123	0.19279
0.92303	-3.8679	0.2152	0.632	-0.007	-0.156	0.262	0.41456
0.94401	-3.85733	0.25188	0.631	-0.001	-0.118	0.378	0.59905
0.96499	-3.84526	0.26175	0.632	0.003	-0.069	0.368	0.58228
0.98597	-3.83294	0.26382	0.633	0.004	-0.052	0.337	0.53239
1.00695	-3.82059	0.25967	0.635	0.003	-0.053	0.299	0.47087
1.02792	-3.8083	0.25034	0.636	0.002	-0.068	0.26	0.40881
1.0489	-3.79612	0.23748	0.637	0.001	-0.099	0.22	0.34537
1.06988	-3.78388	0.21742	0.636	0.001	-0.154	0.187	0.29403
1.09086	-3.77134	0.19797	0.635	0.002	-0.221	0.19	0.29921
1.11184	-3.75881	0.19338	0.634	0.002	-0.244	0.251	0.3959
1.13281	-3.7474	0.19062	0.634	0.002	-0.203	0.328	0.51735
1.15379	-3.7383	0.18394	0.633	0.002	-0.151	0.375	0.59242
1.17477	-3.73272	0.16849	0.633	0.339	-0.068	0.187	0.29542
	BAND	=	45				--
#	BAND	=	0	0	45	45	--
0	-3.7177	0.16849	0.633	-0.34	0.068	-0.186	-0.29384
0.02098	-3.71847	0.26033	0.633	-0.001	-0.131	0.396	0.62559
0.04196	-3.72711	0.37431	0.634	0	-0.144	0.367	0.57886
0.06293	-3.73847	0.40999	0.635	0	-0.161	0.308	0.48504
0.08391	-3.75071	0.42016	0.636	0	-0.135	0.256	0.40252
0.10489	-3.76319	0.42211	0.636	0	-0.083	0.239	0.37579
0.12587	-3.7758	0.41565	0.636	0.001	-0.041	0.251	0.39465
0.14685	-3.78851	0.41012	0.636	0.003	-0.017	0.278	0.43711
0.16782	-3.8013	0.40336	0.634	0.005	-0.009	0.311	0.49054
0.1888	-3.81404	0.39741	0.633	0.007	-0.014	0.345	0.54502
0.20978	-3.82659	0.39694	0.632	0.007	-0.031	0.371	0.58703
0.23076	-3.83852	0.40482	0.631	0.004	-0.067	0.371	0.58796
0.25174	-3.8482	0.4243	0.632	0.001	-0.103	0.276	0.43671
0.27271	-3.85187	0.40232	0.637	0.013	-0.076	0.16	0.25118
0.29369	-3.85176	0.37962	0.637	0.026	-0.082	0.185	0.29042
0.31467	-3.85176	0.36476	0.634	0.026	-0.095	0.266	0.41956
0.33565	-3.85334	0.35169	0.631	0.007	-0.056	0.358	0.56735
0.35663	-3.85659	0.3343	0.629	-0.033	0.073	0.411	0.65342
0.3776	-3.86087	0.32108	0.626	-0.078	0.243	0.382	0.61022
0.39858	-3.86564	0.31075	0.625	-0.106	0.365	0.318	0.5088
0.41956	-3.87049	0.30772	0.623	-0.117	0.431	0.27	0.43339
0.44054	-3.87514	0.30089	0.622	-0.121	0.467	0.245	0.39389
0.46152	-3.87941	0.30066	0.621	-0.12	0.488	0.234	0.37681
0.4825	-3.88317	0.29835	0.62	-0.115	0.5	0.234	0.37742
0.50347	-3.88635	0.29717	0.62	-0.106	0.507	0.239	0.38548
0.52445	-3.8889	0.2994	0.619	-0.091	0.509	0.25	0.40388
0.54543	-3.89075	0.2994	0.619	-0.061	0.505	0.272	0.43942
0.56641	-3.8919	0.29872	0.619	0.014	0.48	0.319	0.51535
0.58739	-3.8923	0.29804	0.619	0.324	0.225	0.419	0.6769
0.58739	-3.8923	0.29804	0.619	0.324	0.225	0.419	0.6769
0.60836	-3.89192	0.29828	0.619	0.383	-0.447	0.04	0.06462
0.62934	-3.89078	0.29772	0.619	0.278	-0.507	-0.088	-0.14216
0.65032	-3.88893	0.29768	0.619	0.239	-0.514	-0.127	-0.20517
0.6713	-3.88638	0.29812	0.62	0.219	-0.512	-0.145	-0.23387
0.69228	-3.8832	0.2988	0.62	0.207	-0.505	-0.158	-0.25484
0.71325	-3.87943	0.29983	0.621	0.198	-0.493	-0.172	-0.27697
0.73423	-3.87516	0.30161	0.622	0.19	-0.474	-0.192	-0.30868
0.75521	-3.87051	0.30769	0.623	0.179	-0.44	-0.227	-0.36437
0.77619	-3.86567	0.30959	0.625	0.16	-0.376	-0.288	-0.4608
0.79717	-3.86091	0.32044	0.626	0.122	-0.251	-0.37	-0.59105
0.81814	-3.85662	0.3343	0.629	0.059	-0.073	-0.409	-0.65024
0.83912	-3.85338	0.35221	0.631	0.004	0.058	-0.358	-0.56735
0.8601	-3.85179	0.36476	0.634	-0.022	0.095	-0.266	-0.41956
0.88108	-3.85179	0.37962	0.637	-0.025	0.082	-0.185	-0.29042
0.90206	-3.85191	0.40245	0.637	-0.013	0.076	-0.16	-0.25118
0.92303	-3.84822	0.42483	0.632	0.001	0.103	-0.276	-0.43671
0.94401	-3.83854	0.40482	0.631	-0.001	0.067	-0.371	-0.58796
0.96499	-3.82661	0.39651	0.632	-0.004	0.03	-0.371	-0.58703
0.98597	-3.81406	0.39741	0.633	-0.004	0.013	-0.345	-0.54502
1.00695	-3.80131	0.40336	0.634	-0.003	0.008	-0.311	-0.49054
1.02792	-3.78853	0.40957	0.636	-0.001	0.016	-0.278	-0.43711
1.0489	-3.77581	0.41601	0.636	0	0.04	-0.251	-0.39465
1.06988	-3.76321	0.42211	0.636	0.001	0.083	-0.238	-0.37421
1.09086	-3.75072	0.42016	0.636	0	0.135	-0.256	-0.40252
1.11184	-3.73849	0.40999	0.635	-0.001	0.161	-0.308	-0.48504
1.13281	-3.72712	0.37431	0.634	-0.001	0.144	-0.367	-0.57886
1.15379	-3.71847	0.26109	0.633	-0.001	0.131	-0.396	-0.62559
1.17477	-3.7177	0.16849	0.633	-0.34	0.068	-0.186	-0.29384
	BAND	=	46				--
#	BAND	=	0	0	46	46	--
0	-3.72254	0.47189	0.633	0.09	-0.031	-0.423	-0.66825
0.02098	-3.72678	0.36221	0.633	0	-0.079	0.415	0.65561
0.04196	-3.7294	0.23428	0.633	0.002	-0.131	0.4	0.63191
0.06293	-3.73417	0.18966	0.633	0.004	-0.166	0.387	0.61137
0.08391	-3.74125	0.16676	0.633	0.007	-0.187	0.369	0.58294
0.10489	-3.75001	0.15018	0.632	0.01	-0.192	0.348	0.55063
0.12587	-3.75974	0.13913	0.632	0.013	-0.184	0.328	0.51899
0.14685	-3.76983	0.13236	0.632	0.016	-0.168	0.31	0.49051
0.16782	-3.77976	0.13122	0.632	0.019	-0.15	0.296	0.46835
0.1888	-3.78917	0.13089	0.632	0.023	-0.135	0.289	0.45728
0.20978	-3.79785	0.13259	0.632	0.026	-0.125	0.29	0.45886
0.23076	-3.80572	0.13382	0.631	0.03	-0.12	0.296	0.4691
0.25174	-3.81269	0.13724	0.631	0.033	-0.118	0.306	0.48494
0.27271	-3.8186	0.13751	0.631	0.035	-0.114	0.313	0.49604
0.29369	-3.82306	0.14214	0.631	0.036	-0.105	0.31	0.49128
0.31467	-3.82555	0.14604	0.632	0.034	-0.093	0.301	0.47627
0.33565	-3.82594	0.15967	0.633	0.032	-0.084	0.302	0.47709
0.35663	-3.82505	0.17293	0.632	0.031	-0.079	0.328	0.51899
0.3776	-3.82416	0.19266	0.631	0.033	-0.081	0.372	0.58954
0.39858	-3.82415	0.21782	0.629	0.041	-0.095	0.419	0.66614
0.41956	-3.82518	0.24355	0.627	0.054	-0.128	0.453	0.72249
0.44054	-3.82695	0.26057	0.626	0.069	-0.18	0.469	0.7492
0.46152	-3.82909	0.27474	0.624	0.083	-0.246	0.465	0.74519
0.4825	-3.83128	0.28393	0.623	0.095	-0.317	0.442	0.70947
0.50347	-3.83329	0.28945	0.622	0.102	-0.384	0.404	0.64952
0.52445	-3.83499	0.29523	0.622	0.1	-0.444	0.354	0.56913
0.54543	-3.83624	0.29867	0.621	0.086	-0.501	0.288	0.46377
0.56641	-3.837	0.2987	0.621	0.031	-0.568	0.152	0.24477
0.58739	-3.83723	0.29699	0.621	-0.202	-0.358	-0.397	-0.63929
0.58739	-3.83723	0.29699	0.621	-0.202	-0.358	-0.397	-0.63929
0.60836	-3.837	0.29684	0.621	-0.21	0.202	-0.495	-0.7971
0.62934	-3.83625	0.29654	0.621	-0.177	0.3	-0.458	-0.73752
0.65032	-3.835	0.29366	0.622	-0.156	0.311	-0.452	-0.72669
0.6713	-3.83331	0.28935	0.622	-0.138	0.291	-0.46	-0.73955
0.69228	-3.8313	0.28167	0.623	-0.12	0.253	-0.472	-0.75762
0.71325	-3.82912	0.27177	0.624	-0.099	0.205	-0.48	-0.76923
0.73423	-3.82698	0.26098	0.626	-0.079	0.156	-0.475	-0.75879
0.75521	-3.8252	0.24264	0.627	-0.06	0.115	-0.455	-0.72568
0.77619	-3.82417	0.2187	0.629	-0.045	0.089	-0.42	-0.66773
0.79717	-3.82417	0.19302	0.631	-0.035	0.078	-0.373	-0.59113
0.81814	-3.82506	0.17293	0.632	-0.032	0.078	-0.328	-0.51899
0.83912	-3.82595	0.15955	0.633	-0.033	0.083	-0.302	-0.47709
0.8601	-3.82556	0.14604	0.632	-0.035	0.092	-0.301	-0.47627
0.88108	-3.82307	0.14214	0.631	-0.037	0.104	-0.31	-0.49128
0.90206	-3.8186	0.13751	0.631	-0.036	0.113	-0.313	-0.49604
0.92303	-3.81269	0.13724	0.631	-0.034	0.118	-0.306	-0.48494
0.94401	-3.80572	0.13382	0.631	-0.031	0.12	-0.297	-0.47068
0.96499	-3.79786	0.13259	0.632	-0.027	0.125	-0.29	-0.45886
0.98597	-3.78918	0.13089	0.632	-0.024	0.134	-0.289	-0.45728
1.00695	-3.77976	0.13122	0.632	-0.02	0.15	-0.296	-0.46835
1.02792	-3.76983	0.13236	0.632	-0.017	0.168	-0.31	-0.49051
1.0489	-3.75974	0.13913	0.632	-0.013	0.184	-0.328	-0.51899
1.06988	-3.75001	0.15018	0.632	-0.01	0.192	-0.349	-0.55222
1.09086	-3.74125	0.16676	0.633	-0.007	0.187	-0.369	-0.58294
1.11184	-3.73416	0.18966	0.633	-0.004	0.166	-0.387	-0.61137
1.13281	-3.72941	0.23428	0.633	-0.002	0.131	-0.4	-0.63191
1.15379	-3.72679	0.36221	0.633	0	0.079	-0.415	-0.65561
1.17477	-3.72254	0.47189	0.633	0.09	-0.031	-0.423	-0.66825
	BAND	=	47				--
#	BAND	=	0	0	47	47	--
0	-3.70752	0.47189	0.633	-0.09	0.031	0.422	0.66667
0.02098	-3.70383	0.47135	0.633	0.001	0.057	-0.437	-0.69036
0.04196	-3.70318	0.47454	0.632	0.001	0.072	-0.435	-0.68829
0.06293	-3.70572	0.48102	0.632	0	0.085	-0.427	-0.67563
0.08391	-3.71097	0.48632	0.632	-0.001	0.093	-0.413	-0.65348
0.10489	-3.71832	0.49231	0.631	-0.001	0.094	-0.395	-0.62599
0.12587	-3.72708	0.493	0.631	-0.002	0.089	-0.375	-0.59429
0.14685	-3.73659	0.48977	0.631	-0.002	0.079	-0.357	-0.56577
0.16782	-3.74625	0.48712	0.631	-0.003	0.066	-0.341	-0.54041
0.1888	-3.75558	0.48697	0.631	-0.002	0.054	-0.331	-0.52456
0.20978	-3.76428	0.4961	0.63	-0.002	0.045	-0.332	-0.52698
0.23076	-3.77236	0.50167	0.63	-0.001	0.041	-0.346	-0.54921
0.25174	-3.78002	0.48397	0.629	-0.004	0.046	-0.362	-0.57552
0.27271	-3.78703	0.44875	0.629	-0.01	0.054	-0.361	-0.57393
0.29369	-3.79252	0.42554	0.629	-0.014	0.054	-0.344	-0.5469
0.31467	-3.79563	0.42895	0.63	-0.012	0.045	-0.322	-0.51111
0.33565	-3.7963	0.47105	0.631	-0.004	0.024	-0.321	-0.50872
0.35663	-3.79707	0.43523	0.629	-0.008	0.017	-0.395	-0.62798
0.3776	-3.79982	0.35664	0.628	-0.023	0.04	-0.441	-0.70223
0.39858	-3.80302	0.32797	0.626	-0.037	0.069	-0.467	-0.74601
0.41956	-3.80625	0.31598	0.625	-0.052	0.112	-0.483	-0.7728
0.44054	-3.80942	0.30915	0.624	-0.068	0.17	-0.487	-0.78045
0.46152	-3.81241	0.30652	0.624	-0.083	0.24	-0.475	-0.76122
0.4825	-3.81514	0.30327	0.623	-0.095	0.313	-0.448	-0.7191
0.50347	-3.8175	0.30054	0.622	-0.102	0.382	-0.407	-0.65434
0.52445	-3.81945	0.29993	0.622	-0.1	0.443	-0.356	-0.57235
0.54543	-3.8209	0.29735	0.621	-0.085	0.5	-0.289	-0.46538
0.56641	-3.82181	0.29623	0.621	-0.031	0.568	-0.152	-0.24477
0.58739	-3.82214	0.29699	0.621	0.202	0.358	0.397	0.63929
0.58739	-3.82214	0.29699	0.621	0.202	0.358	0.397	0.63929
0.60836	-3.8218	0.29801	0.621	0.21	-0.201	0.496	0.79871
0.62934	-3.82088	0.30055	0.621	0.177	-0.299	0.459	0.73913
0.65032	-3.81942	0.30079	0.622	0.156	-0.31	0.454	0.7299
0.6713	-3.81747	0.30208	0.622	0.138	-0.289	0.464	0.74598
0.69228	-3.81509	0.30486	0.623	0.119	-0.249	0.478	0.76726
0.71325	-3.81236	0.30763	0.623	0.099	-0.199	0.49	0.78652
0.73423	-3.80936	0.3113	0.624	0.078	-0.146	0.493	0.79006
0.75521	-3.80618	0.31595	0.625	0.058	-0.099	0.485	0.776
0.77619	-3.80294	0.32737	0.626	0.04	-0.063	0.467	0.74601
0.79717	-3.79974	0.35693	0.628	0.024	-0.038	0.441	0.70223
0.81814	-3.79697	0.43595	0.629	0.007	-0.018	0.396	0.62957
0.83912	-3.79619	0.46985	0.631	0.002	-0.026	0.321	0.50872
0.8601	-3.79554	0.428	0.63	0.011	-0.046	0.322	0.51111
0.88108	-3.79243	0.42471	0.629	0.013	-0.055	0.344	0.5469
0.90206	-3.78695	0.44827	0.629	0.009	-0.055	0.361	0.57393
0.92303	-3.77993	0.48397	0.629	0.003	-0.047	0.362	0.57552
0.94401	-3.77228	0.50104	0.63	-0.001	-0.042	0.346	0.54921
0.96499	-3.76422	0.4961	0.63	0	-0.046	0.332	0.52698
0.98597	-3.75552	0.48697	0.631	0.001	-0.055	0.331	0.52456
1.00695	-3.74621	0.48712	0.631	0.001	-0.067	0.34	0.53883
1.02792	-3.73656	0.48977	0.631	0.001	-0.079	0.356	0.56418
1.0489	-3.72705	0.49229	0.631	0.001	-0.089	0.375	0.59429
1.06988	-3.7183	0.49072	0.631	0.001	-0.094	0.394	0.62441
1.09086	-3.71095	0.48632	0.632	0	-0.093	0.412	0.6519
1.11184	-3.7057	0.48102	0.632	0	-0.085	0.427	0.67563
1.13281	-3.70316	0.47541	0.632	-0.001	-0.072	0.435	0.68829
1.15379	-3.70381	0.47135	0.633	-0.001	-0.057	0.436	0.68878
1.17477	-3.70752	0.47189	0.633	-0.09	0.031	0.422	0.66667
	BAND	=	48				--
#	BAND	=	0	0	48	48	--
0	-3.63512	0.08224	0.635	-0.338	0.171	-0.12	-0.18898
0.02098	-3.64494	0.08503	0.636	0	0.075	-0.376	-0.59119
0.04196	-3.65683	0.08801	0.636	0	0.087	-0.349	-0.54874
0.06293	-3.67036	0.09094	0.636	-0.001	0.099	-0.324	-0.50943
0.08391	-3.68496	0.0956	0.635	-0.003	0.11	-0.305	-0.48031
0.10489	-3.70008	0.09951	0.635	-0.006	0.118	-0.293	-0.46142
0.12587	-3.71521	0.10359	0.634	-0.009	0.123	-0.287	-0.45268
0.14685	-3.72996	0.10936	0.634	-0.013	0.126	-0.288	-0.45426
0.16782	-3.74402	0.11529	0.633	-0.016	0.128	-0.292	-0.4613
0.1888	-3.75713	0.1154	0.633	-0.021	0.129	-0.296	-0.46761
0.20978	-3.76906	0.1079	0.632	-0.025	0.129	-0.297	-0.46994
0.23076	-3.77944	0.10165	0.632	-0.029	0.125	-0.29	-0.45886
0.25174	-3.78783	0.12059	0.632	-0.029	0.111	-0.285	-0.45095
0.27271	-3.79421	0.16049	0.632	-0.026	0.092	-0.297	-0.46994
0.29369	-3.79915	0.18243	0.632	-0.023	0.077	-0.32	-0.50633
0.31467	-3.80317	0.18089	0.631	-0.024	0.069	-0.347	-0.54992
0.33565	-3.8063	0.14246	0.631	-0.03	0.071	-0.361	-0.57211
0.35663	-3.80668	0.17962	0.633	-0.025	0.062	-0.32	-0.50553
0.3776	-3.80356	0.25963	0.634	-0.012	0.026	-0.324	-0.51104
0.39858	-3.79961	0.29129	0.633	-0.005	-0.01	-0.355	-0.56082
0.41956	-3.79595	0.3047	0.632	-0.001	-0.047	-0.392	-0.62025
0.44054	-3.79305	0.31555	0.631	0.001	-0.084	-0.427	-0.6767
0.46152	-3.79101	0.32252	0.63	0.002	-0.118	-0.457	-0.7254
0.4825	-3.78974	0.33029	0.628	0.002	-0.148	-0.481	-0.76592
0.50347	-3.78904	0.33397	0.627	0.001	-0.173	-0.498	-0.79426
0.52445	-3.7887	0.34421	0.626	-0.001	-0.193	-0.511	-0.81629
0.54543	-3.78852	0.34864	0.626	-0.004	-0.208	-0.519	-0.82907
0.56641	-3.78837	0.35287	0.625	-0.013	-0.22	-0.522	-0.8352
0.58739	-3.78812	0.3587	0.625	-0.169	-0.296	-0.462	-0.7392
0.58739	-3.78812	0.3587	0.625	-0.169	-0.296	-0.462	-0.7392
0.60836	-3.7883	0.35287	0.625	-0.027	0.198	0.53	0.848
0.62934	-3.78846	0.34824	0.626	-0.016	0.197	0.523	0.83546
0.65032	-3.78863	0.34385	0.626	-0.012	0.185	0.513	0.81949
0.6713	-3.78898	0.33317	0.627	-0.01	0.167	0.5	0.79745
0.69228	-3.78968	0.33041	0.628	-0.009	0.144	0.482	0.76752
0.71325	-3.79095	0.32479	0.63	-0.008	0.115	0.458	0.72698
0.73423	-3.79299	0.31519	0.631	-0.006	0.081	0.428	0.67829
0.75521	-3.7959	0.30625	0.632	-0.003	0.045	0.392	0.62025
0.77619	-3.79956	0.29181	0.633	0.002	0.008	0.355	0.56082
0.79717	-3.80351	0.26269	0.634	0.01	-0.027	0.324	0.51104
0.81814	-3.80666	0.18064	0.633	0.025	-0.062	0.319	0.50395
0.83912	-3.80628	0.14381	0.631	0.031	-0.071	0.361	0.57211
0.8601	-3.80313	0.18208	0.631	0.024	-0.068	0.347	0.54992
0.88108	-3.79912	0.18397	0.632	0.023	-0.077	0.32	0.50633
0.90206	-3.79418	0.16021	0.632	0.026	-0.092	0.296	0.46835
0.92303	-3.78781	0.12059	0.632	0.03	-0.111	0.285	0.45095
0.94401	-3.77943	0.10165	0.632	0.031	-0.125	0.29	0.45886
0.96499	-3.76904	0.10806	0.632	0.026	-0.129	0.297	0.46994
0.98597	-3.75711	0.11624	0.633	0.021	-0.129	0.296	0.46761
1.00695	-3.744	0.11624	0.633	0.017	-0.128	0.292	0.4613
1.02792	-3.72994	0.11	0.634	0.013	-0.126	0.288	0.45426
1.0489	-3.71519	0.10359	0.634	0.009	-0.123	0.287	0.45268
1.06988	-3.70006	0.09923	0.635	0.006	-0.117	0.293	0.46142
1.09086	-3.68494	0.0956	0.635	0.003	-0.109	0.305	0.48031
1.11184	-3.67033	0.09094	0.636	0	-0.099	0.324	0.50943
1.13281	-3.65681	0.08813	0.636	-0.002	-0.086	0.349	0.54874
1.15379	-3.64491	0.08503	0.636	-0.004	-0.074	0.376	0.59119
1.17477	-3.63512	0.08224	0.635	-0.338	0.171	-0.12	-0.18898
	BAND	=	49				--
#	BAND	=	0	0	49	49	--
0	-3.62002	0.08224	0.635	0.338	-0.171	0.12	0.18898
0.02098	-3.61254	0.11117	0.635	-0.001	-0.058	0.418	0.65827
0.04196	-3.62237	0.5531	0.636	-0.001	-0.094	0.375	0.58962
0.06293	-3.63559	0.548	0.635	0	-0.102	0.359	0.56535
0.08391	-3.6499	0.54706	0.635	0	-0.11	0.347	0.54646
0.10489	-3.66475	0.54517	0.634	0	-0.114	0.339	0.5347
0.12587	-3.67963	0.54417	0.634	0	-0.114	0.336	0.52997
0.14685	-3.69412	0.54193	0.633	0	-0.111	0.336	0.53081
0.16782	-3.70788	0.53869	0.632	0	-0.105	0.338	0.53481
0.1888	-3.72062	0.53845	0.632	0.001	-0.096	0.341	0.53956
0.20978	-3.73213	0.54007	0.631	0.001	-0.085	0.344	0.54517
0.23076	-3.74226	0.53679	0.631	0.001	-0.073	0.348	0.55151
0.25174	-3.75091	0.53364	0.63	0.001	-0.06	0.352	0.55873
0.27271	-3.75809	0.5319	0.63	0.001	-0.046	0.358	0.56825
0.29369	-3.76387	0.52575	0.63	0.001	-0.032	0.367	0.58254
0.31467	-3.76834	0.52167	0.629	0.001	-0.018	0.378	0.60095
0.33565	-3.77158	0.51843	0.629	0.001	-0.005	0.388	0.61685
0.35663	-3.77355	0.50958	0.629	0.002	0.007	0.396	0.62957
0.3776	-3.77422	0.49757	0.629	0.001	0.022	0.404	0.64229
0.39858	-3.7738	0.47418	0.63	0	0.042	0.415	0.65873
0.41956	-3.77283	0.44925	0.629	-0.002	0.069	0.434	0.68998
0.44054	-3.77187	0.42931	0.629	-0.002	0.099	0.456	0.72496
0.46152	-3.77126	0.41055	0.628	-0.003	0.129	0.477	0.75955
0.4825	-3.77109	0.39751	0.627	-0.002	0.156	0.495	0.78947
0.50347	-3.77129	0.38453	0.627	-0.001	0.178	0.508	0.81021
0.52445	-3.77171	0.377	0.626	0.001	0.197	0.518	0.82748
0.54543	-3.77221	0.36907	0.625	0.004	0.21	0.523	0.8368
0.56641	-3.77269	0.36396	0.625	0.013	0.222	0.524	0.8384
0.58739	-3.77305	0.35941	0.625	0.169	0.296	0.462	0.7392
0.58739	-3.77305	0.35941	0.625	0.169	0.296	0.462	0.7392
0.60836	-3.77276	0.36221	0.625	0.027	-0.199	-0.532	-0.8512
0.62934	-3.77228	0.36923	0.625	0.016	-0.199	-0.527	-0.8432
0.65032	-3.77178	0.377	0.626	0.012	-0.189	-0.52	-0.83067
0.6713	-3.77136	0.38421	0.627	0.01	-0.173	-0.51	-0.8134
0.69228	-3.77117	0.39795	0.627	0.009	-0.151	-0.496	-0.79107
0.71325	-3.77134	0.41059	0.628	0.008	-0.125	-0.478	-0.76115
0.73423	-3.77195	0.42931	0.629	0.007	-0.096	-0.457	-0.72655
0.75521	-3.77293	0.45057	0.629	0.005	-0.066	-0.434	-0.68998
0.77619	-3.77391	0.4733	0.63	0.003	-0.04	-0.416	-0.66032
0.79717	-3.77434	0.49586	0.629	0.001	-0.02	-0.404	-0.64229
0.81814	-3.77368	0.5095	0.629	0.001	-0.006	-0.396	-0.62957
0.83912	-3.77171	0.51755	0.629	0.001	0.007	-0.388	-0.61685
0.8601	-3.76848	0.52079	0.629	0.001	0.019	-0.378	-0.60095
0.88108	-3.76402	0.5265	0.63	0.001	0.033	-0.367	-0.58254
0.90206	-3.75824	0.5319	0.63	0.001	0.047	-0.358	-0.56825
0.92303	-3.75106	0.53364	0.63	0.001	0.06	-0.352	-0.55873
0.94401	-3.74241	0.53595	0.631	0.001	0.073	-0.347	-0.54992
0.96499	-3.73228	0.54079	0.631	0.001	0.085	-0.344	-0.54517
0.98597	-3.72077	0.53757	0.632	0.001	0.096	-0.341	-0.53956
1.00695	-3.70803	0.53869	0.632	0.001	0.104	-0.338	-0.53481
1.02792	-3.69428	0.54189	0.633	0	0.11	-0.336	-0.53081
1.0489	-3.67979	0.54233	0.634	0	0.113	-0.336	-0.52997
1.06988	-3.66493	0.54334	0.634	0	0.111	-0.34	-0.53628
1.09086	-3.65009	0.54778	0.635	-0.001	0.106	-0.347	-0.54646
1.11184	-3.6358	0.54713	0.635	-0.001	0.097	-0.36	-0.56693
1.13281	-3.62262	0.5531	0.636	-0.002	0.086	-0.377	-0.59277
1.15379	-3.6126	0.11854	0.635	0.004	0.056	-0.418	-0.65827
1.17477	-3.62002	0.08224	0.635	0.338	-0.171	0.12	0.18898
	BAND	=	50				--
#	BAND	=	0	0	50	50	--
0	-3.61674	0.55605	0.635	-0.107	-0.282	-0.361	-0.5685
0.02098	-3.62568	0.52345	0.635	-0.002	-0.089	0.396	0.62362
0.04196	-3.6219	0.07801	0.634	-0.002	-0.055	0.435	0.68612
0.06293	-3.61843	0.07557	0.634	-0.002	-0.053	0.441	0.69558
0.08391	-3.61682	0.07445	0.633	-0.002	-0.05	0.44	0.6951
0.10489	-3.61701	0.07095	0.632	-0.002	-0.047	0.434	0.68671
0.12587	-3.61884	0.068	0.632	-0.002	-0.045	0.424	0.67089
0.14685	-3.62207	0.06561	0.631	-0.002	-0.043	0.412	0.65293
0.16782	-3.62637	0.06204	0.63	-0.002	-0.043	0.398	0.63175
0.1888	-3.6313	0.0603	0.63	-0.002	-0.044	0.384	0.60952
0.20978	-3.63648	0.05907	0.63	-0.002	-0.046	0.371	0.58889
0.23076	-3.64155	0.05798	0.629	-0.002	-0.049	0.36	0.57234
0.25174	-3.64619	0.05778	0.629	-0.002	-0.052	0.352	0.55962
0.27271	-3.65015	0.05712	0.629	-0.002	-0.056	0.346	0.55008
0.29369	-3.65327	0.05663	0.629	-0.002	-0.059	0.343	0.54531
0.31467	-3.65546	0.05786	0.629	-0.002	-0.063	0.344	0.5469
0.33565	-3.65669	0.05901	0.629	-0.001	-0.065	0.347	0.55167
0.35663	-3.657	0.0599	0.629	-0.001	-0.065	0.354	0.5628
0.3776	-3.65646	0.06073	0.629	-0.001	-0.063	0.365	0.58029
0.39858	-3.65522	0.06178	0.629	-0.001	-0.059	0.38	0.60413
0.41956	-3.65348	0.06232	0.629	-0.001	-0.052	0.398	0.63275
0.44054	-3.65145	0.06123	0.628	-0.001	-0.043	0.421	0.67038
0.46152	-3.64933	0.06078	0.627	-0.001	-0.032	0.445	0.70973
0.4825	-3.64721	0.05939	0.627	0	-0.021	0.469	0.74801
0.50347	-3.64511	0.05851	0.626	0	-0.01	0.491	0.78435
0.52445	-3.64294	0.06021	0.625	0	0	0.51	0.816
0.54543	-3.64061	0.05951	0.624	0	0.008	0.527	0.84455
0.56641	-3.63799	0.06351	0.623	0.001	0.017	0.539	0.86517
0.58739	-3.63505	0.07376	0.623	0.215	0.298	-0.436	-0.69984
0.58739	-3.63505	0.07376	0.623	0.215	0.298	-0.436	-0.69984
0.60836	-3.63804	0.06347	0.623	0.004	-0.01	-0.54	-0.86677
0.62934	-3.64065	0.06014	0.624	0.002	-0.005	-0.527	-0.84455
0.65032	-3.64298	0.06021	0.625	0.002	0.003	-0.511	-0.8176
0.6713	-3.64515	0.05851	0.626	0.001	0.012	-0.491	-0.78435
0.69228	-3.64726	0.05939	0.627	0.001	0.022	-0.469	-0.74801
0.71325	-3.64937	0.06078	0.627	0.001	0.033	-0.445	-0.70973
0.73423	-3.6515	0.06123	0.628	0.001	0.043	-0.421	-0.67038
0.75521	-3.65352	0.06232	0.629	0.001	0.052	-0.398	-0.63275
0.77619	-3.65527	0.06166	0.629	0.001	0.059	-0.38	-0.60413
0.79717	-3.65651	0.06073	0.629	0.001	0.064	-0.365	-0.58029
0.81814	-3.65705	0.0599	0.629	0.001	0.065	-0.354	-0.5628
0.83912	-3.65674	0.05901	0.629	0.002	0.065	-0.347	-0.55167
0.8601	-3.65552	0.05786	0.629	0.002	0.063	-0.344	-0.5469
0.88108	-3.65333	0.05663	0.629	0.002	0.06	-0.343	-0.54531
0.90206	-3.65021	0.05712	0.629	0.002	0.056	-0.346	-0.55008
0.92303	-3.64624	0.05778	0.629	0.002	0.052	-0.352	-0.55962
0.94401	-3.64161	0.05798	0.629	0.002	0.049	-0.36	-0.57234
0.96499	-3.63654	0.05883	0.63	0.002	0.046	-0.371	-0.58889
0.98597	-3.63136	0.0603	0.63	0.002	0.044	-0.384	-0.60952
1.00695	-3.62642	0.06205	0.63	0.002	0.043	-0.398	-0.63175
1.02792	-3.62213	0.06561	0.631	0.002	0.043	-0.412	-0.65293
1.0489	-3.61889	0.068	0.632	0.002	0.045	-0.424	-0.67089
1.06988	-3.61706	0.07095	0.632	0.002	0.047	-0.434	-0.68671
1.09086	-3.61687	0.07445	0.633	0.002	0.05	-0.44	-0.6951
1.11184	-3.61848	0.07557	0.634	0.003	0.052	-0.441	-0.69558
1.13281	-3.62195	0.07801	0.634	0.004	0.055	-0.435	-0.68612
1.15379	-3.62593	0.51649	0.635	-0.003	0.073	-0.4	-0.62992
1.17477	-3.61674	0.55605	0.635	-0.107	-0.282	-0.361	-0.5685
	BAND	=	51				--
#	BAND	=	0	0	51	51	--
0	-3.60132	0.55605	0.635	0.107	0.282	0.36	0.56693
0.02098	-3.59467	0.55736	0.635	0.002	0.076	-0.426	-0.67087
0.04196	-3.58996	0.56087	0.634	0.001	0.069	-0.436	-0.6877
0.06293	-3.5874	0.56134	0.634	0.001	0.065	-0.441	-0.69558
0.08391	-3.58682	0.5646	0.633	0	0.059	-0.44	-0.6951
0.10489	-3.58809	0.56419	0.632	0.001	0.052	-0.435	-0.68829
0.12587	-3.59101	0.56644	0.632	0.001	0.043	-0.425	-0.67247
0.14685	-3.59527	0.57196	0.631	0.001	0.033	-0.412	-0.65293
0.16782	-3.60044	0.57129	0.631	0.001	0.024	-0.399	-0.63233
0.1888	-3.60605	0.5733	0.63	0.001	0.016	-0.386	-0.6127
0.20978	-3.61167	0.57522	0.63	0.001	0.01	-0.375	-0.59524
0.23076	-3.61696	0.57447	0.63	0.001	0.005	-0.365	-0.57937
0.25174	-3.62161	0.57483	0.63	0.001	0.002	-0.359	-0.56984
0.27271	-3.62545	0.57749	0.63	0.001	0	-0.355	-0.56349
0.29369	-3.62833	0.5753	0.63	0.001	-0.001	-0.355	-0.56349
0.31467	-3.63021	0.57673	0.63	0.001	-0.002	-0.357	-0.56667
0.33565	-3.6311	0.57446	0.63	0.001	-0.004	-0.362	-0.5746
0.35663	-3.63107	0.57514	0.63	0.001	-0.006	-0.369	-0.58571
0.3776	-3.6302	0.57351	0.63	0.001	-0.01	-0.379	-0.60159
0.39858	-3.62864	0.57196	0.629	0.001	-0.017	-0.393	-0.6248
0.41956	-3.62659	0.57057	0.629	0.001	-0.025	-0.409	-0.65024
0.44054	-3.62426	0.57306	0.628	0.001	-0.034	-0.429	-0.68312
0.46152	-3.62184	0.57139	0.628	0.001	-0.045	-0.451	-0.71815
0.4825	-3.61944	0.56849	0.627	0.002	-0.054	-0.472	-0.75279
0.50347	-3.61714	0.56295	0.626	0.002	-0.062	-0.492	-0.78594
0.52445	-3.61508	0.52894	0.625	0.002	-0.065	-0.512	-0.8192
0.54543	-3.61432	0.32448	0.623	0.001	-0.044	-0.539	-0.86517
0.56641	-3.61678	0.11234	0.622	-0.001	-0.027	-0.553	-0.88907
0.58739	-3.61998	0.07281	0.623	-0.215	-0.298	0.436	0.69984
0.58739	-3.61998	0.07281	0.623	-0.215	-0.298	0.436	0.69984
0.60836	-3.61669	0.1092	0.622	-0.004	0.019	0.554	0.89068
0.62934	-3.61408	0.30604	0.623	-0.002	0.034	0.542	0.86998
0.65032	-3.61467	0.52354	0.625	-0.001	0.054	0.514	0.8224
0.6713	-3.61671	0.56208	0.626	-0.001	0.054	0.494	0.78914
0.69228	-3.61899	0.56949	0.627	-0.001	0.048	0.473	0.75439
0.71325	-3.62139	0.57139	0.628	-0.001	0.04	0.451	0.71815
0.73423	-3.62381	0.57405	0.628	-0.001	0.031	0.43	0.68471
0.75521	-3.62615	0.57057	0.629	-0.001	0.022	0.41	0.65183
0.77619	-3.62819	0.57295	0.629	-0.001	0.014	0.393	0.6248
0.79717	-3.62975	0.57351	0.63	-0.001	0.009	0.38	0.60317
0.81814	-3.63062	0.57514	0.63	-0.001	0.005	0.369	0.58571
0.83912	-3.63064	0.57446	0.63	-0.001	0.002	0.362	0.5746
0.8601	-3.62975	0.5759	0.63	-0.001	0.001	0.357	0.56667
0.88108	-3.62786	0.5763	0.63	-0.001	0.001	0.355	0.56349
0.90206	-3.62498	0.5757	0.63	-0.001	-0.001	0.356	0.56508
0.92303	-3.62115	0.57483	0.63	-0.001	-0.002	0.359	0.56984
0.94401	-3.61649	0.57547	0.63	-0.001	-0.005	0.366	0.58095
0.96499	-3.61121	0.57522	0.63	-0.001	-0.01	0.375	0.59524
0.98597	-3.60559	0.5733	0.63	0	-0.016	0.387	0.61429
1.00695	-3.59999	0.57129	0.631	0	-0.023	0.4	0.63391
1.02792	-3.59483	0.57112	0.631	0	-0.032	0.413	0.65452
1.0489	-3.59059	0.56644	0.632	0	-0.041	0.425	0.67247
1.06988	-3.58768	0.56506	0.632	0	-0.049	0.435	0.68829
1.09086	-3.58642	0.5646	0.633	0	-0.056	0.441	0.69668
1.11184	-3.58702	0.56126	0.634	0.001	-0.06	0.442	0.69716
1.13281	-3.58961	0.55991	0.634	0.002	-0.061	0.437	0.68927
1.15379	-3.59433	0.55736	0.635	0.003	-0.059	0.429	0.67559
1.17477	-3.60132	0.55605	0.635	0.107	0.282	0.36	0.56693
	BAND	=	52				--
#	BAND	=	0	0	52	52	--
0	-3.51909	0.36444	0.657	-0.173	0.02	-0.039	-0.05936
0.02098	-3.52245	0.35274	0.654	-0.006	0.013	0.069	0.1055
0.04196	-3.52268	0.35427	0.652	-0.003	0.019	0.065	0.09969
0.06293	-3.52015	0.35177	0.651	-0.001	0.019	0.056	0.08602
0.08391	-3.51581	0.35256	0.65	0	0.012	0.047	0.07231
0.10489	-3.51083	0.352	0.649	0.001	-0.001	0.048	0.07396
0.12587	-3.50656	0.3607	0.648	0.001	-0.01	0.089	0.13735
0.14685	-3.5046	0.39603	0.646	0.001	0.007	0.173	0.2678
0.16782	-3.50609	0.45597	0.643	0	0.036	0.213	0.33126
0.1888	-3.51041	0.49977	0.64	0	0.048	0.231	0.36094
0.20978	-3.51619	0.52426	0.637	0	0.048	0.253	0.39717
0.23076	-3.5225	0.53349	0.635	-0.001	0.043	0.273	0.42992
0.25174	-3.52887	0.51561	0.633	-0.001	0.03	0.272	0.4297
0.27271	-3.53534	0.15702	0.632	0.001	0.006	-0.173	-0.27373
0.29369	-3.54245	0.04965	0.63	0.002	0.035	-0.358	-0.56825
0.31467	-3.54959	0.04214	0.629	0.002	0.039	-0.401	-0.63752
0.33565	-3.55681	0.03654	0.627	0.001	0.034	-0.44	-0.70175
0.35663	-3.56424	0.03348	0.626	0.001	0.024	-0.477	-0.76198
0.3776	-3.57188	0.03398	0.625	0.001	0.011	-0.508	-0.8128
0.39858	-3.57969	0.03481	0.624	0.001	-0.002	-0.532	-0.85256
0.41956	-3.5875	0.03713	0.623	0	-0.013	-0.549	-0.88122
0.44054	-3.59513	0.03937	0.623	0	-0.022	-0.56	-0.89888
0.46152	-3.60242	0.04145	0.622	0	-0.029	-0.567	-0.91158
0.4825	-3.6092	0.0475	0.622	0	-0.034	-0.57	-0.9164
0.50347	-3.61531	0.05864	0.622	0	-0.038	-0.57	-0.9164
0.52445	-3.62052	0.09235	0.622	0	-0.046	-0.566	-0.90997
0.54543	-3.62365	0.30026	0.623	0.001	-0.076	-0.549	-0.88122
0.56641	-3.62269	0.51305	0.623	0.002	-0.107	-0.539	-0.86517
0.58739	-3.61997	0.55469	0.623	0.023	-0.338	-0.447	-0.7175
0.58739	-3.61997	0.55469	0.623	0.023	-0.338	-0.447	-0.7175
0.60836	-3.6223	0.51879	0.623	0.001	0.069	0.545	0.8748
0.62934	-3.62341	0.31891	0.623	0	0.064	0.55	0.88283
0.65032	-3.62045	0.09573	0.622	-0.001	0.042	0.566	0.90997
0.6713	-3.61526	0.05864	0.622	-0.001	0.036	0.57	0.9164
0.69228	-3.60915	0.0475	0.622	-0.001	0.032	0.57	0.9164
0.71325	-3.60237	0.04145	0.622	-0.001	0.028	0.567	0.91158
0.73423	-3.59508	0.03937	0.623	-0.001	0.021	0.56	0.89888
0.75521	-3.58745	0.03713	0.623	-0.001	0.012	0.549	0.88122
0.77619	-3.57964	0.03465	0.624	-0.001	0.001	0.532	0.85256
0.79717	-3.57183	0.03398	0.625	-0.001	-0.012	0.508	0.8128
0.81814	-3.56418	0.03348	0.626	-0.001	-0.024	0.477	0.76198
0.83912	-3.55675	0.03654	0.627	-0.001	-0.035	0.44	0.70175
0.8601	-3.54953	0.04214	0.629	-0.001	-0.04	0.401	0.63752
0.88108	-3.54239	0.05137	0.63	-0.002	-0.035	0.356	0.56508
0.90206	-3.53544	0.39827	0.632	0.001	-0.013	-0.143	-0.22627
0.92303	-3.52916	0.54369	0.633	0.001	-0.039	-0.299	-0.47235
0.94401	-3.52277	0.5424	0.635	0.001	-0.047	-0.281	-0.44252
0.96499	-3.51643	0.53058	0.637	0	-0.051	-0.258	-0.40502
0.98597	-3.5106	0.5036	0.64	0	-0.051	-0.236	-0.36875
1.00695	-3.50622	0.45979	0.643	0	-0.04	-0.219	-0.34059
1.02792	-3.50467	0.39968	0.646	-0.001	-0.011	-0.183	-0.28328
1.0489	-3.50658	0.36177	0.648	-0.001	0.009	-0.099	-0.15278
1.06988	-3.51084	0.3514	0.649	-0.001	0.001	-0.053	-0.08166
1.09086	-3.51581	0.35164	0.65	-0.001	-0.012	-0.05	-0.07692
1.11184	-3.52016	0.35177	0.651	0.001	-0.019	-0.058	-0.08909
1.13281	-3.5227	0.35423	0.652	0.003	-0.019	-0.066	-0.10123
1.15379	-3.52248	0.35278	0.654	0.006	-0.012	-0.07	-0.10703
1.17477	-3.51909	0.36444	0.657	-0.173	0.02	-0.039	-0.05936
	BAND	=	53				--
#	BAND	=	0	0	53	53	--
0	-3.50405	0.36404	0.657	0.176	-0.019	0.038	0.05784
0.02098	-3.50529	0.30742	0.654	0.005	-0.011	-0.068	-0.10398
0.04196	-3.50541	0.30549	0.652	0.002	-0.017	-0.065	-0.09969
0.06293	-3.50284	0.30513	0.651	0	-0.015	-0.059	-0.09063
0.08391	-3.49855	0.30614	0.65	-0.002	-0.006	-0.055	-0.08462
0.10489	-3.49372	0.30952	0.649	-0.002	0.01	-0.061	-0.09399
0.12587	-3.48964	0.3058	0.648	-0.002	0.022	-0.11	-0.16975
0.14685	-3.48761	0.27359	0.646	-0.001	0.01	-0.195	-0.30186
0.16782	-3.48859	0.21339	0.643	0	-0.01	-0.218	-0.33904
0.1888	-3.49258	0.16185	0.641	0.001	-0.007	-0.219	-0.34165
0.20978	-3.4986	0.12836	0.638	0.002	0.01	-0.232	-0.36364
0.23076	-3.50558	0.11139	0.636	0.002	0.03	-0.25	-0.39308
0.25174	-3.51286	0.12192	0.634	0.002	0.053	-0.249	-0.39274
0.27271	-3.51988	0.4773	0.632	0	0.085	0.194	0.30696
0.29369	-3.52598	0.5824	0.63	-0.001	0.059	0.376	0.59683
0.31467	-3.53188	0.58739	0.629	-0.001	0.057	0.415	0.65978
0.33565	-3.53782	0.59109	0.628	-0.001	0.061	0.45	0.71656
0.35663	-3.54394	0.59128	0.626	-0.001	0.069	0.483	0.77157
0.3776	-3.55027	0.59091	0.625	-0.001	0.078	0.512	0.8192
0.39858	-3.55681	0.59001	0.624	-0.001	0.088	0.533	0.85417
0.41956	-3.56342	0.5884	0.624	-0.001	0.096	0.548	0.87821
0.44054	-3.56993	0.58567	0.623	-0.001	0.102	0.557	0.89406
0.46152	-3.57622	0.58435	0.623	-0.001	0.106	0.562	0.90209
0.4825	-3.58215	0.57951	0.622	-0.001	0.108	0.564	0.90675
0.50347	-3.58765	0.57815	0.622	-0.002	0.109	0.564	0.90675
0.52445	-3.59265	0.57662	0.622	-0.002	0.109	0.562	0.90354
0.54543	-3.59714	0.57081	0.622	-0.002	0.11	0.558	0.89711
0.56641	-3.60111	0.56734	0.623	-0.003	0.116	0.551	0.88443
0.58739	-3.6045	0.55743	0.623	-0.023	0.338	0.447	0.7175
0.58739	-3.6045	0.55743	0.623	-0.023	0.338	0.447	0.7175
0.60836	-3.60153	0.56638	0.623	0	-0.078	-0.558	-0.89567
0.62934	-3.59757	0.57168	0.622	0	-0.092	-0.562	-0.90354
0.65032	-3.59308	0.57578	0.622	0.001	-0.098	-0.564	-0.90675
0.6713	-3.58808	0.57815	0.622	0.001	-0.101	-0.566	-0.90997
0.69228	-3.58258	0.58198	0.622	0.001	-0.102	-0.566	-0.90997
0.71325	-3.57664	0.58422	0.623	0.001	-0.101	-0.563	-0.90369
0.73423	-3.57035	0.58567	0.623	0.001	-0.098	-0.558	-0.89567
0.75521	-3.56383	0.5874	0.624	0.001	-0.093	-0.548	-0.87821
0.77619	-3.55723	0.58997	0.624	0.001	-0.085	-0.533	-0.85417
0.79717	-3.55068	0.59091	0.625	0.001	-0.076	-0.512	-0.8192
0.81814	-3.54434	0.59311	0.626	0.001	-0.067	-0.484	-0.77316
0.83912	-3.53821	0.58934	0.628	0.001	-0.06	-0.451	-0.71815
0.8601	-3.53226	0.58739	0.629	0.001	-0.056	-0.416	-0.66137
0.88108	-3.52634	0.58196	0.63	0.001	-0.059	-0.375	-0.59524
0.90206	-3.52006	0.23733	0.632	-0.002	-0.078	0.121	0.19146
0.92303	-3.51283	0.09782	0.634	-0.002	-0.044	0.275	0.43375
0.94401	-3.50554	0.10448	0.636	-0.002	-0.026	0.257	0.40409
0.96499	-3.49855	0.12522	0.638	-0.001	-0.007	0.236	0.36991
0.98597	-3.49255	0.15712	0.641	-0.001	0.01	0.223	0.34789
1.00695	-3.48857	0.20993	0.643	0	0.014	0.224	0.34837
1.02792	-3.4876	0.2704	0.646	0.002	-0.007	0.206	0.31889
1.0489	-3.48964	0.30558	0.648	0.003	-0.021	0.12	0.18519
1.06988	-3.49371	0.30853	0.649	0.003	-0.01	0.067	0.10324
1.09086	-3.49853	0.3067	0.65	0.003	0.006	0.057	0.08769
1.11184	-3.50282	0.30517	0.651	0.001	0.015	0.061	0.0937
1.13281	-3.50539	0.30569	0.652	-0.001	0.017	0.066	0.10123
1.15379	-3.50527	0.30805	0.654	-0.004	0.011	0.069	0.1055
1.17477	-3.50405	0.36404	0.657	0.176	-0.019	0.038	0.05784
	BAND	=	54				--
#	BAND	=	0	0	54	54	--
0	-3.51677	0.2926	0.657	0.151	-0.001	-0.072	-0.10959
0.02098	-3.51282	0.33332	0.66	0.031	0.027	-0.031	-0.04697
0.04196	-3.50703	0.31734	0.659	0.061	0.059	0.044	0.06677
0.06293	-3.5033	0.30058	0.656	0.084	0.071	0.066	0.10061
0.08391	-3.50006	0.31386	0.653	0.09	0.013	0.024	0.03675
0.10489	-3.49701	0.33849	0.652	0.005	-0.078	-0.104	-0.15951
0.12587	-3.49417	0.34172	0.651	-0.003	-0.072	-0.148	-0.22734
0.14685	-3.49157	0.33957	0.65	0	-0.064	-0.193	-0.29692
0.16782	-3.48925	0.33573	0.65	0.001	-0.06	-0.245	-0.37692
0.1888	-3.48758	0.33836	0.649	-0.001	-0.055	-0.293	-0.45146
0.20978	-3.487	0.33043	0.648	-0.003	-0.045	-0.328	-0.50617
0.23076	-3.48772	0.32913	0.647	-0.004	-0.031	-0.349	-0.53941
0.25174	-3.48971	0.32951	0.646	-0.002	-0.009	-0.335	-0.51858
0.27271	-3.49273	0.33097	0.646	0.004	0.018	-0.294	-0.45511
0.29369	-3.49628	0.33279	0.646	0.009	0.042	-0.291	-0.45046
0.31467	-3.49977	0.33253	0.646	0.01	0.063	-0.312	-0.48297
0.33565	-3.50255	0.33311	0.647	0.007	0.085	-0.311	-0.48068
0.35663	-3.50406	0.33332	0.649	0.004	0.108	-0.289	-0.4453
0.3776	-3.50386	0.33345	0.65	0.001	0.133	-0.259	-0.39846
0.39858	-3.50177	0.33544	0.653	0	0.16	-0.227	-0.34763
0.41956	-3.49785	0.3372	0.655	-0.001	0.19	-0.198	-0.30229
0.44054	-3.49232	0.33602	0.658	0	0.222	-0.171	-0.25988
0.46152	-3.48563	0.33679	0.66	0	0.254	-0.15	-0.22727
0.4825	-3.47837	0.33623	0.663	0	0.282	-0.134	-0.20211
0.50347	-3.47117	0.33381	0.665	0	0.304	-0.124	-0.18647
0.52445	-3.46473	0.3347	0.667	0	0.319	-0.117	-0.17541
0.54543	-3.45964	0.33275	0.668	0.001	0.328	-0.113	-0.16916
0.56641	-3.45635	0.33319	0.669	0.001	0.326	-0.111	-0.16592
0.58739	-3.45514	0.33291	0.669	0.001	0.194	-0.105	-0.15695
0.58739	-3.45514	0.33291	0.669	0.001	0.194	-0.105	-0.15695
0.60836	-3.45632	0.3334	0.669	0	-0.364	0.112	0.16741
0.62934	-3.45961	0.33284	0.668	0	-0.346	0.113	0.16916
0.65032	-3.4647	0.33418	0.667	0	-0.331	0.117	0.17541
0.6713	-3.47114	0.3333	0.665	0	-0.312	0.124	0.18647
0.69228	-3.47834	0.33623	0.663	0	-0.287	0.134	0.20211
0.71325	-3.4856	0.33715	0.66	0	-0.258	0.15	0.22727
0.73423	-3.4923	0.33602	0.658	0.001	-0.225	0.171	0.25988
0.75521	-3.49783	0.33633	0.655	0.001	-0.191	0.197	0.30076
0.77619	-3.50176	0.33544	0.653	0	-0.16	0.227	0.34763
0.79717	-3.50385	0.33345	0.65	-0.001	-0.132	0.259	0.39846
0.81814	-3.50406	0.33287	0.649	-0.004	-0.107	0.289	0.4453
0.83912	-3.50256	0.33235	0.647	-0.007	-0.084	0.309	0.47759
0.8601	-3.49978	0.33261	0.646	-0.01	-0.063	0.306	0.47368
0.88108	-3.49629	0.33309	0.646	-0.01	-0.042	0.276	0.42724
0.90206	-3.49274	0.33344	0.646	-0.004	-0.018	0.276	0.42724
0.92303	-3.48971	0.33294	0.646	0.002	0.009	0.325	0.5031
0.94401	-3.4877	0.3285	0.647	0.004	0.031	0.347	0.53632
0.96499	-3.48698	0.33131	0.648	0.003	0.046	0.328	0.50617
0.98597	-3.48755	0.33836	0.649	0.001	0.055	0.292	0.44992
1.00695	-3.48922	0.33644	0.65	0	0.059	0.245	0.37692
1.02792	-3.49155	0.3408	0.65	0	0.063	0.193	0.29692
1.0489	-3.49417	0.34156	0.651	0.003	0.071	0.15	0.23041
1.06988	-3.49701	0.33969	0.652	-0.005	0.077	0.107	0.16411
1.09086	-3.50005	0.31298	0.653	-0.09	-0.012	-0.024	-0.03675
1.11184	-3.50328	0.30058	0.656	-0.086	-0.069	-0.07	-0.10671
1.13281	-3.50701	0.31734	0.659	-0.059	-0.056	-0.048	-0.07284
1.15379	-3.51279	0.33379	0.66	-0.027	-0.026	0.029	0.04394
1.17477	-3.51677	0.2926	0.657	0.151	-0.001	-0.072	-0.10959
	BAND	=	55				--
#	BAND	=	0	0	55	55	--
0	-3.50174	0.29268	0.657	-0.154	0	0.072	0.10959
0.02098	-3.49616	0.31427	0.66	-0.03	-0.037	0.024	0.03636
0.04196	-3.49109	0.33585	0.659	-0.061	-0.072	-0.054	-0.08194
0.06293	-3.48781	0.34407	0.656	-0.084	-0.087	-0.068	-0.10366
0.08391	-3.48485	0.32643	0.654	-0.089	-0.032	-0.017	-0.02599
0.10489	-3.48147	0.29065	0.652	-0.004	0.058	0.12	0.18405
0.12587	-3.47798	0.29189	0.65	0.004	0.053	0.177	0.27231
0.14685	-3.47481	0.29761	0.649	0.001	0.045	0.232	0.35747
0.16782	-3.4723	0.30416	0.648	-0.001	0.044	0.286	0.44136
0.1888	-3.47081	0.3093	0.648	0	0.045	0.33	0.50926
0.20978	-3.47061	0.31643	0.647	0.002	0.044	0.363	0.56105
0.23076	-3.47172	0.3159	0.646	0.003	0.037	0.377	0.58359
0.25174	-3.47399	0.31599	0.646	0.001	0.019	0.353	0.54644
0.27271	-3.47712	0.31122	0.645	-0.005	-0.01	0.301	0.46667
0.29369	-3.48066	0.30834	0.646	-0.01	-0.038	0.29	0.44892
0.31467	-3.48404	0.31366	0.646	-0.011	-0.063	0.307	0.47523
0.33565	-3.48662	0.31244	0.647	-0.008	-0.088	0.305	0.47141
0.35663	-3.48789	0.31224	0.649	-0.004	-0.113	0.283	0.43606
0.3776	-3.48748	0.31344	0.651	-0.002	-0.138	0.255	0.39171
0.39858	-3.48526	0.31204	0.653	0	-0.165	0.225	0.34456
0.41956	-3.4813	0.31507	0.655	0	-0.194	0.197	0.30076
0.44054	-3.47582	0.3166	0.658	0	-0.225	0.172	0.2614
0.46152	-3.46926	0.32078	0.66	0	-0.256	0.152	0.2303
0.4825	-3.46218	0.32397	0.663	0	-0.282	0.137	0.20664
0.50347	-3.4552	0.32515	0.665	0	-0.304	0.126	0.18947
0.52445	-3.44898	0.32701	0.667	0	-0.319	0.119	0.17841
0.54543	-3.44413	0.33013	0.668	-0.001	-0.328	0.114	0.17066
0.56641	-3.44108	0.33247	0.669	-0.001	-0.326	0.112	0.16741
0.58739	-3.44011	0.33291	0.669	-0.001	-0.194	0.105	0.15695
0.58739	-3.44011	0.33291	0.669	-0.001	-0.194	0.105	0.15695
0.60836	-3.44111	0.33263	0.669	0	0.364	-0.112	-0.16741
0.62934	-3.44416	0.331	0.668	0	0.346	-0.114	-0.17066
0.65032	-3.44901	0.32701	0.667	0	0.331	-0.119	-0.17841
0.6713	-3.45523	0.32567	0.665	0	0.312	-0.126	-0.18947
0.69228	-3.46221	0.32437	0.663	0	0.288	-0.136	-0.20513
0.71325	-3.46929	0.32078	0.66	0	0.259	-0.152	-0.2303
0.73423	-3.47585	0.31799	0.658	0	0.228	-0.172	-0.2614
0.75521	-3.48132	0.31507	0.655	0	0.195	-0.197	-0.30076
0.77619	-3.48528	0.31204	0.653	0	0.165	-0.225	-0.34456
0.79717	-3.4875	0.31384	0.651	0.002	0.138	-0.255	-0.39171
0.81814	-3.48791	0.31284	0.649	0.004	0.112	-0.283	-0.43606
0.83912	-3.48664	0.31247	0.647	0.008	0.087	-0.303	-0.46832
0.8601	-3.48406	0.31128	0.646	0.011	0.063	-0.3	-0.4644
0.88108	-3.48068	0.30801	0.646	0.01	0.038	-0.275	-0.4257
0.90206	-3.47713	0.3131	0.645	0.005	0.01	-0.283	-0.43876
0.92303	-3.47401	0.31364	0.646	-0.001	-0.019	-0.343	-0.53096
0.94401	-3.47174	0.31522	0.646	-0.004	-0.038	-0.376	-0.58204
0.96499	-3.47063	0.31399	0.647	-0.002	-0.044	-0.364	-0.5626
0.98597	-3.47083	0.30794	0.648	0	-0.045	-0.331	-0.5108
1.00695	-3.47232	0.30316	0.648	0.001	-0.043	-0.287	-0.4429
1.02792	-3.47483	0.29766	0.649	-0.001	-0.045	-0.234	-0.36055
1.0489	-3.47799	0.29269	0.65	-0.004	-0.052	-0.18	-0.27692
1.06988	-3.48148	0.29046	0.652	0.004	-0.057	-0.124	-0.19018
1.09086	-3.48485	0.32623	0.654	0.089	0.031	0.018	0.02752
1.11184	-3.48781	0.34395	0.656	0.085	0.085	0.073	0.11128
1.13281	-3.4911	0.33477	0.659	0.06	0.069	0.058	0.08801
1.15379	-3.49617	0.31427	0.66	0.026	0.035	-0.022	-0.03333
1.17477	-3.50174	0.29268	0.657	-0.154	0	0.072	0.10959
	BAND	=	56				--
#	BAND	=	0	0	56	56	--
0	-3.49304	0.44111	0.656	-0.251	-0.012	0.065	0.09909
0.02098	-3.49446	0.36575	0.654	0.001	0.006	-0.123	-0.18807
0.04196	-3.4896	0.33526	0.656	0.001	-0.07	-0.084	-0.12805
0.06293	-3.47947	0.28579	0.659	0	-0.088	-0.009	-0.01366
0.08391	-3.46958	0.27099	0.659	-0.009	0.014	0.071	0.10774
0.10489	-3.4633	0.4051	0.653	-0.005	0.098	0.009	0.01378
0.12587	-3.46333	0.46503	0.648	0	0.092	0.164	0.25309
0.14685	-3.46572	0.46091	0.646	0	0.093	0.248	0.3839
0.16782	-3.46708	0.42735	0.646	-0.001	0.105	0.276	0.42724
0.1888	-3.46691	0.3967	0.648	-0.002	0.113	0.275	0.42438
0.20978	-3.46586	0.37534	0.649	-0.004	0.102	0.256	0.39445
0.23076	-3.46447	0.35955	0.65	-0.008	0.074	0.231	0.35538
0.25174	-3.46311	0.27788	0.649	-0.016	-0.049	-0.172	-0.26502
0.27271	-3.46238	0.29306	0.65	0	0	-0.175	-0.26923
0.29369	-3.46084	0.30201	0.651	0.002	0.053	-0.143	-0.21966
0.31467	-3.45822	0.31019	0.652	0.002	0.111	-0.118	-0.18098
0.33565	-3.45433	0.31389	0.653	0.003	0.171	-0.099	-0.15161
0.35663	-3.44896	0.3171	0.655	0.003	0.232	-0.085	-0.12977
0.3776	-3.44201	0.32169	0.656	0.003	0.292	-0.076	-0.11585
0.39858	-3.43355	0.32056	0.658	0.003	0.349	-0.069	-0.10486
0.41956	-3.42376	0.31939	0.661	0.004	0.4	-0.066	-0.09985
0.44054	-3.41307	0.32091	0.663	0.004	0.444	-0.065	-0.09804
0.46152	-3.40201	0.32078	0.665	0.005	0.48	-0.065	-0.09774
0.4825	-3.3912	0.32186	0.668	0.005	0.508	-0.066	-0.0988
0.50347	-3.38128	0.32617	0.669	0.006	0.529	-0.068	-0.10164
0.52445	-3.37282	0.32788	0.671	0.006	0.544	-0.07	-0.10432
0.54543	-3.36632	0.32698	0.672	0.007	0.553	-0.072	-0.10714
0.56641	-3.36213	0.32601	0.673	0.007	0.555	-0.074	-0.10996
0.58739	-3.36052	0.33188	0.673	0.025	-0.012	-0.07	-0.10401
0.58739	-3.36052	0.33188	0.673	0.025	-0.012	-0.07	-0.10401
0.60836	-3.36213	0.32601	0.673	-0.005	-0.569	0.07	0.10401
0.62934	-3.36631	0.32759	0.672	-0.006	-0.56	0.07	0.10417
0.65032	-3.37281	0.32657	0.671	-0.006	-0.549	0.068	0.10134
0.6713	-3.38127	0.32589	0.669	-0.005	-0.532	0.067	0.10015
0.69228	-3.39119	0.32158	0.667	-0.005	-0.511	0.065	0.09745
0.71325	-3.402	0.32091	0.665	-0.005	-0.482	0.064	0.09624
0.73423	-3.41306	0.32175	0.663	-0.004	-0.445	0.064	0.09653
0.75521	-3.42375	0.31939	0.661	-0.004	-0.401	0.065	0.09834
0.77619	-3.43353	0.31993	0.658	-0.003	-0.35	0.068	0.10334
0.79717	-3.442	0.31994	0.656	-0.003	-0.292	0.074	0.1128
0.81814	-3.44895	0.3167	0.655	-0.003	-0.232	0.084	0.12824
0.83912	-3.45432	0.31349	0.653	-0.003	-0.171	0.098	0.15008
0.8601	-3.45822	0.30931	0.652	-0.002	-0.111	0.117	0.17945
0.88108	-3.46084	0.3023	0.651	-0.001	-0.053	0.144	0.2212
0.90206	-3.46238	0.29234	0.65	0	-0.001	0.176	0.27077
0.92303	-3.4631	0.27892	0.649	0.021	0.046	0.186	0.28659
0.94401	-3.46453	0.35976	0.65	0.008	-0.075	-0.225	-0.34615
0.96499	-3.46594	0.37387	0.649	0.004	-0.102	-0.253	-0.38983
0.98597	-3.46701	0.3957	0.648	0.002	-0.112	-0.272	-0.41975
1.00695	-3.46721	0.42735	0.646	0	-0.104	-0.275	-0.4257
1.02792	-3.46587	0.46206	0.646	0	-0.091	-0.248	-0.3839
1.0489	-3.46347	0.46595	0.647	0	-0.091	-0.166	-0.25657
1.06988	-3.46338	0.40586	0.653	0.005	-0.097	-0.012	-0.01838
1.09086	-3.46957	0.26945	0.659	0.01	-0.018	-0.07	-0.10622
1.11184	-3.47946	0.28456	0.659	0	0.088	0.008	0.01214
1.13281	-3.48959	0.33461	0.656	-0.003	0.07	0.085	0.12957
1.15379	-3.49447	0.36635	0.654	-0.007	-0.007	0.124	0.1896
1.17477	-3.49304	0.44111	0.656	-0.251	-0.012	0.065	0.09909
	BAND	=	57				--
#	BAND	=	0	0	57	57	--
0	-3.47802	0.44111	0.656	0.248	0.012	-0.065	-0.09909
0.02098	-3.47846	0.28397	0.655	0	-0.006	0.12	0.18321
0.04196	-3.47304	0.30888	0.656	0.002	0.077	0.088	0.13415
0.06293	-3.46305	0.36699	0.659	0.005	0.107	0	0
0.08391	-3.45361	0.39128	0.658	0.01	0.001	-0.07	-0.10638
0.10489	-3.44636	0.28441	0.656	0.004	-0.079	0.061	0.09299
0.12587	-3.44216	0.22698	0.652	-0.001	-0.091	-0.06	-0.09202
0.14685	-3.44296	0.19029	0.648	-0.001	-0.071	-0.191	-0.29475
0.16782	-3.44542	0.19916	0.646	0	-0.062	-0.26	-0.40248
0.1888	-3.44714	0.2263	0.646	0.002	-0.07	-0.287	-0.44427
0.20978	-3.44795	0.2495	0.647	0.003	-0.074	-0.286	-0.44204
0.23076	-3.44824	0.26767	0.648	0.007	-0.062	-0.266	-0.41049
0.25174	-3.44781	0.35233	0.65	0.014	0.049	0.139	0.21385
0.27271	-3.44579	0.34245	0.651	-0.001	-0.008	0.148	0.22734
0.29369	-3.44317	0.33866	0.652	-0.003	-0.064	0.123	0.18865
0.31467	-3.43972	0.33212	0.653	-0.003	-0.123	0.104	0.15926
0.33565	-3.43522	0.32804	0.654	-0.003	-0.183	0.09	0.13761
0.35663	-3.42949	0.32728	0.655	-0.003	-0.243	0.081	0.12366
0.3776	-3.42242	0.32689	0.657	-0.003	-0.3	0.075	0.11416
0.39858	-3.41402	0.32646	0.659	-0.004	-0.355	0.071	0.10774
0.41956	-3.40446	0.32835	0.661	-0.004	-0.404	0.068	0.10287
0.44054	-3.39411	0.33015	0.663	-0.004	-0.446	0.067	0.10106
0.46152	-3.3835	0.33194	0.665	-0.005	-0.48	0.068	0.10226
0.4825	-3.37319	0.33278	0.668	-0.005	-0.508	0.068	0.1018
0.50347	-3.36382	0.33215	0.669	-0.006	-0.529	0.07	0.10463
0.52445	-3.35595	0.33404	0.671	-0.006	-0.543	0.071	0.10581
0.54543	-3.35006	0.33277	0.672	-0.007	-0.552	0.073	0.10863
0.56641	-3.3465	0.33075	0.673	-0.007	-0.555	0.074	0.10996
0.58739	-3.34549	0.33188	0.673	-0.025	0.012	0.07	0.10401
0.58739	-3.34549	0.33188	0.673	-0.025	0.012	0.07	0.10401
0.60836	-3.34651	0.33131	0.673	0.005	0.569	-0.07	-0.10401
0.62934	-3.35006	0.33217	0.672	0.006	0.56	-0.07	-0.10417
0.65032	-3.35596	0.33343	0.671	0.006	0.548	-0.07	-0.10432
0.6713	-3.36383	0.33247	0.669	0.005	0.532	-0.069	-0.10314
0.69228	-3.3732	0.33239	0.668	0.005	0.51	-0.067	-0.1003
0.71325	-3.38351	0.33267	0.665	0.004	0.482	-0.067	-0.10075
0.73423	-3.39413	0.33059	0.663	0.004	0.447	-0.066	-0.09955
0.75521	-3.40447	0.32874	0.661	0.004	0.405	-0.067	-0.10136
0.77619	-3.41403	0.32638	0.659	0.003	0.355	-0.07	-0.10622
0.79717	-3.42244	0.32689	0.657	0.003	0.301	-0.074	-0.11263
0.81814	-3.42951	0.32728	0.655	0.003	0.243	-0.08	-0.12214
0.83912	-3.43524	0.32804	0.654	0.003	0.183	-0.089	-0.13609
0.8601	-3.43974	0.33212	0.653	0.003	0.123	-0.104	-0.15926
0.88108	-3.44321	0.33838	0.652	0.002	0.065	-0.124	-0.19018
0.90206	-3.44583	0.34325	0.651	0.001	0.009	-0.149	-0.22888
0.92303	-3.44786	0.35201	0.65	-0.02	-0.045	-0.152	-0.23385
0.94401	-3.44823	0.26807	0.648	-0.007	0.063	0.261	0.40278
0.96499	-3.44794	0.24866	0.647	-0.004	0.073	0.283	0.4374
0.98597	-3.44711	0.22562	0.646	-0.002	0.069	0.286	0.44272
1.00695	-3.44537	0.19812	0.646	0	0.061	0.259	0.40093
1.02792	-3.4429	0.19017	0.648	0.001	0.07	0.19	0.29321
1.0489	-3.44211	0.22698	0.652	0.001	0.091	0.059	0.09049
1.06988	-3.44634	0.28305	0.656	-0.004	0.079	-0.061	-0.09299
1.09086	-3.45364	0.38806	0.658	-0.012	0.003	0.068	0.10334
1.11184	-3.46307	0.36775	0.659	-0.005	-0.107	0	0
1.13281	-3.47304	0.30864	0.656	-0.001	-0.076	-0.089	-0.13567
1.15379	-3.47845	0.2844	0.655	0.005	0.007	-0.121	-0.18473
1.17477	-3.47802	0.44111	0.656	0.248	0.012	-0.065	-0.09909
	BAND	=	58				--
#	BAND	=	0	0	58	58	--
0	-3.49273	0.21051	0.656	-0.287	-0.013	0.048	0.07317
0.02098	-3.48819	0.29072	0.657	0.009	0.059	-0.078	-0.11872
0.04196	-3.48073	0.2805	0.658	0.005	0.05	-0.061	-0.09271
0.06293	-3.46954	0.26242	0.659	-0.004	0	-0.034	-0.05159
0.08391	-3.45356	0.25486	0.662	0	-0.033	-0.013	-0.01964
0.10489	-3.44157	0.45081	0.653	-0.001	-0.056	0.102	0.1562
0.12587	-3.4372	0.38136	0.655	-0.001	0.031	0.042	0.06412
0.14685	-3.43046	0.34573	0.656	-0.004	0.121	0.051	0.07774
0.16782	-3.42303	0.33665	0.657	-0.006	0.121	-0.002	-0.00304
0.1888	-3.41646	0.31376	0.656	-0.001	-0.023	-0.231	-0.35213
0.20978	-3.41154	0.30918	0.656	0.005	-0.061	-0.2	-0.30488
0.23076	-3.40756	0.31209	0.656	0.006	-0.03	-0.156	-0.2378
0.25174	-3.40409	0.31568	0.656	0.007	0.017	-0.119	-0.1814
0.27271	-3.4007	0.31804	0.657	0.007	0.071	-0.089	-0.13546
0.29369	-3.39688	0.3215	0.657	0.007	0.131	-0.063	-0.09589
0.31467	-3.39215	0.32396	0.658	0.008	0.193	-0.043	-0.06535
0.33565	-3.38616	0.32245	0.66	0.008	0.255	-0.029	-0.04394
0.35663	-3.37871	0.32148	0.661	0.008	0.313	-0.02	-0.03026
0.3776	-3.36977	0.32172	0.663	0.008	0.364	-0.017	-0.02564
0.39858	-3.35954	0.32269	0.665	0.008	0.408	-0.017	-0.02556
0.41956	-3.34837	0.32037	0.667	0.008	0.444	-0.019	-0.02849
0.44054	-3.33674	0.322	0.67	0.008	0.472	-0.022	-0.03284
0.46152	-3.32516	0.32277	0.672	0.009	0.494	-0.026	-0.03869
0.4825	-3.3142	0.32534	0.674	0.009	0.51	-0.029	-0.04303
0.50347	-3.30438	0.3271	0.676	0.01	0.521	-0.031	-0.04586
0.52445	-3.29619	0.32756	0.677	0.011	0.528	-0.033	-0.04874
0.54543	-3.29001	0.33061	0.678	0.012	0.529	-0.034	-0.05015
0.56641	-3.28611	0.33248	0.679	0.014	0.524	-0.035	-0.05155
0.58739	-3.28464	0.33422	0.679	0.035	-0.173	-0.018	-0.02651
0.58739	-3.28464	0.33422	0.679	0.035	-0.173	-0.018	-0.02651
0.60836	-3.28611	0.33164	0.679	-0.009	-0.543	0.032	0.04713
0.62934	-3.29002	0.33006	0.678	-0.01	-0.538	0.033	0.04867
0.65032	-3.2962	0.32883	0.677	-0.01	-0.533	0.032	0.04727
0.6713	-3.30438	0.32802	0.676	-0.009	-0.525	0.03	0.04438
0.69228	-3.3142	0.32463	0.674	-0.009	-0.513	0.028	0.04154
0.71325	-3.32516	0.32344	0.672	-0.008	-0.496	0.025	0.0372
0.73423	-3.33673	0.32097	0.67	-0.008	-0.474	0.021	0.03134
0.75521	-3.34836	0.32121	0.667	-0.007	-0.445	0.018	0.02699
0.77619	-3.35953	0.32169	0.665	-0.007	-0.409	0.016	0.02406
0.79717	-3.36975	0.32256	0.663	-0.007	-0.365	0.016	0.02413
0.81814	-3.37869	0.32052	0.661	-0.007	-0.313	0.019	0.02874
0.83912	-3.38614	0.32316	0.66	-0.007	-0.254	0.028	0.04242
0.8601	-3.39213	0.32336	0.658	-0.007	-0.193	0.042	0.06383
0.88108	-3.39686	0.32135	0.657	-0.007	-0.13	0.062	0.09437
0.90206	-3.40069	0.31804	0.657	-0.007	-0.071	0.087	0.13242
0.92303	-3.40409	0.31552	0.656	-0.007	-0.016	0.118	0.17988
0.94401	-3.40756	0.31317	0.656	-0.006	0.031	0.155	0.23628
0.96499	-3.41155	0.30918	0.656	-0.004	0.061	0.2	0.30488
0.98597	-3.41647	0.31347	0.656	0.002	0.02	0.23	0.35061
1.00695	-3.42307	0.33729	0.657	0.007	-0.122	0.001	0.00152
1.02792	-3.43051	0.34497	0.656	0.004	-0.12	-0.049	-0.0747
1.0489	-3.43727	0.37997	0.655	0.001	-0.031	-0.04	-0.06107
1.06988	-3.44167	0.45133	0.653	0.001	0.057	-0.101	-0.15467
1.09086	-3.45356	0.25791	0.662	0.002	0.033	0.012	0.01813
1.11184	-3.46954	0.26452	0.659	0.004	0	0.034	0.05159
1.13281	-3.48072	0.28074	0.658	-0.006	-0.05	0.061	0.09271
1.15379	-3.48819	0.29085	0.657	-0.016	-0.059	0.079	0.12024
1.17477	-3.49273	0.21051	0.656	-0.287	-0.013	0.048	0.07317
	BAND	=	59				--
#	BAND	=	0	0	59	59	--
0	-3.47771	0.21052	0.656	0.289	0.013	-0.048	-0.07317
0.02098	-3.47239	0.3636	0.658	-0.011	-0.048	0.096	0.1459
0.04196	-3.46405	0.37514	0.658	-0.009	-0.043	0.085	0.12918
0.06293	-3.45302	0.39486	0.658	-0.003	-0.004	0.069	0.10486
0.08391	-3.4381	0.41105	0.66	-0.005	0.036	0.051	0.07727
0.10489	-3.42033	0.25424	0.661	0.002	0.036	-0.011	-0.01664
0.12587	-3.41632	0.21146	0.652	0	0.01	-0.115	-0.17638
0.14685	-3.41232	0.27028	0.654	0.003	-0.088	-0.1	-0.15291
0.16782	-3.40652	0.29694	0.655	0.005	-0.108	-0.034	-0.05191
0.1888	-3.40041	0.32415	0.657	-0.001	0.025	0.2	0.30441
0.20978	-3.3942	0.33428	0.657	-0.006	0.056	0.174	0.26484
0.23076	-3.38869	0.33671	0.658	-0.007	0.021	0.134	0.20365
0.25174	-3.38383	0.33296	0.658	-0.007	-0.029	0.102	0.15502
0.27271	-3.37934	0.33226	0.658	-0.008	-0.085	0.077	0.11702
0.29369	-3.37481	0.32919	0.658	-0.008	-0.145	0.058	0.08815
0.31467	-3.36979	0.32745	0.659	-0.008	-0.205	0.044	0.06677
0.33565	-3.36385	0.32972	0.66	-0.007	-0.263	0.033	0.05
0.35663	-3.35672	0.32996	0.661	-0.007	-0.318	0.027	0.04085
0.3776	-3.34828	0.33191	0.663	-0.007	-0.367	0.023	0.03469
0.39858	-3.33865	0.3329	0.665	-0.008	-0.409	0.022	0.03308
0.41956	-3.32813	0.33728	0.667	-0.008	-0.444	0.024	0.03598
0.44054	-3.31717	0.3391	0.67	-0.008	-0.472	0.026	0.03881
0.46152	-3.3063	0.33763	0.672	-0.009	-0.493	0.028	0.04167
0.4825	-3.29603	0.3397	0.674	-0.009	-0.509	0.031	0.04599
0.50347	-3.2869	0.33831	0.676	-0.01	-0.52	0.033	0.04882
0.52445	-3.27938	0.33563	0.677	-0.011	-0.526	0.034	0.05022
0.54543	-3.27384	0.33726	0.678	-0.012	-0.528	0.035	0.05162
0.56641	-3.27054	0.3345	0.679	-0.014	-0.524	0.035	0.05155
0.58739	-3.26959	0.33422	0.679	-0.035	0.173	0.018	0.02651
0.58739	-3.26959	0.33422	0.679	-0.035	0.173	0.018	0.02651
0.60836	-3.27053	0.33605	0.679	0.009	0.542	-0.032	-0.04713
0.62934	-3.27383	0.33779	0.678	0.01	0.537	-0.033	-0.04867
0.65032	-3.27938	0.3383	0.677	0.01	0.531	-0.033	-0.04874
0.6713	-3.2869	0.33875	0.676	0.009	0.523	-0.032	-0.04734
0.69228	-3.29602	0.34026	0.674	0.009	0.511	-0.03	-0.04451
0.71325	-3.30629	0.33847	0.672	0.008	0.495	-0.027	-0.04018
0.73423	-3.31717	0.33938	0.67	0.008	0.473	-0.025	-0.03731
0.75521	-3.32812	0.3362	0.667	0.007	0.445	-0.022	-0.03298
0.77619	-3.33864	0.33242	0.665	0.007	0.41	-0.021	-0.03158
0.79717	-3.34827	0.33107	0.663	0.007	0.368	-0.022	-0.03318
0.81814	-3.35672	0.32996	0.661	0.007	0.318	-0.025	-0.03782
0.83912	-3.36386	0.32988	0.66	0.007	0.263	-0.032	-0.04848
0.8601	-3.3698	0.32745	0.659	0.007	0.205	-0.042	-0.06373
0.88108	-3.37483	0.32923	0.658	0.007	0.144	-0.057	-0.08663
0.90206	-3.37936	0.33366	0.658	0.007	0.085	-0.076	-0.1155
0.92303	-3.38385	0.3336	0.658	0.007	0.028	-0.101	-0.1535
0.94401	-3.38872	0.33544	0.658	0.006	-0.021	-0.133	-0.20213
0.96499	-3.39424	0.33428	0.657	0.005	-0.056	-0.173	-0.26332
0.98597	-3.40044	0.32495	0.657	-0.001	-0.022	-0.199	-0.30289
1.00695	-3.40653	0.29743	0.655	-0.006	0.109	0.036	0.05496
1.02792	-3.41232	0.27028	0.654	-0.003	0.088	0.1	0.15291
1.0489	-3.41629	0.2111	0.652	0.001	-0.011	0.116	0.17791
1.06988	-3.42031	0.25457	0.661	-0.001	-0.035	0.011	0.01664
1.09086	-3.4381	0.40968	0.66	0.002	-0.036	-0.051	-0.07727
1.11184	-3.45302	0.39211	0.658	0.003	0.004	-0.069	-0.10486
1.13281	-3.46405	0.37598	0.658	0.011	0.042	-0.085	-0.12918
1.15379	-3.47238	0.36367	0.657	0.019	0.048	-0.097	-0.14764
1.17477	-3.47771	0.21052	0.656	0.289	0.013	-0.048	-0.07317
	BAND	=	60				--
#	BAND	=	0	0	60	60	--
0	-3.44773	0.12328	0.656	0.085	-0.113	0.094	0.14329
0.02098	-3.45156	0.13177	0.657	-0.001	-0.033	0.061	0.09285
0.04196	-3.45013	0.14441	0.658	-0.001	-0.029	0.022	0.03343
0.06293	-3.44415	0.16196	0.66	-0.002	-0.014	-0.018	-0.02727
0.08391	-3.44123	0.51031	0.655	0.001	-0.018	0.134	0.20458
0.10489	-3.43338	0.41098	0.665	0.002	0.019	0.014	0.02105
0.12587	-3.41494	0.27487	0.668	0.017	-0.022	0.023	0.03443
0.14685	-3.39643	0.27589	0.669	0.006	-0.049	-0.015	-0.02242
0.16782	-3.38106	0.30041	0.668	0	-0.088	-0.07	-0.10479
0.1888	-3.36924	0.32179	0.667	0.001	-0.068	-0.088	-0.13193
0.20978	-3.35987	0.33187	0.666	0.002	-0.024	-0.082	-0.12312
0.23076	-3.35212	0.3369	0.665	0.002	0.029	-0.066	-0.09925
0.25174	-3.34538	0.3376	0.665	0.003	0.088	-0.045	-0.06767
0.27271	-3.33905	0.33461	0.665	0.003	0.149	-0.022	-0.03308
0.29369	-3.33261	0.33363	0.666	0.004	0.209	-0.003	-0.0045
0.31467	-3.32566	0.33084	0.667	0.004	0.265	0.01	0.01499
0.33565	-3.318	0.32734	0.668	0.005	0.314	0.017	0.02545
0.35663	-3.3096	0.32639	0.67	0.005	0.355	0.019	0.02836
0.3776	-3.30055	0.32559	0.672	0.005	0.388	0.017	0.0253
0.39858	-3.29108	0.32337	0.674	0.006	0.413	0.014	0.02077
0.41956	-3.28149	0.32394	0.676	0.007	0.432	0.01	0.01479
0.44054	-3.27217	0.32198	0.679	0.009	0.445	0.007	0.01031
0.46152	-3.26353	0.31891	0.681	0.012	0.452	0.005	0.00734
0.4825	-3.25603	0.30974	0.684	0.023	0.433	0.009	0.01316
0.50347	-3.25114	0.3983	0.691	0.004	-0.297	0.041	0.05933
0.52445	-3.24995	0.40454	0.697	-0.006	-0.293	0.063	0.09039
0.54543	-3.25046	0.38452	0.7	-0.004	-0.268	0.078	0.11143
0.56641	-3.25105	0.37369	0.7	-0.002	-0.247	0.094	0.13429
0.58739	-3.25122	0.36391	0.701	-0.017	0.149	0.147	0.2097
0.58739	-3.25122	0.36391	0.701	-0.017	0.149	0.147	0.2097
0.60836	-3.25105	0.37539	0.7	-0.002	0.283	-0.057	-0.08143
0.62934	-3.25046	0.38801	0.7	0.002	0.282	-0.063	-0.09
0.65032	-3.24996	0.40704	0.697	0.005	0.3	-0.057	-0.08178
0.6713	-3.25116	0.39917	0.691	-0.004	0.299	-0.04	-0.05789
0.69228	-3.25604	0.30966	0.684	-0.023	-0.428	-0.009	-0.01316
0.71325	-3.26353	0.31903	0.681	-0.012	-0.452	-0.006	-0.00881
0.73423	-3.27217	0.32181	0.679	-0.009	-0.445	-0.008	-0.01178
0.75521	-3.28149	0.32477	0.676	-0.007	-0.432	-0.011	-0.01627
0.77619	-3.29107	0.32409	0.674	-0.006	-0.413	-0.015	-0.02226
0.79717	-3.30054	0.32455	0.672	-0.005	-0.388	-0.018	-0.02679
0.81814	-3.30959	0.32623	0.67	-0.005	-0.354	-0.02	-0.02985
0.83912	-3.31799	0.32734	0.668	-0.004	-0.314	-0.018	-0.02695
0.8601	-3.32564	0.33084	0.667	-0.004	-0.265	-0.011	-0.01649
0.88108	-3.33259	0.33367	0.666	-0.004	-0.209	0.002	0.003
0.90206	-3.33903	0.33397	0.665	-0.003	-0.148	0.021	0.03158
0.92303	-3.34535	0.33673	0.665	-0.003	-0.087	0.044	0.06617
0.94401	-3.3521	0.33778	0.665	-0.003	-0.028	0.065	0.09774
0.96499	-3.35985	0.33187	0.666	-0.002	0.025	0.082	0.12312
0.98597	-3.36923	0.32251	0.667	-0.002	0.069	0.087	0.13043
1.00695	-3.38105	0.30041	0.668	0	0.09	0.07	0.10479
1.02792	-3.39642	0.27558	0.669	-0.005	0.054	0.016	0.02392
1.0489	-3.41493	0.27173	0.668	-0.016	0.027	-0.022	-0.03293
1.06988	-3.4334	0.41336	0.665	-0.001	-0.02	-0.014	-0.02105
1.09086	-3.44132	0.51031	0.655	-0.001	0.019	-0.134	-0.20458
1.11184	-3.44413	0.16184	0.66	0.002	0.014	0.018	0.02727
1.13281	-3.45013	0.14441	0.658	0.001	0.029	-0.022	-0.03343
1.15379	-3.45156	0.13177	0.657	0.001	0.032	-0.061	-0.09285
1.17477	-3.44773	0.12328	0.656	0.085	-0.113	0.094	0.14329
	BAND	=	61				--
#	BAND	=	0	0	61	61	--
0	-3.43272	0.12328	0.656	-0.085	0.113	-0.094	-0.14329
0.02098	-3.42704	0.53206	0.655	0.001	0.015	-0.04	-0.06107
0.04196	-3.42889	0.52987	0.655	0.001	0.015	0.008	0.01221
0.06293	-3.4278	0.52322	0.655	0.003	0.003	0.077	0.11756
0.08391	-3.42136	0.17198	0.66	0	0.005	-0.064	-0.09697
0.10489	-3.41652	0.17757	0.658	-0.006	0.008	-0.1	-0.15198
0.12587	-3.39907	0.40074	0.668	-0.018	0.03	-0.015	-0.02246
0.14685	-3.38027	0.40284	0.669	-0.006	0.057	0.018	0.02691
0.16782	-3.36408	0.37765	0.669	0.001	0.095	0.064	0.09567
0.1888	-3.35087	0.35534	0.668	-0.001	0.072	0.075	0.11228
0.20978	-3.33995	0.34289	0.667	-0.002	0.021	0.069	0.10345
0.23076	-3.33088	0.33586	0.666	-0.002	-0.037	0.057	0.08559
0.25174	-3.32325	0.333	0.666	-0.002	-0.098	0.041	0.06156
0.27271	-3.31656	0.33175	0.665	-0.002	-0.158	0.025	0.03759
0.29369	-3.31022	0.32976	0.666	-0.003	-0.216	0.01	0.01502
0.31467	-3.30368	0.33574	0.666	-0.003	-0.268	-0.001	-0.0015
0.33565	-3.29662	0.33887	0.668	-0.004	-0.315	-0.008	-0.01198
0.35663	-3.28888	0.33904	0.669	-0.004	-0.354	-0.011	-0.01644
0.3776	-3.28052	0.34229	0.671	-0.005	-0.386	-0.011	-0.01639
0.39858	-3.27175	0.3467	0.674	-0.006	-0.41	-0.009	-0.01335
0.41956	-3.2629	0.35103	0.676	-0.007	-0.428	-0.006	-0.00888
0.44054	-3.25438	0.35714	0.679	-0.009	-0.439	-0.003	-0.00442
0.46152	-3.24665	0.36937	0.682	-0.013	-0.442	-0.001	-0.00147
0.4825	-3.24023	0.39137	0.685	-0.023	-0.416	0	0
0.50347	-3.23527	0.30246	0.689	-0.002	0.323	-0.029	-0.04209
0.52445	-3.23368	0.30847	0.699	0.01	0.281	-0.066	-0.09442
0.54543	-3.23476	0.33981	0.7	0.005	0.258	-0.08	-0.11429
0.56641	-3.23575	0.35446	0.701	0.003	0.243	-0.094	-0.13409
0.58739	-3.23618	0.36371	0.701	0.017	-0.149	-0.147	-0.2097
0.58739	-3.23618	0.36371	0.701	0.017	-0.149	-0.147	-0.2097
0.60836	-3.23575	0.35249	0.701	0.002	-0.279	0.057	0.08131
0.62934	-3.23476	0.338	0.7	-0.003	-0.273	0.065	0.09286
0.65032	-3.23368	0.30732	0.699	-0.008	-0.288	0.06	0.08584
0.6713	-3.23526	0.30266	0.689	0.002	-0.325	0.029	0.04209
0.69228	-3.24023	0.39021	0.685	0.023	0.411	0.001	0.00146
0.71325	-3.24665	0.36933	0.682	0.013	0.442	0.001	0.00147
0.73423	-3.25438	0.35869	0.679	0.009	0.439	0.004	0.00589
0.75521	-3.26291	0.35131	0.676	0.007	0.428	0.007	0.01036
0.77619	-3.27176	0.34586	0.674	0.006	0.41	0.009	0.01335
0.79717	-3.28053	0.34062	0.671	0.005	0.386	0.011	0.01639
0.81814	-3.28889	0.33853	0.669	0.004	0.354	0.012	0.01794
0.83912	-3.29663	0.33867	0.668	0.004	0.314	0.009	0.01347
0.8601	-3.30369	0.33542	0.666	0.003	0.268	0.002	0.003
0.88108	-3.31023	0.33028	0.666	0.002	0.215	-0.009	-0.01351
0.90206	-3.31658	0.33175	0.665	0.002	0.157	-0.024	-0.03609
0.92303	-3.32327	0.33316	0.666	0.002	0.097	-0.04	-0.06006
0.94401	-3.3309	0.3359	0.666	0.002	0.036	-0.056	-0.08408
0.96499	-3.33998	0.34269	0.667	0.002	-0.022	-0.069	-0.10345
0.98597	-3.35089	0.35462	0.668	0.001	-0.073	-0.075	-0.11228
1.00695	-3.36409	0.37742	0.669	-0.001	-0.098	-0.065	-0.09716
1.02792	-3.38028	0.40308	0.669	0.004	-0.062	-0.019	-0.0284
1.0489	-3.39907	0.40065	0.668	0.016	-0.034	0.014	0.02096
1.06988	-3.41645	0.17709	0.658	0.004	-0.008	0.101	0.1535
1.09086	-3.42132	0.17185	0.66	-0.001	-0.005	0.063	0.09545
1.11184	-3.42787	0.52394	0.655	-0.003	-0.002	-0.078	-0.11908
1.13281	-3.42893	0.53083	0.655	-0.001	-0.014	-0.01	-0.01527
1.15379	-3.42706	0.5313	0.655	0	-0.014	0.039	0.05954
1.17477	-3.43272	0.12328	0.656	-0.085	0.113	-0.094	-0.14329
	BAND	=	62				--
#	BAND	=	0	0	62	62	--
0	-3.43639	0.53753	0.654	0.103	0.096	-0.103	-0.15749
0.02098	-3.4392	0.1187	0.657	0.002	0.008	-0.098	-0.14916
0.04196	-3.42701	0.1178	0.658	0.001	-0.013	-0.101	-0.1535
0.06293	-3.41215	0.11857	0.659	0	-0.035	-0.102	-0.15478
0.08391	-3.40685	0.533	0.653	-0.002	-0.053	0.003	0.00459
0.10489	-3.40404	0.13935	0.657	-0.004	0.093	-0.013	-0.01979
0.12587	-3.3944	0.1857	0.664	-0.002	0.06	0.009	0.01355
0.14685	-3.38022	0.23131	0.667	-0.005	0.014	-0.013	-0.01949
0.16782	-3.36374	0.35881	0.671	-0.006	-0.088	-0.038	-0.05663
0.1888	-3.34652	0.39967	0.673	0.001	-0.085	-0.009	-0.01337
0.20978	-3.32995	0.38996	0.676	0.001	-0.047	0.005	0.0074
0.23076	-3.31506	0.38104	0.677	-0.002	0.003	0.01	0.01477
0.25174	-3.30215	0.37066	0.677	-0.004	0.064	0.016	0.02363
0.27271	-3.29102	0.36267	0.677	-0.005	0.129	0.024	0.03545
0.29369	-3.28123	0.35665	0.678	-0.006	0.186	0.032	0.0472
0.31467	-3.2724	0.35534	0.679	-0.005	0.231	0.037	0.05449
0.33565	-3.26436	0.35529	0.68	-0.004	0.263	0.039	0.05735
0.35663	-3.25711	0.35838	0.682	-0.002	0.283	0.04	0.05865
0.3776	-3.25086	0.36587	0.685	0.001	0.289	0.043	0.06277
0.39858	-3.24593	0.37243	0.688	0.007	0.283	0.048	0.06977
0.41956	-3.24269	0.37956	0.691	0.016	0.271	0.056	0.08104
0.44054	-3.24129	0.38794	0.694	0.028	0.282	0.049	0.07061
0.46152	-3.24151	0.3973	0.696	0.029	0.297	0.007	0.01006
0.4825	-3.24275	0.40355	0.697	0.016	0.291	-0.028	-0.04017
0.50347	-3.24402	0.42744	0.694	0.004	0.317	-0.03	-0.04323
0.52445	-3.24273	0.40965	0.688	0	0.414	0.002	0.00291
0.54543	-3.23991	0.37096	0.688	0.004	0.436	0.008	0.01163
0.56641	-3.23797	0.35023	0.689	0.007	0.435	0.01	0.01451
0.58739	-3.23716	0.3348	0.689	0.011	0.062	0.048	0.06967
0.58739	-3.23716	0.3348	0.689	0.011	0.062	0.048	0.06967
0.60836	-3.23796	0.35117	0.689	-0.006	-0.446	-0.007	-0.01016
0.62934	-3.2399	0.37255	0.688	-0.004	-0.44	-0.007	-0.01017
0.65032	-3.24271	0.4116	0.688	0.001	-0.416	-0.002	-0.00291
0.6713	-3.244	0.42769	0.694	-0.004	-0.315	0.03	0.04323
0.69228	-3.24274	0.40321	0.697	-0.017	-0.286	0.033	0.04735
0.71325	-3.24149	0.3965	0.696	-0.031	-0.295	0.002	0.00287
0.73423	-3.24126	0.38876	0.694	-0.032	-0.286	-0.045	-0.06484
0.75521	-3.24265	0.37916	0.691	-0.018	-0.274	-0.054	-0.07815
0.77619	-3.24589	0.37303	0.688	-0.007	-0.285	-0.048	-0.06977
0.79717	-3.25083	0.36631	0.685	-0.001	-0.291	-0.042	-0.06131
0.81814	-3.25709	0.35866	0.682	0.003	-0.283	-0.04	-0.05865
0.83912	-3.26434	0.35529	0.68	0.005	-0.263	-0.039	-0.05735
0.8601	-3.27238	0.35561	0.679	0.007	-0.231	-0.037	-0.05449
0.88108	-3.2812	0.35537	0.678	0.007	-0.186	-0.032	-0.0472
0.90206	-3.29099	0.36267	0.677	0.007	-0.129	-0.024	-0.03545
0.92303	-3.30212	0.36978	0.677	0.005	-0.064	-0.016	-0.02363
0.94401	-3.31503	0.38104	0.677	0.003	-0.003	-0.01	-0.01477
0.96499	-3.32992	0.38908	0.676	0	0.047	-0.005	-0.0074
0.98597	-3.34649	0.40027	0.673	0.001	0.085	0.009	0.01337
1.00695	-3.36373	0.3581	0.671	0.007	0.088	0.038	0.05663
1.02792	-3.38023	0.23183	0.667	0.005	-0.013	0.013	0.01949
1.0489	-3.39441	0.1857	0.664	0.002	-0.06	-0.009	-0.01355
1.06988	-3.40403	0.13891	0.657	0.004	-0.093	0.013	0.01979
1.09086	-3.40696	0.53371	0.653	0.003	0.053	-0.001	-0.00153
1.11184	-3.41215	0.11894	0.659	0	0.035	0.102	0.15478
1.13281	-3.42701	0.1178	0.658	-0.001	0.013	0.101	0.1535
1.15379	-3.43921	0.1187	0.657	-0.002	-0.007	0.097	0.14764
1.17477	-3.43639	0.53753	0.654	0.103	0.096	-0.103	-0.15749
	BAND	=	63				--
#	BAND	=	0	0	63	63	--
0	-3.4213	0.53841	0.654	-0.103	-0.096	0.103	0.15749
0.02098	-3.41218	0.54014	0.655	-0.001	0.009	0.087	0.13282
0.04196	-3.40085	0.5408	0.654	-0.001	0.026	0.099	0.15138
0.06293	-3.3927	0.5443	0.651	-0.002	-0.006	0.08	0.12289
0.08391	-3.38917	0.08209	0.649	-0.007	0.106	-0.078	-0.12018
0.10489	-3.38662	0.50098	0.658	-0.002	-0.056	-0.041	-0.06231
0.12587	-3.37658	0.47901	0.662	-0.001	-0.044	-0.046	-0.06949
0.14685	-3.36356	0.44224	0.666	0.002	-0.006	-0.019	-0.02853
0.16782	-3.34765	0.31672	0.671	0.004	0.091	0.012	0.01788
0.1888	-3.32985	0.27757	0.674	-0.001	0.092	-0.01	-0.01484
0.20978	-3.31246	0.28241	0.676	-0.001	0.062	-0.019	-0.02811
0.23076	-3.29674	0.29551	0.678	0.002	0.021	-0.02	-0.0295
0.25174	-3.28319	0.30204	0.678	0.005	-0.035	-0.019	-0.02802
0.27271	-3.2718	0.30839	0.678	0.006	-0.101	-0.022	-0.03245
0.29369	-3.26211	0.31303	0.678	0.007	-0.162	-0.027	-0.03982
0.31467	-3.25363	0.31717	0.679	0.006	-0.211	-0.032	-0.04713
0.33565	-3.24607	0.31796	0.681	0.005	-0.245	-0.036	-0.05286
0.35663	-3.23936	0.31848	0.683	0.003	-0.265	-0.039	-0.0571
0.3776	-3.23367	0.31589	0.685	-0.001	-0.271	-0.043	-0.06277
0.39858	-3.22935	0.31302	0.688	-0.007	-0.264	-0.051	-0.07413
0.41956	-3.22665	0.31204	0.691	-0.016	-0.255	-0.061	-0.08828
0.44054	-3.22559	0.3039	0.694	-0.028	-0.271	-0.055	-0.07925
0.46152	-3.22579	0.29315	0.695	-0.028	-0.294	-0.015	-0.02158
0.4825	-3.22658	0.27835	0.695	-0.016	-0.298	0.016	0.02302
0.50347	-3.22689	0.25847	0.693	-0.006	-0.335	0.014	0.0202
0.52445	-3.2256	0.26691	0.689	-0.003	-0.395	-0.002	-0.0029
0.54543	-3.22369	0.29252	0.689	-0.005	-0.423	-0.009	-0.01306
0.56641	-3.22242	0.31604	0.689	-0.007	-0.43	-0.011	-0.01597
0.58739	-3.22214	0.33424	0.689	-0.011	-0.062	-0.048	-0.06967
0.58739	-3.22214	0.33424	0.689	-0.011	-0.062	-0.048	-0.06967
0.60836	-3.22243	0.31473	0.689	0.006	0.44	0.007	0.01016
0.62934	-3.2237	0.29353	0.689	0.005	0.427	0.007	0.01016
0.65032	-3.2256	0.26731	0.689	0.003	0.397	0.002	0.0029
0.6713	-3.2269	0.25735	0.693	0.005	0.334	-0.016	-0.02309
0.69228	-3.22659	0.27938	0.695	0.016	0.293	-0.021	-0.03022
0.71325	-3.22581	0.29295	0.695	0.031	0.291	0.006	0.00863
0.73423	-3.22562	0.30375	0.694	0.032	0.275	0.051	0.07349
0.75521	-3.22668	0.31149	0.691	0.017	0.258	0.06	0.08683
0.77619	-3.22937	0.31263	0.688	0.007	0.266	0.051	0.07413
0.79717	-3.2337	0.31597	0.685	0	0.272	0.043	0.06277
0.81814	-3.23938	0.31709	0.683	-0.004	0.265	0.039	0.0571
0.83912	-3.24609	0.31652	0.681	-0.006	0.245	0.036	0.05286
0.8601	-3.25366	0.3165	0.679	-0.007	0.211	0.033	0.0486
0.88108	-3.26214	0.31319	0.678	-0.008	0.162	0.028	0.0413
0.90206	-3.27182	0.30683	0.678	-0.008	0.1	0.022	0.03245
0.92303	-3.28321	0.30204	0.678	-0.006	0.035	0.019	0.02802
0.94401	-3.29676	0.29551	0.677	-0.004	-0.022	0.02	0.02954
0.96499	-3.31247	0.28241	0.676	0	-0.062	0.02	0.02959
0.98597	-3.32986	0.27766	0.674	0	-0.092	0.01	0.01484
1.00695	-3.34767	0.31978	0.671	-0.005	-0.091	-0.013	-0.01937
1.02792	-3.36357	0.44296	0.666	-0.002	0.006	0.019	0.02853
1.0489	-3.37661	0.47901	0.662	0.002	0.044	0.046	0.06949
1.06988	-3.38668	0.50253	0.658	0.003	0.056	0.042	0.06383
1.09086	-3.3891	0.0821	0.649	0.007	-0.107	0.078	0.12018
1.11184	-3.39281	0.54669	0.651	0.003	0.006	-0.078	-0.11982
1.13281	-3.4009	0.5408	0.654	0.001	-0.027	-0.098	-0.14985
1.15379	-3.41221	0.53994	0.655	0	-0.01	-0.086	-0.1313
1.17477	-3.4213	0.53841	0.654	-0.103	-0.096	0.103	0.15749
	BAND	=	64				--
#	BAND	=	0	0	64	64	--
0	-3.36724	0.5951	0.651	-0.14	-0.015	-0.027	-0.04147
0.02098	-3.37961	0.59073	0.651	-0.002	-0.063	0.078	0.11982
0.04196	-3.3902	0.58754	0.651	-0.001	-0.076	0.065	0.09985
0.06293	-3.39584	0.05842	0.649	-0.006	0.112	-0.075	-0.11556
0.08391	-3.39524	0.1184	0.662	0.001	-0.038	-0.076	-0.1148
0.10489	-3.37753	0.12279	0.663	-0.002	-0.059	-0.077	-0.11614
0.12587	-3.35932	0.12694	0.665	-0.004	-0.07	-0.068	-0.10226
0.14685	-3.34127	0.13023	0.667	-0.006	-0.075	-0.055	-0.08246
0.16782	-3.32393	0.13353	0.669	-0.008	-0.071	-0.037	-0.05531
0.1888	-3.30782	0.13951	0.67	-0.01	-0.057	-0.012	-0.01791
0.20978	-3.29338	0.14461	0.672	-0.012	-0.027	0.02	0.02976
0.23076	-3.28073	0.15096	0.673	-0.013	0.012	0.047	0.06984
0.25174	-3.26946	0.16213	0.675	-0.012	0.053	0.058	0.08593
0.27271	-3.25914	0.17239	0.678	-0.01	0.091	0.053	0.07817
0.29369	-3.24966	0.18212	0.681	-0.008	0.126	0.045	0.06608
0.31467	-3.24124	0.1883	0.683	-0.007	0.156	0.039	0.0571
0.33565	-3.23408	0.19108	0.685	-0.006	0.183	0.036	0.05255
0.35663	-3.22818	0.18649	0.686	-0.005	0.209	0.035	0.05102
0.3776	-3.22339	0.17922	0.687	-0.004	0.235	0.035	0.05095
0.39858	-3.21931	0.1687	0.688	-0.004	0.264	0.035	0.05087
0.41956	-3.21543	0.15885	0.688	-0.003	0.294	0.033	0.04797
0.44054	-3.21135	0.14949	0.688	-0.003	0.323	0.029	0.04215
0.46152	-3.20694	0.1444	0.688	-0.003	0.347	0.025	0.03634
0.4825	-3.20227	0.13999	0.688	-0.003	0.366	0.021	0.03052
0.50347	-3.19749	0.13543	0.688	-0.003	0.381	0.017	0.02471
0.52445	-3.19273	0.13106	0.688	-0.003	0.392	0.014	0.02035
0.54543	-3.1882	0.12796	0.688	-0.002	0.402	0.011	0.01599
0.56641	-3.18411	0.12689	0.688	-0.002	0.407	0.009	0.01308
0.58739	-3.18069	0.12586	0.688	-0.012	-0.367	0.014	0.02035
0.58739	-3.18069	0.12586	0.688	-0.012	-0.367	0.014	0.02035
0.60836	-3.18412	0.12689	0.688	0.002	-0.408	-0.009	-0.01308
0.62934	-3.18821	0.12796	0.688	0.002	-0.402	-0.011	-0.01599
0.65032	-3.19275	0.13106	0.688	0.003	-0.392	-0.014	-0.02035
0.6713	-3.19751	0.13543	0.688	0.003	-0.381	-0.017	-0.02471
0.69228	-3.20229	0.13999	0.688	0.003	-0.366	-0.021	-0.03052
0.71325	-3.20696	0.1444	0.688	0.003	-0.347	-0.025	-0.03634
0.73423	-3.21137	0.14949	0.688	0.003	-0.323	-0.029	-0.04215
0.75521	-3.21546	0.15885	0.688	0.003	-0.294	-0.033	-0.04797
0.77619	-3.21934	0.1687	0.688	0.004	-0.264	-0.035	-0.05087
0.79717	-3.22341	0.1797	0.687	0.004	-0.235	-0.035	-0.05095
0.81814	-3.2282	0.18712	0.686	0.005	-0.209	-0.035	-0.05102
0.83912	-3.2341	0.19083	0.685	0.006	-0.183	-0.036	-0.05255
0.8601	-3.24126	0.1883	0.683	0.007	-0.156	-0.039	-0.0571
0.88108	-3.24968	0.18212	0.681	0.009	-0.126	-0.045	-0.06608
0.90206	-3.25916	0.17239	0.678	0.01	-0.091	-0.053	-0.07817
0.92303	-3.26949	0.16125	0.675	0.012	-0.053	-0.058	-0.08593
0.94401	-3.28076	0.15096	0.673	0.013	-0.012	-0.047	-0.06984
0.96499	-3.29341	0.14373	0.672	0.013	0.027	-0.02	-0.02976
0.98597	-3.30784	0.13935	0.67	0.011	0.057	0.011	0.01642
1.00695	-3.32394	0.13353	0.669	0.009	0.072	0.037	0.05531
1.02792	-3.34128	0.13023	0.667	0.007	0.075	0.055	0.08246
1.0489	-3.35933	0.12694	0.665	0.004	0.07	0.068	0.10226
1.06988	-3.37753	0.12279	0.663	0.002	0.06	0.077	0.11614
1.09086	-3.39524	0.11888	0.662	0	0.039	0.076	0.1148
1.11184	-3.39575	0.05797	0.649	0.006	-0.112	0.076	0.1171
1.13281	-3.39036	0.58734	0.651	-0.001	0.076	-0.064	-0.09831
1.15379	-3.37979	0.5914	0.651	-0.001	0.062	-0.077	-0.11828
1.17477	-3.36724	0.5951	0.651	-0.14	-0.015	-0.027	-0.04147
	BAND	=	65				--
#	BAND	=	0	0	65	65	--
0	-3.35191	0.59384	0.651	0.14	0.015	0.028	0.04301
0.02098	-3.35717	0.05326	0.651	-0.01	0.079	-0.059	-0.09063
0.04196	-3.36956	0.05371	0.65	-0.008	0.095	-0.072	-0.11077
0.06293	-3.37751	0.56802	0.656	0.001	-0.037	0.054	0.08232
0.08391	-3.36522	0.54983	0.659	0	0.025	0.075	0.11381
0.10489	-3.34887	0.54749	0.661	0	0.048	0.08	0.12103
0.12587	-3.33166	0.54651	0.662	0	0.06	0.078	0.11782
0.14685	-3.31445	0.54219	0.664	0	0.063	0.072	0.10843
0.16782	-3.29788	0.54192	0.665	0	0.056	0.06	0.09023
0.1888	-3.2826	0.53936	0.667	0.001	0.028	0.036	0.05397
0.20978	-3.2693	0.53693	0.668	0.001	-0.025	-0.003	-0.00449
0.23076	-3.25803	0.53367	0.669	0.002	-0.082	-0.037	-0.05531
0.25174	-3.24798	0.52688	0.671	0.002	-0.122	-0.05	-0.07452
0.27271	-3.23851	0.52155	0.674	0.001	-0.15	-0.049	-0.0727
0.29369	-3.22959	0.51772	0.676	0.001	-0.174	-0.043	-0.06361
0.31467	-3.22148	0.51269	0.679	0.001	-0.198	-0.038	-0.05596
0.33565	-3.21433	0.51408	0.68	0.001	-0.223	-0.035	-0.05147
0.35663	-3.20809	0.51936	0.682	0.001	-0.249	-0.032	-0.04692
0.3776	-3.20253	0.52682	0.682	0.001	-0.278	-0.029	-0.04252
0.39858	-3.19725	0.53317	0.682	0	-0.309	-0.025	-0.03666
0.41956	-3.19184	0.54173	0.682	0	-0.339	-0.02	-0.02933
0.44054	-3.18609	0.54926	0.682	0	-0.365	-0.015	-0.02199
0.46152	-3.18002	0.55133	0.682	0	-0.386	-0.009	-0.0132
0.4825	-3.17381	0.5581	0.683	0	-0.401	-0.005	-0.00732
0.50347	-3.16772	0.56124	0.683	0	-0.412	-0.001	-0.00146
0.52445	-3.16217	0.51875	0.684	0	-0.411	0	0
0.54543	-3.16138	0.14255	0.688	0.002	-0.402	-0.008	-0.01163
0.56641	-3.16307	0.12612	0.688	0.002	-0.408	-0.008	-0.01163
0.58739	-3.16567	0.12586	0.688	0.012	0.367	-0.014	-0.02035
0.58739	-3.16567	0.12586	0.688	0.012	0.367	-0.014	-0.02035
0.60836	-3.16306	0.12612	0.688	-0.002	0.408	0.007	0.01017
0.62934	-3.16137	0.14167	0.688	-0.002	0.402	0.008	0.01163
0.65032	-3.16212	0.51689	0.684	-0.001	0.411	0.001	0.00146
0.6713	-3.16766	0.56124	0.683	0	0.412	0.001	0.00146
0.69228	-3.17377	0.5581	0.683	0	0.401	0.005	0.00732
0.71325	-3.17999	0.55173	0.682	0	0.386	0.009	0.0132
0.73423	-3.18607	0.54938	0.682	0	0.365	0.015	0.02199
0.75521	-3.19183	0.54257	0.682	0	0.339	0.02	0.02933
0.77619	-3.19724	0.53405	0.682	0	0.309	0.026	0.03812
0.79717	-3.20253	0.52682	0.682	-0.001	0.278	0.03	0.04399
0.81814	-3.2081	0.51936	0.682	-0.001	0.249	0.032	0.04692
0.83912	-3.21434	0.51408	0.68	-0.001	0.223	0.035	0.05147
0.8601	-3.22149	0.51441	0.679	-0.001	0.198	0.038	0.05596
0.88108	-3.22959	0.5172	0.676	-0.001	0.174	0.043	0.06361
0.90206	-3.2385	0.52155	0.674	-0.001	0.15	0.049	0.0727
0.92303	-3.24798	0.52771	0.671	-0.001	0.121	0.05	0.07452
0.94401	-3.25805	0.53363	0.669	-0.001	0.081	0.037	0.05531
0.96499	-3.26934	0.53736	0.668	-0.001	0.024	0.002	0.00299
0.98597	-3.28268	0.53931	0.667	-0.001	-0.029	-0.036	-0.05397
1.00695	-3.29797	0.54263	0.665	-0.001	-0.056	-0.06	-0.09023
1.02792	-3.31455	0.54219	0.664	-0.001	-0.064	-0.072	-0.10843
1.0489	-3.33175	0.54651	0.662	-0.001	-0.06	-0.078	-0.11782
1.06988	-3.34896	0.54653	0.661	-0.001	-0.048	-0.08	-0.12103
1.09086	-3.3653	0.54983	0.659	-0.001	-0.025	-0.075	-0.11381
1.11184	-3.37762	0.56702	0.656	-0.002	0.036	-0.054	-0.08232
1.13281	-3.36946	0.05371	0.65	0.007	-0.095	0.072	0.11077
1.15379	-3.35706	0.05326	0.651	0.006	-0.079	0.059	0.09063
1.17477	-3.35191	0.59384	0.651	0.14	0.015	0.028	0.04301
	BAND	=	66				--
#	BAND	=	0	0	66	66	--
0	-3.35957	0.0539	0.653	-0.309	0.042	-0.017	-0.02603
0.02098	-3.35401	0.59233	0.653	0.002	0.032	-0.075	-0.11485
0.04196	-3.34103	0.59187	0.654	0.001	0.016	-0.074	-0.11315
0.06293	-3.32867	0.58968	0.655	0.001	0.002	-0.081	-0.12366
0.08391	-3.31725	0.58879	0.656	0.001	-0.01	-0.094	-0.14329
0.10489	-3.30693	0.58484	0.657	0	-0.019	-0.116	-0.17656
0.12587	-3.2977	0.5801	0.658	0	-0.025	-0.14	-0.21277
0.14685	-3.28937	0.57841	0.659	0	-0.026	-0.159	-0.24127
0.16782	-3.28144	0.57388	0.66	0	-0.019	-0.165	-0.25
0.1888	-3.2731	0.56854	0.662	-0.001	0.005	-0.146	-0.22054
0.20978	-3.26342	0.55796	0.664	-0.002	0.054	-0.1	-0.1506
0.23076	-3.25213	0.54974	0.667	-0.005	0.109	-0.049	-0.07346
0.25174	-3.24015	0.39846	0.67	-0.016	0.043	-0.007	-0.01045
0.27271	-3.22926	0.12916	0.673	0.004	-0.178	0.008	0.01189
0.29369	-3.21909	0.13292	0.676	0.005	-0.206	-0.002	-0.00296
0.31467	-3.20994	0.13424	0.678	0.004	-0.23	-0.008	-0.0118
0.33565	-3.20201	0.13593	0.68	0.003	-0.251	-0.011	-0.01618
0.35663	-3.19535	0.13672	0.681	0.003	-0.271	-0.013	-0.01909
0.3776	-3.18988	0.13571	0.682	0.002	-0.291	-0.015	-0.02199
0.39858	-3.18547	0.1336	0.683	0.002	-0.31	-0.015	-0.02196
0.41956	-3.18197	0.13195	0.684	0.002	-0.328	-0.015	-0.02193
0.44054	-3.17927	0.12872	0.685	0.002	-0.345	-0.015	-0.0219
0.46152	-3.17726	0.1253	0.685	0.002	-0.361	-0.014	-0.02044
0.4825	-3.1759	0.12269	0.686	0.002	-0.376	-0.012	-0.01749
0.50347	-3.17521	0.12237	0.686	0.002	-0.39	-0.01	-0.01458
0.52445	-3.17505	0.16682	0.686	0.001	-0.409	-0.007	-0.0102
0.54543	-3.17155	0.5461	0.683	0	-0.431	0.003	0.00439
0.56641	-3.16726	0.56131	0.684	-0.001	-0.432	0.003	0.00439
0.58739	-3.16394	0.56575	0.684	-0.038	-0.293	0.003	0.00439
0.58739	-3.16394	0.56575	0.684	-0.038	-0.293	0.003	0.00439
0.60836	-3.16718	0.56386	0.684	-0.001	0.432	-0.003	-0.00439
0.62934	-3.17148	0.54597	0.683	0	0.431	-0.003	-0.00439
0.65032	-3.17503	0.16896	0.686	-0.001	0.41	0.007	0.0102
0.6713	-3.1752	0.12261	0.686	-0.002	0.39	0.01	0.01458
0.69228	-3.17589	0.12269	0.686	-0.002	0.376	0.012	0.01749
0.71325	-3.17724	0.1253	0.685	-0.002	0.361	0.014	0.02044
0.73423	-3.17925	0.12872	0.685	-0.002	0.345	0.015	0.0219
0.75521	-3.18196	0.13195	0.684	-0.002	0.328	0.015	0.02193
0.77619	-3.18545	0.1336	0.683	-0.002	0.31	0.015	0.02196
0.79717	-3.18986	0.13571	0.682	-0.002	0.291	0.015	0.02199
0.81814	-3.19534	0.13697	0.681	-0.003	0.271	0.013	0.01909
0.83912	-3.202	0.13593	0.68	-0.003	0.251	0.011	0.01618
0.8601	-3.20992	0.13424	0.678	-0.004	0.23	0.008	0.0118
0.88108	-3.21907	0.13292	0.676	-0.005	0.206	0.002	0.00296
0.90206	-3.22925	0.12916	0.673	-0.004	0.178	-0.008	-0.01189
0.92303	-3.24017	0.44554	0.67	0.017	-0.076	0.012	0.01791
0.94401	-3.25214	0.54898	0.667	0.004	-0.108	0.05	0.07496
0.96499	-3.26337	0.55984	0.664	0.002	-0.053	0.101	0.15211
0.98597	-3.273	0.56886	0.662	0.001	-0.004	0.146	0.22054
1.00695	-3.28129	0.57484	0.66	0.001	0.02	0.165	0.25
1.02792	-3.28918	0.57765	0.659	0	0.027	0.159	0.24127
1.0489	-3.2975	0.58106	0.658	0	0.026	0.14	0.21277
1.06988	-3.30671	0.58484	0.657	0	0.02	0.116	0.17656
1.09086	-3.31703	0.58975	0.656	0	0.011	0.094	0.14329
1.11184	-3.32846	0.59063	0.655	0.001	-0.001	0.081	0.12366
1.13281	-3.34082	0.59099	0.654	0.001	-0.015	0.075	0.11468
1.15379	-3.35381	0.59234	0.653	0.002	-0.031	0.075	0.11485
1.17477	-3.35957	0.0539	0.653	-0.309	0.042	-0.017	-0.02603
	BAND	=	67				--
#	BAND	=	0	0	67	67	--
0	-3.34438	0.0539	0.653	0.309	-0.042	0.017	0.02603
0.02098	-3.33202	0.05603	0.654	0.011	-0.052	0.033	0.05046
0.04196	-3.32011	0.05856	0.656	0.01	-0.042	0.029	0.04421
0.06293	-3.30884	0.06164	0.657	0.01	-0.035	0.034	0.05175
0.08391	-3.29824	0.06459	0.658	0.01	-0.031	0.048	0.07295
0.10489	-3.28832	0.06782	0.659	0.01	-0.029	0.071	0.10774
0.12587	-3.27906	0.07124	0.66	0.01	-0.028	0.099	0.15
0.14685	-3.27041	0.07605	0.66	0.01	-0.029	0.124	0.18788
0.16782	-3.26222	0.08122	0.661	0.011	-0.033	0.139	0.21029
0.1888	-3.25407	0.08771	0.662	0.012	-0.045	0.134	0.20242
0.20978	-3.24535	0.09803	0.664	0.013	-0.069	0.106	0.15964
0.23076	-3.23559	0.11011	0.667	0.014	-0.104	0.066	0.09895
0.25174	-3.2249	0.26779	0.67	0.025	-0.035	0.022	0.03284
0.27271	-3.21326	0.54191	0.672	0.002	0.184	0.003	0.00446
0.29369	-3.2023	0.544	0.674	0	0.21	0.01	0.01484
0.31467	-3.19243	0.54355	0.676	0	0.232	0.015	0.02219
0.33565	-3.18372	0.54554	0.677	0	0.253	0.017	0.02511
0.35663	-3.17615	0.54833	0.678	0	0.273	0.019	0.02802
0.3776	-3.1696	0.54984	0.679	0	0.293	0.02	0.02946
0.39858	-3.16395	0.55264	0.68	0	0.312	0.02	0.02941
0.41956	-3.15907	0.55806	0.681	0	0.331	0.019	0.0279
0.44054	-3.1549	0.55858	0.681	0	0.349	0.017	0.02496
0.46152	-3.15141	0.56162	0.682	0	0.366	0.015	0.02199
0.4825	-3.14862	0.56724	0.682	0	0.382	0.012	0.0176
0.50347	-3.14664	0.56601	0.683	0	0.397	0.009	0.01318
0.52445	-3.14557	0.569	0.683	0	0.409	0.005	0.00732
0.54543	-3.14553	0.56881	0.683	0	0.419	0.002	0.00293
0.56641	-3.14661	0.56877	0.684	0.001	0.427	0	0
0.58739	-3.14882	0.56667	0.684	0.038	0.293	-0.003	-0.00439
0.58739	-3.14882	0.56667	0.684	0.038	0.293	-0.003	-0.00439
0.60836	-3.14669	0.56877	0.684	0.001	-0.427	0	0
0.62934	-3.14562	0.56881	0.683	0	-0.419	-0.002	-0.00293
0.65032	-3.14566	0.56805	0.683	0	-0.409	-0.005	-0.00732
0.6713	-3.14673	0.56701	0.683	0	-0.397	-0.009	-0.01318
0.69228	-3.14871	0.56724	0.682	0	-0.382	-0.012	-0.0176
0.71325	-3.1515	0.56237	0.682	0	-0.366	-0.015	-0.02199
0.73423	-3.15499	0.55934	0.681	0	-0.349	-0.017	-0.02496
0.75521	-3.15916	0.55878	0.681	0	-0.331	-0.019	-0.0279
0.77619	-3.16404	0.55168	0.68	0	-0.312	-0.02	-0.02941
0.79717	-3.16969	0.55084	0.679	0	-0.293	-0.02	-0.02946
0.81814	-3.17624	0.54686	0.678	0	-0.273	-0.019	-0.02802
0.83912	-3.18381	0.5447	0.677	0	-0.252	-0.017	-0.02511
0.8601	-3.19251	0.54355	0.676	0	-0.232	-0.015	-0.02219
0.88108	-3.20238	0.54416	0.674	-0.001	-0.21	-0.01	-0.01484
0.90206	-3.21333	0.53948	0.672	-0.003	-0.183	-0.003	-0.00446
0.92303	-3.22491	0.21956	0.67	-0.026	0.068	-0.027	-0.0403
0.94401	-3.23558	0.11039	0.667	-0.015	0.105	-0.066	-0.09895
0.96499	-3.24536	0.09803	0.664	-0.014	0.069	-0.105	-0.15813
0.98597	-3.2541	0.08771	0.662	-0.012	0.045	-0.133	-0.20091
1.00695	-3.26226	0.08138	0.661	-0.011	0.033	-0.139	-0.21029
1.02792	-3.27047	0.07621	0.66	-0.011	0.029	-0.124	-0.18788
1.0489	-3.27913	0.0714	0.66	-0.01	0.028	-0.099	-0.15
1.06988	-3.28841	0.06782	0.659	-0.01	0.028	-0.071	-0.10774
1.09086	-3.29833	0.06459	0.658	-0.009	0.031	-0.048	-0.07295
1.11184	-3.30894	0.06177	0.657	-0.009	0.035	-0.034	-0.05175
1.13281	-3.32022	0.05852	0.656	-0.008	0.042	-0.029	-0.04421
1.15379	-3.33213	0.05615	0.654	-0.007	0.052	-0.034	-0.05199
1.17477	-3.34438	0.0539	0.653	0.309	-0.042	0.017	0.02603
	BAND	=	68				--
#	BAND	=	0	0	68	68	--
0	-3.14486	0.63013	0.64	0.33	-0.255	-0.048	-0.075
0.02098	-3.15196	0.63149	0.639	0.015	0.199	-0.473	-0.74022
0.04196	-3.15739	0.62998	0.639	0.007	0.2	-0.474	-0.74178
0.06293	-3.16058	0.62831	0.639	0.005	0.189	-0.47	-0.73552
0.08391	-3.1615	0.62958	0.64	0.003	0.17	-0.455	-0.71094
0.10489	-3.16028	0.63108	0.641	0.003	0.144	-0.427	-0.66615
0.12587	-3.15709	0.62888	0.642	0.002	0.114	-0.388	-0.60436
0.14685	-3.15218	0.62978	0.644	0.002	0.083	-0.339	-0.5264
0.16782	-3.14581	0.62821	0.646	0.002	0.053	-0.287	-0.44427
0.1888	-3.13825	0.627	0.649	0.002	0.027	-0.238	-0.36672
0.20978	-3.12975	0.62536	0.651	0.001	0.004	-0.194	-0.298
0.23076	-3.1206	0.62587	0.654	0.001	-0.014	-0.157	-0.24006
0.25174	-3.11104	0.62669	0.656	0.001	-0.029	-0.128	-0.19512
0.27271	-3.10133	0.62825	0.658	0.001	-0.043	-0.106	-0.16109
0.29369	-3.09161	0.62941	0.66	0.001	-0.055	-0.089	-0.13485
0.31467	-3.08202	0.63133	0.662	0.001	-0.066	-0.076	-0.1148
0.33565	-3.07264	0.63255	0.664	0.001	-0.078	-0.066	-0.0994
0.35663	-3.06348	0.63611	0.666	0.001	-0.09	-0.059	-0.08859
0.3776	-3.05454	0.63968	0.667	0.001	-0.104	-0.054	-0.08096
0.39858	-3.04579	0.63966	0.668	0.001	-0.118	-0.052	-0.07784
0.41956	-3.0372	0.64291	0.67	0.001	-0.134	-0.051	-0.07612
0.44054	-3.02876	0.64433	0.671	0.001	-0.151	-0.051	-0.07601
0.46152	-3.0205	0.64646	0.672	0.002	-0.169	-0.052	-0.07738
0.4825	-3.01245	0.65014	0.673	0.002	-0.187	-0.055	-0.08172
0.50347	-3.00468	0.64928	0.674	0.002	-0.204	-0.058	-0.08605
0.52445	-2.99728	0.65172	0.674	0.002	-0.22	-0.062	-0.09199
0.54543	-2.99035	0.65232	0.675	0.003	-0.233	-0.067	-0.09926
0.56641	-2.98396	0.65448	0.675	0.006	-0.239	-0.073	-0.10815
0.58739	-2.97823	0.65384	0.675	0.095	-0.102	-0.089	-0.13185
0.58739	-2.97823	0.65384	0.675	0.095	-0.102	-0.089	-0.13185
0.60836	-2.98337	0.65448	0.675	0.006	0.256	0.07	0.1037
0.62934	-2.9898	0.65232	0.675	0.003	0.241	0.066	0.09778
0.65032	-2.99678	0.65072	0.674	0.002	0.225	0.061	0.0905
0.6713	-3.00421	0.64928	0.674	0.001	0.208	0.058	0.08605
0.69228	-3.01201	0.65014	0.673	0.001	0.19	0.055	0.08172
0.71325	-3.0201	0.64646	0.672	0.001	0.171	0.052	0.07738
0.73423	-3.02839	0.64433	0.671	0	0.152	0.051	0.07601
0.75521	-3.03685	0.64291	0.67	0	0.135	0.05	0.07463
0.77619	-3.04547	0.64162	0.669	0	0.119	0.052	0.07773
0.79717	-3.05425	0.63968	0.667	0	0.104	0.054	0.08096
0.81814	-3.06321	0.63611	0.666	0	0.091	0.059	0.08859
0.83912	-3.07239	0.63255	0.664	0	0.078	0.066	0.0994
0.8601	-3.0818	0.63133	0.662	0	0.066	0.076	0.1148
0.88108	-3.09141	0.62941	0.66	0	0.055	0.089	0.13485
0.90206	-3.10115	0.62921	0.658	0	0.042	0.106	0.16109
0.92303	-3.1109	0.62765	0.656	0.001	0.029	0.128	0.19512
0.94401	-3.12049	0.62682	0.654	0.001	0.013	0.157	0.24006
0.96499	-3.12968	0.62536	0.651	0.001	-0.005	0.194	0.298
0.98597	-3.13823	0.626	0.649	0.001	-0.028	0.237	0.36518
1.00695	-3.14584	0.62738	0.646	0.001	-0.055	0.287	0.44427
1.02792	-3.15225	0.63074	0.644	0.002	-0.085	0.338	0.52484
1.0489	-3.15721	0.62888	0.642	0.002	-0.117	0.387	0.6028
1.06988	-3.16045	0.63017	0.641	0.003	-0.148	0.426	0.66459
1.09086	-3.16171	0.63053	0.64	0.004	-0.175	0.453	0.70781
1.11184	-3.16079	0.62827	0.639	0.005	-0.195	0.467	0.73083
1.13281	-3.1576	0.63093	0.639	0.007	-0.208	0.469	0.73396
1.15379	-3.15216	0.62962	0.639	0.014	-0.217	0.461	0.72144
1.17477	-3.14486	0.63013	0.64	0.33	-0.255	-0.048	-0.075
	BAND	=	69				--
#	BAND	=	0	0	69	69	--
0	-3.12911	0.63013	0.64	-0.331	0.256	0.048	0.075
0.02098	-3.12009	0.62954	0.641	-0.015	-0.185	0.455	0.70983
0.04196	-3.11363	0.00844	0.64	0.02	-0.084	0.514	0.80313
0.06293	-3.1178	0.0085	0.64	0.017	-0.071	0.505	0.78906
0.08391	-3.12041	0.00974	0.64	0.015	-0.052	0.483	0.75469
0.10489	-3.12159	0.01159	0.641	0.014	-0.029	0.447	0.69735
0.12587	-3.12139	0.01367	0.642	0.013	-0.004	0.399	0.6215
0.14685	-3.11974	0.01614	0.644	0.012	0.02	0.34	0.52795
0.16782	-3.11649	0.01892	0.647	0.011	0.041	0.277	0.42813
0.1888	-3.11144	0.02239	0.649	0.01	0.057	0.216	0.33282
0.20978	-3.10452	0.02571	0.652	0.01	0.069	0.162	0.24847
0.23076	-3.09588	0.02774	0.655	0.009	0.079	0.119	0.18168
0.25174	-3.08579	0.02949	0.658	0.009	0.089	0.086	0.1307
0.27271	-3.07464	0.03084	0.66	0.008	0.099	0.062	0.09394
0.29369	-3.06277	0.03142	0.662	0.008	0.111	0.044	0.06647
0.31467	-3.05046	0.03099	0.664	0.008	0.124	0.032	0.04819
0.33565	-3.03795	0.03052	0.666	0.008	0.14	0.024	0.03604
0.35663	-3.02535	0.02958	0.667	0.007	0.156	0.019	0.02849
0.3776	-3.01275	0.02822	0.669	0.007	0.175	0.017	0.02541
0.39858	-3.00021	0.02663	0.67	0.007	0.194	0.017	0.02537
0.41956	-2.98778	0.02528	0.671	0.007	0.214	0.019	0.02832
0.44054	-2.97552	0.02392	0.672	0.007	0.234	0.023	0.03423
0.46152	-2.96353	0.02305	0.672	0.007	0.253	0.028	0.04167
0.4825	-2.95192	0.02206	0.673	0.007	0.272	0.034	0.05052
0.50347	-2.94639	0.6537	0.674	-0.002	0.24	0.112	0.16617
0.52445	-2.94937	0.65188	0.675	-0.002	0.248	0.102	0.15111
0.54543	-2.95305	0.653	0.675	-0.003	0.252	0.093	0.13778
0.56641	-2.95745	0.65384	0.675	-0.006	0.249	0.086	0.12741
0.58739	-2.96253	0.65301	0.675	-0.095	0.102	0.089	0.13185
0.58739	-2.96253	0.65301	0.675	-0.095	0.102	0.089	0.13185
0.60836	-2.95812	0.653	0.675	-0.006	-0.265	-0.083	-0.12296
0.62934	-2.95376	0.653	0.675	-0.003	-0.259	-0.091	-0.13481
0.65032	-2.9501	0.65188	0.675	-0.001	-0.252	-0.1	-0.14815
0.6713	-2.94716	0.65274	0.674	-0.001	-0.243	-0.111	-0.16469
0.69228	-2.95194	0.02206	0.673	-0.005	-0.272	-0.034	-0.05052
0.71325	-2.96355	0.02305	0.672	-0.006	-0.253	-0.028	-0.04167
0.73423	-2.97554	0.02392	0.672	-0.006	-0.234	-0.023	-0.03423
0.75521	-2.9878	0.02528	0.671	-0.006	-0.214	-0.019	-0.02832
0.77619	-3.00023	0.02663	0.67	-0.006	-0.194	-0.017	-0.02537
0.79717	-3.01278	0.02822	0.669	-0.006	-0.175	-0.017	-0.02541
0.81814	-3.02538	0.02958	0.667	-0.006	-0.156	-0.019	-0.02849
0.83912	-3.03798	0.03052	0.666	-0.007	-0.14	-0.024	-0.03604
0.8601	-3.05049	0.03099	0.664	-0.007	-0.124	-0.032	-0.04819
0.88108	-3.0628	0.03142	0.662	-0.007	-0.111	-0.044	-0.06647
0.90206	-3.07467	0.03084	0.66	-0.007	-0.099	-0.062	-0.09394
0.92303	-3.08582	0.02949	0.658	-0.007	-0.089	-0.086	-0.1307
0.94401	-3.09591	0.02774	0.655	-0.008	-0.079	-0.119	-0.18168
0.96499	-3.10455	0.02571	0.652	-0.008	-0.069	-0.162	-0.24847
0.98597	-3.11147	0.02239	0.649	-0.008	-0.057	-0.216	-0.33282
1.00695	-3.11652	0.01892	0.647	-0.008	-0.041	-0.277	-0.42813
1.02792	-3.11977	0.01614	0.644	-0.008	-0.02	-0.34	-0.52795
1.0489	-3.12142	0.01367	0.642	-0.008	0.004	-0.399	-0.6215
1.06988	-3.12162	0.01159	0.641	-0.008	0.029	-0.448	-0.69891
1.09086	-3.12045	0.00974	0.64	-0.007	0.052	-0.483	-0.75469
1.11184	-3.11784	0.0085	0.64	-0.006	0.071	-0.505	-0.78906
1.13281	-3.11367	0.00844	0.64	-0.003	0.084	-0.514	-0.80313
1.15379	-3.11998	0.63045	0.641	-0.014	0.204	-0.442	-0.68955
1.17477	-3.12911	0.63013	0.64	-0.331	0.256	0.048	0.075
	BAND	=	70				--
#	BAND	=	0	0	70	70	--
0	-3.11544	0.00889	0.641	0.449	0.011	-0.042	-0.06552
0.02098	-3.12276	0.00842	0.64	0.029	-0.089	0.512	0.8
0.04196	-3.12403	0.62965	0.643	-0.007	-0.174	0.442	0.6874
0.06293	-3.11171	0.63076	0.644	-0.005	-0.155	0.431	0.66925
0.08391	-3.09844	0.63087	0.646	-0.004	-0.131	0.421	0.6517
0.10489	-3.08457	0.63274	0.647	-0.003	-0.105	0.411	0.63524
0.12587	-3.0704	0.63285	0.649	-0.002	-0.077	0.4	0.61633
0.14685	-3.05622	0.63332	0.651	-0.002	-0.048	0.388	0.59601
0.16782	-3.04232	0.63534	0.653	-0.002	-0.021	0.374	0.57274
0.1888	-3.02894	0.63267	0.654	-0.002	0.006	0.359	0.54893
0.20978	-3.0163	0.63557	0.656	-0.001	0.03	0.343	0.52287
0.23076	-3.0046	0.63393	0.658	-0.001	0.051	0.326	0.49544
0.25174	-2.99399	0.6362	0.659	-0.001	0.07	0.308	0.46737
0.27271	-2.98466	0.63705	0.661	-0.001	0.086	0.291	0.44024
0.29369	-2.97671	0.63993	0.662	-0.001	0.101	0.272	0.41088
0.31467	-2.97017	0.64181	0.664	-0.001	0.115	0.254	0.38253
0.33565	-2.96503	0.64198	0.665	-0.001	0.129	0.235	0.35338
0.35663	-2.96121	0.64379	0.667	-0.001	0.144	0.216	0.32384
0.3776	-2.95858	0.6442	0.668	-0.001	0.158	0.198	0.29641
0.39858	-2.95701	0.64633	0.669	-0.001	0.173	0.181	0.27055
0.41956	-2.95638	0.64754	0.67	-0.001	0.188	0.164	0.24478
0.44054	-2.95656	0.64979	0.671	-0.001	0.203	0.149	0.22206
0.46152	-2.95748	0.6512	0.672	-0.001	0.217	0.135	0.20089
0.4825	-2.9591	0.65229	0.673	-0.002	0.229	0.123	0.18276
0.50347	-2.95584	0.02132	0.674	0.007	0.288	0.042	0.06231
0.52445	-2.94545	0.02057	0.674	0.007	0.302	0.05	0.07418
0.54543	-2.93589	0.02001	0.675	0.007	0.313	0.058	0.08593
0.56641	-2.92731	0.0197	0.675	0.009	0.321	0.067	0.09926
0.58739	-2.91991	0.01948	0.675	0.289	-0.008	-0.011	-0.0163
0.58739	-2.91991	0.01948	0.675	0.289	-0.008	-0.011	-0.0163
0.60836	-2.92732	0.0197	0.675	-0.003	-0.321	-0.067	-0.09926
0.62934	-2.9359	0.02001	0.675	-0.004	-0.313	-0.058	-0.08593
0.65032	-2.94546	0.02057	0.674	-0.005	-0.302	-0.05	-0.07418
0.6713	-2.95586	0.02132	0.674	-0.005	-0.288	-0.042	-0.06231
0.69228	-2.95989	0.65229	0.673	-0.001	-0.232	-0.122	-0.18128
0.71325	-2.9583	0.6512	0.672	0	-0.219	-0.134	-0.1994
0.73423	-2.95739	0.6488	0.671	0	-0.204	-0.148	-0.22057
0.75521	-2.95721	0.64754	0.67	0	-0.189	-0.163	-0.24328
0.77619	-2.95785	0.64633	0.669	0	-0.174	-0.18	-0.26906
0.79717	-2.95941	0.64504	0.668	0	-0.159	-0.197	-0.29491
0.81814	-2.96202	0.64379	0.667	0	-0.144	-0.215	-0.32234
0.83912	-2.96582	0.64198	0.665	0	-0.129	-0.234	-0.35188
0.8601	-2.97093	0.64085	0.664	0	-0.115	-0.253	-0.38102
0.88108	-2.97743	0.63993	0.662	0	-0.101	-0.272	-0.41088
0.90206	-2.98534	0.63633	0.661	0	-0.085	-0.29	-0.43873
0.92303	-2.99462	0.6362	0.659	0	-0.069	-0.308	-0.46737
0.94401	-3.00517	0.63385	0.658	0	-0.05	-0.325	-0.49392
0.96499	-3.01682	0.63461	0.656	0	-0.028	-0.342	-0.52134
0.98597	-3.0294	0.63171	0.654	-0.001	-0.004	-0.358	-0.5474
1.00695	-3.04271	0.63343	0.653	-0.001	0.023	-0.373	-0.57121
1.02792	-3.05654	0.63424	0.651	-0.001	0.052	-0.387	-0.59447
1.0489	-3.07064	0.63289	0.649	-0.002	0.081	-0.399	-0.61479
1.06988	-3.08474	0.63278	0.647	-0.002	0.11	-0.409	-0.63215
1.09086	-3.09853	0.63091	0.646	-0.003	0.137	-0.418	-0.64706
1.11184	-3.11172	0.6308	0.644	-0.005	0.162	-0.427	-0.66304
1.13281	-3.12397	0.62969	0.643	-0.007	0.184	-0.435	-0.67652
1.15379	-3.1228	0.00842	0.64	0.005	0.09	-0.513	-0.80156
1.17477	-3.11544	0.00889	0.641	0.449	0.011	-0.042	-0.06552
	BAND	=	71				--
#	BAND	=	0	0	71	71	--
0	-3.0998	0.00877	0.641	-0.449	-0.011	0.042	0.06552
0.02098	-3.09075	0.0094	0.642	-0.029	0.077	-0.491	-0.7648
0.04196	-3.07976	0.01024	0.644	-0.02	0.062	-0.475	-0.73758
0.06293	-3.06736	0.01157	0.645	-0.017	0.043	-0.458	-0.71008
0.08391	-3.05384	0.0124	0.647	-0.016	0.022	-0.439	-0.67852
0.10489	-3.03951	0.01373	0.649	-0.014	0	-0.42	-0.64715
0.12587	-3.02472	0.0154	0.65	-0.013	-0.021	-0.4	-0.61538
0.14685	-3.0098	0.01679	0.652	-0.013	-0.041	-0.38	-0.58282
0.16782	-2.99513	0.01969	0.654	-0.012	-0.059	-0.359	-0.54893
0.1888	-2.98101	0.02688	0.655	-0.011	-0.076	-0.336	-0.51298
0.20978	-2.96768	0.03736	0.655	-0.01	-0.089	-0.31	-0.47328
0.23076	-2.95513	0.04894	0.656	-0.01	-0.099	-0.285	-0.43445
0.25174	-2.94308	0.05166	0.657	-0.009	-0.107	-0.269	-0.40944
0.27271	-2.93168	0.03923	0.66	-0.01	-0.12	-0.263	-0.39848
0.29369	-2.92148	0.02948	0.662	-0.01	-0.135	-0.255	-0.3852
0.31467	-2.91276	0.0238	0.664	-0.009	-0.152	-0.243	-0.36596
0.33565	-2.90545	0.02177	0.666	-0.009	-0.169	-0.228	-0.34234
0.35663	-2.89942	0.02065	0.667	-0.009	-0.187	-0.212	-0.31784
0.3776	-2.89454	0.02012	0.668	-0.008	-0.205	-0.197	-0.29491
0.39858	-2.89074	0.01979	0.669	-0.008	-0.225	-0.182	-0.27205
0.41956	-2.88796	0.01959	0.67	-0.008	-0.244	-0.168	-0.25075
0.44054	-2.88619	0.01935	0.671	-0.007	-0.262	-0.154	-0.22951
0.46152	-2.88542	0.01905	0.672	-0.007	-0.279	-0.141	-0.20982
0.4825	-2.88571	0.01954	0.673	-0.007	-0.294	-0.129	-0.19168
0.50347	-2.88711	0.0192	0.674	-0.007	-0.306	-0.117	-0.17359
0.52445	-2.88969	0.01907	0.674	-0.007	-0.316	-0.106	-0.15727
0.54543	-2.8935	0.01898	0.675	-0.007	-0.323	-0.096	-0.14222
0.56641	-2.89855	0.01929	0.675	-0.009	-0.326	-0.086	-0.12741
0.58739	-2.90477	0.01935	0.675	-0.289	0.008	0.011	0.0163
0.58739	-2.90477	0.01935	0.675	-0.289	0.008	0.011	0.0163
0.60836	-2.89855	0.01929	0.675	0.003	0.326	0.086	0.12741
0.62934	-2.89349	0.01898	0.675	0.004	0.323	0.096	0.14222
0.65032	-2.88969	0.01907	0.674	0.005	0.316	0.106	0.15727
0.6713	-2.88711	0.0192	0.674	0.006	0.306	0.117	0.17359
0.69228	-2.8857	0.01954	0.673	0.006	0.294	0.129	0.19168
0.71325	-2.88541	0.01905	0.672	0.006	0.279	0.141	0.20982
0.73423	-2.88617	0.01935	0.671	0.007	0.262	0.154	0.22951
0.75521	-2.88795	0.01959	0.67	0.007	0.244	0.167	0.24925
0.77619	-2.89073	0.01979	0.669	0.008	0.225	0.182	0.27205
0.79717	-2.89453	0.02013	0.668	0.008	0.206	0.197	0.29491
0.81814	-2.8994	0.02065	0.667	0.008	0.187	0.212	0.31784
0.83912	-2.90543	0.02177	0.666	0.009	0.169	0.228	0.34234
0.8601	-2.91274	0.0238	0.664	0.009	0.152	0.243	0.36596
0.88108	-2.92146	0.02948	0.662	0.009	0.136	0.255	0.3852
0.90206	-2.93166	0.03923	0.66	0.009	0.12	0.263	0.39848
0.92303	-2.94306	0.05166	0.657	0.009	0.108	0.269	0.40944
0.94401	-2.95511	0.04894	0.656	0.009	0.099	0.285	0.43445
0.96499	-2.96766	0.03736	0.655	0.009	0.09	0.31	0.47328
0.98597	-2.98098	0.02688	0.655	0.009	0.076	0.336	0.51298
1.00695	-2.9951	0.01969	0.654	0.01	0.059	0.359	0.54893
1.02792	-3.00977	0.01679	0.652	0.01	0.041	0.38	0.58282
1.0489	-3.02468	0.0154	0.65	0.009	0.021	0.4	0.61538
1.06988	-3.03947	0.01373	0.649	0.009	0	0.42	0.64715
1.09086	-3.0538	0.0124	0.647	0.008	-0.022	0.439	0.67852
1.11184	-3.06732	0.01157	0.645	0.007	-0.043	0.458	0.71008
1.13281	-3.07971	0.01024	0.644	0.004	-0.062	0.475	0.73758
1.15379	-3.09071	0.0094	0.642	-0.005	-0.078	0.491	0.7648
1.17477	-3.0998	0.00877	0.641	-0.449	-0.011	0.042	0.06552
	BAND	=	72				--
#	BAND	=	0	0	72	72	--
0	-2.7884	0.32534	0.642	0.104	-0.065	-0.076	-0.11838
0.02098	-2.82075	0.32175	0.641	-0.068	0.059	0.096	0.14977
0.04196	-2.85084	0.32173	0.639	-0.068	0.051	0.096	0.15023
0.06293	-2.87818	0.3183	0.638	-0.067	0.038	0.095	0.1489
0.08391	-2.90233	0.31641	0.637	-0.065	0.02	0.093	0.146
0.10489	-2.92285	0.31272	0.636	-0.062	-0.003	0.091	0.14308
0.12587	-2.93932	0.30915	0.635	-0.057	-0.032	0.091	0.14331
0.14685	-2.95132	0.30825	0.634	-0.051	-0.062	0.092	0.14511
0.16782	-2.95863	0.30761	0.634	-0.042	-0.09	0.097	0.153
0.1888	-2.96115	0.307	0.634	-0.031	-0.109	0.104	0.16404
0.20978	-2.95898	0.30574	0.634	-0.021	-0.117	0.111	0.17508
0.23076	-2.95236	0.30643	0.635	-0.015	-0.128	0.114	0.17953
0.25174	-2.94163	0.30346	0.635	-0.012	-0.158	0.115	0.1811
0.27271	-2.92716	0.29931	0.636	-0.01	-0.218	0.113	0.17767
0.29369	-2.90927	0.29274	0.636	-0.008	-0.298	0.106	0.16667
0.31467	-2.88826	0.28805	0.637	-0.006	-0.372	0.097	0.15228
0.33565	-2.8644	0.28691	0.638	-0.004	-0.428	0.088	0.13793
0.35663	-2.8379	0.28684	0.64	-0.003	-0.467	0.08	0.125
0.3776	-2.80892	0.28684	0.641	-0.003	-0.495	0.074	0.11544
0.39858	-2.77769	0.288	0.643	-0.004	-0.516	0.068	0.10575
0.41956	-2.74444	0.2907	0.645	-0.005	-0.532	0.062	0.09612
0.44054	-2.70956	0.29399	0.648	-0.008	-0.544	0.055	0.08488
0.46152	-2.67368	0.29799	0.651	-0.011	-0.55	0.047	0.0722
0.4825	-2.6378	0.303	0.655	-0.016	-0.547	0.036	0.05496
0.50347	-2.60336	0.30878	0.659	-0.024	-0.524	0.02	0.03035
0.52445	-2.57235	0.31695	0.663	-0.038	-0.446	-0.006	-0.00905
0.54543	-2.54731	0.32588	0.666	-0.062	-0.204	-0.052	-0.07808
0.56641	-2.53087	0.33612	0.669	-0.069	0.461	-0.077	-0.1151
0.58739	-2.52512	0.33222	0.67	0.03	0.33	0.059	0.08806
0.58739	-2.52512	0.33222	0.67	0.03	0.33	0.059	0.08806
0.60836	-2.53089	0.33004	0.669	0.047	0.175	0.076	0.1136
0.62934	-2.54734	0.32489	0.666	0.045	0.269	0.053	0.07958
0.65032	-2.57238	0.31868	0.663	0.035	0.406	0.018	0.02715
0.6713	-2.60338	0.31073	0.659	0.025	0.489	-0.011	-0.01669
0.69228	-2.63782	0.30407	0.655	0.017	0.524	-0.031	-0.04733
0.71325	-2.6737	0.29795	0.651	0.012	0.535	-0.044	-0.06759
0.73423	-2.70957	0.29422	0.648	0.008	0.533	-0.054	-0.08333
0.75521	-2.74446	0.29002	0.645	0.005	0.523	-0.062	-0.09612
0.77619	-2.7777	0.28912	0.643	0.004	0.509	-0.069	-0.10731
0.79717	-2.80894	0.28764	0.641	0.003	0.488	-0.075	-0.117
0.81814	-2.83791	0.28612	0.64	0.003	0.46	-0.081	-0.12656
0.83912	-2.86441	0.28658	0.638	0.004	0.421	-0.089	-0.1395
0.8601	-2.88828	0.2878	0.637	0.006	0.366	-0.098	-0.15385
0.88108	-2.90929	0.29385	0.636	0.008	0.293	-0.106	-0.16667
0.90206	-2.92719	0.29894	0.636	0.011	0.215	-0.113	-0.17767
0.92303	-2.94166	0.30533	0.635	0.013	0.155	-0.115	-0.1811
0.94401	-2.95239	0.3069	0.634	0.017	0.125	-0.114	-0.17981
0.96499	-2.95901	0.30609	0.634	0.023	0.115	-0.111	-0.17508
0.98597	-2.96118	0.30664	0.634	0.033	0.106	-0.104	-0.16404
1.00695	-2.95866	0.3068	0.634	0.042	0.088	-0.098	-0.15457
1.02792	-2.95135	0.30941	0.634	0.049	0.061	-0.093	-0.14669
1.0489	-2.93934	0.31142	0.635	0.055	0.03	-0.092	-0.14488
1.06988	-2.92288	0.31212	0.636	0.058	0.002	-0.092	-0.14465
1.09086	-2.90235	0.31641	0.637	0.06	-0.021	-0.094	-0.14757
1.11184	-2.8782	0.31894	0.638	0.061	-0.038	-0.096	-0.15047
1.13281	-2.85087	0.321	0.639	0.062	-0.051	-0.097	-0.1518
1.15379	-2.82077	0.32318	0.641	0.062	-0.059	-0.097	-0.15133
1.17477	-2.7884	0.32534	0.642	0.104	-0.065	-0.076	-0.11838
	BAND	=	73				--
#	BAND	=	0	0	73	73	--
0	-2.77338	0.32334	0.642	-0.106	0.065	0.075	0.11682
0.02098	-2.80448	0.31063	0.641	0.068	-0.054	-0.096	-0.14977
0.04196	-2.83453	0.31262	0.639	0.068	-0.046	-0.097	-0.1518
0.06293	-2.86181	0.3122	0.638	0.067	-0.033	-0.096	-0.15047
0.08391	-2.88592	0.31379	0.637	0.065	-0.015	-0.094	-0.14757
0.10489	-2.90641	0.314	0.635	0.062	0.009	-0.093	-0.14646
0.12587	-2.92284	0.31659	0.635	0.057	0.037	-0.093	-0.14646
0.14685	-2.93478	0.31821	0.634	0.051	0.068	-0.095	-0.14984
0.16782	-2.94198	0.31618	0.634	0.042	0.097	-0.102	-0.16088
0.1888	-2.94426	0.31407	0.634	0.031	0.116	-0.114	-0.17981
0.20978	-2.94168	0.30313	0.636	0.021	0.124	-0.128	-0.20126
0.23076	-2.93469	0.2938	0.637	0.014	0.131	-0.14	-0.21978
0.25174	-2.92404	0.29446	0.638	0.011	0.157	-0.14	-0.21944
0.27271	-2.91009	0.31113	0.637	0.01	0.218	-0.128	-0.20094
0.29369	-2.89274	0.32802	0.637	0.009	0.299	-0.113	-0.17739
0.31467	-2.87207	0.33873	0.638	0.006	0.374	-0.1	-0.15674
0.33565	-2.84838	0.34336	0.638	0.004	0.43	-0.089	-0.1395
0.35663	-2.82198	0.34669	0.64	0.003	0.469	-0.081	-0.12656
0.3776	-2.79309	0.34481	0.641	0.003	0.497	-0.074	-0.11544
0.39858	-2.76194	0.34457	0.643	0.004	0.517	-0.068	-0.10575
0.41956	-2.72878	0.34789	0.645	0.006	0.533	-0.062	-0.09612
0.44054	-2.694	0.34443	0.648	0.008	0.544	-0.055	-0.08488
0.46152	-2.65825	0.34494	0.651	0.011	0.55	-0.047	-0.0722
0.4825	-2.62249	0.34393	0.655	0.016	0.547	-0.036	-0.05496
0.50347	-2.58816	0.34385	0.659	0.024	0.524	-0.02	-0.03035
0.52445	-2.55725	0.33868	0.663	0.038	0.446	0.006	0.00905
0.54543	-2.53227	0.33369	0.666	0.062	0.204	0.052	0.07808
0.56641	-2.51585	0.32762	0.669	0.069	-0.461	0.077	0.1151
0.58739	-2.51009	0.33222	0.67	-0.03	-0.33	-0.059	-0.08806
0.58739	-2.51009	0.33222	0.67	-0.03	-0.33	-0.059	-0.08806
0.60836	-2.51583	0.33455	0.669	-0.047	-0.175	-0.076	-0.1136
0.62934	-2.53224	0.33483	0.666	-0.045	-0.269	-0.053	-0.07958
0.65032	-2.55722	0.33884	0.663	-0.035	-0.406	-0.018	-0.02715
0.6713	-2.58814	0.34187	0.659	-0.025	-0.489	0.011	0.01669
0.69228	-2.62247	0.34341	0.655	-0.017	-0.524	0.031	0.04733
0.71325	-2.65823	0.34502	0.651	-0.012	-0.535	0.044	0.06759
0.73423	-2.69399	0.34572	0.648	-0.008	-0.533	0.054	0.08333
0.75521	-2.72877	0.34654	0.645	-0.006	-0.524	0.062	0.09612
0.77619	-2.76192	0.34434	0.643	-0.004	-0.51	0.069	0.10731
0.79717	-2.79307	0.34477	0.641	-0.003	-0.49	0.075	0.117
0.81814	-2.82197	0.34449	0.64	-0.003	-0.462	0.082	0.12813
0.83912	-2.84836	0.34236	0.638	-0.004	-0.424	0.09	0.14107
0.8601	-2.87205	0.33801	0.638	-0.007	-0.368	0.1	0.15674
0.88108	-2.89273	0.32738	0.637	-0.009	-0.294	0.113	0.17739
0.90206	-2.91008	0.31149	0.637	-0.011	-0.214	0.128	0.20094
0.92303	-2.92402	0.29474	0.638	-0.013	-0.155	0.14	0.21944
0.94401	-2.93467	0.29244	0.637	-0.016	-0.129	0.14	0.21978
0.96499	-2.94166	0.30322	0.636	-0.023	-0.122	0.129	0.20283
0.98597	-2.94424	0.31443	0.634	-0.033	-0.114	0.114	0.17981
1.00695	-2.94197	0.31618	0.634	-0.042	-0.095	0.103	0.16246
1.02792	-2.93478	0.31705	0.634	-0.05	-0.066	0.096	0.15142
1.0489	-2.92283	0.31695	0.635	-0.055	-0.036	0.094	0.14803
1.06988	-2.9064	0.31501	0.635	-0.058	-0.008	0.094	0.14803
1.09086	-2.88591	0.31411	0.637	-0.06	0.015	0.095	0.14914
1.11184	-2.86181	0.31161	0.638	-0.061	0.033	0.097	0.15204
1.13281	-2.83452	0.31174	0.639	-0.062	0.046	0.098	0.15336
1.15379	-2.80448	0.31063	0.641	-0.062	0.054	0.097	0.15133
1.17477	-2.77338	0.32334	0.642	-0.106	0.065	0.075	0.11682
	BAND	=	74				--
#	BAND	=	0	0	74	74	--
0	-2.7869	0.31271	0.643	-0.294	-0.019	-0.03	-0.04666
0.02098	-2.75373	0.32512	0.644	0.06	-0.068	-0.09	-0.13975
0.04196	-2.75291	0.30261	0.642	-0.077	-0.078	-0.044	-0.06854
0.06293	-2.77633	0.29922	0.64	-0.068	-0.098	-0.038	-0.05938
0.08391	-2.79658	0.2979	0.639	-0.059	-0.123	-0.031	-0.04851
0.10489	-2.81331	0.29982	0.638	-0.051	-0.152	-0.023	-0.03605
0.12587	-2.82619	0.29909	0.637	-0.043	-0.184	-0.015	-0.02355
0.14685	-2.835	0.29735	0.636	-0.036	-0.218	-0.007	-0.01101
0.16782	-2.83968	0.29326	0.636	-0.029	-0.253	0.001	0.00157
0.1888	-2.84026	0.29463	0.636	-0.023	-0.288	0.008	0.01258
0.20978	-2.83684	0.2937	0.636	-0.018	-0.323	0.015	0.02358
0.23076	-2.82964	0.29535	0.637	-0.014	-0.357	0.022	0.03454
0.25174	-2.81891	0.29605	0.637	-0.011	-0.388	0.027	0.04239
0.27271	-2.80492	0.29665	0.638	-0.008	-0.417	0.032	0.05016
0.29369	-2.78791	0.29721	0.639	-0.006	-0.444	0.037	0.0579
0.31467	-2.76809	0.29627	0.64	-0.005	-0.469	0.041	0.06406
0.33565	-2.74566	0.29833	0.641	-0.004	-0.491	0.044	0.06864
0.35663	-2.72076	0.2975	0.642	-0.003	-0.512	0.047	0.07321
0.3776	-2.69352	0.29742	0.644	-0.003	-0.531	0.05	0.07764
0.39858	-2.6641	0.29774	0.645	-0.003	-0.548	0.051	0.07907
0.41956	-2.63274	0.29954	0.647	-0.003	-0.565	0.052	0.08037
0.44054	-2.59979	0.30296	0.65	-0.003	-0.581	0.052	0.08
0.46152	-2.56589	0.30377	0.653	-0.004	-0.597	0.051	0.0781
0.4825	-2.53196	0.30684	0.656	-0.004	-0.613	0.051	0.07774
0.50347	-2.49938	0.31084	0.66	-0.004	-0.627	0.051	0.07727
0.52445	-2.47003	0.31382	0.664	-0.005	-0.641	0.05	0.0753
0.54543	-2.44622	0.31871	0.667	-0.005	-0.652	0.051	0.07646
0.56641	-2.43038	0.32285	0.67	-0.005	-0.66	0.052	0.07761
0.58739	-2.42447	0.32431	0.671	-0.006	-0.02	0.116	0.17288
0.58739	-2.42447	0.32431	0.671	-0.006	-0.02	0.116	0.17288
0.60836	-2.43038	0.32134	0.67	0.005	0.659	-0.047	-0.07015
0.62934	-2.44622	0.31775	0.667	0.005	0.652	-0.048	-0.07196
0.65032	-2.47003	0.31445	0.664	0.005	0.641	-0.049	-0.0738
0.6713	-2.49938	0.31004	0.66	0.004	0.627	-0.05	-0.07576
0.69228	-2.53197	0.30664	0.656	0.004	0.613	-0.05	-0.07622
0.71325	-2.5659	0.30377	0.653	0.004	0.597	-0.051	-0.0781
0.73423	-2.5998	0.30353	0.65	0.003	0.582	-0.051	-0.07846
0.75521	-2.63274	0.29954	0.647	0.003	0.565	-0.052	-0.08037
0.77619	-2.66411	0.29849	0.645	0.003	0.549	-0.051	-0.07907
0.79717	-2.69353	0.29742	0.644	0.003	0.531	-0.05	-0.07764
0.81814	-2.72077	0.29678	0.642	0.003	0.512	-0.048	-0.07477
0.83912	-2.74567	0.29833	0.641	0.004	0.492	-0.045	-0.0702
0.8601	-2.7681	0.2969	0.64	0.004	0.469	-0.041	-0.06406
0.88108	-2.78792	0.29754	0.639	0.006	0.445	-0.037	-0.0579
0.90206	-2.80493	0.29641	0.638	0.008	0.418	-0.033	-0.05172
0.92303	-2.81892	0.29461	0.637	0.01	0.389	-0.028	-0.04396
0.94401	-2.82965	0.29498	0.637	0.014	0.357	-0.022	-0.03454
0.96499	-2.83685	0.29403	0.636	0.018	0.324	-0.016	-0.02516
0.98597	-2.84027	0.2967	0.636	0.023	0.289	-0.009	-0.01415
1.00695	-2.83969	0.29346	0.636	0.028	0.254	-0.002	-0.00314
1.02792	-2.83501	0.2959	0.636	0.035	0.218	0.007	0.01101
1.0489	-2.8262	0.29913	0.637	0.041	0.184	0.015	0.02355
1.06988	-2.81332	0.3007	0.638	0.049	0.152	0.023	0.03605
1.09086	-2.79659	0.29822	0.639	0.056	0.123	0.03	0.04695
1.11184	-2.77634	0.29983	0.64	0.064	0.098	0.037	0.05781
1.13281	-2.75292	0.30085	0.642	0.073	0.077	0.043	0.06698
1.15379	-2.7537	0.32552	0.644	-0.067	0.069	0.089	0.1382
1.17477	-2.7869	0.31271	0.643	-0.294	-0.019	-0.03	-0.04666
	BAND	=	75				--
#	BAND	=	0	0	75	75	--
0	-2.77188	0.31243	0.643	0.296	0.018	0.031	0.04821
0.02098	-2.73753	0.31347	0.644	-0.06	0.064	0.09	0.13975
0.04196	-2.73419	0.32278	0.642	0.078	0.09	0.044	0.06854
0.06293	-2.75727	0.32425	0.64	0.068	0.11	0.038	0.05938
0.08391	-2.7772	0.32453	0.639	0.059	0.135	0.031	0.04851
0.10489	-2.79361	0.3274	0.638	0.051	0.164	0.023	0.03605
0.12587	-2.8062	0.32588	0.637	0.043	0.195	0.015	0.02355
0.14685	-2.81475	0.32784	0.636	0.036	0.228	0.007	0.01101
0.16782	-2.81921	0.32823	0.636	0.03	0.262	-0.001	-0.00157
0.1888	-2.81959	0.33134	0.636	0.024	0.297	-0.009	-0.01415
0.20978	-2.81601	0.33079	0.636	0.019	0.331	-0.016	-0.02516
0.23076	-2.80869	0.33074	0.637	0.015	0.363	-0.022	-0.03454
0.25174	-2.79789	0.33277	0.637	0.011	0.393	-0.028	-0.04396
0.27271	-2.78385	0.33472	0.638	0.009	0.422	-0.033	-0.05172
0.29369	-2.76682	0.33217	0.639	0.007	0.449	-0.037	-0.0579
0.31467	-2.74701	0.33308	0.64	0.005	0.473	-0.041	-0.06406
0.33565	-2.7246	0.33552	0.641	0.004	0.495	-0.044	-0.06864
0.35663	-2.69974	0.3332	0.642	0.004	0.515	-0.047	-0.07321
0.3776	-2.67257	0.33423	0.643	0.004	0.534	-0.049	-0.07621
0.39858	-2.64327	0.33303	0.645	0.003	0.551	-0.051	-0.07907
0.41956	-2.61209	0.33287	0.647	0.004	0.568	-0.051	-0.07883
0.44054	-2.57941	0.33475	0.65	0.004	0.583	-0.051	-0.07846
0.46152	-2.54587	0.33456	0.653	0.004	0.599	-0.051	-0.0781
0.4825	-2.51243	0.33308	0.657	0.004	0.614	-0.051	-0.07763
0.50347	-2.48047	0.33422	0.66	0.005	0.628	-0.05	-0.07576
0.52445	-2.4519	0.33204	0.664	0.005	0.642	-0.05	-0.0753
0.54543	-2.42902	0.33198	0.667	0.005	0.653	-0.051	-0.07646
0.56641	-2.41424	0.33096	0.67	0.005	0.66	-0.052	-0.07761
0.58739	-2.40944	0.32431	0.671	0.006	0.02	-0.116	-0.17288
0.58739	-2.40944	0.32431	0.671	0.006	0.02	-0.116	-0.17288
0.60836	-2.41424	0.33067	0.67	-0.005	-0.66	0.046	0.06866
0.62934	-2.42902	0.33134	0.667	-0.005	-0.652	0.048	0.07196
0.65032	-2.45191	0.33271	0.664	-0.005	-0.642	0.049	0.0738
0.6713	-2.48048	0.33442	0.66	-0.004	-0.628	0.049	0.07424
0.69228	-2.51244	0.33228	0.657	-0.004	-0.614	0.05	0.0761
0.71325	-2.54588	0.33428	0.653	-0.004	-0.599	0.051	0.0781
0.73423	-2.57942	0.33399	0.65	-0.004	-0.584	0.051	0.07846
0.75521	-2.6121	0.33259	0.647	-0.003	-0.568	0.051	0.07883
0.77619	-2.64328	0.33307	0.645	-0.003	-0.552	0.051	0.07907
0.79717	-2.67258	0.33395	0.643	-0.003	-0.534	0.049	0.07621
0.81814	-2.69975	0.33356	0.642	-0.004	-0.516	0.047	0.07321
0.83912	-2.72461	0.33552	0.641	-0.004	-0.496	0.045	0.0702
0.8601	-2.74702	0.3338	0.64	-0.005	-0.474	0.041	0.06406
0.88108	-2.76683	0.33253	0.639	-0.007	-0.449	0.037	0.0579
0.90206	-2.78386	0.3352	0.638	-0.009	-0.423	0.033	0.05172
0.92303	-2.79789	0.33277	0.637	-0.011	-0.394	0.028	0.04396
0.94401	-2.8087	0.3311	0.637	-0.015	-0.364	0.023	0.03611
0.96499	-2.81601	0.33007	0.636	-0.019	-0.331	0.017	0.02673
0.98597	-2.81959	0.33062	0.636	-0.024	-0.298	0.01	0.01572
1.00695	-2.81921	0.32823	0.636	-0.029	-0.263	0.002	0.00314
1.02792	-2.81476	0.32708	0.636	-0.035	-0.229	-0.006	-0.00943
1.0489	-2.8062	0.32573	0.637	-0.042	-0.195	-0.015	-0.02355
1.06988	-2.79361	0.32596	0.638	-0.049	-0.164	-0.022	-0.03448
1.09086	-2.7772	0.32453	0.639	-0.057	-0.135	-0.03	-0.04695
1.11184	-2.75727	0.32429	0.64	-0.065	-0.11	-0.037	-0.05781
1.13281	-2.73419	0.32115	0.642	-0.073	-0.089	-0.043	-0.06698
1.15379	-2.73754	0.31347	0.644	0.067	-0.064	-0.089	-0.1382
1.17477	-2.77188	0.31243	0.643	0.296	0.018	0.031	0.04821
	BAND	=	76				--
#	BAND	=	0	0	76	76	--
0	-2.6993	0.31858	0.645	-0.042	-0.032	-0.029	-0.04496
0.02098	-2.72676	0.30523	0.643	-0.086	-0.062	-0.049	-0.07621
0.04196	-2.71743	0.32778	0.646	0.058	-0.07	-0.085	-0.13158
0.06293	-2.6798	0.33088	0.648	0.063	-0.07	-0.075	-0.11574
0.08391	-2.68044	0.30834	0.644	-0.041	-0.207	-0.051	-0.07919
0.10489	-2.69311	0.30922	0.643	-0.037	-0.228	-0.041	-0.06376
0.12587	-2.70267	0.30839	0.641	-0.034	-0.25	-0.03	-0.0468
0.14685	-2.70885	0.30826	0.641	-0.03	-0.274	-0.02	-0.0312
0.16782	-2.71153	0.30817	0.64	-0.026	-0.297	-0.011	-0.01719
0.1888	-2.7107	0.30661	0.64	-0.023	-0.321	-0.003	-0.00469
0.20978	-2.70644	0.30594	0.64	-0.02	-0.345	0.005	0.00781
0.23076	-2.69889	0.30557	0.64	-0.017	-0.369	0.011	0.01719
0.25174	-2.68825	0.30657	0.641	-0.014	-0.392	0.017	0.02652
0.27271	-2.67469	0.30545	0.641	-0.012	-0.416	0.022	0.03432
0.29369	-2.65842	0.3054	0.642	-0.01	-0.439	0.027	0.04206
0.31467	-2.63959	0.30808	0.643	-0.009	-0.462	0.032	0.04977
0.33565	-2.61837	0.30887	0.644	-0.007	-0.483	0.036	0.0559
0.35663	-2.59488	0.30919	0.645	-0.007	-0.504	0.038	0.05891
0.3776	-2.56925	0.31215	0.647	-0.006	-0.523	0.04	0.06182
0.39858	-2.54164	0.31116	0.649	-0.006	-0.541	0.041	0.06317
0.41956	-2.51227	0.31199	0.651	-0.005	-0.559	0.04	0.06144
0.44054	-2.48153	0.31179	0.653	-0.005	-0.575	0.039	0.05972
0.46152	-2.45	0.31574	0.656	-0.005	-0.591	0.037	0.0564
0.4825	-2.41856	0.31726	0.659	-0.005	-0.607	0.035	0.05311
0.50347	-2.38849	0.31902	0.663	-0.005	-0.623	0.033	0.04977
0.52445	-2.36151	0.32114	0.666	-0.005	-0.637	0.031	0.04655
0.54543	-2.33969	0.32434	0.669	-0.005	-0.649	0.031	0.04634
0.56641	-2.32519	0.32573	0.671	-0.005	-0.658	0.032	0.04769
0.58739	-2.31973	0.33123	0.672	-0.027	-0.227	0.113	0.16815
0.58739	-2.31973	0.33123	0.672	-0.027	-0.227	0.113	0.16815
0.60836	-2.32518	0.3274	0.671	0.003	0.655	-0.025	-0.03726
0.62934	-2.33968	0.32498	0.669	0.004	0.648	-0.027	-0.04036
0.65032	-2.36151	0.32114	0.666	0.004	0.636	-0.029	-0.04354
0.6713	-2.38849	0.32022	0.663	0.004	0.622	-0.031	-0.04676
0.69228	-2.41856	0.31889	0.659	0.005	0.607	-0.033	-0.05008
0.71325	-2.45	0.31595	0.656	0.005	0.591	-0.036	-0.05488
0.73423	-2.48154	0.31187	0.653	0.005	0.575	-0.038	-0.05819
0.75521	-2.51228	0.31168	0.651	0.005	0.559	-0.04	-0.06144
0.77619	-2.54165	0.31168	0.649	0.005	0.542	-0.04	-0.06163
0.79717	-2.56926	0.3116	0.647	0.006	0.524	-0.04	-0.06182
0.81814	-2.59489	0.31147	0.645	0.006	0.505	-0.038	-0.05891
0.83912	-2.61837	0.30884	0.644	0.007	0.485	-0.036	-0.0559
0.8601	-2.6396	0.30812	0.643	0.008	0.464	-0.032	-0.04977
0.88108	-2.65843	0.30656	0.642	0.01	0.441	-0.028	-0.04361
0.90206	-2.6747	0.30549	0.641	0.011	0.418	-0.023	-0.03588
0.92303	-2.68826	0.30633	0.641	0.013	0.395	-0.017	-0.02652
0.94401	-2.69891	0.30632	0.64	0.016	0.371	-0.011	-0.01719
0.96499	-2.70646	0.3069	0.64	0.019	0.347	-0.005	-0.00781
0.98597	-2.71072	0.30697	0.64	0.022	0.323	0.003	0.00469
1.00695	-2.71155	0.30834	0.64	0.025	0.298	0.011	0.01719
1.02792	-2.70887	0.30878	0.641	0.028	0.275	0.02	0.0312
1.0489	-2.70269	0.30727	0.641	0.031	0.251	0.03	0.0468
1.06988	-2.69313	0.30937	0.643	0.034	0.229	0.041	0.06376
1.09086	-2.68046	0.31034	0.644	0.037	0.207	0.051	0.07919
1.11184	-2.67978	0.33136	0.648	-0.073	0.07	0.073	0.11265
1.13281	-2.71741	0.32778	0.646	-0.066	0.07	0.083	0.12848
1.15379	-2.72677	0.30563	0.643	0.081	0.061	0.049	0.07621
1.17477	-2.6993	0.31858	0.645	-0.042	-0.032	-0.029	-0.04496
	BAND	=	77				--
#	BAND	=	0	0	77	77	--
0	-2.68426	0.31858	0.645	0.04	0.032	0.029	0.04496
0.02098	-2.70837	0.3243	0.644	0.086	0.074	0.05	0.07764
0.04196	-2.70129	0.31495	0.646	-0.058	0.065	0.085	0.13158
0.06293	-2.66373	0.31617	0.648	-0.063	0.064	0.074	0.1142
0.08391	-2.66019	0.33036	0.644	0.041	0.218	0.053	0.0823
0.10489	-2.67259	0.32837	0.643	0.038	0.239	0.043	0.06687
0.12587	-2.68197	0.33049	0.641	0.034	0.261	0.033	0.05148
0.14685	-2.68803	0.33153	0.641	0.031	0.283	0.023	0.03588
0.16782	-2.69065	0.33057	0.64	0.027	0.306	0.014	0.02188
0.1888	-2.68981	0.33389	0.64	0.024	0.329	0.006	0.00938
0.20978	-2.68556	0.33153	0.64	0.021	0.351	-0.001	-0.00156
0.23076	-2.67806	0.33234	0.64	0.018	0.374	-0.008	-0.0125
0.25174	-2.66749	0.33286	0.641	0.015	0.397	-0.014	-0.02184
0.27271	-2.65402	0.33539	0.641	0.013	0.42	-0.02	-0.0312
0.29369	-2.63783	0.33607	0.642	0.011	0.443	-0.025	-0.03894
0.31467	-2.61908	0.33635	0.643	0.009	0.465	-0.03	-0.04666
0.33565	-2.59793	0.33643	0.644	0.008	0.487	-0.034	-0.0528
0.35663	-2.5745	0.33491	0.645	0.007	0.507	-0.037	-0.05736
0.3776	-2.54892	0.3361	0.646	0.007	0.526	-0.039	-0.06037
0.39858	-2.52137	0.3377	0.648	0.006	0.544	-0.04	-0.06173
0.41956	-2.49208	0.33529	0.65	0.006	0.561	-0.04	-0.06154
0.44054	-2.46148	0.33426	0.653	0.006	0.578	-0.038	-0.05819
0.46152	-2.43017	0.33565	0.656	0.005	0.593	-0.037	-0.0564
0.4825	-2.39907	0.33761	0.659	0.005	0.609	-0.035	-0.05311
0.50347	-2.3695	0.33542	0.662	0.005	0.624	-0.033	-0.04985
0.52445	-2.34323	0.33478	0.666	0.005	0.638	-0.031	-0.04655
0.54543	-2.32233	0.33259	0.669	0.005	0.65	-0.031	-0.04634
0.56641	-2.30894	0.3302	0.671	0.005	0.658	-0.032	-0.04769
0.58739	-2.30469	0.33123	0.672	0.027	0.227	-0.113	-0.16815
0.58739	-2.30469	0.33123	0.672	0.027	0.227	-0.113	-0.16815
0.60836	-2.30896	0.33003	0.671	-0.003	-0.655	0.025	0.03726
0.62934	-2.32235	0.33259	0.669	-0.004	-0.648	0.027	0.04036
0.65032	-2.34325	0.33546	0.666	-0.004	-0.637	0.029	0.04354
0.6713	-2.36953	0.33614	0.662	-0.004	-0.624	0.031	0.04683
0.69228	-2.39909	0.33673	0.659	-0.005	-0.609	0.033	0.05008
0.71325	-2.43019	0.33553	0.656	-0.005	-0.593	0.036	0.05488
0.73423	-2.4615	0.33541	0.653	-0.005	-0.578	0.038	0.05819
0.75521	-2.4921	0.3373	0.65	-0.005	-0.562	0.039	0.06
0.77619	-2.52138	0.3377	0.648	-0.006	-0.545	0.04	0.06173
0.79717	-2.54894	0.33571	0.646	-0.006	-0.527	0.039	0.06037
0.81814	-2.57452	0.33503	0.645	-0.007	-0.508	0.037	0.05736
0.83912	-2.59794	0.33523	0.644	-0.008	-0.488	0.034	0.0528
0.8601	-2.6191	0.33714	0.643	-0.009	-0.467	0.03	0.04666
0.88108	-2.63784	0.33539	0.642	-0.011	-0.445	0.026	0.0405
0.90206	-2.65403	0.33364	0.641	-0.012	-0.422	0.02	0.0312
0.92303	-2.6675	0.33396	0.641	-0.014	-0.399	0.015	0.0234
0.94401	-2.67807	0.33093	0.64	-0.017	-0.376	0.008	0.0125
0.96499	-2.68557	0.33249	0.64	-0.02	-0.353	0.002	0.00313
0.98597	-2.68981	0.33337	0.64	-0.023	-0.33	-0.006	-0.00938
1.00695	-2.69065	0.33144	0.64	-0.026	-0.307	-0.014	-0.02188
1.02792	-2.68803	0.33121	0.641	-0.029	-0.284	-0.023	-0.03588
1.0489	-2.68197	0.33121	0.641	-0.032	-0.261	-0.033	-0.05148
1.06988	-2.67259	0.33012	0.643	-0.035	-0.239	-0.043	-0.06687
1.09086	-2.66018	0.3298	0.644	-0.038	-0.218	-0.053	-0.0823
1.11184	-2.66374	0.31577	0.648	0.073	-0.064	-0.072	-0.11111
1.13281	-2.70129	0.31495	0.646	0.066	-0.066	-0.084	-0.13003
1.15379	-2.70837	0.32466	0.644	-0.081	-0.073	-0.049	-0.07609
1.17477	-2.68426	0.31858	0.645	0.04	0.032	0.029	0.04496
	BAND	=	78				--
#	BAND	=	0	0	78	78	--
0	-2.69416	0.31209	0.646	-0.304	0.004	-0.003	-0.00464
0.02098	-2.66814	0.3084	0.648	0.094	0.044	0.057	0.08796
0.04196	-2.64851	0.31584	0.65	-0.069	-0.164	-0.064	-0.09846
0.06293	-2.66485	0.31005	0.646	-0.049	-0.185	-0.058	-0.08978
0.08391	-2.64079	0.32994	0.651	0.032	-0.067	-0.07	-0.10753
0.10489	-2.60151	0.33312	0.653	0.01	-0.059	-0.058	-0.08882
0.12587	-2.5804	0.3215	0.651	-0.042	-0.26	-0.032	-0.04916
0.14685	-2.58131	0.31751	0.649	-0.039	-0.282	-0.023	-0.03544
0.16782	-2.58063	0.31905	0.648	-0.039	-0.286	-0.011	-0.01698
0.1888	-2.57765	0.31934	0.647	-0.038	-0.287	-0.001	-0.00155
0.20978	-2.57217	0.32072	0.646	-0.037	-0.286	0.006	0.00929
0.23076	-2.5641	0.32188	0.646	-0.035	-0.285	0.012	0.01858
0.25174	-2.55347	0.32092	0.646	-0.034	-0.285	0.016	0.02477
0.27271	-2.54036	0.32334	0.647	-0.033	-0.288	0.02	0.03091
0.29369	-2.52486	0.32342	0.647	-0.032	-0.295	0.024	0.03709
0.31467	-2.50708	0.3249	0.648	-0.032	-0.308	0.027	0.04167
0.33565	-2.48715	0.3237	0.649	-0.032	-0.328	0.032	0.04931
0.35663	-2.46518	0.32519	0.65	-0.032	-0.357	0.036	0.05538
0.3776	-2.44133	0.32467	0.651	-0.031	-0.396	0.04	0.06144
0.39858	-2.41578	0.32525	0.653	-0.031	-0.441	0.043	0.06585
0.41956	-2.38879	0.32552	0.655	-0.029	-0.487	0.044	0.06718
0.44054	-2.36074	0.32472	0.657	-0.026	-0.53	0.042	0.06393
0.46152	-2.33223	0.32628	0.66	-0.022	-0.564	0.037	0.05606
0.4825	-2.30406	0.32693	0.663	-0.018	-0.59	0.032	0.04827
0.50347	-2.27741	0.32893	0.665	-0.014	-0.61	0.027	0.0406
0.52445	-2.25376	0.3306	0.668	-0.011	-0.626	0.024	0.03593
0.54543	-2.23485	0.3327	0.671	-0.009	-0.638	0.021	0.0313
0.56641	-2.22244	0.33742	0.673	-0.007	-0.647	0.022	0.03269
0.58739	-2.21789	0.33762	0.673	-0.004	-0.146	0.094	0.13967
0.58739	-2.21789	0.33762	0.673	-0.004	-0.146	0.094	0.13967
0.60836	-2.22244	0.33723	0.673	0.007	0.642	-0.011	-0.01634
0.62934	-2.23485	0.3341	0.671	0.008	0.636	-0.015	-0.02235
0.65032	-2.25376	0.3312	0.668	0.011	0.625	-0.019	-0.02844
0.6713	-2.27741	0.32928	0.665	0.014	0.611	-0.023	-0.03459
0.69228	-2.30407	0.32566	0.663	0.018	0.592	-0.028	-0.04223
0.71325	-2.33223	0.32589	0.66	0.022	0.569	-0.034	-0.05152
0.73423	-2.36075	0.32477	0.657	0.026	0.538	-0.039	-0.05936
0.75521	-2.38878	0.327	0.655	0.029	0.5	-0.041	-0.0626
0.77619	-2.41577	0.3244	0.653	0.031	0.456	-0.042	-0.06432
0.79717	-2.44132	0.32411	0.651	0.032	0.413	-0.039	-0.05991
0.81814	-2.46517	0.32355	0.65	0.032	0.375	-0.036	-0.05538
0.83912	-2.48713	0.32343	0.649	0.032	0.345	-0.031	-0.04777
0.8601	-2.50706	0.32406	0.648	0.032	0.324	-0.027	-0.04167
0.88108	-2.52484	0.32542	0.647	0.032	0.31	-0.023	-0.03555
0.90206	-2.54035	0.32184	0.647	0.033	0.302	-0.019	-0.02937
0.92303	-2.55346	0.3217	0.646	0.034	0.297	-0.015	-0.02322
0.94401	-2.5641	0.32081	0.646	0.035	0.295	-0.011	-0.01703
0.96499	-2.57217	0.31837	0.646	0.036	0.295	-0.005	-0.00774
0.98597	-2.57766	0.32125	0.647	0.037	0.294	0.003	0.00464
1.00695	-2.58064	0.3179	0.648	0.037	0.292	0.013	0.02006
1.02792	-2.58133	0.3201	0.649	0.037	0.286	0.025	0.03852
1.0489	-2.58041	0.32167	0.651	0.04	0.264	0.035	0.05376
1.06988	-2.60149	0.33312	0.653	-0.014	0.059	0.057	0.08729
1.09086	-2.64077	0.32843	0.651	-0.037	0.067	0.069	0.10599
1.11184	-2.66487	0.30945	0.646	0.046	0.184	0.059	0.09133
1.13281	-2.64852	0.31668	0.65	0.061	0.164	0.065	0.1
1.15379	-2.66813	0.3086	0.648	-0.102	-0.045	-0.057	-0.08796
1.17477	-2.69416	0.31209	0.646	-0.304	0.004	-0.003	-0.00464
	BAND	=	79				--
#	BAND	=	0	0	79	79	--
0	-2.67915	0.31158	0.646	0.306	-0.004	0.003	0.00464
0.02098	-2.65044	0.32125	0.648	-0.094	-0.055	-0.057	-0.08796
0.04196	-2.63064	0.32484	0.651	0.071	0.154	0.063	0.09677
0.06293	-2.64502	0.32528	0.646	0.049	0.198	0.061	0.09443
0.08391	-2.62466	0.31311	0.65	-0.032	0.064	0.07	0.10769
0.10489	-2.58518	0.31614	0.653	-0.009	0.058	0.061	0.09342
0.12587	-2.56116	0.33256	0.652	0.042	0.252	0.033	0.05061
0.14685	-2.56164	0.33246	0.65	0.039	0.287	0.028	0.04308
0.16782	-2.56092	0.3345	0.648	0.039	0.291	0.017	0.02623
0.1888	-2.55799	0.3334	0.647	0.039	0.29	0.008	0.01236
0.20978	-2.55262	0.33495	0.647	0.037	0.289	0.001	0.00155
0.23076	-2.54474	0.33448	0.646	0.036	0.287	-0.005	-0.00774
0.25174	-2.53434	0.33519	0.647	0.035	0.287	-0.01	-0.01546
0.27271	-2.5215	0.33447	0.647	0.034	0.29	-0.014	-0.02164
0.29369	-2.5063	0.33592	0.647	0.033	0.296	-0.018	-0.02782
0.31467	-2.48883	0.3369	0.648	0.033	0.309	-0.023	-0.03549
0.33565	-2.46921	0.33713	0.649	0.032	0.329	-0.028	-0.04314
0.35663	-2.44754	0.33822	0.65	0.032	0.358	-0.033	-0.05077
0.3776	-2.42393	0.3382	0.651	0.032	0.396	-0.037	-0.05684
0.39858	-2.39855	0.34294	0.653	0.031	0.442	-0.041	-0.06279
0.41956	-2.37167	0.34485	0.655	0.029	0.488	-0.042	-0.06412
0.44054	-2.34367	0.34341	0.657	0.026	0.531	-0.04	-0.06088
0.46152	-2.31516	0.34415	0.659	0.023	0.565	-0.037	-0.05615
0.4825	-2.287	0.34598	0.662	0.018	0.591	-0.032	-0.04834
0.50347	-2.26042	0.34554	0.665	0.014	0.611	-0.027	-0.0406
0.52445	-2.23699	0.34569	0.668	0.011	0.627	-0.024	-0.03593
0.54543	-2.21849	0.343	0.671	0.009	0.639	-0.022	-0.03279
0.56641	-2.20669	0.33965	0.673	0.007	0.647	-0.022	-0.03269
0.58739	-2.20285	0.33762	0.673	0.004	0.146	-0.094	-0.13967
0.58739	-2.20285	0.33762	0.673	0.004	0.146	-0.094	-0.13967
0.60836	-2.2067	0.34056	0.673	-0.007	-0.642	0.011	0.01634
0.62934	-2.2185	0.34117	0.671	-0.008	-0.637	0.015	0.02235
0.65032	-2.237	0.34389	0.668	-0.011	-0.626	0.019	0.02844
0.6713	-2.26043	0.34693	0.665	-0.014	-0.612	0.023	0.03459
0.69228	-2.28701	0.34666	0.662	-0.018	-0.593	0.028	0.0423
0.71325	-2.31517	0.34555	0.659	-0.022	-0.57	0.033	0.05008
0.73423	-2.34369	0.34415	0.657	-0.026	-0.539	0.038	0.05784
0.75521	-2.37169	0.34249	0.655	-0.03	-0.501	0.04	0.06107
0.77619	-2.39857	0.34247	0.653	-0.032	-0.457	0.039	0.05972
0.79717	-2.42395	0.34127	0.651	-0.033	-0.414	0.037	0.05684
0.81814	-2.44756	0.34001	0.65	-0.033	-0.376	0.032	0.04923
0.83912	-2.46924	0.33725	0.649	-0.033	-0.346	0.027	0.0416
0.8601	-2.48886	0.33691	0.648	-0.033	-0.325	0.022	0.03395
0.88108	-2.50632	0.33599	0.647	-0.034	-0.311	0.018	0.02782
0.90206	-2.52152	0.33699	0.647	-0.034	-0.303	0.013	0.02009
0.92303	-2.53435	0.33153	0.646	-0.035	-0.299	0.009	0.01393
0.94401	-2.54475	0.33388	0.646	-0.036	-0.298	0.004	0.00619
0.96499	-2.55263	0.33439	0.647	-0.037	-0.298	-0.002	-0.00309
0.98597	-2.558	0.33547	0.647	-0.038	-0.298	-0.01	-0.01546
1.00695	-2.56092	0.33409	0.648	-0.038	-0.296	-0.019	-0.02932
1.02792	-2.56164	0.33437	0.65	-0.038	-0.291	-0.03	-0.04615
1.0489	-2.56115	0.3326	0.652	-0.04	-0.255	-0.035	-0.05368
1.06988	-2.58519	0.31597	0.653	0.013	-0.058	-0.06	-0.09188
1.09086	-2.62467	0.31295	0.65	0.037	-0.064	-0.07	-0.10769
1.11184	-2.64502	0.32541	0.646	-0.046	-0.198	-0.061	-0.09443
1.13281	-2.63065	0.32603	0.651	-0.063	-0.155	-0.064	-0.09831
1.15379	-2.65043	0.32037	0.648	0.102	0.056	0.058	0.08951
1.17477	-2.67915	0.31158	0.646	0.306	-0.004	0.003	0.00464
	BAND	=	80				--
#	BAND	=	0	0	80	80	--
0	-2.60993	0.23633	0.654	-0.15	-0.1	0.01	0.01529
0.02098	-2.62687	0.30142	0.65	-0.042	-0.154	-0.079	-0.12154
0.04196	-2.63228	0.30335	0.648	0.25	0.06	0.032	0.04938
0.06293	-2.60234	0.30423	0.652	0.245	0.05	0.063	0.09663
0.08391	-2.57605	0.25301	0.656	0.024	-0.204	-0.053	-0.08079
0.10489	-2.57657	0.30831	0.652	-0.023	-0.263	-0.063	-0.09663
0.12587	-2.55906	0.32473	0.654	0.224	0.017	-0.059	-0.09021
0.14685	-2.51929	0.33034	0.657	0.065	-0.06	-0.051	-0.07763
0.16782	-2.47996	0.29396	0.66	0.02	-0.06	-0.057	-0.08636
0.1888	-2.46032	0.32394	0.659	-0.038	-0.147	0.022	0.03338
0.20978	-2.44829	0.3348	0.657	-0.039	-0.107	0.038	0.05784
0.23076	-2.4363	0.33741	0.656	-0.037	-0.069	0.044	0.06707
0.25174	-2.42348	0.33975	0.655	-0.036	-0.033	0.047	0.07176
0.27271	-2.40945	0.33915	0.655	-0.034	0.003	0.047	0.07176
0.29369	-2.39396	0.33927	0.655	-0.033	0.041	0.047	0.07176
0.31467	-2.37693	0.34043	0.655	-0.032	0.082	0.045	0.0687
0.33565	-2.35837	0.34359	0.656	-0.031	0.126	0.044	0.06707
0.35663	-2.33829	0.34479	0.656	-0.03	0.172	0.042	0.06402
0.3776	-2.3168	0.34667	0.657	-0.029	0.219	0.04	0.06088
0.39858	-2.29407	0.34631	0.659	-0.028	0.264	0.038	0.05766
0.41956	-2.27033	0.34943	0.66	-0.027	0.304	0.037	0.05606
0.44054	-2.24597	0.34891	0.662	-0.026	0.337	0.036	0.05438
0.46152	-2.22153	0.3519	0.664	-0.025	0.357	0.035	0.05271
0.4825	-2.19775	0.35242	0.666	-0.024	0.356	0.036	0.05405
0.50347	-2.1757	0.34832	0.668	-0.022	0.313	0.039	0.05838
0.52445	-2.15665	0.34549	0.671	-0.017	0.161	0.042	0.06259
0.54543	-2.14199	0.34195	0.672	-0.005	-0.165	0.039	0.05804
0.56641	-2.13278	0.34071	0.674	0.006	-0.384	0.029	0.04303
0.58739	-2.12959	0.34246	0.674	0	-0.036	0.034	0.05045
0.58739	-2.12959	0.34246	0.674	0	-0.036	0.034	0.05045
0.60836	-2.13275	0.33914	0.674	-0.009	0.504	-0.012	-0.0178
0.62934	-2.14195	0.34298	0.672	0.006	0.218	-0.033	-0.04911
0.65032	-2.1566	0.34625	0.671	0.02	-0.195	-0.038	-0.05663
0.6713	-2.17564	0.34943	0.668	0.024	-0.344	-0.035	-0.0524
0.69228	-2.19769	0.35199	0.666	0.026	-0.378	-0.033	-0.04955
0.71325	-2.22145	0.35134	0.664	0.027	-0.373	-0.033	-0.0497
0.73423	-2.24588	0.34919	0.662	0.028	-0.348	-0.034	-0.05136
0.75521	-2.27024	0.35031	0.66	0.029	-0.311	-0.036	-0.05455
0.77619	-2.29396	0.34583	0.659	0.03	-0.267	-0.038	-0.05766
0.79717	-2.31669	0.34595	0.657	0.031	-0.218	-0.04	-0.06088
0.81814	-2.33818	0.34259	0.656	0.032	-0.168	-0.042	-0.06402
0.83912	-2.35826	0.34335	0.656	0.033	-0.119	-0.044	-0.06707
0.8601	-2.37682	0.34079	0.655	0.033	-0.072	-0.045	-0.0687
0.88108	-2.39386	0.34075	0.655	0.034	-0.03	-0.046	-0.07023
0.90206	-2.40935	0.33854	0.655	0.036	0.009	-0.047	-0.07176
0.92303	-2.4234	0.33787	0.655	0.037	0.046	-0.046	-0.07023
0.94401	-2.43623	0.33562	0.656	0.038	0.083	-0.043	-0.06555
0.96499	-2.44822	0.33316	0.657	0.04	0.121	-0.035	-0.05327
0.98597	-2.46028	0.32283	0.659	0.037	0.161	-0.018	-0.02731
1.00695	-2.47995	0.294	0.66	-0.02	0.06	0.057	0.08636
1.02792	-2.51927	0.32974	0.657	-0.077	0.06	0.05	0.0761
1.0489	-2.55905	0.32333	0.654	-0.244	-0.024	0.051	0.07798
1.06988	-2.57659	0.30882	0.652	0.02	0.263	0.065	0.09969
1.09086	-2.57605	0.25384	0.656	-0.027	0.206	0.054	0.08232
1.11184	-2.60234	0.30491	0.652	-0.25	-0.051	-0.063	-0.09663
1.13281	-2.63228	0.30271	0.648	-0.248	-0.061	-0.032	-0.04938
1.15379	-2.62688	0.30142	0.65	0.04	0.153	0.079	0.12154
1.17477	-2.60993	0.23633	0.654	-0.15	-0.1	0.01	0.01529
	BAND	=	81				--
#	BAND	=	0	0	81	81	--
0	-2.59493	0.23705	0.654	0.15	0.1	-0.009	-0.01376
0.02098	-2.60774	0.30948	0.65	0.042	0.163	0.079	0.12154
0.04196	-2.61632	0.30721	0.648	-0.252	-0.051	-0.031	-0.04784
0.06293	-2.58615	0.30586	0.653	-0.245	-0.063	-0.063	-0.09648
0.08391	-2.55598	0.25793	0.655	-0.006	0.177	0.027	0.04122
0.10489	-2.55679	0.33205	0.652	0.023	0.267	0.063	0.09663
0.12587	-2.54379	0.32086	0.654	-0.223	-0.006	0.064	0.09786
0.14685	-2.50378	0.32032	0.657	-0.065	0.059	0.052	0.07915
0.16782	-2.46422	0.35555	0.66	-0.022	0.062	0.066	0.1
0.1888	-2.44231	0.34633	0.66	0.037	0.146	-0.014	-0.02121
0.20978	-2.42953	0.33269	0.658	0.04	0.107	-0.029	-0.04407
0.23076	-2.41707	0.32922	0.657	0.038	0.068	-0.036	-0.05479
0.25174	-2.404	0.32883	0.656	0.036	0.032	-0.039	-0.05945
0.27271	-2.38987	0.32952	0.656	0.035	-0.005	-0.039	-0.05945
0.29369	-2.37443	0.33107	0.656	0.033	-0.043	-0.039	-0.05945
0.31467	-2.35753	0.33031	0.656	0.032	-0.084	-0.039	-0.05945
0.33565	-2.33915	0.32895	0.656	0.032	-0.128	-0.038	-0.05793
0.35663	-2.31931	0.33101	0.657	0.031	-0.174	-0.037	-0.05632
0.3776	-2.29808	0.33068	0.658	0.03	-0.221	-0.036	-0.05471
0.39858	-2.27564	0.33411	0.659	0.029	-0.266	-0.035	-0.05311
0.41956	-2.25222	0.33425	0.661	0.028	-0.306	-0.034	-0.05144
0.44054	-2.22824	0.33605	0.662	0.027	-0.338	-0.034	-0.05136
0.46152	-2.20426	0.33818	0.664	0.026	-0.358	-0.034	-0.0512
0.4825	-2.18102	0.33913	0.667	0.025	-0.356	-0.035	-0.05247
0.50347	-2.15954	0.3403	0.669	0.023	-0.312	-0.037	-0.05531
0.52445	-2.14099	0.34402	0.671	0.018	-0.16	-0.041	-0.0611
0.54543	-2.12661	0.3479	0.672	0.005	0.165	-0.038	-0.05655
0.56641	-2.11755	0.3454	0.674	-0.006	0.384	-0.028	-0.04154
0.58739	-2.11453	0.34306	0.674	0	0.036	-0.034	-0.05045
0.58739	-2.11453	0.34306	0.674	0	0.036	-0.034	-0.05045
0.60836	-2.11759	0.34597	0.674	0.009	-0.505	0.011	0.01632
0.62934	-2.12667	0.34795	0.672	-0.006	-0.219	0.032	0.04762
0.65032	-2.14106	0.34419	0.671	-0.021	0.194	0.037	0.05514
0.6713	-2.15961	0.34053	0.669	-0.024	0.344	0.034	0.05082
0.69228	-2.18109	0.33993	0.667	-0.026	0.378	0.032	0.04798
0.71325	-2.20434	0.33667	0.664	-0.027	0.373	0.032	0.04819
0.73423	-2.22834	0.33653	0.662	-0.029	0.349	0.032	0.04834
0.75521	-2.25233	0.33437	0.661	-0.03	0.313	0.034	0.05144
0.77619	-2.27575	0.33383	0.659	-0.031	0.269	0.035	0.05311
0.79717	-2.2982	0.33096	0.658	-0.032	0.22	0.036	0.05471
0.81814	-2.31943	0.32998	0.657	-0.033	0.17	0.037	0.05632
0.83912	-2.33927	0.33022	0.656	-0.034	0.121	0.038	0.05793
0.8601	-2.35765	0.32987	0.656	-0.034	0.075	0.039	0.05945
0.88108	-2.37454	0.32995	0.656	-0.035	0.032	0.039	0.05945
0.90206	-2.38998	0.32899	0.656	-0.036	-0.008	0.039	0.05945
0.92303	-2.40409	0.32919	0.656	-0.038	-0.045	0.038	0.05793
0.94401	-2.41716	0.32953	0.657	-0.039	-0.082	0.034	0.05175
0.96499	-2.4296	0.33233	0.658	-0.04	-0.121	0.027	0.04103
0.98597	-2.44237	0.3453	0.66	-0.036	-0.16	0.011	0.01667
1.00695	-2.46424	0.3565	0.66	0.022	-0.061	-0.066	-0.1
1.02792	-2.50379	0.32075	0.657	0.077	-0.059	-0.051	-0.07763
1.0489	-2.54379	0.3211	0.654	0.244	0.013	-0.055	-0.0841
1.06988	-2.55678	0.33061	0.652	-0.02	-0.268	-0.064	-0.09816
1.09086	-2.556	0.25995	0.655	0.007	-0.179	-0.026	-0.03969
1.11184	-2.58614	0.30631	0.653	0.25	0.064	0.063	0.09648
1.13281	-2.61632	0.30703	0.648	0.25	0.052	0.031	0.04784
1.15379	-2.60775	0.30972	0.65	-0.04	-0.163	-0.08	-0.12308
1.17477	-2.59493	0.23705	0.654	0.15	0.1	-0.009	-0.01376
	BAND	=	82				--
#	BAND	=	0	0	82	82	--
0	-2.60101	0.43057	0.653	0.001	0.026	0.072	0.11026
0.02098	-2.58862	0.35196	0.656	0.075	0.163	0.057	0.08689
0.04196	-2.57658	0.34721	0.658	0.031	-0.02	-0.08	-0.12158
0.06293	-2.57217	0.35526	0.657	-0.015	-0.129	-0.102	-0.15525
0.08391	-2.56977	0.38789	0.655	-0.02	0.097	0.035	0.05344
0.10489	-2.53908	0.307	0.658	0.08	0.069	0.03	0.04559
0.12587	-2.5114	0.31224	0.661	0.057	-0.007	-0.033	-0.04992
0.14685	-2.48902	0.33555	0.661	-0.009	-0.176	-0.073	-0.11044
0.16782	-2.4715	0.38293	0.66	-0.039	-0.203	-0.046	-0.0697
0.1888	-2.43868	0.35553	0.662	0.015	-0.018	-0.013	-0.01964
0.20978	-2.4009	0.36037	0.665	-0.018	-0.015	-0.015	-0.02256
0.23076	-2.36596	0.36868	0.667	-0.029	-0.01	-0.005	-0.0075
0.25174	-2.33533	0.36713	0.668	-0.027	0.006	0.012	0.01796
0.27271	-2.30928	0.36006	0.667	-0.022	0.032	0.027	0.04048
0.29369	-2.28654	0.35453	0.666	-0.018	0.063	0.035	0.05255
0.31467	-2.26563	0.35077	0.666	-0.016	0.096	0.038	0.05706
0.33565	-2.24559	0.35218	0.666	-0.015	0.132	0.037	0.05556
0.35663	-2.2259	0.352	0.666	-0.013	0.172	0.034	0.05105
0.3776	-2.20634	0.35041	0.666	-0.012	0.216	0.029	0.04354
0.39858	-2.18689	0.35364	0.666	-0.011	0.262	0.023	0.03453
0.41956	-2.16768	0.35512	0.667	-0.009	0.308	0.017	0.02549
0.44054	-2.14898	0.36033	0.668	-0.008	0.351	0.01	0.01497
0.46152	-2.13116	0.36796	0.669	-0.006	0.389	0.003	0.00448
0.4825	-2.11466	0.3793	0.67	-0.004	0.42	-0.003	-0.00448
0.50347	-2.09992	0.39542	0.671	-0.002	0.443	-0.008	-0.01192
0.52445	-2.08727	0.41342	0.672	-0.001	0.458	-0.011	-0.01637
0.54543	-2.07695	0.42884	0.673	0	0.468	-0.012	-0.01783
0.56641	-2.06936	0.42463	0.673	0	0.474	-0.011	-0.01634
0.58739	-2.0659	0.36554	0.673	-0.005	-0.037	-0.022	-0.03269
0.58739	-2.0659	0.36554	0.673	-0.005	-0.037	-0.022	-0.03269
0.60836	-2.06932	0.4255	0.673	0	-0.495	0.01	0.01486
0.62934	-2.07689	0.42784	0.673	0	-0.478	0.012	0.01783
0.65032	-2.08721	0.41214	0.672	0.001	-0.466	0.012	0.01786
0.6713	-2.09985	0.39382	0.671	0.002	-0.449	0.009	0.01341
0.69228	-2.11457	0.38029	0.67	0.004	-0.426	0.004	0.00597
0.71325	-2.13106	0.3678	0.669	0.006	-0.395	-0.002	-0.00299
0.73423	-2.14887	0.36037	0.668	0.008	-0.356	-0.009	-0.01347
0.75521	-2.16757	0.35408	0.667	0.01	-0.311	-0.016	-0.02399
0.77619	-2.18678	0.35511	0.666	0.012	-0.263	-0.023	-0.03453
0.79717	-2.20622	0.34893	0.666	0.014	-0.214	-0.029	-0.04354
0.81814	-2.22579	0.35104	0.666	0.015	-0.169	-0.034	-0.05105
0.83912	-2.24548	0.35142	0.666	0.017	-0.127	-0.037	-0.05556
0.8601	-2.26553	0.35077	0.666	0.019	-0.091	-0.038	-0.05706
0.88108	-2.28645	0.35453	0.666	0.021	-0.058	-0.035	-0.05255
0.90206	-2.3092	0.35918	0.667	0.024	-0.027	-0.027	-0.04048
0.92303	-2.33526	0.36673	0.668	0.029	-0.002	-0.012	-0.01796
0.94401	-2.36591	0.36868	0.667	0.031	0.011	0.006	0.009
0.96499	-2.40086	0.36037	0.665	0.017	0.015	0.014	0.02105
0.98597	-2.43864	0.35191	0.662	-0.019	0.017	0.012	0.01813
1.00695	-2.47149	0.37962	0.66	0.036	0.203	0.049	0.07424
1.02792	-2.48905	0.33637	0.661	0.003	0.17	0.074	0.11195
1.0489	-2.51144	0.31161	0.661	-0.059	0.007	0.033	0.04992
1.06988	-2.53911	0.307	0.658	-0.082	-0.068	-0.028	-0.04255
1.09086	-2.5698	0.38483	0.655	0.021	-0.096	-0.035	-0.05344
1.11184	-2.57221	0.35474	0.657	0.015	0.128	0.102	0.15525
1.13281	-2.5766	0.34721	0.658	-0.028	0.02	0.081	0.1231
1.15379	-2.58861	0.35084	0.656	-0.074	-0.163	-0.055	-0.08384
1.17477	-2.60101	0.43057	0.653	0.001	0.026	0.072	0.11026
	BAND	=	83				--
#	BAND	=	0	0	83	83	--
0	-2.58599	0.43057	0.653	-0.001	-0.026	-0.072	-0.11026
0.02098	-2.57188	0.36926	0.656	-0.075	-0.178	-0.06	-0.09146
0.04196	-2.55983	0.36545	0.658	-0.031	0.004	0.077	0.11702
0.06293	-2.55392	0.36296	0.657	0.016	0.116	0.1	0.15221
0.08391	-2.5496	0.4228	0.654	0.002	-0.092	-0.01	-0.01529
0.10489	-2.52203	0.37522	0.658	-0.079	-0.097	-0.031	-0.04711
0.12587	-2.49479	0.36451	0.661	-0.056	-0.018	0.034	0.05144
0.14685	-2.47253	0.33945	0.661	0.011	0.156	0.078	0.118
0.16782	-2.4546	0.29255	0.66	0.043	0.186	0.045	0.06818
0.1888	-2.42278	0.3041	0.662	-0.012	0.006	0.015	0.02266
0.20978	-2.38487	0.29953	0.665	0.019	0.004	0.017	0.02556
0.23076	-2.34932	0.29565	0.667	0.031	0	0.011	0.01649
0.25174	-2.31761	0.29545	0.668	0.028	-0.013	-0.004	-0.00599
0.27271	-2.29043	0.30414	0.668	0.023	-0.037	-0.019	-0.02844
0.29369	-2.26691	0.31103	0.667	0.019	-0.067	-0.028	-0.04198
0.31467	-2.24559	0.31925	0.666	0.016	-0.1	-0.032	-0.04805
0.33565	-2.22538	0.32377	0.666	0.015	-0.136	-0.032	-0.04805
0.35663	-2.20565	0.32577	0.666	0.014	-0.176	-0.03	-0.04505
0.3776	-2.18612	0.33098	0.666	0.012	-0.22	-0.026	-0.03904
0.39858	-2.16674	0.33039	0.666	0.011	-0.266	-0.021	-0.03153
0.41956	-2.14762	0.33255	0.667	0.01	-0.311	-0.016	-0.02399
0.44054	-2.12903	0.32974	0.668	0.008	-0.354	-0.009	-0.01347
0.46152	-2.11138	0.32509	0.669	0.007	-0.392	-0.003	-0.00448
0.4825	-2.09514	0.31559	0.67	0.005	-0.423	0.002	0.00299
0.50347	-2.08084	0.30456	0.671	0.004	-0.445	0.007	0.01043
0.52445	-2.06889	0.28812	0.672	0.004	-0.461	0.011	0.01637
0.54543	-2.05956	0.2763	0.673	0.004	-0.471	0.013	0.01932
0.56641	-2.05311	0.28776	0.673	0.003	-0.478	0.012	0.01783
0.58739	-2.05083	0.3628	0.673	0.005	0.037	0.022	0.03269
0.58739	-2.05083	0.3628	0.673	0.005	0.037	0.022	0.03269
0.60836	-2.05312	0.28852	0.673	-0.003	0.498	-0.011	-0.01634
0.62934	-2.05957	0.27661	0.673	-0.004	0.48	-0.013	-0.01932
0.65032	-2.06892	0.28892	0.672	-0.004	0.468	-0.011	-0.01637
0.6713	-2.08088	0.30416	0.671	-0.004	0.452	-0.008	-0.01192
0.69228	-2.0952	0.31511	0.67	-0.005	0.429	-0.003	-0.00448
0.71325	-2.11146	0.3258	0.669	-0.007	0.398	0.003	0.00448
0.73423	-2.12913	0.33022	0.668	-0.009	0.359	0.009	0.01347
0.75521	-2.14773	0.33271	0.667	-0.011	0.314	0.015	0.02249
0.77619	-2.16686	0.33139	0.666	-0.013	0.267	0.021	0.03153
0.79717	-2.18624	0.33019	0.666	-0.014	0.218	0.026	0.03904
0.81814	-2.20577	0.32676	0.666	-0.016	0.173	0.03	0.04505
0.83912	-2.22548	0.32248	0.666	-0.017	0.132	0.032	0.04805
0.8601	-2.24569	0.31833	0.666	-0.019	0.095	0.032	0.04805
0.88108	-2.26699	0.31103	0.667	-0.022	0.062	0.028	0.04198
0.90206	-2.29049	0.30414	0.668	-0.026	0.032	0.019	0.02844
0.92303	-2.31765	0.29421	0.668	-0.031	0.01	0.004	0.00599
0.94401	-2.34934	0.29605	0.667	-0.033	-0.001	-0.011	-0.01649
0.96499	-2.38488	0.29953	0.665	-0.019	-0.004	-0.017	-0.02556
0.98597	-2.42279	0.30442	0.662	0.016	-0.005	-0.013	-0.01964
1.00695	-2.45459	0.29459	0.66	-0.04	-0.187	-0.048	-0.07273
1.02792	-2.47249	0.33992	0.661	-0.006	-0.15	-0.078	-0.118
1.0489	-2.49475	0.36434	0.661	0.057	0.019	-0.034	-0.05144
1.06988	-2.522	0.37534	0.658	0.081	0.096	0.03	0.04559
1.09086	-2.54957	0.42284	0.654	-0.002	0.091	0.009	0.01376
1.11184	-2.5539	0.36331	0.657	-0.016	-0.115	-0.099	-0.15068
1.13281	-2.55982	0.36545	0.658	0.027	-0.005	-0.078	-0.11854
1.15379	-2.57188	0.3685	0.656	0.074	0.177	0.058	0.08841
1.17477	-2.58599	0.43057	0.653	-0.001	-0.026	-0.072	-0.11026
	BAND	=	84				--
#	BAND	=	0	0	84	84	--
0	-2.49766	0.08944	0.653	-0.505	-0.02	-0.006	-0.00919
0.02098	-2.5006	0.12111	0.652	-0.023	-0.07	0.041	0.06288
0.04196	-2.49921	0.13648	0.651	-0.015	-0.039	0.049	0.07527
0.06293	-2.49056	0.13204	0.652	-0.009	-0.039	0.046	0.07055
0.08391	-2.47671	0.11561	0.655	-0.006	-0.05	0.04	0.06107
0.10489	-2.46128	0.11202	0.656	-0.007	-0.045	0.037	0.0564
0.12587	-2.44428	0.12654	0.655	-0.007	-0.029	0.032	0.04885
0.14685	-2.42332	0.13962	0.656	-0.005	-0.03	0.022	0.03354
0.16782	-2.39807	0.14534	0.659	-0.002	-0.04	0.016	0.02428
0.1888	-2.37088	0.14143	0.661	-0.001	-0.041	0.014	0.02118
0.20978	-2.34368	0.14329	0.662	-0.001	-0.024	0.014	0.02115
0.23076	-2.31656	0.15795	0.663	-0.003	0	0.011	0.01659
0.25174	-2.28839	0.1767	0.664	-0.005	0.011	0.004	0.00602
0.27271	-2.25892	0.21245	0.666	-0.009	-0.003	0	0
0.29369	-2.22965	0.33827	0.668	-0.017	-0.068	0.004	0.00599
0.31467	-2.20231	0.42935	0.669	-0.012	-0.101	0.008	0.01196
0.33565	-2.1774	0.43242	0.67	-0.007	-0.132	0.009	0.01343
0.35663	-2.15515	0.42588	0.671	-0.005	-0.174	0.012	0.01788
0.3776	-2.13558	0.41966	0.671	-0.004	-0.217	0.017	0.02534
0.39858	-2.11859	0.41738	0.671	-0.003	-0.256	0.022	0.03279
0.41956	-2.10404	0.41484	0.672	-0.003	-0.289	0.027	0.04018
0.44054	-2.09177	0.41315	0.672	-0.002	-0.319	0.031	0.04613
0.46152	-2.08157	0.41889	0.672	-0.002	-0.346	0.035	0.05208
0.4825	-2.07322	0.4226	0.672	-0.003	-0.37	0.036	0.05357
0.50347	-2.06656	0.43112	0.672	-0.003	-0.391	0.036	0.05357
0.52445	-2.06152	0.43996	0.673	-0.005	-0.408	0.035	0.05201
0.54543	-2.05829	0.44017	0.673	-0.008	-0.418	0.035	0.05201
0.56641	-2.057	0.41464	0.673	-0.015	-0.418	0.038	0.05646
0.58739	-2.05687	0.32509	0.673	-0.063	0.078	-0.105	-0.15602
0.58739	-2.05687	0.32509	0.673	-0.063	0.078	-0.105	-0.15602
0.60836	-2.05704	0.41541	0.673	0.009	0.407	-0.044	-0.06538
0.62934	-2.05835	0.43933	0.673	0.006	0.416	-0.036	-0.05349
0.65032	-2.06159	0.43889	0.673	0.003	0.407	-0.036	-0.05349
0.6713	-2.06664	0.43112	0.672	0.002	0.39	-0.037	-0.05506
0.69228	-2.07331	0.4226	0.672	0.002	0.369	-0.037	-0.05506
0.71325	-2.08166	0.41889	0.672	0.001	0.344	-0.035	-0.05208
0.73423	-2.09187	0.41463	0.672	0.001	0.318	-0.032	-0.04762
0.75521	-2.10415	0.41584	0.672	0.001	0.288	-0.027	-0.04018
0.77619	-2.11871	0.41785	0.671	0.001	0.254	-0.022	-0.03279
0.79717	-2.1357	0.41994	0.671	0.002	0.216	-0.017	-0.02534
0.81814	-2.15526	0.42652	0.671	0.003	0.173	-0.013	-0.01937
0.83912	-2.17751	0.43278	0.67	0.005	0.13	-0.009	-0.01343
0.8601	-2.20241	0.43225	0.669	0.009	0.098	-0.008	-0.01196
0.88108	-2.22971	0.35514	0.668	0.015	0.069	-0.005	-0.00749
0.90206	-2.25893	0.21646	0.666	0.009	0.004	0	0
0.92303	-2.28838	0.17606	0.664	0.005	-0.011	-0.004	-0.00602
0.94401	-2.31656	0.15795	0.663	0.003	0	-0.011	-0.01659
0.96499	-2.34368	0.14329	0.662	0	0.025	-0.014	-0.02115
0.98597	-2.37088	0.14143	0.661	-0.001	0.041	-0.014	-0.02118
1.00695	-2.39807	0.14534	0.659	0.001	0.04	-0.016	-0.02428
1.02792	-2.4233	0.13891	0.656	0.003	0.03	-0.022	-0.03354
1.0489	-2.44427	0.12558	0.655	0.005	0.03	-0.032	-0.04885
1.06988	-2.46128	0.11214	0.656	0.004	0.045	-0.037	-0.0564
1.09086	-2.4767	0.11537	0.655	0.003	0.05	-0.04	-0.06107
1.11184	-2.49054	0.13216	0.652	0.002	0.038	-0.046	-0.07055
1.13281	-2.49919	0.13604	0.651	0.003	0.04	-0.049	-0.07527
1.15379	-2.50058	0.1202	0.652	0.004	0.07	-0.04	-0.06135
1.17477	-2.49766	0.08944	0.653	-0.505	-0.02	-0.006	-0.00919
	BAND	=	85				--
#	BAND	=	0	0	85	85	--
0	-2.48256	0.08944	0.653	0.505	0.02	0.006	0.00919
0.02098	-2.48006	0.17978	0.651	0.022	0.086	-0.034	-0.05223
0.04196	-2.47529	0.28665	0.648	0.012	0.079	-0.032	-0.04938
0.06293	-2.46381	0.37849	0.649	0.004	0.109	-0.015	-0.02311
0.08391	-2.44829	0.51604	0.652	-0.003	0.175	0.017	0.02607
0.10489	-2.4333	0.54507	0.653	-0.002	0.168	0.016	0.0245
0.12587	-2.41729	0.51804	0.653	0.001	0.128	0.006	0.00919
0.14685	-2.39758	0.50912	0.654	0	0.113	0.005	0.00765
0.16782	-2.37405	0.51201	0.657	-0.002	0.116	0.008	0.01218
0.1888	-2.34858	0.52095	0.659	-0.002	0.114	0.007	0.01062
0.20978	-2.32286	0.51843	0.661	-0.001	0.088	0.002	0.00303
0.23076	-2.29709	0.50819	0.662	0.001	0.051	-0.002	-0.00302
0.25174	-2.27042	0.4922	0.663	0.003	0.027	-0.001	-0.00151
0.27271	-2.24242	0.45602	0.665	0.008	0.032	0	0
0.29369	-2.21388	0.32741	0.668	0.017	0.092	-0.005	-0.00749
0.31467	-2.18621	0.23399	0.67	0.011	0.12	-0.009	-0.01343
0.33565	-2.16086	0.22473	0.671	0.006	0.147	-0.01	-0.0149
0.35663	-2.13826	0.23276	0.671	0.004	0.185	-0.013	-0.01937
0.3776	-2.11841	0.2396	0.672	0.002	0.226	-0.017	-0.0253
0.39858	-2.10113	0.24083	0.672	0.001	0.263	-0.022	-0.03274
0.41956	-2.08633	0.24058	0.672	0.001	0.295	-0.027	-0.04018
0.44054	-2.07387	0.23738	0.672	0	0.324	-0.032	-0.04762
0.46152	-2.06363	0.23501	0.672	0	0.351	-0.035	-0.05208
0.4825	-2.05541	0.23082	0.672	0	0.375	-0.037	-0.05506
0.50347	-2.04911	0.22411	0.673	0	0.396	-0.037	-0.05498
0.52445	-2.04465	0.22204	0.673	0.001	0.413	-0.037	-0.05498
0.54543	-2.04212	0.22243	0.673	0.004	0.423	-0.037	-0.05498
0.56641	-2.04146	0.24602	0.673	0.012	0.422	-0.039	-0.05795
0.58739	-2.04184	0.32557	0.673	0.063	-0.078	0.105	0.15602
0.58739	-2.04184	0.32557	0.673	0.063	-0.078	0.105	0.15602
0.60836	-2.04146	0.24638	0.673	-0.005	-0.41	0.045	0.06686
0.62934	-2.04213	0.22339	0.673	-0.002	-0.419	0.039	0.05795
0.65032	-2.04466	0.22204	0.673	0	-0.411	0.038	0.05646
0.6713	-2.04912	0.22336	0.673	0.001	-0.395	0.038	0.05646
0.69228	-2.05542	0.23082	0.672	0.001	-0.373	0.038	0.05655
0.71325	-2.06364	0.23553	0.672	0.001	-0.349	0.036	0.05357
0.73423	-2.07388	0.23738	0.672	0.001	-0.323	0.032	0.04762
0.75521	-2.08633	0.24099	0.672	0.001	-0.293	0.027	0.04018
0.77619	-2.10114	0.24083	0.672	0.001	-0.261	0.022	0.03274
0.79717	-2.11841	0.23904	0.672	0	-0.224	0.017	0.0253
0.81814	-2.13827	0.23116	0.671	-0.001	-0.183	0.013	0.01937
0.83912	-2.16087	0.22462	0.671	-0.003	-0.145	0.011	0.01639
0.8601	-2.18622	0.22864	0.67	-0.007	-0.117	0.009	0.01343
0.88108	-2.21394	0.31115	0.668	-0.014	-0.093	0.006	0.00898
0.90206	-2.24252	0.45335	0.665	-0.008	-0.032	0	0
0.92303	-2.27052	0.49288	0.663	-0.003	-0.027	0.002	0.00302
0.94401	-2.29717	0.50914	0.662	-0.001	-0.051	0.003	0.00453
0.96499	-2.32292	0.51848	0.661	0.001	-0.088	-0.001	-0.00151
0.98597	-2.34863	0.52095	0.659	0.002	-0.113	-0.006	-0.0091
1.00695	-2.3741	0.51285	0.657	0.001	-0.115	-0.007	-0.01065
1.02792	-2.39764	0.50653	0.654	-0.001	-0.112	-0.004	-0.00612
1.0489	-2.41735	0.51891	0.653	-0.003	-0.128	-0.004	-0.00613
1.06988	-2.43335	0.54494	0.653	-0.003	-0.167	-0.014	-0.02144
1.09086	-2.44834	0.51591	0.652	-0.002	-0.173	-0.014	-0.02147
1.11184	-2.46388	0.38131	0.649	-0.001	-0.109	0.016	0.02465
1.13281	-2.47537	0.28987	0.648	-0.003	-0.079	0.033	0.05093
1.15379	-2.48011	0.18116	0.65	-0.004	-0.087	0.034	0.05231
1.17477	-2.48256	0.08944	0.653	0.505	0.02	0.006	0.00919
	BAND	=	86				--
#	BAND	=	0	0	86	86	--
0	-2.48452	0.56221	0.649	-0.281	-0.029	0.092	0.14176
0.02098	-2.48284	0.48146	0.651	-0.011	0.22	0.056	0.08602
0.04196	-2.47534	0.36849	0.653	-0.007	0.195	0.051	0.0781
0.06293	-2.46524	0.26819	0.654	-0.004	0.152	0.028	0.04281
0.08391	-2.45168	0.12118	0.654	0.003	0.082	-0.012	-0.01835
0.10489	-2.43241	0.08814	0.655	0.007	0.075	-0.012	-0.01832
0.12587	-2.40955	0.15133	0.656	0.006	0.09	0.015	0.02287
0.14685	-2.38514	0.24646	0.657	0.003	0.062	0.031	0.04718
0.16782	-2.3597	0.39461	0.657	-0.001	-0.029	0.028	0.04262
0.1888	-2.33341	0.53712	0.658	-0.001	-0.128	0.014	0.02128
0.20978	-2.30617	0.56208	0.659	0.001	-0.136	0.015	0.02276
0.23076	-2.27788	0.55363	0.661	0.002	-0.113	0.024	0.03631
0.25174	-2.24904	0.54724	0.663	0.002	-0.092	0.032	0.04827
0.27271	-2.22026	0.54603	0.664	0.001	-0.073	0.037	0.05572
0.29369	-2.1919	0.54739	0.666	0.001	-0.053	0.04	0.06006
0.31467	-2.16417	0.55103	0.667	0	-0.029	0.04	0.05997
0.33565	-2.13737	0.55214	0.668	0	-0.002	0.037	0.05539
0.35663	-2.11187	0.55056	0.669	0	0.027	0.032	0.04783
0.3776	-2.088	0.55369	0.669	0	0.057	0.025	0.03737
0.39858	-2.06588	0.55973	0.669	0	0.086	0.018	0.02691
0.41956	-2.04537	0.56655	0.669	0	0.115	0.013	0.01943
0.44054	-2.02611	0.57676	0.669	0	0.141	0.009	0.01345
0.46152	-2.00765	0.58543	0.669	0	0.164	0.009	0.01345
0.4825	-1.98956	0.5954	0.669	0	0.184	0.012	0.01794
0.50347	-1.97154	0.60398	0.669	0	0.201	0.018	0.02691
0.52445	-1.95346	0.61332	0.67	0	0.214	0.027	0.0403
0.54543	-1.93549	0.62003	0.67	0	0.224	0.039	0.05821
0.56641	-1.9181	0.62586	0.671	0	0.229	0.053	0.07899
0.58739	-1.90214	0.63267	0.672	-0.001	-0.013	0.086	0.12798
0.58739	-1.90214	0.63267	0.672	-0.001	-0.013	0.086	0.12798
0.60836	-1.91758	0.62527	0.671	0	-0.239	-0.052	-0.0775
0.62934	-1.93505	0.62099	0.67	0	-0.228	-0.039	-0.05821
0.65032	-1.95308	0.61185	0.67	0	-0.216	-0.027	-0.0403
0.6713	-1.97121	0.60398	0.669	0	-0.202	-0.018	-0.02691
0.69228	-1.98926	0.59635	0.669	0	-0.185	-0.011	-0.01644
0.71325	-2.00737	0.58555	0.669	0	-0.165	-0.009	-0.01345
0.73423	-2.02585	0.57592	0.669	0	-0.141	-0.009	-0.01345
0.75521	-2.04514	0.56655	0.669	-0.001	-0.115	-0.013	-0.01943
0.77619	-2.06567	0.55918	0.669	-0.001	-0.086	-0.018	-0.02691
0.79717	-2.0878	0.55465	0.669	-0.001	-0.056	-0.025	-0.03737
0.81814	-2.11168	0.55056	0.669	-0.001	-0.027	-0.032	-0.04783
0.83912	-2.1372	0.55234	0.668	-0.001	0.002	-0.037	-0.05539
0.8601	-2.16401	0.55055	0.667	-0.001	0.029	-0.04	-0.05997
0.88108	-2.19175	0.54739	0.666	-0.001	0.052	-0.04	-0.06006
0.90206	-2.22012	0.54698	0.664	-0.001	0.072	-0.037	-0.05572
0.92303	-2.24891	0.5482	0.663	-0.002	0.091	-0.032	-0.04827
0.94401	-2.27776	0.55459	0.661	-0.002	0.113	-0.025	-0.03782
0.96499	-2.30606	0.56208	0.659	0	0.135	-0.016	-0.02428
0.98597	-2.3333	0.53566	0.658	0.002	0.127	-0.015	-0.0228
1.00695	-2.35961	0.38349	0.657	0	0.023	-0.028	-0.04262
1.02792	-2.38509	0.23729	0.657	-0.005	-0.066	-0.03	-0.04566
1.0489	-2.40954	0.14883	0.656	-0.007	-0.091	-0.014	-0.02134
1.06988	-2.43242	0.08814	0.655	-0.005	-0.075	0.012	0.01832
1.09086	-2.45169	0.12118	0.654	-0.003	-0.082	0.013	0.01988
1.11184	-2.46523	0.26573	0.654	-0.005	-0.151	-0.025	-0.03823
1.13281	-2.47533	0.36197	0.654	-0.011	-0.193	-0.044	-0.06728
1.15379	-2.48287	0.47808	0.651	-0.021	-0.216	-0.045	-0.06912
1.17477	-2.48452	0.56221	0.649	-0.281	-0.029	0.092	0.14176
	BAND	=	87				--
#	BAND	=	0	0	87	87	--
0	-2.46926	0.56317	0.649	0.281	0.029	-0.091	-0.14022
0.02098	-2.46377	0.52689	0.65	0.012	-0.231	-0.055	-0.08462
0.04196	-2.45478	0.51409	0.651	0.01	-0.227	-0.054	-0.08295
0.06293	-2.44365	0.52854	0.651	0.009	-0.217	-0.043	-0.06605
0.08391	-2.42973	0.56041	0.651	0.005	-0.203	-0.025	-0.0384
0.10489	-2.41195	0.56379	0.652	0.001	-0.195	-0.02	-0.03067
0.12587	-2.39066	0.51293	0.654	0	-0.186	-0.032	-0.04893
0.14685	-2.36725	0.41665	0.656	0.001	-0.148	-0.04	-0.06098
0.16782	-2.3424	0.26318	0.658	0.004	-0.056	-0.034	-0.05167
0.1888	-2.31574	0.11518	0.66	0.003	0.043	-0.018	-0.02727
0.20978	-2.28706	0.08929	0.661	0.001	0.059	-0.015	-0.02269
0.23076	-2.25709	0.09537	0.663	0	0.048	-0.02	-0.03017
0.25174	-2.22663	0.10137	0.664	-0.001	0.036	-0.025	-0.03765
0.27271	-2.19625	0.10337	0.665	0	0.023	-0.028	-0.04211
0.29369	-2.16627	0.09944	0.666	0.001	0.008	-0.031	-0.04655
0.31467	-2.13689	0.10252	0.667	0.001	-0.011	-0.032	-0.04798
0.33565	-2.10837	0.1018	0.668	0.002	-0.034	-0.031	-0.04641
0.35663	-2.08098	0.10008	0.668	0.002	-0.059	-0.028	-0.04192
0.3776	-2.0549	0.09549	0.669	0.003	-0.085	-0.024	-0.03587
0.39858	-2.03013	0.09031	0.668	0.003	-0.112	-0.02	-0.02994
0.41956	-2.00648	0.08456	0.668	0.004	-0.137	-0.017	-0.02545
0.44054	-1.9836	0.07635	0.668	0.004	-0.159	-0.017	-0.02545
0.46152	-1.96108	0.06828	0.667	0.004	-0.177	-0.019	-0.02849
0.4825	-1.93856	0.06052	0.667	0.004	-0.191	-0.024	-0.03598
0.50347	-1.91585	0.05461	0.667	0.004	-0.201	-0.033	-0.04948
0.52445	-1.89294	0.04791	0.668	0.004	-0.208	-0.045	-0.06737
0.54543	-1.87016	0.04297	0.668	0.004	-0.212	-0.059	-0.08832
0.56641	-1.87256	0.63496	0.672	0	-0.232	-0.079	-0.11756
0.58739	-1.88642	0.63275	0.672	0.001	0.013	-0.086	-0.12798
0.58739	-1.88642	0.63275	0.672	0.001	0.013	-0.086	-0.12798
0.60836	-1.87329	0.63496	0.672	0	0.243	0.077	0.11458
0.62934	-1.87019	0.04297	0.668	-0.005	0.211	0.059	0.08832
0.65032	-1.89296	0.04791	0.668	-0.005	0.208	0.045	0.06737
0.6713	-1.91587	0.05461	0.667	-0.005	0.201	0.033	0.04948
0.69228	-1.93858	0.06052	0.667	-0.005	0.191	0.024	0.03598
0.71325	-1.96109	0.06828	0.667	-0.005	0.177	0.019	0.02849
0.73423	-1.9836	0.07635	0.668	-0.004	0.158	0.017	0.02545
0.75521	-2.00648	0.08456	0.668	-0.004	0.136	0.017	0.02545
0.77619	-2.03013	0.09031	0.668	-0.004	0.112	0.02	0.02994
0.79717	-2.0549	0.09549	0.669	-0.003	0.085	0.024	0.03587
0.81814	-2.08098	0.10008	0.668	-0.003	0.059	0.028	0.04192
0.83912	-2.10838	0.1018	0.668	-0.002	0.034	0.031	0.04641
0.8601	-2.1369	0.10252	0.667	-0.002	0.011	0.032	0.04798
0.88108	-2.16628	0.09944	0.666	-0.001	-0.008	0.031	0.04655
0.90206	-2.19626	0.10337	0.665	0	-0.023	0.029	0.04361
0.92303	-2.22664	0.10137	0.664	0.001	-0.036	0.025	0.03765
0.94401	-2.2571	0.09537	0.663	0.001	-0.048	0.02	0.03017
0.96499	-2.28707	0.08929	0.661	0	-0.058	0.015	0.02269
0.98597	-2.31575	0.11645	0.66	-0.002	-0.042	0.018	0.02727
1.00695	-2.3424	0.27323	0.658	-0.001	0.062	0.034	0.05167
1.02792	-2.36721	0.42275	0.656	0.004	0.151	0.038	0.05793
1.0489	-2.39058	0.51658	0.654	0.005	0.186	0.029	0.04434
1.06988	-2.41184	0.56367	0.652	0.004	0.194	0.018	0.02761
1.09086	-2.42963	0.56165	0.651	0.002	0.201	0.022	0.03379
1.11184	-2.44357	0.52985	0.651	0.004	0.216	0.039	0.05991
1.13281	-2.45471	0.51564	0.651	0.01	0.225	0.048	0.07373
1.15379	-2.4637	0.53115	0.65	0.021	0.228	0.044	0.06769
1.17477	-2.46926	0.56317	0.649	0.281	0.029	-0.091	-0.14022
	BAND	=	88				--
#	BAND	=	0	0	88	88	--
0	-1.72486	0.03558	0.603	0.424	-0.306	-0.053	-0.08789
0.02098	-1.73551	0.03881	0.604	0.042	-0.143	0.446	0.73841
0.04196	-1.74553	0.03858	0.606	0.025	-0.13	0.437	0.72112
0.06293	-1.75404	0.03556	0.608	0.019	-0.124	0.425	0.69901
0.08391	-1.76125	0.03288	0.61	0.015	-0.119	0.412	0.67541
0.10489	-1.76741	0.03202	0.613	0.012	-0.115	0.398	0.64927
0.12587	-1.77269	0.03149	0.616	0.01	-0.112	0.382	0.62013
0.14685	-1.77722	0.03346	0.62	0.009	-0.11	0.362	0.58387
0.16782	-1.78182	0.56486	0.627	0.007	0.055	-0.338	-0.53907
0.1888	-1.78871	0.59889	0.631	0.004	0.069	-0.358	-0.56735
0.20978	-1.79548	0.59967	0.635	0.003	0.062	-0.341	-0.53701
0.23076	-1.80215	0.6043	0.638	0.002	0.054	-0.322	-0.5047
0.25174	-1.80875	0.60626	0.642	0.002	0.044	-0.302	-0.4704
0.27271	-1.81523	0.60909	0.645	0.002	0.033	-0.283	-0.43876
0.29369	-1.82153	0.61356	0.649	0.001	0.019	-0.262	-0.4037
0.31467	-1.82753	0.61437	0.652	0.001	0.004	-0.243	-0.3727
0.33565	-1.83314	0.61797	0.654	0.001	-0.015	-0.223	-0.34098
0.35663	-1.83821	0.61771	0.657	0.001	-0.036	-0.205	-0.31202
0.3776	-1.84266	0.62068	0.659	0.001	-0.059	-0.188	-0.28528
0.39858	-1.84645	0.62311	0.661	0	-0.084	-0.172	-0.26021
0.41956	-1.84962	0.62646	0.664	0	-0.111	-0.158	-0.23795
0.44054	-1.85236	0.62774	0.665	0	-0.137	-0.145	-0.21805
0.46152	-1.85501	0.63074	0.667	0	-0.162	-0.133	-0.1994
0.4825	-1.85806	0.63453	0.669	0	-0.184	-0.122	-0.18236
0.50347	-1.86217	0.63625	0.67	0	-0.203	-0.112	-0.16716
0.52445	-1.86806	0.6382	0.672	0	-0.219	-0.102	-0.15179
0.54543	-1.87638	0.63651	0.672	0	-0.229	-0.091	-0.13542
0.56641	-1.86317	0.03918	0.669	0.004	-0.213	-0.073	-0.10912
0.58739	-1.84312	0.03526	0.669	-0.138	0.031	0.023	0.03438
0.58739	-1.84312	0.03526	0.669	-0.138	0.031	0.023	0.03438
0.60836	-1.8632	0.03918	0.669	-0.005	0.213	0.073	0.10912
0.62934	-1.87724	0.63638	0.672	0	0.234	0.089	0.13244
0.65032	-1.86904	0.63812	0.672	0	0.222	0.1	0.14881
0.6713	-1.86329	0.63613	0.67	0.001	0.206	0.111	0.16567
0.69228	-1.85931	0.63441	0.669	0.001	0.186	0.121	0.18087
0.71325	-1.85639	0.63062	0.667	0.001	0.164	0.132	0.1979
0.73423	-1.85387	0.62862	0.665	0.001	0.139	0.144	0.21654
0.75521	-1.85124	0.62701	0.663	0.001	0.113	0.157	0.2368
0.77619	-1.84819	0.62374	0.661	0.001	0.086	0.171	0.2587
0.79717	-1.84453	0.62164	0.659	0.001	0.061	0.187	0.28376
0.81814	-1.8402	0.61675	0.657	0.001	0.039	0.204	0.3105
0.83912	-1.83526	0.61601	0.654	0.001	0.018	0.223	0.34098
0.8601	-1.82979	0.61437	0.652	0.001	0.001	0.242	0.37117
0.88108	-1.82392	0.61356	0.649	0.002	-0.014	0.262	0.4037
0.90206	-1.81777	0.60909	0.645	0.002	-0.026	0.283	0.43876
0.92303	-1.81142	0.60669	0.642	0.002	-0.036	0.303	0.47196
0.94401	-1.80496	0.60294	0.638	0.002	-0.044	0.323	0.50627
0.96499	-1.79841	0.59979	0.635	0.003	-0.05	0.342	0.53858
0.98597	-1.79176	0.59989	0.631	0.003	-0.055	0.36	0.57052
1.00695	-1.78494	0.59422	0.627	0.004	-0.056	0.376	0.59968
1.02792	-1.7779	0.5546	0.623	0.005	-0.039	0.344	0.55217
1.0489	-1.77266	0.03232	0.616	0	0.105	-0.382	-0.62013
1.06988	-1.76736	0.03202	0.613	0.001	0.106	-0.4	-0.65253
1.09086	-1.7612	0.03484	0.61	0.003	0.11	-0.414	-0.67869
1.11184	-1.75398	0.03628	0.608	0.007	0.113	-0.427	-0.7023
1.13281	-1.74546	0.03858	0.606	0.013	0.113	-0.44	-0.72607
1.15379	-1.73543	0.03881	0.604	0.03	0.101	-0.455	-0.75331
1.17477	-1.72486	0.03558	0.603	0.425	-0.306	-0.053	-0.08789
	BAND	=	89				--
#	BAND	=	0	0	89	89	--
0	-1.70794	0.03633	0.603	-0.424	0.307	0.053	0.08789
0.02098	-1.70727	0.53455	0.607	0.03	0.183	-0.443	-0.72982
0.04196	-1.71774	0.56651	0.609	0.016	0.136	-0.448	-0.73563
0.06293	-1.72732	0.57365	0.611	0.011	0.117	-0.441	-0.72177
0.08391	-1.7361	0.58053	0.614	0.009	0.105	-0.431	-0.70195
0.10489	-1.74432	0.58686	0.617	0.008	0.096	-0.419	-0.67909
0.12587	-1.75213	0.59095	0.62	0.006	0.09	-0.406	-0.65484
0.14685	-1.75959	0.5891	0.624	0.005	0.085	-0.388	-0.62179
0.16782	-1.76601	0.06285	0.623	0.005	-0.082	0.311	0.4992
0.1888	-1.76931	0.0309	0.627	0.006	-0.097	0.33	0.52632
0.20978	-1.77211	0.03133	0.63	0.006	-0.092	0.312	0.49524
0.23076	-1.77456	0.03088	0.634	0.005	-0.084	0.293	0.46215
0.25174	-1.77674	0.03184	0.637	0.005	-0.075	0.274	0.43014
0.27271	-1.77869	0.0322	0.641	0.004	-0.064	0.255	0.39782
0.29369	-1.78037	0.03262	0.644	0.003	-0.051	0.237	0.36801
0.31467	-1.78174	0.03398	0.647	0.003	-0.035	0.219	0.33849
0.33565	-1.78271	0.03381	0.65	0.002	-0.015	0.203	0.31231
0.35663	-1.78321	0.03395	0.652	0.002	0.007	0.188	0.28834
0.3776	-1.78318	0.03386	0.655	0.001	0.031	0.175	0.26718
0.39858	-1.78263	0.0338	0.657	0.001	0.058	0.164	0.24962
0.41956	-1.7817	0.03294	0.659	0	0.085	0.154	0.23369
0.44054	-1.78067	0.03204	0.661	-0.001	0.111	0.146	0.22088
0.46152	-1.78005	0.03121	0.663	-0.001	0.136	0.139	0.20965
0.4825	-1.78053	0.03061	0.664	-0.001	0.157	0.132	0.1988
0.50347	-1.783	0.03008	0.666	-0.002	0.175	0.125	0.18769
0.52445	-1.78842	0.03043	0.668	-0.002	0.189	0.118	0.17665
0.54543	-1.7976	0.03155	0.669	-0.003	0.2	0.109	0.16293
0.56641	-1.81091	0.03298	0.669	-0.003	0.208	0.099	0.14798
0.58739	-1.828	0.03526	0.669	0.138	-0.032	-0.023	-0.03438
0.58739	-1.828	0.03526	0.669	0.138	-0.032	-0.023	-0.03438
0.60836	-1.81089	0.03298	0.669	0.004	-0.208	-0.099	-0.14798
0.62934	-1.79759	0.03155	0.669	0.003	-0.2	-0.109	-0.16293
0.65032	-1.78841	0.03043	0.668	0.003	-0.19	-0.118	-0.17665
0.6713	-1.783	0.03008	0.666	0.003	-0.175	-0.125	-0.18769
0.69228	-1.78054	0.03061	0.664	0.002	-0.157	-0.132	-0.1988
0.71325	-1.78007	0.03121	0.663	0.002	-0.136	-0.139	-0.20965
0.73423	-1.7807	0.03204	0.661	0.002	-0.112	-0.146	-0.22088
0.75521	-1.78173	0.03294	0.659	0.001	-0.086	-0.154	-0.23369
0.77619	-1.78266	0.0338	0.657	0.001	-0.059	-0.164	-0.24962
0.79717	-1.78321	0.03386	0.655	0.001	-0.032	-0.175	-0.26718
0.81814	-1.78324	0.03395	0.652	0	-0.008	-0.188	-0.28834
0.83912	-1.78274	0.03381	0.65	0	0.014	-0.203	-0.31231
0.8601	-1.78176	0.03386	0.647	0	0.033	-0.219	-0.33849
0.88108	-1.78039	0.03262	0.644	0	0.049	-0.237	-0.36801
0.90206	-1.77871	0.03208	0.641	-0.001	0.062	-0.256	-0.39938
0.92303	-1.77675	0.03184	0.637	-0.001	0.073	-0.275	-0.43171
0.94401	-1.77456	0.03088	0.634	-0.001	0.081	-0.294	-0.46372
0.96499	-1.7721	0.03125	0.63	-0.001	0.088	-0.313	-0.49683
0.98597	-1.7693	0.03077	0.627	-0.001	0.093	-0.332	-0.52951
1.00695	-1.76602	0.03333	0.623	-0.001	0.095	-0.348	-0.55859
1.02792	-1.76213	0.06901	0.62	0	0.079	-0.317	-0.51129
1.0489	-1.75545	0.58924	0.62	0.006	-0.064	0.408	0.65806
1.06988	-1.7477	0.58882	0.617	0.007	-0.064	0.425	0.68882
1.09086	-1.7395	0.58197	0.614	0.009	-0.065	0.437	0.71173
1.11184	-1.7307	0.57253	0.611	0.011	-0.065	0.449	0.73486
1.13281	-1.72108	0.56612	0.609	0.015	-0.058	0.461	0.75698
1.15379	-1.71044	0.54915	0.607	0.027	-0.028	0.474	0.78089
1.17477	-1.70794	0.03633	0.603	-0.424	0.307	0.053	0.08789
	BAND	=	90				--
#	BAND	=	0	0	90	90	--
0	-1.71408	0.57182	0.607	0.177	0.33	0.348	0.57331
0.02098	-1.71018	0.07643	0.603	-0.021	0.151	-0.464	-0.76949
0.04196	-1.69597	0.04977	0.603	-0.015	0.129	-0.483	-0.801
0.06293	-1.6805	0.04388	0.603	-0.012	0.122	-0.494	-0.81924
0.08391	-1.66388	0.04431	0.603	-0.012	0.121	-0.503	-0.83416
0.10489	-1.64593	0.04477	0.604	-0.011	0.123	-0.511	-0.84603
0.12587	-1.62657	0.04838	0.606	-0.01	0.126	-0.521	-0.85974
0.14685	-1.60595	0.04823	0.609	-0.009	0.126	-0.532	-0.87356
0.16782	-1.58457	0.05738	0.613	-0.007	0.12	-0.532	-0.86786
0.1888	-1.56321	0.13668	0.618	-0.005	0.085	-0.373	-0.60356
0.20978	-1.54326	0.44191	0.626	-0.003	-0.036	0.316	0.50479
0.23076	-1.52503	0.52564	0.633	-0.002	-0.074	0.529	0.8357
0.25174	-1.50855	0.53548	0.641	-0.002	-0.087	0.582	0.90796
0.27271	-1.49564	0.50081	0.653	-0.004	-0.084	0.596	0.91271
0.29369	-1.49156	0.3905	0.674	-0.036	0.054	0.562	0.83383
0.31467	-1.5028	0.35154	0.693	-0.029	0.401	-0.207	-0.2987
0.33565	-1.51692	0.36416	0.701	-0.027	0.409	0.057	0.08131
0.35663	-1.5286	0.36302	0.706	-0.027	0.336	0.314	0.44476
0.3776	-1.53675	0.35973	0.711	-0.026	0.247	0.459	0.64557
0.39858	-1.54137	0.35965	0.716	-0.024	0.185	0.52	0.72626
0.41956	-1.54296	0.35867	0.721	-0.022	0.143	0.535	0.74202
0.44054	-1.54234	0.36202	0.725	-0.019	0.11	0.514	0.70897
0.46152	-1.5405	0.36241	0.728	-0.013	0.073	0.457	0.62775
0.4825	-1.53842	0.36314	0.73	-0.004	0.026	0.397	0.54384
0.50347	-1.537	0.36458	0.732	0.007	-0.021	0.406	0.55464
0.52445	-1.5368	0.36611	0.731	0.015	-0.053	0.499	0.68263
0.54543	-1.53782	0.36247	0.73	0.018	-0.067	0.582	0.79726
0.56641	-1.53928	0.36195	0.728	0.02	-0.075	0.618	0.8489
0.58739	-1.53992	0.3629	0.726	0.019	-0.03	0.689	0.94904
0.58739	-1.53992	0.3629	0.726	0.019	-0.03	0.689	0.94904
0.60836	-1.53923	0.36227	0.728	-0.022	0.101	-0.549	-0.75412
0.62934	-1.53777	0.36314	0.73	-0.022	0.08	-0.533	-0.73014
0.65032	-1.53676	0.3655	0.731	-0.018	0.062	-0.433	-0.59234
0.6713	-1.53696	0.36484	0.732	-0.008	0.025	-0.328	-0.44809
0.69228	-1.53838	0.36434	0.73	0.004	-0.025	-0.335	-0.4589
0.71325	-1.54046	0.3636	0.728	0.014	-0.075	-0.422	-0.57967
0.73423	-1.5423	0.36182	0.725	0.02	-0.113	-0.496	-0.68414
0.75521	-1.54292	0.36014	0.721	0.024	-0.147	-0.524	-0.72677
0.77619	-1.54133	0.359	0.716	0.026	-0.188	-0.51	-0.71229
0.79717	-1.53671	0.36028	0.711	0.028	-0.252	-0.445	-0.62588
0.81814	-1.52856	0.36425	0.706	0.028	-0.341	-0.291	-0.41218
0.83912	-1.51691	0.3644	0.7	0.024	-0.408	-0.025	-0.03571
0.8601	-1.50282	0.35185	0.693	0.017	-0.393	0.234	0.33766
0.88108	-1.49117	0.36461	0.675	0.003	-0.201	-0.428	-0.63407
0.90206	-1.49451	0.49674	0.653	-0.002	0.07	-0.597	-0.91424
0.92303	-1.507	0.53049	0.641	-0.002	0.077	-0.576	-0.8986
0.94401	-1.52338	0.45989	0.632	-0.002	0.034	-0.382	-0.60443
0.96499	-1.54233	0.18432	0.623	0	-0.078	0.276	0.44302
0.98597	-1.56316	0.07785	0.617	0.001	-0.111	0.506	0.8201
1.00695	-1.58466	0.05571	0.613	0.001	-0.117	0.537	0.87602
1.02792	-1.60604	0.04811	0.609	0.001	-0.119	0.533	0.87521
1.0489	-1.62665	0.04646	0.606	0	-0.118	0.524	0.86469
1.06988	-1.64603	0.04493	0.604	-0.001	-0.114	0.514	0.85099
1.09086	-1.664	0.04431	0.603	-0.002	-0.108	0.505	0.83748
1.11184	-1.68065	0.04388	0.603	-0.003	-0.102	0.497	0.82421
1.13281	-1.69615	0.04785	0.602	-0.007	-0.096	0.489	0.81229
1.15379	-1.71045	0.06224	0.603	-0.018	-0.08	0.481	0.79768
1.17477	-1.71408	0.57182	0.607	0.177	0.33	0.348	0.57331
	BAND	=	91				--
#	BAND	=	0	0	91	91	--
0	-1.69323	0.57273	0.606	-0.177	-0.331	-0.348	-0.57426
0.02098	-1.68443	0.56775	0.606	-0.052	-0.192	0.459	0.75743
0.04196	-1.67032	0.56554	0.606	-0.027	-0.134	0.489	0.80693
0.06293	-1.6553	0.56285	0.606	-0.017	-0.113	0.503	0.83003
0.08391	-1.63945	0.56467	0.607	-0.012	-0.104	0.513	0.84514
0.10489	-1.62262	0.56249	0.608	-0.008	-0.101	0.522	0.85855
0.12587	-1.60468	0.56342	0.61	-0.006	-0.099	0.532	0.87213
0.14685	-1.58575	0.56148	0.613	-0.005	-0.096	0.544	0.88744
0.16782	-1.56619	0.5575	0.617	-0.005	-0.087	0.545	0.88331
0.1888	-1.54645	0.48352	0.62	-0.006	-0.05	0.387	0.62419
0.20978	-1.52625	0.18505	0.623	-0.006	0.075	-0.3	-0.48154
0.23076	-1.50631	0.10814	0.629	-0.006	0.117	-0.51	-0.81081
0.25174	-1.48828	0.11223	0.638	-0.005	0.137	-0.559	-0.87618
0.27271	-1.47536	0.16819	0.653	-0.001	0.131	-0.576	-0.88208
0.29369	-1.47524	0.30753	0.677	0.034	-0.021	-0.548	-0.80945
0.31467	-1.486	0.34146	0.693	0.03	-0.396	0.217	0.31313
0.33565	-1.50016	0.33872	0.701	0.027	-0.415	-0.055	-0.07846
0.35663	-1.51195	0.34629	0.706	0.027	-0.343	-0.314	-0.44476
0.3776	-1.52014	0.35374	0.711	0.026	-0.252	-0.458	-0.64416
0.39858	-1.52484	0.35922	0.716	0.024	-0.188	-0.52	-0.72626
0.41956	-1.5266	0.3636	0.72	0.022	-0.145	-0.535	-0.74306
0.44054	-1.52622	0.36497	0.724	0.018	-0.11	-0.514	-0.70994
0.46152	-1.5246	0.36338	0.728	0.013	-0.072	-0.458	-0.62912
0.4825	-1.5227	0.3622	0.73	0.003	-0.024	-0.398	-0.54521
0.50347	-1.5214	0.36291	0.732	-0.008	0.023	-0.407	-0.55601
0.52445	-1.52128	0.36514	0.732	-0.016	0.055	-0.501	-0.68443
0.54543	-1.52239	0.36354	0.73	-0.02	0.069	-0.583	-0.79863
0.56641	-1.524	0.36346	0.728	-0.021	0.076	-0.618	-0.8489
0.58739	-1.52486	0.3629	0.726	-0.019	0.03	-0.689	-0.94904
0.58739	-1.52486	0.3629	0.726	-0.019	0.03	-0.689	-0.94904
0.60836	-1.52405	0.36283	0.728	0.023	-0.102	0.549	0.75412
0.62934	-1.52244	0.36311	0.73	0.023	-0.082	0.534	0.73151
0.65032	-1.52133	0.36563	0.732	0.019	-0.064	0.434	0.5929
0.6713	-1.52145	0.36121	0.732	0.009	-0.028	0.329	0.44945
0.69228	-1.52274	0.36241	0.73	-0.004	0.023	0.336	0.46027
0.71325	-1.52465	0.36319	0.728	-0.014	0.073	0.422	0.57967
0.73423	-1.52627	0.36426	0.724	-0.02	0.113	0.496	0.68508
0.75521	-1.52666	0.36269	0.72	-0.024	0.148	0.524	0.72778
0.77619	-1.52489	0.35906	0.716	-0.026	0.191	0.51	0.71229
0.79717	-1.52019	0.35247	0.711	-0.028	0.257	0.445	0.62588
0.81814	-1.51199	0.34638	0.706	-0.028	0.348	0.291	0.41218
0.83912	-1.50017	0.33908	0.701	-0.025	0.415	0.024	0.03424
0.8601	-1.48591	0.33951	0.693	-0.018	0.388	-0.241	-0.34776
0.88108	-1.47515	0.32629	0.677	-0.002	0.169	0.416	0.61448
0.90206	-1.4754	0.16899	0.653	0.002	-0.121	0.576	0.88208
0.92303	-1.48832	0.1151	0.638	0.001	-0.134	0.553	0.86677
0.94401	-1.50615	0.17185	0.63	0.001	-0.085	0.363	0.57619
0.96499	-1.52511	0.44266	0.626	-0.002	0.03	-0.293	-0.46805
0.98597	-1.54419	0.54068	0.621	-0.003	0.064	-0.522	-0.84058
1.00695	-1.56361	0.55909	0.617	-0.004	0.07	-0.552	-0.89465
1.02792	-1.583	0.56335	0.613	-0.005	0.073	-0.548	-0.89396
1.0489	-1.60179	0.5639	0.61	-0.006	0.072	-0.538	-0.88197
1.06988	-1.61959	0.56384	0.608	-0.008	0.067	-0.528	-0.86842
1.09086	-1.6363	0.56179	0.607	-0.01	0.06	-0.52	-0.85667
1.11184	-1.65206	0.56324	0.606	-0.014	0.052	-0.513	-0.84653
1.13281	-1.66703	0.5641	0.606	-0.021	0.04	-0.505	-0.83333
1.15379	-1.68115	0.5683	0.606	-0.038	0.006	-0.498	-0.82178
1.17477	-1.69323	0.57273	0.606	-0.177	-0.331	-0.348	-0.57426
	BAND	=	92				--
#	BAND	=	0	0	92	92	--
0	-1.34459	0.30136	0.614	-0.116	0.143	0.274	0.44625
0.02098	-1.35856	0.30754	0.612	0.019	-0.231	0.496	0.81046
0.04196	-1.36769	0.30683	0.612	-0.012	-0.091	0.535	0.87418
0.06293	-1.37022	0.30974	0.613	-0.037	0.172	0.517	0.84339
0.08391	-1.3662	0.31537	0.616	-0.034	0.394	0.4	0.64935
0.10489	-1.35794	0.32136	0.622	0	0.392	0.345	0.55466
0.12587	-1.36443	0.32343	0.63	0.025	-0.243	0.504	0.8
0.14685	-1.37789	0.32012	0.634	0.015	-0.123	0.536	0.84543
0.16782	-1.38718	0.32571	0.638	0.008	0.074	0.544	0.85266
0.1888	-1.39234	0.32984	0.644	0.013	0.254	0.512	0.79503
0.20978	-1.39688	0.32511	0.653	0.03	0.276	0.355	0.54364
0.23076	-1.41026	0.37687	0.666	0.001	0.224	-0.047	-0.07057
0.25174	-1.43	0.40665	0.673	0.003	0.373	0.156	0.2318
0.27271	-1.4495	0.43097	0.679	0.002	0.377	0.351	0.51694
0.29369	-1.46525	0.47118	0.679	0	0.161	0.493	0.72607
0.31467	-1.47219	0.47367	0.678	-0.002	0.074	0.54	0.79646
0.33565	-1.47463	0.43668	0.685	-0.002	0.056	0.577	0.84234
0.35663	-1.47588	0.40713	0.692	-0.003	0.047	0.6	0.86705
0.3776	-1.47652	0.3886	0.698	-0.003	0.046	0.617	0.88395
0.39858	-1.47708	0.37494	0.704	-0.003	0.048	0.631	0.89631
0.41956	-1.4781	0.36258	0.709	-0.003	0.051	0.642	0.9055
0.44054	-1.48008	0.35242	0.713	-0.002	0.053	0.651	0.91304
0.46152	-1.48337	0.34603	0.716	0	0.055	0.658	0.91899
0.4825	-1.48821	0.34161	0.717	0.005	0.055	0.661	0.9219
0.50347	-1.49479	0.34236	0.716	0.028	0.05	0.651	0.90922
0.52445	-1.50302	0.35064	0.714	0.196	-0.014	0.176	0.2465
0.54543	-1.5119	0.35453	0.71	0.151	-0.075	-0.537	-0.75634
0.56641	-1.51887	0.35144	0.706	0.166	-0.134	-0.502	-0.71105
0.58739	-1.52157	0.35069	0.704	-0.023	-0.227	0.436	0.61932
0.58739	-1.52157	0.35069	0.704	-0.023	-0.227	0.436	0.61932
0.60836	-1.51891	0.35149	0.706	-0.128	-0.039	0.602	0.85269
0.62934	-1.51193	0.35542	0.71	-0.128	-0.009	0.587	0.82676
0.65032	-1.50303	0.35243	0.714	-0.192	-0.056	0.088	0.12325
0.6713	-1.49477	0.34124	0.716	-0.031	-0.061	-0.638	-0.89106
0.69228	-1.48818	0.3405	0.717	-0.006	-0.056	-0.658	-0.91771
0.71325	-1.48332	0.34587	0.716	0	-0.055	-0.657	-0.9176
0.73423	-1.48002	0.35242	0.713	0.002	-0.053	-0.651	-0.91304
0.75521	-1.47803	0.36199	0.709	0.003	-0.05	-0.642	-0.9055
0.77619	-1.47699	0.37422	0.704	0.003	-0.047	-0.63	-0.89489
0.79717	-1.4764	0.3886	0.698	0.003	-0.046	-0.616	-0.88252
0.81814	-1.47571	0.40614	0.692	0.003	-0.047	-0.599	-0.86561
0.83912	-1.47439	0.43406	0.685	0.003	-0.056	-0.577	-0.84234
0.8601	-1.47184	0.47112	0.678	0.002	-0.076	-0.542	-0.79941
0.88108	-1.46491	0.47178	0.679	-0.001	-0.165	-0.495	-0.72901
0.90206	-1.44932	0.43137	0.679	-0.002	-0.375	-0.347	-0.51105
0.92303	-1.4299	0.40737	0.673	-0.001	-0.368	-0.152	-0.22585
0.94401	-1.41024	0.37739	0.666	0.004	-0.228	0.078	0.11712
0.96499	-1.39685	0.32391	0.653	-0.016	-0.296	-0.295	-0.45176
0.98597	-1.39228	0.33012	0.644	-0.009	-0.264	-0.507	-0.78727
1.00695	-1.38714	0.32655	0.638	-0.005	-0.078	-0.543	-0.8511
1.02792	-1.37784	0.32119	0.634	0	0.137	-0.535	-0.84385
1.0489	-1.3644	0.32295	0.63	0.007	0.28	-0.485	-0.76984
1.06988	-1.35789	0.32073	0.622	0.048	-0.43	-0.247	-0.39711
1.09086	-1.36614	0.31373	0.616	0.054	-0.44	-0.352	-0.57143
1.11184	-1.37019	0.30986	0.613	0.035	-0.222	-0.499	-0.81403
1.13281	-1.36764	0.30815	0.612	0.024	0.079	-0.536	-0.87582
1.15379	-1.35851	0.30946	0.612	0.028	0.282	-0.472	-0.77124
1.17477	-1.34459	0.30136	0.614	-0.116	0.143	0.274	0.44625
	BAND	=	93				--
#	BAND	=	0	0	93	93	--
0	-1.32938	0.308	0.614	0.231	-0.089	-0.24	-0.39088
0.02098	-1.34223	0.30595	0.613	-0.019	0.23	-0.497	-0.81077
0.04196	-1.35157	0.30654	0.612	0.012	0.09	-0.536	-0.87582
0.06293	-1.3542	0.30585	0.613	0.036	-0.172	-0.518	-0.84502
0.08391	-1.35011	0.30805	0.616	0.033	-0.393	-0.402	-0.6526
0.10489	-1.34194	0.30673	0.622	-0.003	-0.38	-0.347	-0.55788
0.12587	-1.34733	0.30886	0.63	-0.024	0.228	-0.511	-0.81111
0.14685	-1.36058	0.31488	0.634	-0.015	0.119	-0.541	-0.85331
0.16782	-1.36982	0.31478	0.638	-0.01	-0.075	-0.548	-0.85893
0.1888	-1.37518	0.31785	0.644	-0.015	-0.249	-0.517	-0.8028
0.20978	-1.38098	0.33814	0.654	-0.029	-0.245	-0.357	-0.54587
0.23076	-1.39361	0.30977	0.663	0.002	-0.19	0.059	0.08899
0.25174	-1.40915	0.28582	0.67	-0.004	-0.354	-0.096	-0.14328
0.27271	-1.42474	0.24529	0.676	-0.002	-0.434	-0.152	-0.22485
0.29369	-1.43618	0.22205	0.675	-0.001	-0.303	-0.297	-0.44
0.31467	-1.44147	0.2485	0.679	0	-0.187	-0.468	-0.68925
0.33565	-1.44548	0.27865	0.686	0.001	-0.106	-0.551	-0.80321
0.35663	-1.44855	0.29917	0.692	0.002	-0.067	-0.586	-0.84682
0.3776	-1.4509	0.31723	0.698	0.002	-0.053	-0.607	-0.86963
0.39858	-1.45311	0.33013	0.703	0.003	-0.05	-0.622	-0.88478
0.41956	-1.45582	0.34181	0.708	0.003	-0.051	-0.635	-0.89689
0.44054	-1.45951	0.35287	0.712	0.002	-0.054	-0.645	-0.9059
0.46152	-1.46452	0.36061	0.714	0.001	-0.056	-0.653	-0.91457
0.4825	-1.47101	0.36305	0.716	-0.005	-0.056	-0.657	-0.9176
0.50347	-1.47893	0.36239	0.715	-0.027	-0.051	-0.648	-0.90629
0.52445	-1.48785	0.35322	0.714	-0.195	0.014	-0.175	-0.2451
0.54543	-1.49668	0.34726	0.71	-0.15	0.075	0.537	0.75634
0.56641	-1.50375	0.34939	0.706	-0.165	0.133	0.502	0.71105
0.58739	-1.50652	0.35069	0.704	0.023	0.227	-0.436	-0.61932
0.58739	-1.50652	0.35069	0.704	0.023	0.227	-0.436	-0.61932
0.60836	-1.50372	0.34971	0.706	0.127	0.039	-0.602	-0.85269
0.62934	-1.49665	0.34834	0.71	0.127	0.009	-0.587	-0.82676
0.65032	-1.48785	0.35242	0.714	0.191	0.056	-0.088	-0.12325
0.6713	-1.47895	0.36414	0.715	0.03	0.062	0.636	0.88951
0.69228	-1.47103	0.3638	0.716	0.005	0.057	0.654	0.91341
0.71325	-1.46454	0.35977	0.714	0	0.055	0.651	0.91176
0.73423	-1.45952	0.35228	0.712	-0.002	0.053	0.644	0.90449
0.75521	-1.45583	0.34181	0.708	-0.003	0.05	0.634	0.89548
0.77619	-1.45313	0.33013	0.703	-0.003	0.049	0.622	0.88478
0.79717	-1.45091	0.31719	0.698	-0.003	0.051	0.607	0.86963
0.81814	-1.44856	0.29917	0.692	-0.003	0.065	0.586	0.84682
0.83912	-1.44548	0.27865	0.686	-0.002	0.102	0.552	0.80466
0.8601	-1.44141	0.251	0.679	-0.001	0.181	0.473	0.69661
0.88108	-1.43605	0.22164	0.675	0	0.298	0.307	0.45481
0.90206	-1.42462	0.24585	0.676	0.005	0.428	0.162	0.23964
0.92303	-1.40911	0.28762	0.67	0.007	0.354	0.106	0.15821
0.94401	-1.39363	0.31108	0.663	0.001	0.207	-0.08	-0.12066
0.96499	-1.38106	0.33891	0.654	0.02	0.271	0.297	0.45413
0.98597	-1.37523	0.31849	0.644	0.011	0.258	0.513	0.79658
1.00695	-1.36986	0.31589	0.638	0.006	0.079	0.548	0.85893
1.02792	-1.36066	0.31508	0.634	0.001	-0.132	0.54	0.85174
1.0489	-1.34746	0.30937	0.63	-0.004	-0.261	0.493	0.78254
1.06988	-1.34203	0.30942	0.622	-0.039	0.422	0.248	0.39871
1.09086	-1.35013	0.31009	0.616	-0.053	0.438	0.354	0.57468
1.11184	-1.35423	0.30498	0.613	-0.035	0.222	0.501	0.81729
1.13281	-1.35164	0.30686	0.612	-0.024	-0.078	0.537	0.87745
1.15379	-1.34234	0.30595	0.613	-0.028	-0.281	0.473	0.77162
1.17477	-1.32938	0.308	0.614	0.231	-0.089	-0.24	-0.39088
	BAND	=	94				--
#	BAND	=	0	0	94	94	--
0	-1.34286	0.31494	0.614	-0.231	-0.18	0.38	0.61889
0.02098	-1.32835	0.31224	0.617	0.092	0.364	-0.409	-0.66288
0.04196	-1.31654	0.31504	0.621	0.31	0.154	-0.424	-0.68277
0.06293	-1.31627	0.31394	0.625	0.214	-0.475	0.213	0.3408
0.08391	-1.32801	0.31332	0.627	0.098	-0.441	0.322	0.51356
0.10489	-1.34431	0.30545	0.628	0.062	-0.35	0.327	0.5207
0.12587	-1.34408	0.31668	0.628	0.031	0.467	0.128	0.20382
0.14685	-1.33817	0.32215	0.638	0.528	0.033	-0.03	-0.04702
0.16782	-1.34413	0.32275	0.648	0.099	-0.539	0.149	0.22994
0.1888	-1.36021	0.32577	0.655	0.048	-0.409	0.321	0.49008
0.20978	-1.37898	0.33544	0.66	0.011	-0.187	0.451	0.68333
0.23076	-1.39278	0.36247	0.667	0.005	-0.291	0.494	0.74063
0.25174	-1.40949	0.39006	0.676	0.01	-0.503	0.094	0.13905
0.27271	-1.42521	0.41305	0.675	0.002	-0.355	-0.267	-0.39556
0.29369	-1.42958	0.38478	0.671	-0.004	0	-0.296	-0.44113
0.31467	-1.42333	0.37055	0.671	-0.002	0.217	0.079	0.11773
0.33565	-1.4125	0.38949	0.675	0.001	0.208	0.355	0.52593
0.35663	-1.40174	0.40279	0.682	0.002	0.162	0.487	0.71408
0.3776	-1.39341	0.4053	0.688	0.002	0.128	0.552	0.80233
0.39858	-1.3888	0.40467	0.695	0.002	0.106	0.588	0.84604
0.41956	-1.38864	0.39747	0.7	0.002	0.093	0.61	0.87143
0.44054	-1.39315	0.38581	0.704	0.002	0.087	0.624	0.88636
0.46152	-1.40198	0.3721	0.706	0.001	0.084	0.632	0.89518
0.4825	-1.41427	0.35736	0.707	0.001	0.082	0.637	0.90099
0.50347	-1.42873	0.34498	0.705	0.002	0.079	0.639	0.90638
0.52445	-1.44406	0.33661	0.701	0.007	0.076	0.637	0.9087
0.54543	-1.45883	0.33708	0.695	0.064	0.057	0.621	0.89353
0.56641	-1.47038	0.35132	0.688	0.074	-0.141	-0.565	-0.82122
0.58739	-1.47463	0.34347	0.686	-0.109	-0.239	0.375	0.54665
0.58739	-1.47463	0.34347	0.686	-0.109	-0.239	0.375	0.54665
0.60836	-1.47041	0.35142	0.688	-0.1	0.013	0.611	0.88808
0.62934	-1.4588	0.33642	0.695	-0.095	-0.118	-0.563	-0.81007
0.65032	-1.44402	0.33625	0.701	-0.01	-0.081	-0.634	-0.90442
0.6713	-1.42867	0.34462	0.705	-0.003	-0.08	-0.638	-0.90496
0.69228	-1.41419	0.35823	0.706	-0.002	-0.082	-0.636	-0.90085
0.71325	-1.40187	0.37135	0.706	-0.002	-0.084	-0.632	-0.89518
0.73423	-1.39298	0.38545	0.704	-0.003	-0.087	-0.623	-0.88494
0.75521	-1.3884	0.39747	0.7	-0.003	-0.094	-0.61	-0.87143
0.77619	-1.38847	0.40256	0.695	-0.003	-0.108	-0.587	-0.8446
0.79717	-1.39299	0.40633	0.688	-0.004	-0.13	-0.549	-0.79797
0.81814	-1.40124	0.40131	0.682	-0.004	-0.166	-0.48	-0.70381
0.83912	-1.41197	0.38788	0.675	-0.003	-0.21	-0.342	-0.50667
0.8601	-1.42293	0.36933	0.671	-0.001	-0.214	-0.06	-0.08942
0.88108	-1.42946	0.38461	0.671	0.002	0.006	0.301	0.44858
0.90206	-1.42524	0.41293	0.675	-0.002	0.356	0.263	0.38963
0.92303	-1.40943	0.38971	0.676	-0.006	0.498	-0.095	-0.14053
0.94401	-1.39247	0.36494	0.667	-0.006	0.28	-0.503	-0.75412
0.96499	-1.37868	0.33493	0.66	-0.004	0.196	-0.423	-0.64091
0.98597	-1.36007	0.32403	0.655	0.011	0.472	-0.224	-0.34198
1.00695	-1.34415	0.32353	0.647	0.043	0.566	0.056	0.08655
1.02792	-1.33829	0.32121	0.638	0.153	0.203	0.479	0.75078
1.0489	-1.34387	0.31879	0.628	0.065	-0.493	0.079	0.1258
1.06988	-1.3442	0.30779	0.628	-0.017	0.394	-0.238	-0.37898
1.09086	-1.32801	0.31363	0.627	0.031	0.538	-0.165	-0.26316
1.11184	-1.31641	0.31496	0.625	0.085	0.553	0.12	0.192
1.13281	-1.31677	0.31451	0.621	0.119	0.143	0.516	0.83092
1.15379	-1.32845	0.30968	0.617	0.082	-0.171	0.514	0.83306
1.17477	-1.34286	0.31494	0.614	-0.231	-0.18	0.38	0.61889
	BAND	=	95				--
#	BAND	=	0	0	95	95	--
0	-1.32767	0.31152	0.614	0.116	0.126	-0.414	-0.67427
0.02098	-1.31223	0.30844	0.617	-0.093	-0.364	0.41	0.66451
0.04196	-1.301	0.3102	0.621	-0.31	-0.154	0.425	0.68438
0.06293	-1.30034	0.31701	0.625	-0.214	0.475	-0.212	-0.3392
0.08391	-1.31109	0.319	0.627	-0.097	0.439	-0.321	-0.51196
0.10489	-1.32685	0.32661	0.628	-0.059	0.336	-0.326	-0.51911
0.12587	-1.32788	0.31844	0.629	-0.032	-0.454	-0.123	-0.19555
0.14685	-1.32297	0.32345	0.638	-0.528	-0.031	0.034	0.05329
0.16782	-1.32769	0.33198	0.647	-0.098	0.537	-0.146	-0.22566
0.1888	-1.34253	0.33979	0.654	-0.046	0.401	-0.316	-0.48318
0.20978	-1.35961	0.33086	0.658	-0.011	0.149	-0.445	-0.67629
0.23076	-1.37282	0.28828	0.664	-0.008	0.242	-0.498	-0.75
0.25174	-1.38531	0.25322	0.67	-0.008	0.463	-0.152	-0.22687
0.27271	-1.39719	0.22659	0.672	-0.002	0.397	0.069	0.10268
0.29369	-1.40177	0.22299	0.669	0.001	0.143	0.104	0.15546
0.31467	-1.39601	0.22541	0.668	-0.001	-0.076	-0.143	-0.21407
0.33565	-1.38476	0.22423	0.672	-0.004	-0.118	-0.366	-0.54464
0.35663	-1.37327	0.23076	0.678	-0.005	-0.105	-0.484	-0.71386
0.3776	-1.3644	0.24436	0.685	-0.005	-0.088	-0.546	-0.79708
0.39858	-1.35973	0.25861	0.692	-0.004	-0.078	-0.582	-0.84104
0.41956	-1.36016	0.27872	0.698	-0.003	-0.074	-0.603	-0.8639
0.44054	-1.366	0.30088	0.702	-0.002	-0.075	-0.616	-0.87749
0.46152	-1.37688	0.32012	0.704	-0.002	-0.078	-0.624	-0.88636
0.4825	-1.39177	0.33615	0.704	-0.001	-0.081	-0.629	-0.89347
0.50347	-1.40911	0.34601	0.702	-0.002	-0.081	-0.631	-0.89886
0.52445	-1.4271	0.35164	0.698	-0.006	-0.079	-0.631	-0.90401
0.54543	-1.44354	0.35201	0.693	-0.064	-0.058	-0.619	-0.89322
0.56641	-1.45521	0.33788	0.689	-0.074	0.141	0.566	0.82148
0.58739	-1.45957	0.34347	0.687	0.109	0.239	-0.375	-0.54585
0.58739	-1.45957	0.34347	0.687	0.109	0.239	-0.375	-0.54585
0.60836	-1.45518	0.33859	0.689	0.1	-0.014	-0.611	-0.88679
0.62934	-1.44354	0.35252	0.693	0.094	0.119	0.56	0.80808
0.65032	-1.42711	0.35196	0.698	0.009	0.083	0.628	0.89971
0.6713	-1.40911	0.34653	0.702	0.003	0.082	0.631	0.89886
0.69228	-1.39176	0.33615	0.704	0.002	0.081	0.629	0.89347
0.71325	-1.37687	0.32012	0.704	0.002	0.078	0.624	0.88636
0.73423	-1.36599	0.30088	0.702	0.003	0.075	0.616	0.87749
0.75521	-1.36015	0.27867	0.698	0.004	0.075	0.603	0.8639
0.77619	-1.35973	0.25861	0.692	0.004	0.079	0.581	0.8396
0.79717	-1.3644	0.24436	0.686	0.005	0.09	0.544	0.793
0.81814	-1.37326	0.23057	0.678	0.004	0.108	0.478	0.70501
0.83912	-1.38471	0.22779	0.672	0.004	0.121	0.351	0.52232
0.8601	-1.39589	0.22686	0.668	0.002	0.075	0.119	0.17814
0.88108	-1.4016	0.22651	0.669	-0.001	-0.145	-0.12	-0.17937
0.90206	-1.39709	0.2293	0.672	-0.002	-0.396	-0.079	-0.11756
0.92303	-1.38527	0.25303	0.67	0	-0.464	0.139	0.20746
0.94401	-1.37287	0.28856	0.664	0.001	-0.245	0.498	0.75
0.96499	-1.35961	0.33264	0.658	0	-0.164	0.417	0.63374
0.98597	-1.34247	0.34217	0.654	-0.013	-0.463	0.219	0.33486
1.00695	-1.32749	0.33277	0.647	-0.043	-0.565	-0.059	-0.09119
1.02792	-1.32265	0.32209	0.638	-0.153	-0.206	-0.483	-0.75705
1.0489	-1.32783	0.31395	0.629	-0.068	0.476	-0.086	-0.13672
1.06988	-1.3268	0.32444	0.628	0.009	-0.385	0.237	0.37739
1.09086	-1.31104	0.31842	0.627	-0.031	-0.535	0.164	0.26156
1.11184	-1.30014	0.31607	0.625	-0.085	-0.552	-0.121	-0.1936
1.13281	-1.30067	0.31303	0.621	-0.119	-0.144	-0.517	-0.83253
1.15379	-1.31202	0.30968	0.617	-0.082	0.17	-0.515	-0.83468
1.17477	-1.32767	0.31152	0.614	0.116	0.126	-0.414	-0.67427
	BAND	=	96				--
#	BAND	=	0	0	96	96	--
0	-1.08041	0.30927	0.632	-0.003	0.183	0.182	0.28797
0.02098	-1.11181	0.3148	0.629	0.002	-0.23	0.508	0.80763
0.04196	-1.13247	0.3165	0.627	-0.019	-0.178	0.525	0.83732
0.06293	-1.135	0.31813	0.627	-0.055	0.042	0.552	0.88038
0.08391	-1.12076	0.3207	0.63	-0.052	0.505	0.227	0.36032
0.10489	-1.12869	0.334	0.65	0.003	-0.265	0.494	0.76
0.12587	-1.1631	0.33828	0.649	-0.007	-0.118	0.529	0.8151
0.14685	-1.18703	0.36541	0.649	-0.011	0.145	0.515	0.79353
0.16782	-1.20336	0.40293	0.662	0	0.329	0.489	0.73867
0.1888	-1.23875	0.3462	0.677	0.002	-0.437	0.296	0.43722
0.20978	-1.2756	0.35434	0.675	-0.005	-0.543	0.055	0.08148
0.23076	-1.29866	0.3584	0.668	-0.017	-0.525	-0.105	-0.15719
0.25174	-1.30356	0.36411	0.664	-0.069	0.083	-0.568	-0.85542
0.27271	-1.29818	0.32878	0.665	-0.002	0.509	-0.087	-0.13083
0.29369	-1.28713	0.33233	0.669	0.01	0.517	-0.019	-0.0284
0.31467	-1.27517	0.33531	0.673	0.017	0.515	0.019	0.02823
0.33565	-1.26519	0.34032	0.678	0.022	0.506	0.064	0.0944
0.35663	-1.25898	0.34684	0.682	0.024	0.485	0.13	0.19062
0.3776	-1.25775	0.35104	0.686	0.024	0.449	0.222	0.32362
0.39858	-1.26224	0.35716	0.69	0.021	0.391	0.331	0.47971
0.41956	-1.27276	0.366	0.692	0.017	0.319	0.433	0.62572
0.44054	-1.28912	0.37147	0.694	0.011	0.251	0.509	0.73343
0.46152	-1.31066	0.3715	0.694	0.007	0.198	0.555	0.79971
0.4825	-1.33623	0.36584	0.692	0.003	0.163	0.581	0.8396
0.50347	-1.36438	0.3514	0.686	0.001	0.141	0.592	0.86297
0.52445	-1.39373	0.33943	0.675	-0.001	0.118	0.597	0.88444
0.54543	-1.4232	0.33675	0.655	0.002	0.046	0.595	0.9084
0.56641	-1.44681	0.32256	0.64	0.036	-0.097	0.564	0.88125
0.58739	-1.45567	0.31331	0.635	0.197	-0.279	0.403	0.63465
0.58739	-1.45567	0.31331	0.635	0.197	-0.279	0.403	0.63465
0.60836	-1.44678	0.32395	0.64	0.008	0.059	-0.576	-0.9
0.62934	-1.42316	0.33623	0.655	0.004	-0.052	-0.595	-0.9084
0.65032	-1.39369	0.34015	0.675	-0.001	-0.118	-0.597	-0.88444
0.6713	-1.3643	0.3514	0.686	-0.004	-0.142	-0.592	-0.86297
0.69228	-1.3361	0.36496	0.692	-0.007	-0.164	-0.58	-0.83815
0.71325	-1.31047	0.37183	0.694	-0.011	-0.2	-0.554	-0.79827
0.73423	-1.28887	0.37012	0.694	-0.016	-0.254	-0.504	-0.72622
0.75521	-1.27245	0.36504	0.692	-0.021	-0.325	-0.423	-0.61127
0.77619	-1.26188	0.35791	0.69	-0.024	-0.4	-0.309	-0.44783
0.79717	-1.25737	0.35155	0.686	-0.024	-0.457	-0.187	-0.27259
0.81814	-1.25859	0.34663	0.682	-0.022	-0.492	-0.084	-0.12317
0.83912	-1.26481	0.34054	0.678	-0.018	-0.508	-0.012	-0.0177
0.8601	-1.27483	0.34021	0.673	-0.013	-0.514	0.036	0.05349
0.88108	-1.28684	0.33522	0.669	-0.009	-0.513	0.076	0.1136
0.90206	-1.29798	0.33167	0.665	-0.004	-0.496	0.151	0.22707
0.92303	-1.30354	0.36685	0.664	0.007	-0.058	0.579	0.87199
0.94401	-1.29864	0.35828	0.668	0.004	0.524	0.123	0.18413
0.96499	-1.27564	0.35183	0.675	0.001	0.545	-0.044	-0.06519
0.98597	-1.23881	0.34564	0.677	0	0.446	-0.282	-0.41654
1.00695	-1.20335	0.40189	0.662	0	-0.331	-0.488	-0.73716
1.02792	-1.187	0.36616	0.649	0.01	-0.153	-0.514	-0.79199
1.0489	-1.16306	0.33941	0.649	0.013	0.12	-0.529	-0.8151
1.06988	-1.1287	0.33173	0.65	0.014	0.287	-0.481	-0.74
1.09086	-1.12071	0.31993	0.63	0.14	-0.518	-0.069	-0.10952
1.11184	-1.13491	0.3175	0.627	0.071	-0.089	-0.545	-0.86922
1.13281	-1.13242	0.31674	0.627	0.028	0.169	-0.528	-0.84211
1.15379	-1.11178	0.31556	0.629	0.023	0.25	-0.499	-0.79332
1.17477	-1.08041	0.30927	0.632	-0.003	0.183	0.182	0.28797
	BAND	=	97				--
#	BAND	=	0	0	97	97	--
0	-1.0651	0.31305	0.632	0.051	-0.151	-0.164	-0.25949
0.02098	-1.09307	0.31415	0.63	-0.002	0.23	-0.509	-0.80794
0.04196	-1.11465	0.31577	0.628	0.019	0.178	-0.526	-0.83758
0.06293	-1.11844	0.31182	0.627	0.055	-0.042	-0.552	-0.88038
0.08391	-1.10485	0.31118	0.63	0.052	-0.506	-0.225	-0.35714
0.10489	-1.10924	0.3295	0.649	-0.002	0.258	-0.497	-0.76579
0.12587	-1.14272	0.32969	0.649	0.007	0.117	-0.527	-0.81202
0.14685	-1.16519	0.3063	0.647	0.01	-0.153	-0.498	-0.76971
0.16782	-1.18114	0.25613	0.667	-0.001	-0.428	-0.409	-0.61319
0.1888	-1.21916	0.31634	0.676	-0.001	0.424	-0.295	-0.43639
0.20978	-1.25514	0.29141	0.674	0.005	0.542	-0.063	-0.09347
0.23076	-1.27992	0.27878	0.669	0.017	0.531	0.09	0.13453
0.25174	-1.28774	0.27983	0.664	0.069	-0.075	0.556	0.83735
0.27271	-1.28004	0.33067	0.664	0.002	-0.502	0.08	0.12048
0.29369	-1.26741	0.33351	0.668	-0.011	-0.51	0.014	0.02096
0.31467	-1.25459	0.33313	0.672	-0.018	-0.507	-0.022	-0.03274
0.33565	-1.24412	0.33315	0.677	-0.022	-0.497	-0.065	-0.09601
0.35663	-1.23759	0.33185	0.681	-0.025	-0.475	-0.13	-0.1909
0.3776	-1.23604	0.32415	0.685	-0.025	-0.437	-0.222	-0.32409
0.39858	-1.24002	0.31635	0.688	-0.022	-0.378	-0.33	-0.47965
0.41956	-1.24978	0.30895	0.691	-0.018	-0.306	-0.432	-0.62518
0.44054	-1.2653	0.29878	0.692	-0.012	-0.238	-0.508	-0.7341
0.46152	-1.28641	0.30038	0.692	-0.008	-0.188	-0.553	-0.79913
0.4825	-1.31254	0.30622	0.69	-0.004	-0.158	-0.577	-0.83623
0.50347	-1.34252	0.31364	0.684	-0.001	-0.142	-0.586	-0.85673
0.52445	-1.37478	0.31361	0.671	0.002	-0.121	-0.59	-0.87928
0.54543	-1.40691	0.3061	0.652	-0.002	-0.048	-0.589	-0.90337
0.56641	-1.43149	0.3064	0.639	-0.035	0.097	-0.561	-0.87793
0.58739	-1.44063	0.31283	0.635	-0.197	0.278	-0.403	-0.63465
0.58739	-1.44063	0.31283	0.635	-0.197	0.278	-0.403	-0.63465
0.60836	-1.43151	0.3051	0.639	-0.009	-0.058	0.573	0.89671
0.62934	-1.40692	0.30538	0.652	-0.005	0.054	0.589	0.90337
0.65032	-1.37479	0.31361	0.671	0.001	0.122	0.59	0.87928
0.6713	-1.34251	0.31364	0.684	0.004	0.142	0.586	0.85673
0.69228	-1.31252	0.30622	0.69	0.008	0.158	0.576	0.83478
0.71325	-1.28639	0.3009	0.692	0.012	0.189	0.552	0.79769
0.73423	-1.26528	0.29878	0.692	0.017	0.241	0.503	0.72688
0.75521	-1.24975	0.30824	0.691	0.021	0.312	0.422	0.61071
0.77619	-1.23997	0.32014	0.689	0.024	0.387	0.309	0.44848
0.79717	-1.23595	0.32627	0.685	0.024	0.446	0.187	0.27299
0.81814	-1.23746	0.33133	0.682	0.022	0.482	0.085	0.12463
0.83912	-1.24395	0.33319	0.677	0.018	0.499	0.013	0.0192
0.8601	-1.25441	0.33291	0.672	0.013	0.507	-0.034	-0.0506
0.88108	-1.26722	0.3309	0.668	0.009	0.506	-0.072	-0.10778
0.90206	-1.27985	0.3273	0.664	0.004	0.489	-0.144	-0.21687
0.92303	-1.28752	0.27985	0.664	-0.007	0.051	-0.567	-0.85392
0.94401	-1.27991	0.27819	0.669	-0.003	-0.53	-0.109	-0.16293
0.96499	-1.2552	0.29077	0.674	-0.001	-0.544	0.051	0.07567
0.98597	-1.21927	0.3161	0.676	0	-0.433	0.281	0.41568
1.00695	-1.18123	0.25613	0.667	0.004	0.426	0.411	0.61619
1.02792	-1.1652	0.30403	0.647	-0.009	0.161	0.498	0.76971
1.0489	-1.14284	0.33096	0.649	-0.013	-0.119	0.527	0.81202
1.06988	-1.10945	0.32941	0.649	-0.012	-0.277	0.485	0.7473
1.09086	-1.10482	0.31589	0.63	-0.139	0.519	0.068	0.10794
1.11184	-1.11847	0.31338	0.627	-0.071	0.089	0.546	0.87081
1.13281	-1.11475	0.31577	0.628	-0.028	-0.169	0.529	0.84236
1.15379	-1.09325	0.3157	0.63	-0.023	-0.25	0.5	0.79365
1.17477	-1.0651	0.31305	0.632	0.051	-0.151	-0.164	-0.25949
	BAND	=	98				--
#	BAND	=	0	0	98	98	--
0	-1.07593	0.32772	0.633	-0.115	-0.319	0.359	0.56714
0.02098	-1.04654	0.32018	0.636	0.047	0.238	-0.508	-0.79874
0.04196	-1.02836	0.32727	0.643	0.201	-0.147	-0.512	-0.79627
0.06293	-1.04747	0.32367	0.649	0.054	-0.406	0.384	0.59168
0.08391	-1.0858	0.3188	0.65	0.024	-0.311	0.429	0.66
0.10489	-1.09726	0.31626	0.639	0.023	0.532	0.012	0.01878
0.12587	-1.09972	0.34948	0.663	0.034	-0.527	-0.262	-0.39517
0.14685	-1.1385	0.38583	0.674	0.013	-0.533	-0.273	-0.40504
0.16782	-1.17355	0.43136	0.653	-0.003	-0.33	-0.483	-0.73966
0.1888	-1.16523	0.28124	0.646	-0.35	0.149	0.383	0.59288
0.20978	-1.14513	0.30215	0.648	-0.034	0.469	0.304	0.46914
0.23076	-1.12025	0.31451	0.653	-0.012	0.506	0.238	0.36447
0.25174	-1.09552	0.32411	0.659	0.001	0.528	0.187	0.28376
0.27271	-1.07381	0.32865	0.665	0.01	0.542	0.142	0.21353
0.29369	-1.05719	0.33452	0.671	0.017	0.55	0.099	0.14754
0.31467	-1.04728	0.33715	0.676	0.022	0.555	0.059	0.08728
0.33565	-1.04537	0.34094	0.68	0.026	0.557	0.023	0.03382
0.35663	-1.05227	0.34283	0.684	0.029	0.555	-0.002	-0.00292
0.3776	-1.0683	0.34438	0.686	0.031	0.55	-0.009	-0.01312
0.39858	-1.09319	0.34534	0.686	0.033	0.543	0.015	0.02187
0.41956	-1.12607	0.3427	0.685	0.033	0.527	0.082	0.11971
0.44054	-1.16558	0.34414	0.682	0.03	0.488	0.198	0.29032
0.46152	-1.2099	0.34669	0.678	0.024	0.416	0.335	0.4941
0.4825	-1.25674	0.33944	0.672	0.016	0.335	0.433	0.64435
0.50347	-1.3037	0.30197	0.663	0.007	0.301	0.452	0.68175
0.52445	-1.34877	0.21268	0.65	0.001	0.308	0.421	0.64769
0.54543	-1.38332	0.16042	0.651	-0.001	0.265	0.444	0.68203
0.56641	-1.39999	0.14324	0.658	-0.003	0.24	0.46	0.69909
0.58739	-1.40184	0.14938	0.66	-0.32	0.076	-0.3	-0.45455
0.58739	-1.40184	0.14938	0.66	-0.32	0.076	-0.3	-0.45455
0.60836	-1.4	0.14352	0.658	-0.003	-0.238	-0.463	-0.70365
0.62934	-1.38332	0.16042	0.651	-0.003	-0.263	-0.446	-0.6851
0.65032	-1.34875	0.21319	0.65	-0.005	-0.307	-0.422	-0.64923
0.6713	-1.30362	0.30058	0.663	-0.016	-0.303	-0.448	-0.67572
0.69228	-1.25662	0.33856	0.672	-0.029	-0.34	-0.425	-0.63244
0.71325	-1.20975	0.34477	0.678	-0.038	-0.422	-0.32	-0.47198
0.73423	-1.1654	0.34389	0.682	-0.04	-0.494	-0.173	-0.25367
0.75521	-1.12586	0.34426	0.685	-0.036	-0.53	-0.045	-0.06569
0.77619	-1.09295	0.34362	0.686	-0.028	-0.543	0.033	0.0481
0.79717	-1.06802	0.34247	0.686	-0.019	-0.549	0.067	0.09767
0.81814	-1.05195	0.34239	0.684	-0.008	-0.553	0.071	0.1038
0.83912	-1.04501	0.34214	0.68	0.003	-0.556	0.056	0.08235
0.8601	-1.04689	0.33998	0.676	0.015	-0.559	0.028	0.04142
0.88108	-1.05677	0.3371	0.671	0.025	-0.559	-0.009	-0.01341
0.90206	-1.07339	0.33187	0.665	0.035	-0.555	-0.052	-0.0782
0.92303	-1.09511	0.32454	0.659	0.044	-0.547	-0.101	-0.15326
0.94401	-1.11986	0.31693	0.653	0.054	-0.531	-0.158	-0.24196
0.96499	-1.1448	0.30532	0.648	0.071	-0.503	-0.223	-0.34414
0.98597	-1.16503	0.31832	0.645	0.456	-0.159	0.149	0.23101
1.00695	-1.17357	0.43097	0.653	0	0.332	0.482	0.73813
1.02792	-1.1387	0.38519	0.674	0.003	0.529	0.283	0.41988
1.0489	-1.09991	0.34852	0.663	0.02	0.508	0.296	0.44646
1.06988	-1.09712	0.31963	0.64	0.131	-0.463	0.272	0.425
1.09086	-1.08572	0.32097	0.65	0.013	0.353	-0.389	-0.59846
1.11184	-1.04748	0.3231	0.649	0.036	0.489	-0.28	-0.43143
1.13281	-1.02871	0.32843	0.643	0.076	0.243	0.515	0.80093
1.15379	-1.04665	0.32042	0.636	0.033	-0.157	0.54	0.84906
1.17477	-1.07593	0.32772	0.633	-0.115	-0.319	0.359	0.56714
	BAND	=	99				--
#	BAND	=	0	0	99	99	--
0	-1.06065	0.32552	0.633	0.068	0.287	-0.377	-0.59558
0.02098	-1.0282	0.32071	0.637	-0.047	-0.238	0.509	0.79906
0.04196	-1.01233	0.32206	0.644	-0.201	0.147	0.513	0.79658
0.06293	-1.02945	0.33432	0.649	-0.054	0.405	-0.384	-0.59168
0.08391	-1.06622	0.34048	0.65	-0.023	0.311	-0.43	-0.66154
0.10489	-1.08143	0.32532	0.641	-0.024	-0.527	-0.008	-0.01248
0.12587	-1.08139	0.29322	0.661	-0.035	0.524	0.259	0.39183
0.14685	-1.11606	0.24963	0.671	-0.013	0.54	0.254	0.37854
0.16782	-1.15094	0.20842	0.659	0.004	0.428	0.4	0.60698
0.1888	-1.1499	0.35119	0.645	0.35	-0.138	-0.389	-0.6031
0.20978	-1.1278	0.34479	0.648	0.034	-0.466	-0.305	-0.47068
0.23076	-1.10209	0.34106	0.653	0.012	-0.505	-0.239	-0.366
0.25174	-1.07691	0.33912	0.659	-0.001	-0.527	-0.188	-0.28528
0.27271	-1.05489	0.34034	0.665	-0.01	-0.541	-0.142	-0.21353
0.29369	-1.038	0.34127	0.67	-0.017	-0.55	-0.099	-0.14776
0.31467	-1.02786	0.34252	0.676	-0.022	-0.554	-0.059	-0.08728
0.33565	-1.02573	0.34372	0.68	-0.026	-0.555	-0.023	-0.03382
0.35663	-1.03243	0.34568	0.683	-0.029	-0.553	0.002	0.00293
0.3776	-1.04833	0.34497	0.685	-0.032	-0.548	0.009	0.01314
0.39858	-1.07316	0.34273	0.686	-0.033	-0.54	-0.014	-0.02041
0.41956	-1.10609	0.33857	0.684	-0.033	-0.523	-0.082	-0.11988
0.44054	-1.14564	0.33172	0.681	-0.031	-0.483	-0.198	-0.29075
0.46152	-1.18986	0.324	0.677	-0.025	-0.409	-0.335	-0.49483
0.4825	-1.23654	0.32199	0.671	-0.016	-0.329	-0.431	-0.64232
0.50347	-1.28334	0.35261	0.663	-0.007	-0.306	-0.435	-0.65611
0.52445	-1.32762	0.44562	0.65	0	-0.348	-0.365	-0.56154
0.54543	-1.36137	0.4953	0.651	0	-0.301	-0.408	-0.62673
0.56641	-1.37864	0.47523	0.657	0.001	-0.261	-0.445	-0.67732
0.58739	-1.38675	0.15157	0.66	0.32	-0.076	0.3	0.45455
0.58739	-1.38675	0.15157	0.66	0.32	-0.076	0.3	0.45455
0.60836	-1.37867	0.4757	0.657	0	0.257	0.452	0.68798
0.62934	-1.36138	0.4953	0.651	-0.002	0.298	0.414	0.63594
0.65032	-1.3276	0.44562	0.65	-0.001	0.346	0.37	0.56923
0.6713	-1.28332	0.35357	0.663	0.015	0.308	0.432	0.65158
0.69228	-1.23651	0.32162	0.671	0.029	0.334	0.423	0.6304
0.71325	-1.18982	0.32436	0.677	0.038	0.416	0.32	0.47267
0.73423	-1.14556	0.33456	0.681	0.04	0.488	0.173	0.25404
0.75521	-1.10598	0.34033	0.684	0.036	0.526	0.045	0.06579
0.77619	-1.07303	0.34146	0.686	0.028	0.54	-0.033	-0.0481
0.79717	-1.04817	0.34465	0.685	0.019	0.546	-0.067	-0.09781
0.81814	-1.03227	0.34485	0.683	0.008	0.551	-0.071	-0.10395
0.83912	-1.02556	0.34253	0.68	-0.003	0.555	-0.056	-0.08235
0.8601	-1.02771	0.34177	0.676	-0.015	0.558	-0.028	-0.04142
0.88108	-1.03787	0.3422	0.67	-0.026	0.558	0.009	0.01343
0.90206	-1.05477	0.33636	0.665	-0.035	0.555	0.052	0.0782
0.92303	-1.0768	0.33822	0.659	-0.044	0.546	0.101	0.15326
0.94401	-1.10199	0.33844	0.653	-0.054	0.53	0.158	0.24196
0.96499	-1.1277	0.34229	0.648	-0.071	0.5	0.224	0.34568
0.98597	-1.14976	0.31012	0.645	-0.456	0.148	-0.142	-0.22016
1.00695	-1.15079	0.20906	0.658	-0.004	-0.426	-0.402	-0.61094
1.02792	-1.11598	0.24967	0.671	-0.003	-0.535	-0.265	-0.39493
1.0489	-1.08118	0.29351	0.661	-0.019	-0.505	-0.294	-0.44478
1.06988	-1.08127	0.32175	0.64	-0.132	0.455	-0.276	-0.43125
1.09086	-1.06632	0.34019	0.65	-0.014	-0.353	0.39	0.6
1.11184	-1.02951	0.33258	0.649	-0.036	-0.489	0.28	0.43143
1.13281	-1.01192	0.32099	0.644	-0.076	-0.243	-0.515	-0.79969
1.15379	-1.0279	0.32159	0.637	-0.033	0.157	-0.541	-0.84929
1.17477	-1.06065	0.32552	0.633	0.068	0.287	-0.377	-0.59558
	BAND	=	100				--
#	BAND	=	0	0	100	100	--
0	-0.81682	0.31849	0.652	0.07	0.173	0.021	0.03221
0.02098	-0.86441	0.32564	0.649	-0.009	-0.256	0.504	0.77658
0.04196	-0.88908	0.33128	0.644	-0.035	-0.126	0.544	0.84472
0.06293	-0.87761	0.36674	0.65	-0.005	0.43	0.302	0.46462
0.08391	-0.9248	0.3475	0.674	-0.001	-0.579	0.048	0.07122
0.10489	-0.97898	0.35183	0.668	-0.014	-0.582	-0.014	-0.02096
0.12587	-1.00012	0.33737	0.648	-0.064	-0.562	-0.036	-0.05556
0.14685	-0.97719	0.32971	0.642	-0.255	0.216	-0.462	-0.71963
0.16782	-0.94054	0.32608	0.644	-0.067	0.462	-0.326	-0.50621
0.1888	-0.90145	0.3307	0.649	-0.029	0.466	-0.328	-0.50539
0.20978	-0.86415	0.33361	0.654	-0.009	0.465	-0.334	-0.5107
0.23076	-0.83117	0.33724	0.66	0.005	0.47	-0.331	-0.50152
0.25174	-0.80468	0.33728	0.666	0.015	0.481	-0.313	-0.46997
0.27271	-0.78666	0.33901	0.671	0.022	0.497	-0.284	-0.42325
0.29369	-0.77893	0.34141	0.676	0.026	0.512	-0.251	-0.3713
0.31467	-0.78298	0.34198	0.679	0.028	0.521	-0.228	-0.33579
0.33565	-0.79972	0.34223	0.682	0.027	0.523	-0.224	-0.32845
0.35663	-0.82933	0.34283	0.682	0.025	0.52	-0.236	-0.34604
0.3776	-0.8712	0.34122	0.681	0.024	0.514	-0.253	-0.37151
0.39858	-0.924	0.33677	0.677	0.024	0.512	-0.257	-0.37962
0.41956	-0.98605	0.33529	0.672	0.026	0.52	-0.227	-0.3378
0.44054	-1.0555	0.33959	0.664	0.035	0.543	-0.114	-0.17169
0.46152	-1.13007	0.34442	0.655	0.057	0.482	0.263	0.40153
0.4825	-1.20564	0.33739	0.645	0.047	0.005	0.561	0.86977
0.50347	-1.27478	0.30816	0.641	0.023	-0.3	0.316	0.49298
0.52445	-1.32901	0.17593	0.649	0	-0.324	-0.368	-0.56703
0.54543	-1.36626	0.14424	0.657	0	-0.254	-0.449	-0.68341
0.56641	-1.38987	0.1762	0.66	0.002	-0.241	-0.456	-0.69091
0.58739	-1.39549	0.50672	0.66	-0.034	-0.023	0.612	0.92727
0.58739	-1.39549	0.50672	0.66	-0.034	-0.023	0.612	0.92727
0.60836	-1.38985	0.17506	0.66	0.003	0.238	0.461	0.69848
0.62934	-1.36624	0.14424	0.657	0.003	0.253	0.451	0.68645
0.65032	-1.32899	0.17582	0.649	0.001	0.322	0.375	0.57781
0.6713	-1.27472	0.30448	0.641	-0.044	0.324	-0.285	-0.44462
0.69228	-1.20556	0.33759	0.645	-0.075	-0.007	-0.558	-0.86512
0.71325	-1.13	0.34381	0.655	-0.074	-0.501	-0.212	-0.32366
0.73423	-1.05543	0.33975	0.664	-0.035	-0.535	0.155	0.23343
0.75521	-0.98596	0.33684	0.672	-0.017	-0.505	0.267	0.39732
0.77619	-0.92388	0.33821	0.677	-0.004	-0.489	0.309	0.45643
0.79717	-0.87103	0.33935	0.681	0.013	-0.48	0.328	0.48164
0.81814	-0.82913	0.34258	0.682	0.034	-0.469	0.345	0.50587
0.83912	-0.7995	0.34348	0.682	0.062	-0.449	0.371	0.54399
0.8601	-0.78276	0.34431	0.679	0.092	-0.413	0.41	0.60383
0.88108	-0.77874	0.3445	0.676	0.119	-0.367	0.449	0.6642
0.90206	-0.78651	0.34153	0.671	0.137	-0.322	0.479	0.71386
0.92303	-0.80457	0.33994	0.666	0.148	-0.29	0.494	0.74174
0.94401	-0.83109	0.33882	0.66	0.155	-0.274	0.497	0.75303
0.96499	-0.86407	0.33554	0.654	0.161	-0.271	0.491	0.75076
0.98597	-0.90139	0.33391	0.649	0.171	-0.275	0.48	0.7396
1.00695	-0.9405	0.33029	0.644	0.194	-0.262	0.473	0.73447
1.02792	-0.97723	0.33461	0.642	0.269	-0.048	0.503	0.78349
1.0489	-1	0.33983	0.648	0.078	0.555	0.1	0.15432
1.06988	-0.97901	0.35115	0.668	0.015	0.583	0.032	0.0479
1.09086	-0.92491	0.3485	0.674	0.007	0.582	-0.024	-0.03561
1.11184	-0.87754	0.36456	0.65	0.022	-0.43	-0.273	-0.42
1.13281	-0.88898	0.33255	0.644	0.05	0.108	-0.547	-0.84938
1.15379	-0.8644	0.32584	0.649	0.023	0.266	-0.498	-0.76733
1.17477	-0.81682	0.31849	0.652	0.07	0.173	0.021	0.03221
	BAND	=	101				--
#	BAND	=	0	0	101	101	--
0	-0.80161	0.31909	0.652	-0.047	-0.15	-0.007	-0.01074
0.02098	-0.84427	0.3348	0.649	0.009	0.255	-0.504	-0.77658
0.04196	-0.87162	0.32686	0.644	0.035	0.126	-0.542	-0.84161
0.06293	-0.85923	0.28415	0.646	0.006	-0.456	-0.273	-0.4226
0.08391	-0.90505	0.30637	0.673	0.001	0.579	-0.05	-0.07429
0.10489	-0.95893	0.29092	0.667	0.014	0.583	0.012	0.01799
0.12587	-0.98282	0.29754	0.649	0.064	0.564	0.034	0.05239
0.14685	-0.96175	0.30981	0.641	0.255	-0.215	0.462	0.72075
0.16782	-0.92448	0.31937	0.644	0.067	-0.461	0.326	0.50621
0.1888	-0.88511	0.32357	0.649	0.029	-0.466	0.329	0.50693
0.20978	-0.84767	0.32796	0.654	0.009	-0.465	0.335	0.51223
0.23076	-0.81463	0.33012	0.66	-0.004	-0.469	0.331	0.50152
0.25174	-0.78809	0.33195	0.666	-0.015	-0.481	0.314	0.47147
0.27271	-0.76999	0.3355	0.671	-0.022	-0.497	0.284	0.42325
0.29369	-0.76212	0.33893	0.676	-0.026	-0.511	0.251	0.3713
0.31467	-0.76594	0.34262	0.679	-0.028	-0.52	0.228	0.33579
0.33565	-0.78237	0.34201	0.681	-0.027	-0.522	0.224	0.32893
0.35663	-0.8116	0.3419	0.682	-0.025	-0.519	0.237	0.34751
0.3776	-0.8531	0.34015	0.68	-0.024	-0.513	0.253	0.37206
0.39858	-0.90572	0.33742	0.677	-0.024	-0.511	0.258	0.38109
0.41956	-0.96805	0.33142	0.672	-0.026	-0.518	0.228	0.33929
0.44054	-1.03842	0.32456	0.664	-0.035	-0.541	0.114	0.17169
0.46152	-1.11402	0.31778	0.654	-0.057	-0.48	-0.263	-0.40214
0.4825	-1.1897	0.31989	0.645	-0.047	-0.001	-0.563	-0.87287
0.50347	-1.25879	0.34797	0.64	-0.024	0.316	-0.332	-0.51875
0.52445	-1.31246	0.47619	0.649	-0.002	0.373	0.313	0.48228
0.54543	-1.34811	0.51243	0.657	0	0.293	0.416	0.63318
0.56641	-1.37039	0.51831	0.66	0	0.262	0.445	0.67424
0.58739	-1.38041	0.5092	0.66	0.034	0.023	-0.612	-0.92727
0.58739	-1.38041	0.5092	0.66	0.034	0.023	-0.612	-0.92727
0.60836	-1.37032	0.51931	0.66	0.001	-0.257	-0.454	-0.68788
0.62934	-1.34803	0.51243	0.657	0.002	-0.29	-0.422	-0.64231
0.65032	-1.31237	0.47819	0.649	0.005	-0.369	-0.325	-0.50077
0.6713	-1.25878	0.35272	0.64	0.046	-0.339	0.3	0.46875
0.69228	-1.18971	0.3199	0.645	0.075	0.003	0.56	0.86822
0.71325	-1.114	0.31643	0.654	0.074	0.499	0.212	0.32416
0.73423	-1.03834	0.32408	0.664	0.035	0.533	-0.155	-0.23343
0.75521	-0.96792	0.33155	0.672	0.017	0.503	-0.268	-0.39881
0.77619	-0.90555	0.33938	0.677	0.004	0.488	-0.31	-0.4579
0.79717	-0.85288	0.34114	0.681	-0.013	0.479	-0.328	-0.48164
0.81814	-0.81134	0.34031	0.682	-0.034	0.469	-0.345	-0.50587
0.83912	-0.78206	0.34116	0.681	-0.062	0.448	-0.371	-0.54479
0.8601	-0.76559	0.33766	0.679	-0.092	0.413	-0.41	-0.60383
0.88108	-0.76171	0.33659	0.676	-0.119	0.366	-0.45	-0.66568
0.90206	-0.76952	0.33356	0.671	-0.137	0.321	-0.479	-0.71386
0.92303	-0.78758	0.33081	0.666	-0.148	0.289	-0.494	-0.74174
0.94401	-0.81412	0.32578	0.66	-0.155	0.273	-0.497	-0.75303
0.96499	-0.84717	0.32303	0.654	-0.161	0.271	-0.492	-0.75229
0.98597	-0.88463	0.32114	0.649	-0.171	0.274	-0.481	-0.74114
1.00695	-0.92403	0.3148	0.644	-0.194	0.262	-0.474	-0.73602
1.02792	-0.96129	0.30583	0.641	-0.269	0.047	-0.503	-0.78471
1.0489	-0.98271	0.29428	0.649	-0.078	-0.557	-0.098	-0.151
1.06988	-0.95899	0.28817	0.667	-0.015	-0.584	-0.029	-0.04348
1.09086	-0.90514	0.3039	0.673	-0.007	-0.581	0.026	0.03863
1.11184	-0.85923	0.2865	0.646	-0.019	0.452	0.248	0.3839
1.13281	-0.87171	0.32634	0.644	-0.051	-0.107	0.546	0.84783
1.15379	-0.84449	0.33583	0.649	-0.023	-0.266	0.499	0.76888
1.17477	-0.80161	0.31909	0.652	-0.047	-0.15	-0.007	-0.01074
	BAND	=	102				--
#	BAND	=	0	0	102	102	--
0	-0.81083	0.34303	0.653	-0.043	-0.326	0.401	0.61409
0.02098	-0.7699	0.3314	0.659	0.038	0.175	-0.551	-0.83612
0.04196	-0.79481	0.36049	0.674	0.017	-0.555	-0.192	-0.28487
0.06293	-0.85664	0.40759	0.669	0	-0.435	-0.364	-0.5441
0.08391	-0.83018	0.33098	0.641	0	0.09	-0.568	-0.88612
0.10489	-0.78018	0.32542	0.643	0.01	0.144	-0.561	-0.87247
0.12587	-0.72729	0.32803	0.647	0.015	0.139	-0.566	-0.87481
0.14685	-0.67473	0.33041	0.651	0.019	0.122	-0.574	-0.88172
0.16782	-0.62468	0.33323	0.655	0.021	0.104	-0.582	-0.88855
0.1888	-0.5792	0.3359	0.659	0.024	0.085	-0.59	-0.8953
0.20978	-0.54046	0.33887	0.664	0.027	0.068	-0.597	-0.8991
0.23076	-0.51085	0.34289	0.669	0.03	0.054	-0.602	-0.89985
0.25174	-0.4929	0.34681	0.673	0.036	0.045	-0.607	-0.90193
0.27271	-0.48901	0.3505	0.677	0.045	0.047	-0.61	-0.90103
0.29369	-0.5011	0.35211	0.679	0.065	0.086	-0.605	-0.89102
0.31467	-0.53005	0.34902	0.68	0.101	0.237	-0.547	-0.80441
0.33565	-0.57547	0.33818	0.679	0.102	0.457	-0.302	-0.44477
0.35663	-0.63543	0.32464	0.676	0.059	0.493	-0.223	-0.32988
0.3776	-0.70712	0.29975	0.671	0.029	0.458	-0.32	-0.4769
0.39858	-0.78778	0.25543	0.665	0.013	0.418	-0.395	-0.59398
0.41956	-0.87439	0.20279	0.658	0.007	0.417	-0.401	-0.60942
0.44054	-0.96209	0.15855	0.651	0.006	0.454	-0.347	-0.53303
0.46152	-1.04456	0.12451	0.648	0.007	0.497	-0.246	-0.37963
0.4825	-1.1172	0.1031	0.647	0.007	0.514	-0.106	-0.16383
0.50347	-1.17782	0.08691	0.647	0.007	0.486	0.053	0.08192
0.52445	-1.2247	0.07593	0.648	0.005	0.424	0.192	0.2963
0.54543	-1.25591	0.06768	0.651	0.003	0.36	0.287	0.44086
0.56641	-1.27064	0.06238	0.654	0	0.318	0.34	0.51988
0.58739	-1.27014	0.05964	0.657	-0.318	0.212	-0.022	-0.03349
0.58739	-1.27014	0.05964	0.657	-0.318	0.212	-0.022	-0.03349
0.60836	-1.27051	0.06238	0.654	-0.012	-0.315	-0.346	-0.52905
0.62934	-1.25579	0.06772	0.651	-0.01	-0.359	-0.29	-0.44547
0.65032	-1.22458	0.07593	0.648	-0.011	-0.423	-0.194	-0.29938
0.6713	-1.17772	0.08691	0.647	-0.011	-0.486	-0.054	-0.08346
0.69228	-1.11713	0.10314	0.647	-0.011	-0.514	0.106	0.16383
0.71325	-1.04451	0.12451	0.648	-0.009	-0.497	0.246	0.37963
0.73423	-0.96206	0.15855	0.651	-0.007	-0.454	0.347	0.53303
0.75521	-0.87435	0.20279	0.658	-0.007	-0.416	0.403	0.61246
0.77619	-0.78771	0.25541	0.665	-0.007	-0.41	0.409	0.61504
0.79717	-0.70699	0.2997	0.671	-0.003	-0.431	0.376	0.56036
0.81814	-0.63523	0.32537	0.676	0.022	-0.428	0.381	0.56361
0.83912	-0.57532	0.34168	0.679	0.072	-0.274	0.532	0.78351
0.8601	-0.53005	0.35056	0.68	0.084	-0.054	0.607	0.89265
0.88108	-0.50117	0.35239	0.679	0.073	0.019	0.608	0.89543
0.90206	-0.48911	0.34998	0.677	0.064	0.029	0.607	0.8966
0.92303	-0.49301	0.34625	0.673	0.057	0.021	0.605	0.89896
0.94401	-0.51096	0.34385	0.669	0.054	0.007	0.602	0.89985
0.96499	-0.54057	0.33991	0.664	0.051	-0.009	0.599	0.90211
0.98597	-0.5793	0.33697	0.659	0.049	-0.027	0.594	0.90137
1.00695	-0.62477	0.33303	0.655	0.048	-0.046	0.588	0.89771
1.02792	-0.6748	0.33066	0.651	0.047	-0.067	0.582	0.89401
1.0489	-0.72734	0.32811	0.647	0.046	-0.086	0.575	0.88872
1.06988	-0.78021	0.32793	0.643	0.045	-0.097	0.57	0.88647
1.09086	-0.8302	0.33062	0.641	0.042	-0.059	0.571	0.8908
1.11184	-0.85678	0.40715	0.669	0.006	0.435	0.368	0.55007
1.13281	-0.79504	0.36168	0.674	0.013	0.546	0.22	0.32641
1.15379	-0.76998	0.33226	0.659	0.01	-0.127	0.567	0.86039
1.17477	-0.81083	0.34303	0.653	-0.043	-0.326	0.401	0.61409
	BAND	=	103				--
#	BAND	=	0	0	103	103	--
0	-0.79549	0.34311	0.653	0.02	0.303	-0.416	-0.63706
0.02098	-0.75046	0.33061	0.66	-0.038	-0.174	0.551	0.83485
0.04196	-0.77544	0.28588	0.673	-0.017	0.555	0.189	0.28083
0.06293	-0.83419	0.24109	0.665	0	0.46	0.335	0.50376
0.08391	-0.81128	0.30912	0.641	0	-0.089	0.569	0.88768
0.10489	-0.76088	0.31871	0.644	-0.009	-0.144	0.562	0.87267
0.12587	-0.7077	0.32219	0.647	-0.015	-0.138	0.567	0.87635
0.14685	-0.65496	0.32528	0.651	-0.018	-0.122	0.575	0.88326
0.16782	-0.60485	0.32625	0.655	-0.021	-0.103	0.583	0.89008
0.1888	-0.55944	0.32912	0.66	-0.024	-0.085	0.591	0.89545
0.20978	-0.52093	0.32933	0.664	-0.027	-0.068	0.598	0.9006
0.23076	-0.49175	0.32932	0.669	-0.03	-0.054	0.603	0.90135
0.25174	-0.47443	0.33115	0.673	-0.036	-0.044	0.608	0.90342
0.27271	-0.47136	0.33176	0.677	-0.045	-0.047	0.61	0.90103
0.29369	-0.48432	0.33313	0.679	-0.065	-0.086	0.606	0.89249
0.31467	-0.51396	0.33596	0.68	-0.1	-0.236	0.547	0.80441
0.33565	-0.55946	0.34474	0.679	-0.102	-0.456	0.302	0.44477
0.35663	-0.61879	0.35185	0.676	-0.059	-0.492	0.223	0.32988
0.3776	-0.689	0.36368	0.671	-0.028	-0.456	0.321	0.47839
0.39858	-0.76642	0.38614	0.665	-0.012	-0.41	0.4	0.6015
0.41956	-0.84715	0.42478	0.659	-0.004	-0.395	0.42	0.63733
0.44054	-0.92723	0.47055	0.653	-0.001	-0.415	0.392	0.60031
0.46152	-1.00269	0.51894	0.649	-0.001	-0.456	0.316	0.4869
0.4825	-1.07122	0.10038	0.649	-0.008	-0.506	0.102	0.15716
0.50347	-1.13186	0.08104	0.65	-0.007	-0.475	-0.063	-0.09692
0.52445	-1.17997	0.06959	0.653	-0.006	-0.413	-0.205	-0.31394
0.54543	-1.2162	0.06193	0.656	-0.004	-0.352	-0.299	-0.45579
0.56641	-1.24129	0.0591	0.657	-0.001	-0.314	-0.347	-0.52816
0.58739	-1.25487	0.05964	0.657	0.317	-0.212	0.022	0.03349
0.58739	-1.25487	0.05964	0.657	0.317	-0.212	0.022	0.03349
0.60836	-1.24141	0.0591	0.657	0.012	0.312	0.353	0.53729
0.62934	-1.2163	0.06218	0.656	0.011	0.351	0.303	0.46189
0.65032	-1.18006	0.06959	0.653	0.011	0.413	0.207	0.317
0.6713	-1.13193	0.08129	0.65	0.011	0.475	0.064	0.09846
0.69228	-1.07126	0.09967	0.649	0.011	0.506	-0.101	-0.15562
0.71325	-1.00244	0.51612	0.649	-0.001	0.458	-0.312	-0.48074
0.73423	-0.92698	0.46937	0.653	0.001	0.418	-0.389	-0.59571
0.75521	-0.8469	0.42467	0.659	0.004	0.396	-0.42	-0.63733
0.77619	-0.76616	0.38693	0.665	0.007	0.403	-0.413	-0.62105
0.79717	-0.68876	0.36515	0.671	0.003	0.429	-0.377	-0.56185
0.81814	-0.61855	0.35065	0.676	-0.022	0.428	-0.38	-0.56213
0.83912	-0.55912	0.34208	0.679	-0.072	0.273	-0.532	-0.78351
0.8601	-0.5134	0.33479	0.68	-0.084	0.054	-0.607	-0.89265
0.88108	-0.48363	0.33257	0.679	-0.073	-0.019	-0.609	-0.89691
0.90206	-0.47059	0.33304	0.677	-0.063	-0.029	-0.607	-0.8966
0.92303	-0.47363	0.33059	0.673	-0.057	-0.021	-0.606	-0.90045
0.94401	-0.49093	0.33048	0.669	-0.054	-0.007	-0.603	-0.90135
0.96499	-0.52013	0.32821	0.664	-0.051	0.009	-0.6	-0.90361
0.98597	-0.55867	0.32733	0.66	-0.049	0.027	-0.595	-0.90152
1.00695	-0.60414	0.32564	0.655	-0.048	0.046	-0.589	-0.89924
1.02792	-0.6543	0.326	0.651	-0.047	0.066	-0.583	-0.89555
1.0489	-0.7071	0.32192	0.647	-0.046	0.085	-0.576	-0.89026
1.06988	-0.76035	0.31796	0.644	-0.045	0.097	-0.57	-0.88509
1.09086	-0.81081	0.30992	0.641	-0.042	0.059	-0.571	-0.8908
1.11184	-0.83404	0.23922	0.665	-0.009	-0.456	-0.342	-0.51429
1.13281	-0.77538	0.28441	0.673	-0.012	-0.546	-0.218	-0.32392
1.15379	-0.75017	0.33035	0.66	-0.01	0.127	-0.568	-0.86061
1.17477	-0.79549	0.34311	0.653	0.02	0.303	-0.416	-0.63706
	BAND	=	104				--
#	BAND	=	0	0	104	104	--
0	-0.62924	0.38875	0.675	-0.045	0.34	0.367	0.5437
0.02098	-0.68922	0.3636	0.669	-0.004	-0.522	-0.259	-0.38714
0.04196	-0.674	0.32849	0.656	0.014	0.2	-0.547	-0.83384
0.06293	-0.61433	0.32553	0.656	0.018	0.22	-0.539	-0.82165
0.08391	-0.54957	0.32556	0.658	0.019	0.201	-0.549	-0.83435
0.10489	-0.48453	0.32565	0.66	0.02	0.177	-0.561	-0.85
0.12587	-0.42126	0.32737	0.662	0.02	0.15	-0.572	-0.86405
0.14685	-0.36162	0.32932	0.665	0.019	0.124	-0.582	-0.87519
0.16782	-0.30782	0.33369	0.668	0.018	0.1	-0.591	-0.88473
0.1888	-0.26251	0.33905	0.671	0.017	0.077	-0.599	-0.8927
0.20978	-0.22902	0.34796	0.674	0.016	0.057	-0.605	-0.89763
0.23076	-0.2113	0.36066	0.678	0.016	0.038	-0.611	-0.90118
0.25174	-0.21352	0.37452	0.681	0.016	0.018	-0.615	-0.90308
0.27271	-0.2388	0.38739	0.682	0.019	-0.007	-0.617	-0.90469
0.29369	-0.28742	0.39243	0.682	0.026	-0.045	-0.614	-0.90029
0.31467	-0.35625	0.39188	0.679	0.045	-0.125	-0.589	-0.86745
0.33565	-0.44041	0.34735	0.675	0.117	-0.464	-0.186	-0.27556
0.35663	-0.53543	0.27787	0.67	0.043	-0.291	0.517	0.77164
0.3776	-0.63606	0.26684	0.664	0.017	-0.252	0.543	0.81777
0.39858	-0.73795	0.2472	0.659	0.006	-0.296	0.513	0.77845
0.41956	-0.83716	0.21903	0.654	0	-0.367	0.453	0.69266
0.44054	-0.92997	0.17581	0.652	-0.004	-0.438	0.366	0.56135
0.46152	-1.01353	0.12999	0.65	-0.007	-0.49	0.25	0.38462
0.4825	-1.0853	0.54851	0.646	-0.001	-0.491	0.192	0.29721
0.50347	-1.14292	0.56539	0.645	-0.002	-0.492	0.043	0.06667
0.52445	-1.18862	0.57457	0.644	-0.003	-0.459	-0.092	-0.14286
0.54543	-1.2206	0.57923	0.645	-0.005	-0.418	-0.187	-0.28992
0.56641	-1.23785	0.58483	0.646	-0.009	-0.388	-0.238	-0.36842
0.58739	-1.24069	0.58713	0.647	-0.357	-0.214	0.157	0.24266
0.58739	-1.24069	0.58713	0.647	-0.357	-0.214	0.157	0.24266
0.60836	-1.23772	0.58483	0.646	-0.013	0.384	0.253	0.39164
0.62934	-1.22042	0.57931	0.645	-0.008	0.416	0.194	0.30078
0.65032	-1.18841	0.57381	0.644	-0.006	0.459	0.097	0.15062
0.6713	-1.14269	0.56547	0.645	-0.005	0.492	-0.039	-0.06047
0.69228	-1.08506	0.55107	0.646	-0.003	0.492	-0.189	-0.29257
0.71325	-1.01353	0.13352	0.65	0.008	0.49	-0.25	-0.38462
0.73423	-0.92993	0.1764	0.652	0.005	0.439	-0.365	-0.55982
0.75521	-0.83709	0.21934	0.654	0.001	0.371	-0.45	-0.68807
0.77619	-0.73786	0.24799	0.659	-0.002	0.306	-0.507	-0.76935
0.79717	-0.63595	0.26652	0.664	-0.005	0.274	-0.531	-0.7997
0.81814	-0.53531	0.28021	0.67	-0.001	0.346	-0.473	-0.70597
0.83912	-0.4404	0.3587	0.675	0.023	0.432	0.301	0.44593
0.8601	-0.35628	0.39142	0.679	0.022	0.146	0.583	0.85862
0.88108	-0.28745	0.39075	0.682	0.02	0.067	0.609	0.89296
0.90206	-0.23885	0.38711	0.682	0.019	0.029	0.615	0.90176
0.92303	-0.21357	0.37409	0.681	0.018	0.004	0.615	0.90308
0.94401	-0.21135	0.3613	0.678	0.018	-0.015	0.612	0.90265
0.96499	-0.22906	0.34808	0.674	0.018	-0.031	0.608	0.90208
0.98597	-0.26254	0.33973	0.671	0.018	-0.049	0.603	0.89866
1.00695	-0.30784	0.33352	0.668	0.018	-0.068	0.597	0.89371
1.02792	-0.36163	0.32943	0.665	0.018	-0.091	0.591	0.88872
1.0489	-0.42125	0.32843	0.662	0.017	-0.115	0.583	0.88066
1.06988	-0.48452	0.32611	0.66	0.016	-0.141	0.573	0.86818
1.09086	-0.54955	0.32546	0.658	0.015	-0.167	0.562	0.8541
1.11184	-0.61431	0.32672	0.656	0.013	-0.188	0.552	0.84146
1.13281	-0.674	0.33011	0.656	0.01	-0.178	0.556	0.84756
1.15379	-0.68929	0.365	0.669	0.009	0.506	0.293	0.43797
1.17477	-0.62924	0.38875	0.675	-0.045	0.34	0.367	0.5437
	BAND	=	105				--
#	BAND	=	0	0	105	105	--
0	-0.61407	0.3866	0.675	0.052	-0.341	-0.356	-0.52741
0.02098	-0.67091	0.29208	0.669	0.004	0.522	0.257	0.38416
0.04196	-0.65364	0.33242	0.656	-0.014	-0.199	0.547	0.83384
0.06293	-0.59303	0.33789	0.656	-0.018	-0.219	0.539	0.82165
0.08391	-0.52782	0.33951	0.658	-0.019	-0.2	0.549	0.83435
0.10489	-0.46237	0.34066	0.66	-0.02	-0.176	0.561	0.85
0.12587	-0.39865	0.3403	0.662	-0.019	-0.149	0.573	0.86556
0.14685	-0.33856	0.34194	0.665	-0.019	-0.123	0.583	0.87669
0.16782	-0.28432	0.33888	0.668	-0.018	-0.099	0.592	0.88623
0.1888	-0.2387	0.33388	0.671	-0.017	-0.076	0.599	0.8927
0.20978	-0.20518	0.32512	0.675	-0.016	-0.056	0.606	0.89778
0.23076	-0.18797	0.31671	0.678	-0.015	-0.037	0.612	0.90265
0.25174	-0.19141	0.30316	0.681	-0.016	-0.018	0.616	0.90455
0.27271	-0.21849	0.29307	0.683	-0.019	0.007	0.618	0.90483
0.29369	-0.26903	0.28865	0.682	-0.026	0.045	0.614	0.90029
0.31467	-0.33953	0.29115	0.679	-0.045	0.125	0.59	0.86892
0.33565	-0.42481	0.33576	0.675	-0.117	0.464	0.187	0.27704
0.35663	-0.51896	0.40743	0.67	-0.044	0.291	-0.517	-0.77164
0.3776	-0.61773	0.42637	0.664	-0.017	0.251	-0.544	-0.81928
0.39858	-0.71658	0.46126	0.66	-0.007	0.289	-0.519	-0.78636
0.41956	-0.81107	0.50135	0.656	-0.002	0.346	-0.474	-0.72256
0.44054	-0.89848	0.5294	0.653	0	0.402	-0.413	-0.63247
0.46152	-0.9778	0.54637	0.649	0	0.455	-0.322	-0.49615
0.4825	-1.04794	0.55641	0.647	0.001	0.493	-0.191	-0.29521
0.50347	-1.10746	0.56747	0.646	0.002	0.494	-0.038	-0.05882
0.52445	-1.15534	0.57827	0.646	0.003	0.461	0.098	0.1517
0.54543	-1.19117	0.58279	0.647	0.005	0.42	0.192	0.29675
0.56641	-1.21471	0.58678	0.647	0.009	0.389	0.241	0.37249
0.58739	-1.22544	0.58713	0.647	0.357	0.214	-0.157	-0.24266
0.58739	-1.22544	0.58713	0.647	0.357	0.214	-0.157	-0.24266
0.60836	-1.21477	0.58694	0.647	0.012	-0.385	-0.256	-0.39567
0.62934	-1.1912	0.58279	0.647	0.007	-0.418	-0.2	-0.30912
0.65032	-1.15535	0.57744	0.646	0.006	-0.461	-0.103	-0.15944
0.6713	-1.10743	0.56663	0.646	0.004	-0.494	0.034	0.05263
0.69228	-1.04787	0.55569	0.647	0.003	-0.494	0.188	0.29057
0.71325	-0.9777	0.54637	0.649	0.002	-0.458	0.318	0.48998
0.73423	-0.89837	0.5294	0.653	0.001	-0.406	0.408	0.62481
0.75521	-0.81098	0.50187	0.656	0.001	-0.352	0.469	0.71494
0.77619	-0.71651	0.4619	0.66	0.003	-0.3	0.512	0.77576
0.79717	-0.61768	0.42717	0.664	0.005	-0.273	0.532	0.8012
0.81814	-0.51891	0.4045	0.67	0.001	-0.346	0.473	0.70597
0.83912	-0.4246	0.32264	0.675	-0.023	-0.432	-0.302	-0.44741
0.8601	-0.33923	0.29101	0.679	-0.022	-0.146	-0.584	-0.86009
0.88108	-0.26863	0.29008	0.682	-0.02	-0.067	-0.61	-0.89443
0.90206	-0.21795	0.2941	0.683	-0.019	-0.029	-0.616	-0.9019
0.92303	-0.19072	0.30304	0.681	-0.018	-0.004	-0.616	-0.90455
0.94401	-0.18717	0.3164	0.678	-0.018	0.014	-0.613	-0.90413
0.96499	-0.20435	0.32581	0.675	-0.018	0.031	-0.608	-0.90074
0.98597	-0.23787	0.33341	0.671	-0.018	0.048	-0.604	-0.90015
1.00695	-0.28354	0.33853	0.668	-0.018	0.068	-0.598	-0.89521
1.02792	-0.33785	0.33916	0.665	-0.018	0.09	-0.591	-0.88872
1.0489	-0.398	0.34095	0.662	-0.017	0.114	-0.583	-0.88066
1.06988	-0.46178	0.33947	0.66	-0.016	0.14	-0.574	-0.8697
1.09086	-0.5273	0.34032	0.658	-0.015	0.166	-0.563	-0.85562
1.11184	-0.59257	0.33574	0.656	-0.013	0.188	-0.553	-0.84299
1.13281	-0.65326	0.33198	0.656	-0.01	0.177	-0.556	-0.84756
1.15379	-0.67092	0.29073	0.669	-0.01	-0.506	-0.291	-0.43498
1.17477	-0.61407	0.3866	0.675	0.052	-0.341	-0.356	-0.52741
	BAND	=	106				--
#	BAND	=	0	0	106	106	--
0	-0.62357	0.26307	0.674	0.238	-0.225	0.283	0.41988
0.02098	-0.55435	0.34866	0.676	0.012	0.556	0.032	0.04734
0.04196	-0.47779	0.34716	0.677	0.014	0.542	0.01	0.01477
0.06293	-0.40079	0.344	0.678	0.015	0.525	-0.014	-0.02065
0.08391	-0.32467	0.3419	0.678	0.016	0.501	-0.044	-0.0649
0.10489	-0.25086	0.3369	0.679	0.017	0.47	-0.084	-0.12371
0.12587	-0.18106	0.33103	0.68	0.018	0.427	-0.141	-0.20735
0.14685	-0.11742	0.31494	0.681	0.018	0.366	-0.228	-0.3348
0.16782	-0.06257	0.29091	0.682	0.016	0.278	-0.355	-0.52053
0.1888	-0.01946	0.24888	0.682	0.011	0.167	-0.496	-0.72727
0.20978	0.00926	0.20354	0.681	0.006	0.076	-0.58	-0.85169
0.23076	0.02233	0.16702	0.678	0.002	0.039	-0.601	-0.88643
0.25174	0.02089	0.12911	0.673	0.001	0.034	-0.6	-0.89153
0.27271	0.00827	0.09371	0.666	0	0.038	-0.593	-0.89039
0.29369	-0.01171	0.0669	0.657	0.001	0.044	-0.584	-0.88889
0.31467	-0.03625	0.04851	0.647	0.001	0.048	-0.575	-0.88872
0.33565	-0.06332	0.03503	0.637	0.001	0.051	-0.565	-0.88697
0.35663	-0.09106	0.02521	0.626	0.001	0.053	-0.555	-0.88658
0.3776	-0.11749	0.01795	0.615	0.001	0.055	-0.545	-0.88618
0.39858	-0.14061	0.0125	0.604	0.001	0.057	-0.536	-0.88742
0.41956	-0.15856	0.0087	0.594	0.001	0.058	-0.528	-0.88889
0.44054	-0.16971	0.00601	0.584	0.002	0.059	-0.521	-0.89212
0.46152	-0.17281	0.00441	0.576	0.002	0.06	-0.517	-0.89757
0.4825	-0.16711	0.00323	0.569	0.003	0.061	-0.514	-0.90334
0.50347	-0.1523	0.00282	0.565	0.003	0.062	-0.514	-0.90973
0.52445	-0.12848	0.00262	0.562	0.005	0.062	-0.516	-0.91815
0.54543	-0.09664	0.00294	0.56	0.008	0.06	-0.518	-0.925
0.56641	-0.057	0.00315	0.56	0.018	0.055	-0.523	-0.93393
0.58739	-0.01266	0.55848	0.562	0.167	0.322	0.314	0.55872
0.58739	-0.01266	0.55848	0.562	0.167	0.322	0.314	0.55872
0.60836	-0.05541	0.00315	0.56	0.021	-0.08	0.519	0.92679
0.62934	-0.09594	0.00294	0.56	0.011	-0.073	0.517	0.92321
0.65032	-0.12839	0.00262	0.562	0.008	-0.07	0.514	0.91459
0.6713	-0.1522	0.00282	0.565	0.007	-0.068	0.513	0.90796
0.69228	-0.167	0.00323	0.569	0.006	-0.067	0.514	0.90334
0.71325	-0.1727	0.00441	0.576	0.005	-0.065	0.516	0.89583
0.73423	-0.16959	0.00601	0.584	0.004	-0.063	0.521	0.89212
0.75521	-0.15844	0.0087	0.594	0.004	-0.062	0.527	0.88721
0.77619	-0.14049	0.0125	0.604	0.004	-0.06	0.536	0.88742
0.79717	-0.11735	0.01795	0.615	0.003	-0.058	0.545	0.88618
0.81814	-0.09092	0.02521	0.626	0.003	-0.056	0.555	0.88658
0.83912	-0.06318	0.03503	0.637	0.002	-0.053	0.565	0.88697
0.8601	-0.03611	0.04838	0.647	0.002	-0.049	0.575	0.88872
0.88108	-0.01157	0.0669	0.657	0.002	-0.045	0.584	0.88889
0.90206	0.0084	0.09447	0.666	0.002	-0.039	0.593	0.89039
0.92303	0.021	0.12911	0.673	0.002	-0.033	0.6	0.89153
0.94401	0.02243	0.16435	0.678	0.005	-0.031	0.604	0.89086
0.96499	0.00939	0.19921	0.681	0.011	-0.051	0.599	0.87959
0.98597	-0.01928	0.2321	0.682	0.02	-0.112	0.565	0.82845
1.00695	-0.06233	0.2668	0.682	0.028	-0.213	0.48	0.70381
1.02792	-0.11713	0.29561	0.681	0.03	-0.316	0.368	0.54038
1.0489	-0.18076	0.31632	0.68	0.029	-0.395	0.266	0.39118
1.06988	-0.25057	0.32716	0.679	0.025	-0.451	0.187	0.27541
1.09086	-0.3244	0.33663	0.678	0.021	-0.491	0.128	0.18879
1.11184	-0.40054	0.34131	0.677	0.017	-0.519	0.083	0.1226
1.13281	-0.47756	0.34437	0.677	0.013	-0.54	0.046	0.06795
1.15379	-0.55415	0.34644	0.676	0.009	-0.556	0.013	0.01923
1.17477	-0.62357	0.26307	0.674	0.238	-0.225	0.283	0.41988
	BAND	=	107				--
#	BAND	=	0	0	107	107	--
0	-0.60847	0.2639	0.674	-0.245	0.225	-0.294	-0.4362
0.02098	-0.53544	0.30378	0.676	-0.012	-0.555	-0.031	-0.04586
0.04196	-0.45916	0.30639	0.676	-0.014	-0.542	-0.009	-0.01331
0.06293	-0.38243	0.31127	0.677	-0.015	-0.524	0.015	0.02216
0.08391	-0.30658	0.31604	0.678	-0.016	-0.5	0.045	0.06637
0.10489	-0.23301	0.323	0.679	-0.017	-0.469	0.085	0.12518
0.12587	-0.16346	0.33377	0.68	-0.018	-0.426	0.142	0.20882
0.14685	-0.10003	0.35194	0.681	-0.018	-0.364	0.229	0.33627
0.16782	-0.04529	0.38002	0.682	-0.016	-0.275	0.356	0.52199
0.1888	-0.00198	0.4246	0.682	-0.011	-0.163	0.496	0.72727
0.20978	0.02755	0.46857	0.681	-0.005	-0.072	0.58	0.85169
0.23076	0.04223	0.50934	0.678	-0.002	-0.034	0.602	0.88791
0.25174	0.0432	0.54212	0.672	0	-0.029	0.6	0.89286
0.27271	0.03338	0.57186	0.665	0.001	-0.033	0.593	0.89173
0.29369	0.01582	0.58737	0.656	0.001	-0.039	0.585	0.89177
0.31467	-0.00733	0.59799	0.647	0.001	-0.044	0.575	0.88872
0.33565	-0.03423	0.60027	0.636	0.002	-0.048	0.566	0.88994
0.35663	-0.06289	0.60021	0.625	0.002	-0.051	0.555	0.888
0.3776	-0.09099	0.59645	0.614	0.002	-0.053	0.545	0.88762
0.39858	-0.11617	0.59203	0.603	0.003	-0.055	0.536	0.88889
0.41956	-0.13622	0.584	0.592	0.003	-0.057	0.528	0.89189
0.44054	-0.14928	0.57669	0.583	0.004	-0.057	0.521	0.89365
0.46152	-0.15401	0.57034	0.575	0.004	-0.058	0.517	0.89913
0.4825	-0.14967	0.56616	0.569	0.005	-0.057	0.515	0.9051
0.50347	-0.13601	0.56245	0.564	0.006	-0.056	0.515	0.91312
0.52445	-0.11318	0.55945	0.562	0.008	-0.053	0.517	0.91993
0.54543	-0.08103	0.55618	0.56	0.011	-0.046	0.52	0.92857
0.56641	-0.04049	0.55685	0.56	0.021	-0.024	0.525	0.9375
0.58739	0.0052	0.00336	0.561	0.392	-0.253	-0.044	-0.07843
0.58739	0.0052	0.00336	0.561	0.392	-0.253	-0.044	-0.07843
0.60836	-0.03512	0.55685	0.56	0.024	0.12	-0.51	-0.91071
0.62934	-0.07468	0.55618	0.56	0.012	0.094	-0.513	-0.91607
0.65032	-0.10619	0.55845	0.561	0.008	0.086	-0.512	-0.91266
0.6713	-0.12903	0.56057	0.564	0.006	0.081	-0.511	-0.90603
0.69228	-0.14278	0.56516	0.568	0.005	0.078	-0.512	-0.90141
0.71325	-0.14729	0.57034	0.574	0.004	0.075	-0.514	-0.89547
0.73423	-0.14279	0.57669	0.582	0.003	0.073	-0.519	-0.89175
0.75521	-0.13006	0.58228	0.592	0.003	0.07	-0.526	-0.88851
0.77619	-0.11042	0.59116	0.602	0.003	0.067	-0.534	-0.88704
0.79717	-0.0857	0.59658	0.614	0.002	0.064	-0.544	-0.88599
0.81814	-0.05811	0.60057	0.625	0.002	0.06	-0.554	-0.8864
0.83912	-0.03	0.60127	0.636	0.002	0.056	-0.565	-0.88836
0.8601	-0.00366	0.59736	0.646	0.001	0.05	-0.575	-0.89009
0.88108	0.01889	0.58773	0.656	0.001	0.044	-0.584	-0.89024
0.90206	0.03588	0.5719	0.665	0.001	0.037	-0.592	-0.89023
0.92303	0.04515	0.5438	0.672	-0.001	0.03	-0.6	-0.89286
0.94401	0.04372	0.51114	0.677	-0.004	0.028	-0.604	-0.89217
0.96499	0.02866	0.4755	0.68	-0.01	0.047	-0.6	-0.88235
0.98597	-0.00117	0.44031	0.682	-0.019	0.109	-0.565	-0.82845
1.00695	-0.04474	0.40316	0.682	-0.027	0.21	-0.481	-0.70528
1.02792	-0.09966	0.37155	0.681	-0.03	0.314	-0.369	-0.54185
1.0489	-0.16319	0.34952	0.68	-0.029	0.393	-0.267	-0.39265
1.06988	-0.23282	0.33566	0.679	-0.025	0.45	-0.188	-0.27688
1.09086	-0.30642	0.32428	0.678	-0.021	0.489	-0.129	-0.19027
1.11184	-0.3823	0.31648	0.677	-0.017	0.518	-0.084	-0.12408
1.13281	-0.45905	0.31049	0.676	-0.013	0.539	-0.047	-0.06953
1.15379	-0.53534	0.30397	0.676	-0.009	0.555	-0.014	-0.02071
1.17477	-0.60847	0.2639	0.674	-0.245	0.225	-0.294	-0.4362
	BAND	=	108				--
#	BAND	=	0	0	108	108	--
0	1.59018	0.29949	0.632	0.015	0.117	0.27	0.42722
0.02098	1.58075	0.2946	0.642	0.024	0.502	0.104	0.16199
0.04196	1.5645	0.29602	0.652	0.023	0.488	0.16	0.2454
0.06293	1.5413	0.29345	0.66	0.021	0.464	0.22	0.33333
0.08391	1.51121	0.29145	0.668	0.021	0.431	0.282	0.42216
0.10489	1.47486	0.28553	0.673	0.019	0.385	0.35	0.52006
0.12587	1.43353	0.27613	0.677	0.016	0.323	0.425	0.62777
0.14685	1.38916	0.25768	0.679	0.012	0.244	0.503	0.7408
0.16782	1.34426	0.23602	0.679	0.008	0.153	0.577	0.84978
0.1888	1.30131	0.20168	0.675	0.004	0.069	0.629	0.93185
0.20978	1.26136	0.15998	0.67	0.001	0.011	0.651	0.97164
0.23076	1.22223	0.11455	0.661	0	-0.02	0.652	0.98638
0.25174	1.17852	0.07335	0.651	0	-0.035	0.643	0.98771
0.27271	1.12594	0.04774	0.64	0	-0.043	0.632	0.9875
0.29369	1.0638	0.0316	0.631	-0.001	-0.049	0.621	0.98415
0.31467	0.99331	0.02158	0.622	-0.001	-0.053	0.612	0.98392
0.33565	0.91617	0.01531	0.615	-0.001	-0.056	0.603	0.98049
0.35663	0.83412	0.01097	0.607	-0.001	-0.059	0.595	0.98023
0.3776	0.7489	0.00846	0.601	-0.001	-0.061	0.587	0.97671
0.39858	0.6621	0.00647	0.595	-0.001	-0.063	0.58	0.97479
0.41956	0.57516	0.00545	0.589	-0.001	-0.064	0.573	0.97284
0.44054	0.48933	0.00475	0.584	-0.001	-0.065	0.566	0.96918
0.46152	0.40567	0.00459	0.579	-0.002	-0.065	0.56	0.96718
0.4825	0.32508	0.00429	0.575	-0.002	-0.066	0.554	0.96348
0.50347	0.24834	0.00412	0.571	-0.003	-0.065	0.548	0.95972
0.52445	0.17614	0.00395	0.568	-0.005	-0.065	0.542	0.95423
0.54543	0.10909	0.00394	0.565	-0.008	-0.063	0.537	0.95044
0.56641	0.0478	0.00357	0.562	-0.017	-0.056	0.532	0.94662
0.58739	-0.0048	0.00336	0.561	-0.392	0.253	0.044	0.07843
0.58739	-0.0048	0.00336	0.561	-0.392	0.253	0.044	0.07843
0.60836	0.04555	0.00357	0.562	-0.02	0.081	-0.529	-0.94128
0.62934	0.10631	0.00394	0.565	-0.011	0.075	-0.535	-0.9469
0.65032	0.17316	0.00395	0.568	-0.008	0.073	-0.541	-0.95246
0.6713	0.24549	0.00412	0.571	-0.006	0.072	-0.547	-0.95797
0.69228	0.32274	0.00429	0.575	-0.005	0.071	-0.553	-0.96174
0.71325	0.40431	0.00459	0.579	-0.005	0.07	-0.559	-0.96546
0.73423	0.48924	0.00475	0.584	-0.004	0.068	-0.566	-0.96918
0.75521	0.57506	0.00545	0.589	-0.004	0.067	-0.572	-0.97114
0.77619	0.662	0.00647	0.595	-0.003	0.065	-0.579	-0.97311
0.79717	0.74879	0.00846	0.601	-0.003	0.063	-0.587	-0.97671
0.81814	0.834	0.01097	0.607	-0.003	0.061	-0.594	-0.97858
0.83912	0.91604	0.01531	0.615	-0.002	0.058	-0.603	-0.98049
0.8601	0.99318	0.02158	0.622	-0.002	0.054	-0.612	-0.98392
0.88108	1.06366	0.0316	0.631	-0.001	0.05	-0.621	-0.98415
0.90206	1.1258	0.04774	0.64	-0.001	0.044	-0.632	-0.9875
0.92303	1.17839	0.07335	0.651	-0.001	0.035	-0.643	-0.98771
0.94401	1.22211	0.11455	0.661	0	0.021	-0.652	-0.98638
0.96499	1.26127	0.15998	0.67	0.003	-0.01	-0.651	-0.97164
0.98597	1.30125	0.20099	0.675	0.008	-0.071	-0.627	-0.92889
1.00695	1.34422	0.23549	0.679	0.014	-0.161	-0.567	-0.83505
1.02792	1.38912	0.25878	0.679	0.019	-0.258	-0.481	-0.70839
1.0489	1.43349	0.27805	0.677	0.021	-0.341	-0.391	-0.57755
1.06988	1.47483	0.28932	0.674	0.02	-0.403	-0.309	-0.45846
1.09086	1.51118	0.29471	0.668	0.019	-0.448	-0.236	-0.35329
1.11184	1.54126	0.29704	0.66	0.016	-0.478	-0.171	-0.25909
1.13281	1.56447	0.29734	0.652	0.014	-0.498	-0.111	-0.17025
1.15379	1.58071	0.29611	0.642	0.01	-0.509	-0.054	-0.08411
1.17477	1.59018	0.29949	0.633	0.018	0.136	0.269	0.42496
	BAND	=	109				--
#	BAND	=	0	0	109	109	--
0	1.60526	0.29548	0.632	0.015	-0.121	-0.234	-0.37025
0.02098	1.5989	0.33319	0.642	-0.025	-0.503	-0.105	-0.16355
0.04196	1.58272	0.34061	0.652	-0.023	-0.489	-0.161	-0.24693
0.06293	1.55956	0.35173	0.661	-0.021	-0.466	-0.221	-0.33434
0.08391	1.52953	0.35946	0.668	-0.021	-0.433	-0.284	-0.42515
0.10489	1.49327	0.37137	0.674	-0.019	-0.387	-0.352	-0.52226
0.12587	1.45211	0.38641	0.679	-0.016	-0.325	-0.427	-0.62887
0.14685	1.4081	0.40289	0.681	-0.012	-0.246	-0.506	-0.74302
0.16782	1.36397	0.42449	0.681	-0.008	-0.156	-0.58	-0.85169
0.1888	1.3226	0.45275	0.678	-0.004	-0.073	-0.633	-0.93363
0.20978	1.28575	0.4888	0.673	-0.002	-0.015	-0.656	-0.97474
0.23076	1.25173	0.52727	0.666	-0.001	0.015	-0.657	-0.98649
0.25174	1.21411	0.56407	0.655	-0.001	0.029	-0.648	-0.98931
0.27271	1.1659	0.58758	0.643	-0.001	0.037	-0.635	-0.98756
0.29369	1.10497	0.5958	0.633	-0.001	0.043	-0.623	-0.9842
0.31467	1.03299	0.60064	0.623	-0.001	0.048	-0.613	-0.98395
0.33565	0.95274	0.60059	0.615	-0.002	0.052	-0.603	-0.98049
0.35663	0.86695	0.59612	0.607	-0.002	0.056	-0.594	-0.97858
0.3776	0.77804	0.59369	0.601	-0.002	0.058	-0.587	-0.97671
0.39858	0.68799	0.58743	0.594	-0.002	0.06	-0.579	-0.97475
0.41956	0.59841	0.58417	0.589	-0.003	0.061	-0.572	-0.97114
0.44054	0.51058	0.57867	0.584	-0.003	0.061	-0.566	-0.96918
0.46152	0.42551	0.57391	0.579	-0.004	0.061	-0.56	-0.96718
0.4825	0.34406	0.57087	0.575	-0.004	0.06	-0.554	-0.96348
0.50347	0.26692	0.56603	0.571	-0.006	0.058	-0.548	-0.95972
0.52445	0.19469	0.56395	0.568	-0.007	0.054	-0.543	-0.95599
0.54543	0.12794	0.56099	0.565	-0.011	0.047	-0.538	-0.95221
0.56641	0.06725	0.5582	0.562	-0.021	0.025	-0.534	-0.95018
0.58739	0.01597	0.55748	0.561	-0.167	-0.322	-0.313	-0.55793
0.58739	0.01597	0.55748	0.561	-0.167	-0.322	-0.313	-0.55793
0.60836	0.06272	0.5592	0.563	-0.023	-0.12	0.52	0.92362
0.62934	0.12401	0.56199	0.565	-0.011	-0.094	0.532	0.94159
0.65032	0.19106	0.56391	0.568	-0.007	-0.086	0.539	0.94894
0.6713	0.26326	0.56703	0.572	-0.006	-0.082	0.546	0.95455
0.69228	0.33999	0.57087	0.575	-0.004	-0.079	0.552	0.96
0.71325	0.42058	0.57491	0.58	-0.004	-0.077	0.558	0.96207
0.73423	0.5045	0.57867	0.584	-0.003	-0.075	0.565	0.96747
0.75521	0.59248	0.58417	0.589	-0.003	-0.073	0.571	0.96944
0.77619	0.68223	0.58939	0.595	-0.002	-0.07	0.579	0.97311
0.79717	0.77248	0.59369	0.601	-0.002	-0.067	0.586	0.97504
0.81814	0.86164	0.59807	0.608	-0.002	-0.063	0.594	0.97697
0.83912	0.94775	0.60159	0.615	-0.001	-0.059	0.603	0.98049
0.8601	1.02843	0.6016	0.624	-0.001	-0.053	0.612	0.98077
0.88108	1.10095	0.59776	0.633	-0.001	-0.047	0.623	0.9842
0.90206	1.16256	0.58851	0.643	-0.001	-0.04	0.635	0.98756
0.92303	1.21157	0.56627	0.655	-0.001	-0.031	0.647	0.98779
0.94401	1.24994	0.52947	0.665	-0.001	-0.016	0.657	0.98797
0.96499	1.28451	0.48901	0.673	-0.004	0.014	0.656	0.97474
0.98597	1.3217	0.45331	0.678	-0.009	0.074	0.631	0.93068
1.00695	1.36327	0.42353	0.681	-0.014	0.164	0.57	0.837
1.02792	1.40753	0.4003	0.681	-0.019	0.261	0.484	0.71072
1.0489	1.45164	0.38387	0.679	-0.021	0.343	0.393	0.57879
1.06988	1.49288	0.36918	0.674	-0.02	0.405	0.31	0.45994
1.09086	1.52919	0.35815	0.668	-0.018	0.449	0.238	0.35629
1.11184	1.55926	0.34967	0.661	-0.016	0.479	0.172	0.26021
1.13281	1.58247	0.33942	0.652	-0.013	0.499	0.112	0.17178
1.15379	1.59868	0.33172	0.642	-0.009	0.51	0.054	0.08411
1.17477	1.60527	0.2956	0.632	0.011	-0.139	-0.234	-0.37025
	BAND	=	110				--
#	BAND	=	0	0	110	110	--
0	1.59349	0.31931	0.632	0.042	0.489	0.069	0.10918
0.02098	1.59392	0.29141	0.622	0.011	-0.511	0.047	0.07556
0.04196	1.5921	0.28641	0.612	0.007	-0.505	0.093	0.15196
0.06293	1.58577	0.28368	0.603	0.004	-0.494	0.135	0.22388
0.08391	1.57573	0.2804	0.594	0.002	-0.481	0.176	0.2963
0.10489	1.56273	0.27871	0.586	0	-0.463	0.217	0.37031
0.12587	1.54746	0.27726	0.579	-0.001	-0.441	0.257	0.44387
0.14685	1.53045	0.27322	0.573	-0.003	-0.411	0.302	0.52705
0.16782	1.512	0.27372	0.569	-0.004	-0.364	0.361	0.63445
0.1888	1.4911	0.27922	0.58	-0.002	-0.232	0.474	0.81724
0.20978	1.45884	0.31994	0.654	0.006	-0.005	0.621	0.94954
0.23076	1.42734	0.34385	0.669	0.009	-0.016	0.643	0.96114
0.25174	1.41606	0.34905	0.67	0.014	-0.132	0.596	0.88955
0.27271	1.41486	0.27017	0.56	-0.003	-0.281	0.417	0.74464
0.29369	1.39315	0.2725	0.559	-0.005	-0.264	0.425	0.76029
0.31467	1.3694	0.27165	0.562	-0.008	-0.217	0.455	0.80961
0.33565	1.34342	0.27552	0.565	-0.011	-0.158	0.487	0.86195
0.35663	1.31494	0.27702	0.569	-0.013	-0.099	0.512	0.89982
0.3776	1.28396	0.27961	0.573	-0.012	-0.051	0.526	0.91798
0.39858	1.25097	0.28283	0.576	-0.011	-0.02	0.531	0.92188
0.41956	1.21681	0.28804	0.579	-0.008	-0.004	0.53	0.91537
0.44054	1.18265	0.28783	0.58	-0.005	0.003	0.527	0.90862
0.46152	1.14976	0.28998	0.581	-0.002	0.005	0.524	0.90189
0.4825	1.11943	0.29173	0.582	0	0.003	0.521	0.89519
0.50347	1.09287	0.29148	0.582	0.001	0.001	0.518	0.89003
0.52445	1.07114	0.29395	0.581	0.002	-0.002	0.515	0.8864
0.54543	1.05505	0.29371	0.581	0.003	-0.004	0.514	0.88468
0.56641	1.0452	0.29295	0.581	0.002	-0.006	0.513	0.88296
0.58739	1.04196	0.29312	0.581	-0.008	-0.005	0.515	0.8864
0.58739	1.04196	0.29312	0.581	-0.008	-0.005	0.515	0.8864
0.60836	1.04525	0.29295	0.581	-0.008	0.006	-0.508	-0.87435
0.62934	1.05509	0.29371	0.581	-0.005	0.004	-0.511	-0.87952
0.65032	1.07118	0.29395	0.581	-0.004	0.002	-0.514	-0.88468
0.6713	1.09291	0.29148	0.582	-0.002	-0.001	-0.517	-0.88832
0.69228	1.11946	0.29173	0.582	0	-0.003	-0.52	-0.89347
0.71325	1.1498	0.28998	0.581	0.003	-0.005	-0.523	-0.90017
0.73423	1.18269	0.288	0.58	0.006	-0.003	-0.527	-0.90862
0.75521	1.21685	0.28804	0.579	0.009	0.004	-0.53	-0.91537
0.77619	1.25101	0.28283	0.576	0.012	0.021	-0.53	-0.92014
0.79717	1.28401	0.27961	0.573	0.015	0.053	-0.525	-0.91623
0.81814	1.31498	0.27639	0.569	0.015	0.102	-0.511	-0.89807
0.83912	1.34347	0.275	0.565	0.014	0.162	-0.484	-0.85664
0.8601	1.36944	0.27165	0.562	0.011	0.222	-0.45	-0.80071
0.88108	1.3932	0.27198	0.559	0.007	0.271	-0.419	-0.74955
0.90206	1.41491	0.27033	0.56	0.005	0.289	-0.409	-0.73036
0.92303	1.416	0.34849	0.67	0.013	0.185	-0.549	-0.8194
0.94401	1.42735	0.34376	0.669	0.011	0.038	-0.639	-0.95516
0.96499	1.45888	0.32109	0.654	0.015	0.021	-0.62	-0.94801
0.98597	1.49117	0.27807	0.58	0.02	0.246	-0.464	-0.8
1.00695	1.51206	0.27245	0.569	0.019	0.377	-0.343	-0.60281
1.02792	1.53052	0.27449	0.573	0.018	0.424	-0.28	-0.48866
1.0489	1.54752	0.27618	0.579	0.018	0.452	-0.231	-0.39896
1.06988	1.5628	0.27882	0.586	0.019	0.473	-0.187	-0.31911
1.09086	1.57579	0.28064	0.594	0.019	0.489	-0.142	-0.23906
1.11184	1.58583	0.28201	0.603	0.02	0.5	-0.097	-0.16086
1.13281	1.59216	0.28613	0.612	0.02	0.508	-0.051	-0.08333
1.15379	1.59397	0.29054	0.622	0.018	0.511	-0.002	-0.00322
1.17477	1.59349	0.31931	0.632	0.042	0.488	0.07	0.11076
	BAND	=	111				--
#	BAND	=	0	0	111	111	--
0	1.60861	0.32221	0.632	-0.071	-0.485	-0.104	-0.16456
0.02098	1.61188	0.31537	0.622	-0.01	0.512	-0.046	-0.07395
0.04196	1.61004	0.30807	0.612	-0.007	0.505	-0.092	-0.15033
0.06293	1.60369	0.30275	0.603	-0.004	0.495	-0.135	-0.22388
0.08391	1.59363	0.2974	0.594	-0.002	0.481	-0.176	-0.2963
0.10489	1.58061	0.29209	0.586	0	0.463	-0.216	-0.3686
0.12587	1.56533	0.28836	0.578	0.001	0.441	-0.257	-0.44464
0.14685	1.54835	0.28453	0.572	0.003	0.412	-0.302	-0.52797
0.16782	1.53005	0.28278	0.568	0.004	0.366	-0.359	-0.63204
0.1888	1.5102	0.28464	0.57	0	0.249	-0.464	-0.81404
0.20978	1.48319	0.32597	0.636	-0.007	0.035	-0.599	-0.94182
0.23076	1.44961	0.33437	0.666	-0.008	0.017	-0.637	-0.95646
0.25174	1.43386	0.3295	0.668	-0.013	0.13	-0.589	-0.88174
0.27271	1.43187	0.28358	0.562	0.001	0.274	-0.421	-0.74911
0.29369	1.41009	0.28247	0.559	0.005	0.264	-0.424	-0.7585
0.31467	1.38612	0.28533	0.561	0.008	0.216	-0.454	-0.80927
0.33565	1.35999	0.28864	0.565	0.011	0.157	-0.487	-0.86195
0.35663	1.33141	0.29011	0.569	0.013	0.097	-0.512	-0.89982
0.3776	1.30038	0.29358	0.573	0.012	0.049	-0.526	-0.91798
0.39858	1.26735	0.2945	0.576	0.01	0.018	-0.53	-0.92014
0.41956	1.23316	0.29542	0.579	0.008	0.002	-0.53	-0.91537
0.44054	1.19893	0.29606	0.58	0.005	-0.005	-0.527	-0.90862
0.46152	1.16593	0.29383	0.581	0.002	-0.006	-0.524	-0.90189
0.4825	1.13546	0.29595	0.582	0	-0.004	-0.521	-0.89519
0.50347	1.10873	0.294	0.582	-0.002	-0.002	-0.518	-0.89003
0.52445	1.08681	0.295	0.582	-0.003	0.001	-0.515	-0.88488
0.54543	1.07052	0.29464	0.581	-0.003	0.004	-0.514	-0.88468
0.56641	1.06046	0.29336	0.581	-0.002	0.006	-0.513	-0.88296
0.58739	1.057	0.29312	0.581	0.008	0.005	-0.515	-0.8864
0.58739	1.057	0.29312	0.581	0.008	0.005	-0.515	-0.8864
0.60836	1.06042	0.29336	0.581	0.008	-0.006	0.508	0.87435
0.62934	1.07047	0.29464	0.581	0.005	-0.004	0.511	0.87952
0.65032	1.08677	0.295	0.582	0.004	-0.001	0.514	0.88316
0.6713	1.10869	0.294	0.582	0.002	0.002	0.517	0.88832
0.69228	1.13542	0.29595	0.582	0	0.005	0.52	0.89347
0.71325	1.16589	0.29383	0.581	-0.003	0.006	0.523	0.90017
0.73423	1.19889	0.2957	0.58	-0.006	0.005	0.527	0.90862
0.75521	1.23312	0.29514	0.579	-0.009	-0.002	0.529	0.91364
0.77619	1.26732	0.2945	0.576	-0.012	-0.019	0.53	0.92014
0.79717	1.30035	0.29422	0.573	-0.014	-0.051	0.525	0.91623
0.81814	1.33138	0.29063	0.569	-0.015	-0.1	0.51	0.89631
0.83912	1.35997	0.28912	0.565	-0.014	-0.162	0.484	0.85664
0.8601	1.3861	0.28533	0.561	-0.011	-0.222	0.45	0.80214
0.88108	1.41007	0.28187	0.559	-0.007	-0.271	0.418	0.74776
0.90206	1.43185	0.28358	0.562	-0.003	-0.281	0.414	0.73665
0.92303	1.43346	0.32997	0.668	-0.014	-0.183	0.544	0.81437
0.94401	1.44894	0.33313	0.667	-0.012	-0.039	0.633	0.94903
0.96499	1.48259	0.32814	0.639	-0.014	-0.045	0.602	0.9421
0.98597	1.51014	0.28285	0.57	-0.019	-0.261	0.455	0.79825
1.00695	1.53005	0.28481	0.568	-0.019	-0.379	0.342	0.60211
1.02792	1.54837	0.28545	0.572	-0.018	-0.424	0.279	0.48776
1.0489	1.56536	0.28909	0.578	-0.018	-0.452	0.231	0.39965
1.06988	1.58066	0.29456	0.586	-0.019	-0.473	0.186	0.31741
1.09086	1.59369	0.29804	0.594	-0.019	-0.489	0.141	0.23737
1.11184	1.60378	0.30354	0.603	-0.02	-0.501	0.097	0.16086
1.13281	1.61016	0.31097	0.612	-0.02	-0.509	0.05	0.0817
1.15379	1.61201	0.31572	0.622	-0.02	-0.512	0.001	0.00161
1.17477	1.60861	0.32221	0.632	-0.071	-0.485	-0.104	-0.16456
	BAND	=	112				--
#	BAND	=	0	0	112	112	--
0	1.83717	0.3001	0.635	-0.038	0.315	0.385	0.6063
0.02098	1.82928	0.30441	0.644	0.014	0.347	0.436	0.67702
0.04196	1.81366	0.30799	0.653	0.017	0.314	0.479	0.73354
0.06293	1.78992	0.31141	0.66	0.019	0.28	0.517	0.78333
0.08391	1.75798	0.31286	0.667	0.019	0.244	0.55	0.82459
0.10489	1.71818	0.3148	0.672	0.019	0.207	0.578	0.86012
0.12587	1.67149	0.31679	0.675	0.018	0.17	0.601	0.89037
0.14685	1.61963	0.31699	0.676	0.017	0.131	0.619	0.91568
0.16782	1.56536	0.32068	0.675	0.017	0.088	0.632	0.9363
0.1888	1.51379	0.32217	0.658	0.021	0.014	0.626	0.95137
0.20978	1.47916	0.28859	0.582	0.024	-0.304	0.428	0.7354
0.23076	1.4574	0.27465	0.563	0.004	-0.369	0.336	0.5968
0.25174	1.43692	0.27484	0.562	-0.002	-0.349	0.348	0.61922
0.27271	1.4291	0.35251	0.67	0.028	-0.28	-0.466	-0.69552
0.29369	1.46062	0.38371	0.672	0.005	-0.182	-0.603	-0.89732
0.31467	1.49038	0.29275	0.571	-0.005	-0.27	0.388	0.67951
0.33565	1.45189	0.29236	0.571	-0.021	-0.241	0.363	0.63573
0.35663	1.41296	0.29012	0.571	-0.027	-0.197	0.332	0.58144
0.3776	1.37513	0.29063	0.572	-0.022	-0.14	0.34	0.59441
0.39858	1.3395	0.291	0.573	-0.011	-0.087	0.406	0.70855
0.41956	1.30664	0.29197	0.575	-0.002	-0.05	0.465	0.8087
0.44054	1.27688	0.2921	0.576	0.003	-0.027	0.495	0.85938
0.46152	1.25051	0.29267	0.578	0.005	-0.011	0.509	0.88062
0.4825	1.22783	0.29324	0.579	0.005	0.001	0.516	0.89119
0.50347	1.20911	0.2911	0.581	0.006	0.01	0.519	0.89329
0.52445	1.19452	0.29219	0.582	0.005	0.017	0.521	0.89519
0.54543	1.18415	0.29084	0.583	0.005	0.022	0.523	0.89708
0.56641	1.17804	0.29168	0.583	0.001	0.025	0.524	0.8988
0.58739	1.17617	0.291	0.583	-0.08	0.009	0.471	0.80789
0.58739	1.17617	0.291	0.583	-0.08	0.009	0.471	0.80789
0.60836	1.17807	0.29168	0.583	-0.017	-0.028	-0.518	-0.88851
0.62934	1.18418	0.29084	0.583	-0.012	-0.024	-0.52	-0.89194
0.65032	1.19455	0.29219	0.582	-0.011	-0.019	-0.519	-0.89175
0.6713	1.20914	0.2911	0.581	-0.01	-0.011	-0.517	-0.88985
0.69228	1.22786	0.29324	0.579	-0.008	-0.002	-0.513	-0.88601
0.71325	1.25053	0.29239	0.578	-0.007	0.01	-0.506	-0.87543
0.73423	1.2769	0.29162	0.576	-0.004	0.026	-0.491	-0.85243
0.75521	1.30667	0.29197	0.575	0.002	0.05	-0.458	-0.79652
0.77619	1.33952	0.29052	0.573	0.012	0.087	-0.393	-0.68586
0.79717	1.37515	0.28955	0.572	0.025	0.142	-0.324	-0.56643
0.81814	1.41299	0.29036	0.571	0.03	0.2	-0.319	-0.55867
0.83912	1.45194	0.29152	0.571	0.024	0.243	-0.356	-0.62347
0.8601	1.49044	0.29275	0.571	0.007	0.273	-0.384	-0.6725
0.88108	1.46041	0.38594	0.672	-0.004	0.181	0.604	0.89881
0.90206	1.4288	0.35458	0.67	-0.014	0.267	0.489	0.72985
0.92303	1.43697	0.27484	0.562	0.007	0.357	-0.339	-0.6032
0.94401	1.45745	0.27465	0.563	0.001	0.377	-0.325	-0.57726
0.96499	1.4792	0.28864	0.582	-0.012	0.322	-0.411	-0.70619
0.98597	1.51383	0.32276	0.658	0.001	-0.001	-0.626	-0.95137
1.00695	1.56543	0.32132	0.675	0.007	-0.077	-0.634	-0.93926
1.02792	1.61971	0.31762	0.676	0.009	-0.122	-0.622	-0.92012
1.0489	1.67159	0.3162	0.675	0.01	-0.163	-0.604	-0.89481
1.06988	1.71829	0.3144	0.672	0.01	-0.204	-0.58	-0.8631
1.09086	1.75809	0.31314	0.667	0.01	-0.244	-0.551	-0.82609
1.11184	1.79004	0.31021	0.66	0.01	-0.282	-0.516	-0.78182
1.13281	1.81377	0.30859	0.653	0.011	-0.319	-0.475	-0.72741
1.15379	1.8294	0.30461	0.644	0.014	-0.355	-0.431	-0.66925
1.17477	1.83717	0.3001	0.635	-0.038	0.315	0.385	0.6063
	BAND	=	113				--
#	BAND	=	0	0	113	113	--
0	1.85233	0.30042	0.635	0.069	-0.321	-0.379	-0.59685
0.02098	1.85192	0.30639	0.639	0.053	-0.372	-0.417	-0.65258
0.04196	1.83759	0.32977	0.654	-0.009	-0.316	-0.48	-0.73394
0.06293	1.81446	0.33775	0.662	-0.017	-0.281	-0.519	-0.78399
0.08391	1.78309	0.34276	0.669	-0.019	-0.245	-0.552	-0.82511
0.10489	1.74383	0.34695	0.674	-0.019	-0.208	-0.58	-0.86053
0.12587	1.69762	0.3495	0.677	-0.018	-0.171	-0.603	-0.89069
0.14685	1.64612	0.35072	0.678	-0.018	-0.132	-0.621	-0.91593
0.16782	1.59184	0.35216	0.677	-0.017	-0.091	-0.634	-0.93648
0.1888	1.53876	0.34512	0.669	-0.019	-0.032	-0.635	-0.94918
0.20978	1.49782	0.2978	0.597	-0.023	0.273	-0.448	-0.75042
0.23076	1.47499	0.28221	0.564	-0.005	0.368	-0.339	-0.60106
0.25174	1.45432	0.28188	0.562	0	0.351	-0.351	-0.62456
0.27271	1.44667	0.33867	0.673	-0.026	0.287	0.475	0.70579
0.29369	1.48247	0.32829	0.675	-0.004	0.179	0.607	0.89926
0.31467	1.50889	0.28268	0.572	0	0.239	-0.409	-0.71503
0.33565	1.46947	0.27961	0.571	0.022	0.236	-0.362	-0.63398
0.35663	1.42981	0.28163	0.571	0.028	0.191	-0.331	-0.57968
0.3776	1.39163	0.28227	0.572	0.023	0.136	-0.34	-0.59441
0.39858	1.35601	0.28376	0.573	0.011	0.084	-0.405	-0.70681
0.41956	1.32339	0.28377	0.574	0.002	0.049	-0.464	-0.80836
0.44054	1.29389	0.28534	0.576	-0.002	0.026	-0.495	-0.85938
0.46152	1.26765	0.28546	0.578	-0.004	0.011	-0.509	-0.88062
0.4825	1.24491	0.28579	0.579	-0.005	-0.001	-0.515	-0.88946
0.50347	1.22596	0.28746	0.581	-0.006	-0.011	-0.519	-0.89329
0.52445	1.21101	0.28862	0.582	-0.005	-0.018	-0.521	-0.89519
0.54543	1.2002	0.29065	0.583	-0.005	-0.023	-0.523	-0.89708
0.56641	1.1936	0.29013	0.583	-0.001	-0.025	-0.524	-0.8988
0.58739	1.19122	0.291	0.583	0.08	-0.009	-0.471	-0.80789
0.58739	1.19122	0.291	0.583	0.08	-0.009	-0.471	-0.80789
0.60836	1.19356	0.29013	0.583	0.017	0.028	0.518	0.88851
0.62934	1.20016	0.29065	0.583	0.012	0.024	0.52	0.89194
0.65032	1.21097	0.28862	0.582	0.011	0.019	0.519	0.89175
0.6713	1.22592	0.28746	0.581	0.009	0.012	0.517	0.88985
0.69228	1.24487	0.28562	0.579	0.008	0.002	0.513	0.88601
0.71325	1.26761	0.28546	0.578	0.006	-0.01	0.506	0.87543
0.73423	1.29386	0.28534	0.576	0.003	-0.026	0.49	0.85069
0.75521	1.32337	0.28465	0.574	-0.002	-0.049	0.457	0.79617
0.77619	1.35599	0.28312	0.573	-0.013	-0.085	0.393	0.68586
0.79717	1.39162	0.2826	0.572	-0.025	-0.137	0.324	0.56643
0.81814	1.42979	0.28215	0.571	-0.031	-0.194	0.318	0.55692
0.83912	1.46945	0.27961	0.571	-0.024	-0.238	0.354	0.61996
0.8601	1.50887	0.28451	0.572	-0.002	-0.241	0.405	0.70804
0.88108	1.48248	0.32765	0.675	0.003	-0.177	-0.608	-0.90074
0.90206	1.44667	0.34078	0.673	0.013	-0.274	-0.497	-0.73848
0.92303	1.45428	0.28291	0.562	-0.005	-0.359	0.341	0.60676
0.94401	1.47494	0.2818	0.564	0	-0.376	0.327	0.57979
0.96499	1.49758	0.29479	0.594	0.011	-0.297	0.428	0.72054
0.98597	1.53797	0.34368	0.669	-0.002	0.017	0.635	0.94918
1.00695	1.59103	0.35281	0.677	-0.007	0.08	0.636	0.93944
1.02792	1.64534	0.35213	0.678	-0.009	0.123	0.624	0.92035
1.0489	1.6969	0.35042	0.677	-0.009	0.164	0.606	0.89513
1.06988	1.74315	0.34647	0.674	-0.009	0.205	0.582	0.8635
1.09086	1.78246	0.34184	0.669	-0.009	0.245	0.553	0.82661
1.11184	1.81388	0.33695	0.662	-0.01	0.285	0.518	0.78248
1.13281	1.83704	0.33013	0.654	-0.013	0.324	0.477	0.72936
1.15379	1.85142	0.30888	0.64	-0.029	0.38	0.412	0.64375
1.17477	1.85233	0.30042	0.635	0.069	-0.321	-0.38	-0.59843
	BAND	=	114				--
#	BAND	=	0	0	114	114	--
0	1.84522	0.32308	0.636	-0.038	0.343	0.42	0.66038
0.02098	1.8395	0.31595	0.632	-0.074	-0.39	-0.346	-0.54747
0.04196	1.83356	0.29934	0.617	-0.013	-0.442	-0.278	-0.45057
0.06293	1.82301	0.29379	0.608	-0.005	-0.468	-0.225	-0.37007
0.08391	1.80801	0.29056	0.6	-0.004	-0.489	-0.166	-0.27667
0.10489	1.78931	0.28742	0.592	-0.004	-0.504	-0.099	-0.16723
0.12587	1.76758	0.28506	0.586	-0.005	-0.511	-0.025	-0.04266
0.14685	1.74339	0.28292	0.58	-0.007	-0.507	0.055	0.09483
0.16782	1.71713	0.28328	0.576	-0.008	-0.49	0.136	0.23611
0.1888	1.68904	0.28395	0.573	-0.01	-0.459	0.218	0.38045
0.20978	1.65875	0.28763	0.576	-0.012	-0.386	0.327	0.56771
0.23076	1.61588	0.33823	0.648	0.017	-0.107	0.578	0.89198
0.25174	1.56726	0.34201	0.651	0.078	-0.398	0.176	0.27035
0.27271	1.53255	0.31503	0.646	0.044	-0.252	-0.515	-0.79721
0.29369	1.51666	0.30295	0.64	0.025	-0.146	-0.577	-0.90156
0.31467	1.49999	0.42278	0.648	0.005	-0.147	-0.564	-0.87037
0.33565	1.50175	0.30692	0.591	-0.023	-0.124	-0.448	-0.75804
0.35663	1.46618	0.294	0.572	-0.013	-0.017	-0.435	-0.76049
0.3776	1.43182	0.29512	0.568	-0.003	-0.051	0.424	0.74648
0.39858	1.40257	0.29629	0.567	0.002	-0.044	0.516	0.91005
0.41956	1.37908	0.29456	0.568	0.002	-0.038	0.523	0.92077
0.44054	1.36115	0.29383	0.569	0.002	-0.027	0.526	0.92443
0.46152	1.34841	0.29163	0.571	0.002	-0.012	0.528	0.92469
0.4825	1.34032	0.29228	0.574	0.001	0.004	0.53	0.92334
0.50347	1.33601	0.29361	0.577	0.001	0.018	0.531	0.92028
0.52445	1.33443	0.29418	0.58	0.001	0.031	0.533	0.91897
0.54543	1.33446	0.2949	0.582	0	0.04	0.533	0.91581
0.56641	1.33515	0.29611	0.584	-0.003	0.048	0.533	0.91267
0.58739	1.33583	0.2967	0.584	-0.108	0.106	0.463	0.79281
0.58739	1.33583	0.2967	0.584	-0.108	0.106	0.463	0.79281
0.60836	1.3352	0.29611	0.584	-0.009	-0.041	-0.535	-0.9161
0.62934	1.3345	0.2949	0.582	-0.006	-0.038	-0.534	-0.91753
0.65032	1.33446	0.29418	0.58	-0.005	-0.029	-0.533	-0.91897
0.6713	1.33604	0.29361	0.577	-0.004	-0.018	-0.532	-0.92201
0.69228	1.34034	0.29228	0.574	-0.004	-0.003	-0.53	-0.92334
0.71325	1.34844	0.29163	0.571	-0.004	0.012	-0.528	-0.92469
0.73423	1.36117	0.29383	0.569	-0.003	0.027	-0.526	-0.92443
0.75521	1.37911	0.29456	0.568	-0.003	0.038	-0.524	-0.92254
0.77619	1.40259	0.29629	0.567	-0.002	0.044	-0.516	-0.91005
0.79717	1.43184	0.29432	0.568	0.003	0.051	-0.417	-0.73415
0.81814	1.46615	0.29384	0.572	0.011	0.014	0.451	0.78846
0.83912	1.50169	0.30692	0.591	0.022	0.124	0.448	0.75804
0.8601	1.49983	0.42326	0.648	-0.006	0.146	0.564	0.87037
0.88108	1.51647	0.30459	0.641	-0.018	0.149	0.578	0.90172
0.90206	1.5322	0.31647	0.646	-0.009	0.249	0.523	0.8096
0.92303	1.56691	0.33662	0.651	0.027	0.436	0.074	0.11367
0.94401	1.61585	0.33792	0.648	0.052	0.196	-0.527	-0.81327
0.96499	1.65883	0.28842	0.576	0.022	0.394	-0.314	-0.54514
0.98597	1.68912	0.28279	0.573	0.017	0.464	-0.204	-0.35602
1.00695	1.7172	0.28331	0.576	0.017	0.493	-0.119	-0.2066
1.02792	1.74345	0.28207	0.58	0.017	0.507	-0.035	-0.06034
1.0489	1.76763	0.28539	0.586	0.018	0.509	0.045	0.07679
1.06988	1.78933	0.28633	0.592	0.019	0.499	0.12	0.2027
1.09086	1.80802	0.2896	0.6	0.02	0.482	0.186	0.31
1.11184	1.823	0.29495	0.608	0.022	0.459	0.244	0.40132
1.13281	1.83356	0.29835	0.617	0.027	0.431	0.296	0.47974
1.15379	1.83949	0.31677	0.632	0.044	0.384	0.366	0.57911
1.17477	1.84522	0.32308	0.636	-0.038	0.343	0.42	0.66038
	BAND	=	115				--
#	BAND	=	0	0	115	115	--
0	1.86062	0.32276	0.636	0.007	-0.337	-0.426	-0.66981
0.02098	1.86076	0.31572	0.627	0.007	0.414	0.326	0.51994
0.04196	1.85519	0.3107	0.618	0.004	0.444	0.28	0.45307
0.06293	1.84434	0.30434	0.609	0.003	0.469	0.227	0.37274
0.08391	1.82904	0.29793	0.6	0.003	0.49	0.168	0.28
0.10489	1.81008	0.29248	0.592	0.004	0.505	0.101	0.17061
0.12587	1.78816	0.28742	0.586	0.006	0.511	0.027	0.04608
0.14685	1.76383	0.28377	0.58	0.007	0.507	-0.052	-0.08966
0.16782	1.73753	0.27961	0.575	0.008	0.49	-0.134	-0.23304
0.1888	1.70945	0.27716	0.572	0.01	0.459	-0.216	-0.37762
0.20978	1.67907	0.27664	0.575	0.01	0.389	-0.331	-0.57565
0.23076	1.63401	0.31665	0.648	-0.014	0.095	-0.569	-0.87809
0.25174	1.58348	0.32055	0.65	-0.077	0.396	-0.171	-0.26308
0.27271	1.54959	0.3403	0.646	-0.043	0.252	0.519	0.80341
0.29369	1.53431	0.34217	0.641	-0.025	0.152	0.586	0.9142
0.31467	1.52865	0.26095	0.648	0.009	0.179	0.583	0.89969
0.33565	1.5188	0.29739	0.586	0.031	-0.023	0.408	0.69625
0.35663	1.48202	0.29243	0.572	0.014	-0.013	0.435	0.76049
0.3776	1.44783	0.28397	0.569	0.004	0.044	-0.424	-0.74517
0.39858	1.42046	0.27843	0.567	-0.001	0.044	-0.515	-0.90829
0.41956	1.39852	0.27777	0.567	-0.002	0.039	-0.522	-0.92063
0.44054	1.38134	0.28292	0.569	-0.001	0.027	-0.525	-0.92267
0.46152	1.36864	0.28779	0.571	-0.001	0.012	-0.527	-0.92294
0.4825	1.36012	0.29071	0.574	-0.001	-0.004	-0.529	-0.9216
0.50347	1.3551	0.29347	0.577	-0.001	-0.019	-0.531	-0.92028
0.52445	1.35264	0.29599	0.58	0	-0.031	-0.532	-0.91724
0.54543	1.35169	0.29637	0.582	0	-0.041	-0.533	-0.91581
0.56641	1.35131	0.29714	0.584	0.003	-0.048	-0.533	-0.91267
0.58739	1.35089	0.2967	0.584	0.108	-0.106	-0.463	-0.79281
0.58739	1.35089	0.2967	0.584	0.108	-0.106	-0.463	-0.79281
0.60836	1.35126	0.29714	0.584	0.009	0.042	0.535	0.9161
0.62934	1.35163	0.29637	0.582	0.006	0.038	0.534	0.91753
0.65032	1.35259	0.29599	0.58	0.005	0.03	0.532	0.91724
0.6713	1.35505	0.29347	0.577	0.004	0.018	0.531	0.92028
0.69228	1.36007	0.28987	0.574	0.003	0.004	0.529	0.9216
0.71325	1.3686	0.28779	0.571	0.003	-0.012	0.527	0.92294
0.73423	1.3813	0.28292	0.569	0.002	-0.027	0.525	0.92267
0.75521	1.39848	0.27705	0.567	0.002	-0.039	0.522	0.92063
0.77619	1.42042	0.27843	0.567	0.001	-0.044	0.515	0.90829
0.79717	1.4478	0.28389	0.569	-0.004	-0.044	0.416	0.73111
0.81814	1.48202	0.29322	0.572	-0.012	0.016	-0.451	-0.78846
0.83912	1.5188	0.29739	0.586	-0.031	0.026	-0.405	-0.69113
0.8601	1.52865	0.26023	0.648	-0.008	-0.179	-0.583	-0.89969
0.88108	1.53431	0.34277	0.641	0.018	-0.154	-0.586	-0.9142
0.90206	1.54962	0.33902	0.646	0.009	-0.249	-0.527	-0.81579
0.92303	1.58338	0.32697	0.65	-0.027	-0.434	-0.079	-0.12154
0.94401	1.63354	0.31807	0.648	-0.054	-0.182	0.52	0.80247
0.96499	1.67906	0.27652	0.575	-0.02	-0.396	0.318	0.55304
0.98597	1.70948	0.2762	0.572	-0.017	-0.464	0.202	0.35315
1.00695	1.73759	0.27953	0.575	-0.017	-0.493	0.117	0.20348
1.02792	1.76393	0.28449	0.58	-0.018	-0.508	0.033	0.0569
1.0489	1.78829	0.2879	0.586	-0.019	-0.509	-0.048	-0.08191
1.06988	1.81025	0.294	0.592	-0.02	-0.5	-0.122	-0.20608
1.09086	1.82925	0.29881	0.6	-0.021	-0.483	-0.188	-0.31333
1.11184	1.84459	0.30434	0.609	-0.023	-0.461	-0.246	-0.40394
1.13281	1.85548	0.30819	0.618	-0.025	-0.436	-0.298	-0.4822
1.15379	1.86108	0.31691	0.627	-0.029	-0.408	-0.347	-0.55343
1.17477	1.86062	0.323	0.636	0.007	-0.337	-0.426	-0.66981
	BAND	=	116				--
#	BAND	=	0	0	116	116	--
0	2.1515	0.32026	0.643	0.041	0.011	0.26	0.40435
0.02098	2.1417	0.32238	0.651	0.009	0.18	0.523	0.80338
0.04196	2.12236	0.32884	0.659	0.013	0.155	0.545	0.82701
0.06293	2.0932	0.33273	0.666	0.017	0.132	0.564	0.84685
0.08391	2.05418	0.33576	0.671	0.018	0.107	0.581	0.86587
0.10489	2.00572	0.34014	0.675	0.021	0.083	0.596	0.88296
0.12587	1.9488	0.34016	0.676	0.022	0.057	0.607	0.89793
0.14685	1.88506	0.33978	0.676	0.024	0.027	0.614	0.90828
0.16782	1.8168	0.3402	0.673	0.027	-0.007	0.617	0.91679
0.1888	1.74712	0.34082	0.668	0.032	-0.056	0.611	0.91467
0.20978	1.68026	0.34086	0.658	0.047	-0.176	0.563	0.85562
0.23076	1.63099	0.29249	0.578	0	-0.41	0.27	0.46713
0.25174	1.59748	0.2885	0.569	-0.007	-0.382	0.318	0.55888
0.27271	1.56333	0.28944	0.569	-0.009	-0.349	0.347	0.60984
0.29369	1.52776	0.29137	0.57	-0.013	-0.317	0.354	0.62105
0.31467	1.51992	0.3452	0.635	-0.009	-0.286	0.24	0.37795
0.33565	1.51063	0.35185	0.594	-0.006	0.077	-0.51	-0.85859
0.35663	1.49107	0.30328	0.583	0.006	0.006	-0.298	-0.51115
0.3776	1.47202	0.30387	0.574	0.001	-0.031	0.51	0.8885
0.39858	1.4578	0.29797	0.572	0	-0.037	0.522	0.91259
0.41956	1.44994	0.29074	0.572	-0.001	-0.023	0.522	0.91259
0.44054	1.4488	0.28885	0.572	-0.003	0.007	0.52	0.90909
0.46152	1.45404	0.28766	0.574	-0.004	0.046	0.516	0.89895
0.4825	1.46443	0.28894	0.577	-0.004	0.085	0.509	0.88215
0.50347	1.47797	0.29131	0.58	-0.005	0.121	0.5	0.86207
0.52445	1.4923	0.29438	0.584	-0.006	0.152	0.492	0.84247
0.54543	1.50497	0.29658	0.586	-0.009	0.175	0.485	0.82765
0.56641	1.51381	0.29862	0.588	-0.017	0.186	0.481	0.81803
0.58739	1.51729	0.29958	0.589	-0.245	0.055	0.439	0.74533
0.58739	1.51729	0.29958	0.589	-0.245	0.055	0.439	0.74533
0.60836	1.51387	0.29941	0.588	-0.021	-0.201	-0.469	-0.79762
0.62934	1.50502	0.29734	0.586	-0.01	-0.182	-0.479	-0.81741
0.65032	1.49234	0.29418	0.584	-0.007	-0.156	-0.489	-0.83733
0.6713	1.478	0.29182	0.58	-0.004	-0.124	-0.498	-0.85862
0.69228	1.46445	0.28894	0.577	-0.003	-0.088	-0.507	-0.87868
0.71325	1.45406	0.2875	0.574	-0.001	-0.047	-0.515	-0.89721
0.73423	1.44881	0.28885	0.572	0	-0.008	-0.52	-0.90909
0.75521	1.44996	0.29178	0.572	0	0.023	-0.522	-0.91259
0.77619	1.45783	0.29797	0.572	0	0.037	-0.522	-0.91259
0.79717	1.47205	0.30387	0.574	-0.001	0.03	-0.51	-0.8885
0.81814	1.49104	0.30407	0.583	-0.006	-0.007	0.326	0.55918
0.83912	1.51054	0.35185	0.594	0.006	-0.081	0.508	0.85522
0.8601	1.51988	0.34274	0.635	0.01	0.301	-0.209	-0.32913
0.88108	1.52783	0.29121	0.57	0.014	0.318	-0.352	-0.61754
0.90206	1.56341	0.2894	0.569	0.01	0.351	-0.344	-0.60457
0.92303	1.59756	0.2885	0.569	0.009	0.385	-0.314	-0.55185
0.94401	1.63107	0.29249	0.578	0.004	0.413	-0.263	-0.45502
0.96499	1.68023	0.34158	0.658	0.001	0.24	-0.527	-0.80091
0.98597	1.74716	0.34218	0.668	0.018	0.109	-0.599	-0.89671
1.00695	1.8169	0.34112	0.673	0.021	0.051	-0.613	-0.91085
1.02792	1.88518	0.34126	0.676	0.022	0.009	-0.614	-0.90828
1.0489	1.94895	0.33964	0.676	0.023	-0.026	-0.608	-0.89941
1.06988	2.00588	0.34034	0.675	0.023	-0.057	-0.598	-0.88593
1.09086	2.05436	0.3356	0.671	0.024	-0.087	-0.584	-0.87034
1.11184	2.09337	0.3325	0.666	0.024	-0.116	-0.568	-0.85285
1.13281	2.12253	0.32784	0.659	0.025	-0.146	-0.548	-0.83156
1.15379	2.14184	0.32321	0.651	0.028	-0.177	-0.526	-0.80799
1.17477	2.1515	0.31939	0.643	0.034	0.009	0.26	0.40435
	BAND	=	117				--
#	BAND	=	0	0	117	117	--
0	2.16674	0.31743	0.643	-0.006	-0.006	-0.262	-0.40747
0.02098	2.16499	0.32845	0.652	0.042	-0.177	-0.518	-0.79448
0.04196	2.14614	0.33047	0.66	-0.007	-0.152	-0.543	-0.82273
0.06293	2.11725	0.33348	0.667	-0.015	-0.13	-0.564	-0.84558
0.08391	2.07838	0.33813	0.672	-0.018	-0.106	-0.581	-0.86458
0.10489	2.02992	0.3399	0.675	-0.02	-0.082	-0.595	-0.88148
0.12587	1.97283	0.34143	0.676	-0.023	-0.056	-0.606	-0.89645
0.14685	1.90868	0.34272	0.676	-0.024	-0.027	-0.614	-0.90828
0.16782	1.8397	0.34	0.673	-0.027	0.007	-0.616	-0.9153
0.1888	1.76887	0.33738	0.668	-0.032	0.056	-0.61	-0.91317
0.20978	1.70054	0.32651	0.657	-0.045	0.173	-0.555	-0.84475
0.23076	1.65171	0.28238	0.577	-0.004	0.422	-0.276	-0.47834
0.25174	1.61816	0.27501	0.569	0.006	0.386	-0.32	-0.56239
0.27271	1.58373	0.276	0.568	0.008	0.351	-0.349	-0.61444
0.29369	1.54754	0.27621	0.569	0.012	0.316	-0.362	-0.6362
0.31467	1.5367	0.31922	0.636	0.002	0.292	-0.24	-0.37736
0.33565	1.5301	0.29822	0.594	0	0.052	0.55	0.92593
0.35663	1.50754	0.29746	0.581	-0.006	0.011	0.299	0.51463
0.3776	1.49248	0.28378	0.577	-0.001	0.038	-0.51	-0.88388
0.39858	1.48171	0.28218	0.573	0	0.042	-0.52	-0.9075
0.41956	1.47449	0.29439	0.571	0.002	0.024	-0.52	-0.91068
0.44054	1.47234	0.29935	0.572	0.003	-0.008	-0.519	-0.90734
0.46152	1.47616	0.30174	0.574	0.004	-0.046	-0.514	-0.89547
0.4825	1.48517	0.30033	0.576	0.005	-0.086	-0.508	-0.88194
0.50347	1.49746	0.30178	0.58	0.005	-0.121	-0.499	-0.86034
0.52445	1.51062	0.30171	0.583	0.006	-0.152	-0.491	-0.8422
0.54543	1.52218	0.30188	0.586	0.009	-0.174	-0.484	-0.82594
0.56641	1.52995	0.30185	0.588	0.017	-0.186	-0.481	-0.81803
0.58739	1.53237	0.29862	0.589	0.245	-0.055	-0.439	-0.74533
0.58739	1.53237	0.29862	0.589	0.245	-0.055	-0.439	-0.74533
0.60836	1.52988	0.30185	0.588	0.021	0.201	0.469	0.79762
0.62934	1.52212	0.3016	0.586	0.01	0.181	0.479	0.81741
0.65032	1.51056	0.30171	0.583	0.006	0.156	0.488	0.83705
0.6713	1.4974	0.30014	0.58	0.004	0.124	0.497	0.8569
0.69228	1.48512	0.30005	0.576	0.003	0.088	0.506	0.87847
0.71325	1.47612	0.30238	0.574	0.001	0.048	0.514	0.89547
0.73423	1.4723	0.30079	0.572	0	0.009	0.518	0.90559
0.75521	1.47445	0.29439	0.571	0	-0.024	0.52	0.91068
0.77619	1.48166	0.28414	0.573	0	-0.042	0.52	0.9075
0.79717	1.49243	0.28378	0.577	0.001	-0.038	0.509	0.88215
0.81814	1.50753	0.29622	0.581	0.006	-0.009	-0.327	-0.56282
0.83912	1.53012	0.29882	0.594	0	-0.051	-0.55	-0.92593
0.8601	1.53665	0.31892	0.636	-0.003	-0.306	0.209	0.32862
0.88108	1.54751	0.27685	0.569	-0.014	-0.318	0.36	0.63269
0.90206	1.58371	0.276	0.568	-0.01	-0.353	0.346	0.60915
0.92303	1.61814	0.27449	0.569	-0.008	-0.389	0.316	0.55536
0.94401	1.65166	0.2821	0.577	-0.001	-0.428	0.267	0.46274
0.96499	1.69998	0.32629	0.656	-0.003	-0.239	0.52	0.79268
0.98597	1.76819	0.33594	0.668	-0.018	-0.109	0.598	0.89521
1.00695	1.83899	0.33996	0.673	-0.021	-0.051	0.612	0.90936
1.02792	1.90797	0.34184	0.676	-0.022	-0.01	0.613	0.9068
1.0489	1.97214	0.34143	0.677	-0.022	0.026	0.608	0.89808
1.06988	2.02925	0.3399	0.675	-0.023	0.057	0.598	0.88593
1.09086	2.07775	0.33673	0.672	-0.023	0.086	0.585	0.87054
1.11184	2.11666	0.33492	0.667	-0.024	0.115	0.568	0.85157
1.13281	2.14559	0.32984	0.661	-0.027	0.145	0.549	0.83056
1.15379	2.16455	0.32362	0.652	-0.053	0.179	0.527	0.80828
1.17477	2.16673	0.31779	0.643	0.001	-0.004	-0.262	-0.40747
	BAND	=	118				--
#	BAND	=	0	0	118	118	--
0	2.15914	0.32492	0.644	-0.023	0.254	0.428	0.6646
0.02098	2.15291	0.31236	0.636	-0.041	-0.243	-0.477	-0.75
0.04196	2.14565	0.30601	0.626	0.006	-0.293	-0.44	-0.70288
0.06293	2.13113	0.30282	0.618	0.011	-0.345	-0.396	-0.64078
0.08391	2.11	0.2987	0.611	0.013	-0.402	-0.338	-0.55319
0.10489	2.08289	0.29667	0.605	0.014	-0.459	-0.258	-0.42645
0.12587	2.05032	0.29626	0.6	0.012	-0.507	-0.153	-0.255
0.14685	2.01267	0.29514	0.596	0.011	-0.532	-0.03	-0.05034
0.16782	1.97016	0.29806	0.593	0.007	-0.526	0.095	0.1602
0.1888	1.92294	0.30271	0.592	0.001	-0.496	0.197	0.33277
0.20978	1.86136	0.34158	0.647	0.012	-0.297	0.451	0.69706
0.23076	1.77942	0.33956	0.638	0.047	-0.374	0.34	0.53292
0.25174	1.70389	0.33377	0.629	0.063	-0.464	0.014	0.02226
0.27271	1.6381	0.31671	0.621	0.05	-0.378	-0.342	-0.55072
0.29369	1.5853	0.3008	0.613	0.029	-0.278	-0.462	-0.75367
0.31467	1.5511	0.30496	0.617	0.011	-0.209	-0.523	-0.84765
0.33565	1.53633	0.33442	0.614	-0.002	-0.085	-0.521	-0.84853
0.35663	1.53642	0.32516	0.597	0.003	-0.02	0.476	0.79732
0.3776	1.53415	0.31203	0.592	0.002	-0.048	0.529	0.89358
0.39858	1.53734	0.29348	0.588	-0.001	-0.027	0.523	0.88946
0.41956	1.5479	0.28884	0.587	-0.005	0.053	0.495	0.84327
0.44054	1.56694	0.29043	0.588	-0.007	0.168	0.426	0.72449
0.46152	1.59317	0.29493	0.59	-0.007	0.278	0.317	0.53729
0.4825	1.62396	0.29992	0.592	-0.005	0.359	0.185	0.3125
0.50347	1.65615	0.30204	0.595	-0.003	0.403	0.049	0.08235
0.52445	1.6864	0.30556	0.598	-0.003	0.416	-0.071	-0.11873
0.54543	1.7114	0.30604	0.601	-0.005	0.412	-0.153	-0.25458
0.56641	1.72811	0.30508	0.603	-0.017	0.41	-0.177	-0.29353
0.58739	1.73423	0.3056	0.603	-0.216	0.164	0.458	0.75954
0.58739	1.73423	0.3056	0.604	-0.22	0.162	0.457	0.75662
0.60836	1.7281	0.30488	0.603	-0.041	-0.365	0.292	0.48425
0.62934	1.7114	0.30489	0.601	-0.027	-0.394	0.214	0.35607
0.65032	1.68641	0.30504	0.598	-0.021	-0.411	0.113	0.18896
0.6713	1.65616	0.30117	0.595	-0.017	-0.405	-0.02	-0.03361
0.69228	1.62397	0.2996	0.592	-0.013	-0.363	-0.169	-0.28547
0.71325	1.59318	0.29493	0.59	-0.008	-0.282	-0.309	-0.52373
0.73423	1.56694	0.28983	0.588	-0.003	-0.172	-0.422	-0.71769
0.75521	1.5479	0.28884	0.587	-0.001	-0.055	-0.494	-0.84157
0.77619	1.53735	0.29296	0.588	0	0.026	-0.523	-0.88946
0.79717	1.53418	0.31143	0.592	-0.002	0.048	-0.529	-0.89358
0.81814	1.53645	0.3242	0.597	-0.002	0.021	-0.474	-0.79397
0.83912	1.53626	0.33366	0.614	0.002	0.085	0.521	0.84853
0.8601	1.55097	0.30452	0.617	-0.007	0.21	0.522	0.84603
0.88108	1.58511	0.30232	0.613	-0.012	0.277	0.467	0.76183
0.90206	1.63781	0.31401	0.621	0	0.364	0.379	0.61031
0.92303	1.70359	0.33082	0.63	0.026	0.468	0.145	0.23016
0.94401	1.77922	0.33947	0.638	0.05	0.467	-0.158	-0.24765
0.96499	1.86123	0.34163	0.647	0.081	0.409	-0.317	-0.48995
0.98597	1.92302	0.30354	0.592	0	0.499	-0.188	-0.31757
1.00695	1.97024	0.29738	0.593	-0.003	0.528	-0.082	-0.13828
1.02792	2.01273	0.29789	0.596	-0.003	0.53	0.046	0.07718
1.0489	2.05035	0.29662	0.6	-0.001	0.501	0.169	0.28167
1.06988	2.08288	0.29647	0.605	0.002	0.452	0.27	0.44628
1.09086	2.10995	0.29918	0.611	0.005	0.395	0.346	0.56628
1.11184	2.13105	0.30322	0.618	0.009	0.34	0.4	0.64725
1.13281	2.14554	0.30689	0.626	0.015	0.292	0.441	0.70447
1.15379	2.15273	0.31492	0.635	0.043	0.25	0.474	0.74646
1.17477	2.15915	0.32492	0.645	-0.021	0.254	0.432	0.66977
	BAND	=	119				--
#	BAND	=	0	0	119	119	--
0	2.17474	0.3203	0.645	-0.012	-0.259	-0.426	-0.66047
0.02098	2.17477	0.31824	0.636	-0.009	0.241	0.472	0.74214
0.04196	2.16718	0.31451	0.628	-0.012	0.29	0.44	0.70064
0.06293	2.1522	0.31062	0.62	-0.013	0.343	0.397	0.64032
0.08391	2.13062	0.30678	0.612	-0.014	0.4	0.339	0.55392
0.10489	2.10313	0.30409	0.605	-0.014	0.457	0.26	0.42975
0.12587	2.07031	0.30061	0.6	-0.012	0.506	0.156	0.26
0.14685	2.03259	0.29497	0.595	-0.01	0.531	0.032	0.05378
0.16782	1.99027	0.28878	0.592	-0.006	0.525	-0.093	-0.15709
0.1888	1.94346	0.28531	0.59	-0.001	0.495	-0.198	-0.33559
0.20978	1.87871	0.32279	0.644	-0.004	0.264	-0.405	-0.62888
0.23076	1.79626	0.31352	0.638	-0.046	0.371	-0.336	-0.52665
0.25174	1.72028	0.31488	0.629	-0.062	0.462	-0.012	-0.01908
0.27271	1.65471	0.32076	0.621	-0.049	0.376	0.343	0.55233
0.29369	1.6024	0.32699	0.613	-0.028	0.275	0.462	0.75367
0.31467	1.56832	0.36788	0.618	-0.01	0.21	0.516	0.83495
0.33565	1.56095	0.27543	0.603	0.004	0.037	0.522	0.86567
0.35663	1.55949	0.29363	0.604	-0.004	0.022	-0.482	-0.79801
0.3776	1.56425	0.29239	0.592	-0.002	0.056	-0.525	-0.88682
0.39858	1.56536	0.32254	0.586	0.002	0.025	-0.52	-0.88737
0.41956	1.57157	0.32518	0.586	0.005	-0.056	-0.494	-0.843
0.44054	1.58787	0.3161	0.587	0.007	-0.168	-0.425	-0.72402
0.46152	1.6126	0.30986	0.589	0.006	-0.276	-0.316	-0.5365
0.4825	1.64248	0.30719	0.592	0.005	-0.356	-0.184	-0.31081
0.50347	1.67403	0.30399	0.595	0.003	-0.401	-0.048	-0.08067
0.52445	1.70373	0.30323	0.599	0.003	-0.414	0.072	0.1202
0.54543	1.7281	0.30487	0.601	0.005	-0.41	0.154	0.25624
0.56641	1.74403	0.30547	0.603	0.017	-0.41	0.178	0.29519
0.58739	1.74935	0.3056	0.604	0.216	-0.164	-0.458	-0.75828
0.58739	1.74935	0.3056	0.604	0.22	-0.162	-0.457	-0.75662
0.60836	1.74403	0.30527	0.603	0.041	0.364	-0.292	-0.48425
0.62934	1.72809	0.30515	0.601	0.027	0.392	-0.214	-0.35607
0.65032	1.7037	0.30395	0.599	0.021	0.408	-0.114	-0.19032
0.6713	1.67399	0.30503	0.595	0.017	0.402	0.019	0.03193
0.69228	1.64244	0.30695	0.592	0.013	0.36	0.168	0.28378
0.71325	1.61256	0.30986	0.589	0.008	0.28	0.308	0.52292
0.73423	1.58782	0.3167	0.587	0.003	0.172	0.421	0.71721
0.75521	1.57153	0.32455	0.586	0.001	0.058	0.492	0.83959
0.77619	1.56531	0.32449	0.586	0	-0.024	0.519	0.88567
0.79717	1.5642	0.29239	0.592	0.002	-0.056	0.525	0.88682
0.81814	1.55943	0.29363	0.604	0.003	-0.023	0.48	0.7947
0.83912	1.56097	0.27543	0.603	-0.003	-0.037	-0.523	-0.86733
0.8601	1.56831	0.36769	0.618	0.006	-0.212	-0.515	-0.83333
0.88108	1.60245	0.32763	0.613	0.01	-0.274	-0.466	-0.7602
0.90206	1.65478	0.32118	0.621	0	-0.362	-0.38	-0.61192
0.92303	1.7203	0.3158	0.629	-0.027	-0.466	-0.147	-0.2337
0.94401	1.79613	0.3148	0.638	-0.051	-0.463	0.154	0.24138
0.96499	1.87851	0.32289	0.644	-0.088	-0.378	0.278	0.43168
0.98597	1.94349	0.28579	0.59	-0.001	-0.498	0.189	0.32034
1.00695	1.99032	0.29061	0.592	0.003	-0.527	0.08	0.13514
1.02792	2.03269	0.29485	0.595	0.003	-0.529	-0.048	-0.08067
1.0489	2.07045	0.30017	0.6	0.001	-0.5	-0.172	-0.28667
1.06988	2.10333	0.30489	0.605	-0.002	-0.45	-0.273	-0.45124
1.09086	2.13088	0.3075	0.612	-0.006	-0.393	-0.348	-0.56863
1.11184	2.15252	0.31019	0.62	-0.009	-0.339	-0.402	-0.64839
1.13281	2.16755	0.31323	0.628	-0.013	-0.291	-0.443	-0.70541
1.15379	2.17519	0.31657	0.636	-0.019	-0.252	-0.475	-0.74686
1.17477	2.17474	0.3203	0.645	-0.015	-0.259	-0.431	-0.66822
	BAND	=	120				--
#	BAND	=	0	0	120	120	--
0	2.4219	0.37983	0.63	0.341	-0.155	0.094	0.14921
0.02098	2.41199	0.35502	0.636	0.01	-0.108	0.424	0.66667
0.04196	2.39017	0.34855	0.644	0.011	-0.124	0.44	0.68323
0.06293	2.35656	0.34811	0.652	0.016	-0.133	0.462	0.70859
0.08391	2.31125	0.35009	0.658	0.017	-0.136	0.484	0.73556
0.10489	2.25464	0.34963	0.662	0.024	-0.146	0.502	0.75831
0.12587	2.18781	0.34984	0.664	0.025	-0.155	0.517	0.77861
0.14685	2.11258	0.35012	0.663	0.029	-0.165	0.526	0.79336
0.16782	2.03119	0.34611	0.659	0.034	-0.183	0.525	0.79666
0.1888	1.94646	0.34545	0.653	0.046	-0.21	0.512	0.78407
0.20978	1.87187	0.30087	0.591	-0.002	-0.433	0.207	0.35025
0.23076	1.81575	0.31717	0.589	-0.002	-0.447	0.242	0.41087
0.25174	1.7558	0.33465	0.589	-0.007	-0.447	0.054	0.09168
0.27271	1.69143	0.3535	0.59	-0.007	-0.339	-0.301	-0.51017
0.29369	1.62662	0.34134	0.588	-0.003	-0.226	-0.442	-0.7517
0.31467	1.56993	0.28916	0.588	0.002	-0.181	-0.449	-0.76361
0.33565	1.57647	0.34616	0.631	0.003	0.183	0.393	0.62282
0.35663	1.59461	0.35597	0.624	0.006	-0.032	0.561	0.89904
0.3776	1.61509	0.3003	0.613	-0.002	-0.052	0.536	0.87439
0.39858	1.63636	0.34553	0.609	-0.02	0.265	-0.311	-0.51067
0.41956	1.66934	0.33675	0.61	-0.01	0.25	-0.449	-0.73607
0.44054	1.71325	0.32471	0.612	-0.005	0.226	-0.487	-0.79575
0.46152	1.76279	0.31945	0.613	-0.001	0.191	-0.515	-0.84013
0.4825	1.81403	0.31427	0.614	0.002	0.153	-0.533	-0.86808
0.50347	1.86338	0.31216	0.614	0.004	0.118	-0.543	-0.88436
0.52445	1.90742	0.30906	0.615	0.005	0.092	-0.547	-0.88943
0.54543	1.94265	0.30375	0.614	0.006	0.075	-0.547	-0.89088
0.56641	1.96602	0.30141	0.614	0.006	0.07	-0.545	-0.88762
0.58739	1.97521	0.30203	0.614	-0.063	0.25	0.436	0.7101
0.58739	1.97521	0.30174	0.614	-0.053	0.262	0.425	0.69218
0.60836	1.96592	0.30146	0.614	-0.011	-0.047	0.55	0.89577
0.62934	1.94256	0.30415	0.614	-0.009	-0.062	0.55	0.89577
0.65032	1.90731	0.3091	0.615	-0.007	-0.082	0.55	0.89431
0.6713	1.86329	0.31312	0.614	-0.007	-0.109	0.546	0.88925
0.69228	1.81395	0.31427	0.614	-0.006	-0.144	0.537	0.87459
0.71325	1.76273	0.31961	0.613	-0.004	-0.184	0.52	0.84829
0.73423	1.71319	0.32575	0.612	-0.002	-0.221	0.493	0.80556
0.75521	1.66928	0.33575	0.61	0.001	-0.246	0.454	0.74426
0.77619	1.63631	0.34721	0.609	0.008	-0.264	0.322	0.52874
0.79717	1.6151	0.30047	0.613	0	0.052	-0.536	-0.87439
0.81814	1.59462	0.35597	0.624	-0.006	0.032	-0.561	-0.89904
0.83912	1.5765	0.34464	0.631	-0.004	-0.184	-0.387	-0.61331
0.8601	1.56988	0.28905	0.589	-0.001	0.181	0.449	0.76231
0.88108	1.62651	0.34075	0.588	0.004	0.226	0.443	0.7534
0.90206	1.69134	0.35166	0.59	0.007	0.337	0.308	0.52203
0.92303	1.7558	0.33476	0.589	0.008	0.448	-0.04	-0.06791
0.94401	1.81581	0.31629	0.589	0.003	0.45	-0.234	-0.39728
0.96499	1.87193	0.30175	0.591	0.002	0.436	-0.208	-0.35195
0.98597	1.94645	0.34613	0.653	0.031	0.312	-0.448	-0.68606
1.00695	2.03122	0.34809	0.659	0.038	0.275	-0.477	-0.72382
1.02792	2.11262	0.3499	0.663	0.038	0.246	-0.49	-0.73906
1.0489	2.18789	0.35215	0.664	0.032	0.229	-0.488	-0.73494
1.06988	2.25469	0.35058	0.662	0.035	0.21	-0.48	-0.72508
1.09086	2.31134	0.35091	0.658	0.029	0.198	-0.463	-0.70365
1.11184	2.35666	0.34986	0.652	0.034	0.179	-0.447	-0.68558
1.13281	2.39026	0.3509	0.644	0.026	0.163	-0.43	-0.6677
1.15379	2.41199	0.35446	0.637	0.035	0.14	-0.418	-0.6562
1.17477	2.42191	0.38035	0.63	0.358	-0.135	0.054	0.08571
	BAND	=	121				--
#	BAND	=	0	0	121	121	--
0	2.43712	0.37971	0.629	-0.345	0.159	-0.096	-0.15262
0.02098	2.43104	0.35197	0.636	0.001	0.106	-0.414	-0.65094
0.04196	2.40976	0.33047	0.644	-0.007	0.126	-0.431	-0.66925
0.06293	2.37636	0.32608	0.652	-0.013	0.135	-0.453	-0.69479
0.08391	2.33112	0.32734	0.658	-0.016	0.138	-0.476	-0.7234
0.10489	2.27445	0.32924	0.662	-0.023	0.147	-0.496	-0.74924
0.12587	2.20751	0.32968	0.663	-0.025	0.156	-0.512	-0.77225
0.14685	2.132	0.32974	0.662	-0.029	0.166	-0.522	-0.78852
0.16782	2.05022	0.32404	0.658	-0.034	0.184	-0.522	-0.79331
0.1888	1.96497	0.31854	0.652	-0.046	0.21	-0.507	-0.77761
0.20978	1.89233	0.28446	0.589	-0.006	0.465	-0.249	-0.42275
0.23076	1.83676	0.2835	0.589	0.003	0.446	-0.241	-0.40917
0.25174	1.77675	0.27566	0.589	0.01	0.42	-0.039	-0.06621
0.27271	1.7133	0.2321	0.59	0.01	0.262	0.339	0.57458
0.29369	1.6498	0.20534	0.589	0.004	0.151	0.477	0.80985
0.31467	1.59393	0.18116	0.591	-0.002	0.112	0.481	0.81387
0.33565	1.59665	0.27756	0.644	-0.006	-0.168	-0.411	-0.6382
0.35663	1.62948	0.26847	0.621	-0.009	0.067	-0.546	-0.87923
0.3776	1.63858	0.386	0.605	0.003	0.042	-0.53	-0.87603
0.39858	1.65546	0.30628	0.611	0.02	-0.269	0.31	0.50736
0.41956	1.69061	0.29529	0.612	0.01	-0.246	0.449	0.73366
0.44054	1.73517	0.29686	0.614	0.004	-0.22	0.488	0.79479
0.46152	1.78514	0.30165	0.616	0.001	-0.184	0.516	0.83766
0.4825	1.83676	0.30455	0.617	-0.002	-0.146	0.535	0.8671
0.50347	1.88627	0.30642	0.618	-0.004	-0.112	0.545	0.88188
0.52445	1.92989	0.30889	0.619	-0.006	-0.086	0.549	0.88691
0.54543	1.96374	0.30814	0.618	-0.007	-0.071	0.548	0.88673
0.56641	1.98447	0.30674	0.616	-0.007	-0.067	0.546	0.88636
0.58739	1.99034	0.30207	0.614	0.063	-0.25	-0.437	-0.71173
0.58739	1.99034	0.30219	0.614	0.053	-0.263	-0.424	-0.69055
0.60836	1.98455	0.30674	0.616	0.011	0.045	-0.55	-0.89286
0.62934	1.96381	0.30914	0.618	0.009	0.057	-0.551	-0.89159
0.65032	1.92996	0.30973	0.619	0.007	0.075	-0.552	-0.89176
0.6713	1.88633	0.30694	0.618	0.007	0.102	-0.548	-0.88673
0.69228	1.83681	0.30459	0.617	0.006	0.137	-0.539	-0.87358
0.71325	1.78518	0.30161	0.616	0.004	0.177	-0.521	-0.84578
0.73423	1.73519	0.29695	0.614	0.002	0.214	-0.494	-0.80456
0.75521	1.69061	0.29529	0.612	-0.001	0.242	-0.454	-0.74183
0.77619	1.65545	0.30612	0.611	-0.008	0.267	-0.321	-0.52537
0.79717	1.63849	0.38524	0.605	-0.001	-0.041	0.53	0.87603
0.81814	1.6294	0.26831	0.621	0.008	-0.067	0.547	0.88084
0.83912	1.59661	0.2784	0.644	0.006	0.169	0.405	0.62888
0.8601	1.59394	0.18175	0.591	0.003	-0.113	-0.482	-0.81557
0.88108	1.64981	0.20518	0.589	-0.003	-0.152	-0.478	-0.81154
0.90206	1.71331	0.23063	0.59	-0.008	-0.261	-0.345	-0.58475
0.92303	1.77673	0.27611	0.589	-0.009	-0.421	0.026	0.04414
0.94401	1.83674	0.28346	0.589	-0.004	-0.449	0.233	0.39559
0.96499	1.89232	0.2835	0.589	0.005	-0.468	0.244	0.41426
0.98597	1.96461	0.31811	0.652	-0.031	-0.313	0.443	0.67945
1.00695	2.04983	0.32361	0.658	-0.038	-0.276	0.474	0.72036
1.02792	2.1316	0.32807	0.662	-0.038	-0.247	0.486	0.73414
1.0489	2.20711	0.32829	0.663	-0.032	-0.229	0.484	0.73002
1.06988	2.27406	0.32761	0.662	-0.034	-0.211	0.474	0.71601
1.09086	2.33074	0.3256	0.658	-0.029	-0.199	0.458	0.69605
1.11184	2.37603	0.32428	0.652	-0.033	-0.181	0.44	0.67485
1.13281	2.40942	0.32841	0.645	-0.027	-0.164	0.425	0.65891
1.15379	2.43083	0.34863	0.636	-0.042	-0.137	0.408	0.64151
1.17477	2.43708	0.38035	0.63	-0.358	0.143	-0.056	-0.08889
	BAND	=	122				--
#	BAND	=	0	0	122	122	--
0	2.42737	0.25255	0.631	0.143	0.201	0.379	0.60063
0.02098	2.42306	0.28496	0.625	0.011	0.081	-0.404	-0.6464
0.04196	2.4116	0.30731	0.62	0.012	0.003	-0.41	-0.66129
0.06293	2.38992	0.30829	0.618	0.016	-0.118	-0.409	-0.66181
0.08391	2.35765	0.30592	0.619	0.028	-0.294	-0.367	-0.59289
0.10489	2.31462	0.29939	0.622	0.026	-0.462	-0.252	-0.40514
0.12587	2.2609	0.29973	0.624	0.024	-0.55	-0.083	-0.13301
0.14685	2.19703	0.29723	0.627	0.03	-0.553	0.076	0.12121
0.16782	2.12437	0.30152	0.627	0.026	-0.498	0.227	0.36204
0.1888	2.04501	0.31185	0.625	0.023	-0.35	0.399	0.6384
0.20978	1.96161	0.33516	0.622	0.013	-0.065	0.529	0.85048
0.23076	1.87723	0.35734	0.616	0.002	0.179	0.519	0.84253
0.25174	1.79562	0.38739	0.609	-0.003	0.281	0.476	0.78161
0.27271	1.72156	0.43682	0.601	-0.004	0.296	0.46	0.76539
0.29369	1.65951	0.47701	0.594	-0.002	0.241	0.484	0.81481
0.31467	1.6123	0.51081	0.599	-0.001	0.186	0.519	0.86644
0.33565	1.60775	0.4711	0.66	0.003	0.146	0.602	0.91212
0.35663	1.6627	0.43018	0.635	-0.003	-0.085	0.034	0.05354
0.3776	1.68339	0.36769	0.64	-0.008	0.165	-0.548	-0.85625
0.39858	1.73944	0.33531	0.643	-0.004	0.174	-0.556	-0.8647
0.41956	1.80534	0.32853	0.642	0	0.134	-0.573	-0.89252
0.44054	1.87467	0.32305	0.639	0.003	0.081	-0.581	-0.90923
0.46152	1.94303	0.31441	0.633	0.003	0.031	-0.577	-0.91153
0.4825	2.00468	0.28925	0.614	0.004	-0.004	-0.56	-0.91205
0.50347	2.02945	0.27688	0.54	0.002	-0.008	0.521	0.96481
0.52445	2.02817	0.273	0.542	0	-0.006	0.529	0.97601
0.54543	2.02792	0.27614	0.546	-0.001	0.002	0.533	0.97619
0.56641	2.02832	0.28017	0.548	-0.001	0.009	0.535	0.97628
0.58739	2.02881	0.28449	0.549	0.016	0.026	0.472	0.85974
0.58739	2.02881	0.28449	0.549	0.016	0.026	0.475	0.86521
0.60836	2.02835	0.28034	0.548	0.002	-0.008	-0.536	-0.9781
0.62934	2.02794	0.27638	0.546	0.001	-0.001	-0.534	-0.97802
0.65032	2.02819	0.273	0.542	0	0.006	-0.529	-0.97601
0.6713	2.02946	0.27688	0.54	-0.002	0.008	-0.521	-0.96481
0.69228	2.00461	0.28913	0.614	-0.004	0.006	0.56	0.91205
0.71325	1.94296	0.31357	0.633	-0.005	-0.03	0.577	0.91153
0.73423	1.87459	0.32305	0.639	-0.005	-0.08	0.581	0.90923
0.75521	1.80527	0.32853	0.642	-0.003	-0.133	0.573	0.89252
0.77619	1.73935	0.33647	0.643	0	-0.174	0.557	0.86625
0.79717	1.68329	0.36769	0.64	0.005	-0.164	0.548	0.85625
0.81814	1.6626	0.4395	0.633	0.002	0.074	0.026	0.04107
0.83912	1.60778	0.47046	0.659	-0.003	-0.145	-0.602	-0.91351
0.8601	1.61249	0.51081	0.599	0	-0.187	-0.519	-0.86644
0.88108	1.65973	0.47701	0.594	0.001	-0.241	-0.484	-0.81481
0.90206	1.72177	0.43778	0.6	0.003	-0.296	-0.46	-0.76667
0.92303	1.7958	0.38983	0.609	0.008	-0.282	-0.475	-0.77997
0.94401	1.87738	0.35746	0.616	0.014	-0.178	-0.519	-0.84253
0.96499	1.96173	0.33389	0.622	0.016	0.09	-0.523	-0.84084
0.98597	2.04507	0.30882	0.625	0.003	0.386	-0.368	-0.5888
1.00695	2.1244	0.29918	0.627	-0.012	0.519	-0.188	-0.29984
1.02792	2.19706	0.29798	0.627	-0.022	0.558	-0.048	-0.07656
1.0489	2.26092	0.29838	0.624	-0.026	0.544	0.109	0.17468
1.06988	2.31463	0.29975	0.622	-0.028	0.45	0.266	0.42765
1.09086	2.35762	0.30687	0.619	-0.008	0.276	0.378	0.61066
1.11184	2.38987	0.30917	0.618	-0.004	0.122	0.41	0.66343
1.13281	2.41152	0.30617	0.621	-0.002	0.035	0.414	0.66667
1.15379	2.42299	0.28412	0.624	0.026	-0.03	0.414	0.66346
1.17477	2.42739	0.25183	0.63	0.173	0.262	0.316	0.50159
	BAND	=	123				--
#	BAND	=	0	0	123	123	--
0	2.44277	0.25286	0.63	-0.14	-0.206	-0.377	-0.59841
0.02098	2.44109	0.28079	0.625	-0.02	-0.078	0.394	0.6304
0.04196	2.42943	0.28855	0.622	-0.015	-0.003	0.401	0.64469
0.06293	2.40724	0.29754	0.62	-0.017	0.117	0.402	0.64839
0.08391	2.3746	0.30609	0.62	-0.028	0.294	0.36	0.58065
0.10489	2.33142	0.32037	0.621	-0.025	0.462	0.246	0.39614
0.12587	2.27778	0.3278	0.623	-0.024	0.55	0.078	0.1252
0.14685	2.21403	0.32732	0.626	-0.029	0.554	-0.081	-0.12939
0.16782	2.1414	0.32025	0.626	-0.025	0.499	-0.23	-0.36741
0.1888	2.06206	0.30446	0.625	-0.023	0.351	-0.4	-0.64
0.20978	1.97917	0.26957	0.621	-0.013	0.066	-0.528	-0.85024
0.23076	1.89679	0.22348	0.615	-0.003	-0.173	-0.519	-0.8439
0.25174	1.82012	0.17019	0.606	0.001	-0.248	-0.486	-0.80198
0.27271	1.75441	0.12488	0.598	0.001	-0.211	-0.49	-0.8194
0.29369	1.70143	0.09836	0.594	0	-0.154	-0.505	-0.85017
0.31467	1.66448	0.08013	0.599	-0.001	-0.108	-0.517	-0.86311
0.33565	1.65777	0.10342	0.628	-0.006	-0.043	-0.535	-0.85191
0.35663	1.67961	0.38141	0.629	0.012	0.029	-0.014	-0.02226
0.3776	1.7157	0.25885	0.639	0.007	-0.162	0.541	0.84664
0.39858	1.76841	0.28369	0.644	0.003	-0.161	0.557	0.86491
0.41956	1.83331	0.29742	0.646	-0.001	-0.121	0.576	0.89164
0.44054	1.90327	0.30345	0.646	-0.003	-0.066	0.585	0.90557
0.46152	1.97337	0.30746	0.641	-0.004	-0.013	0.581	0.9064
0.4825	2.03439	0.30974	0.601	-0.005	0.008	0.548	0.91181
0.50347	2.04686	0.2675	0.545	-0.001	0.008	-0.524	-0.96147
0.52445	2.04579	0.27898	0.543	0	0.009	-0.529	-0.97422
0.54543	2.0447	0.28467	0.546	0.001	0	-0.533	-0.97619
0.56641	2.04422	0.28343	0.549	0.001	-0.008	-0.534	-0.97268
0.58739	2.04385	0.2839	0.549	-0.017	-0.026	-0.472	-0.85974
0.58739	2.04385	0.28449	0.549	-0.016	-0.026	-0.475	-0.86521
0.60836	2.04418	0.28443	0.549	-0.003	0.006	0.536	0.97632
0.62934	2.04466	0.28527	0.546	-0.001	-0.001	0.534	0.97802
0.65032	2.04574	0.27898	0.543	0	-0.009	0.529	0.97422
0.6713	2.04681	0.26745	0.545	0.001	-0.008	0.524	0.96147
0.69228	2.03438	0.30874	0.601	0.004	-0.009	-0.548	-0.91181
0.71325	1.9734	0.30746	0.641	0.005	0.012	-0.581	-0.9064
0.73423	1.90328	0.30345	0.646	0.005	0.065	-0.585	-0.90557
0.75521	1.83332	0.29742	0.646	0.004	0.119	-0.576	-0.89164
0.77619	1.7684	0.28398	0.644	0.001	0.16	-0.557	-0.86491
0.79717	1.71569	0.25841	0.639	-0.004	0.162	-0.541	-0.84664
0.81814	1.67951	0.37511	0.631	-0.01	-0.018	-0.045	-0.07132
0.83912	1.65776	0.10278	0.628	0.006	0.043	0.535	0.85191
0.8601	1.66448	0.08013	0.599	0.001	0.108	0.516	0.86144
0.88108	1.70143	0.09836	0.594	-0.001	0.155	0.504	0.84848
0.90206	1.7544	0.12488	0.598	-0.002	0.212	0.489	0.81773
0.92303	1.82006	0.16948	0.606	-0.007	0.25	0.484	0.79868
0.94401	1.89669	0.2232	0.615	-0.014	0.172	0.519	0.8439
0.96499	1.97906	0.27012	0.621	-0.016	-0.091	0.523	0.84219
0.98597	2.062	0.30708	0.625	-0.004	-0.387	0.369	0.5904
1.00695	2.14138	0.32292	0.626	0.012	-0.519	0.191	0.30511
1.02792	2.21404	0.32954	0.626	0.021	-0.559	0.052	0.08307
1.0489	2.27781	0.3282	0.624	0.026	-0.545	-0.104	-0.16667
1.06988	2.33149	0.31954	0.621	0.028	-0.45	-0.261	-0.42029
1.09086	2.37471	0.3061	0.62	0.008	-0.276	-0.371	-0.59839
1.11184	2.40742	0.2969	0.62	0.004	-0.122	-0.403	-0.65
1.13281	2.42961	0.28739	0.622	0	-0.034	-0.406	-0.65273
1.15379	2.44133	0.28246	0.625	-0.018	0.028	-0.407	-0.6512
1.17477	2.44278	0.25362	0.631	-0.171	-0.27	-0.316	-0.50079
	BAND	=	124				--
#	BAND	=	0	0	124	124	--
0	2.6322	0.08092	0.566	0.323	-0.19	-0.018	-0.0318
0.02098	2.62575	0.08335	0.563	0.065	-0.364	-0.221	-0.39254
0.04196	2.61006	0.08358	0.565	0.033	-0.399	-0.201	-0.35575
0.06293	2.58532	0.08363	0.571	0.029	-0.464	-0.109	-0.19089
0.08391	2.55058	0.0826	0.586	0.022	-0.48	0.091	0.15529
0.10489	2.50433	0.08396	0.604	0.012	-0.376	0.298	0.49338
0.12587	2.4464	0.08143	0.616	0.006	-0.256	0.417	0.67695
0.14685	2.37845	0.07674	0.621	0.002	-0.183	0.474	0.76329
0.16782	2.30255	0.07168	0.622	0.001	-0.14	0.504	0.81029
0.1888	2.22103	0.06806	0.62	0	-0.113	0.522	0.84194
0.20978	2.13633	0.06706	0.617	0	-0.094	0.533	0.86386
0.23076	2.05111	0.06572	0.613	0	-0.08	0.538	0.87765
0.25174	1.96805	0.06327	0.609	0	-0.069	0.54	0.8867
0.27271	1.88982	0.06118	0.605	0	-0.062	0.539	0.89091
0.29369	1.81921	0.05656	0.603	0	-0.058	0.536	0.88889
0.31467	1.75842	0.53966	0.597	0	0.066	-0.544	-0.91122
0.33565	1.70178	0.54521	0.6	0	0.062	-0.548	-0.91333
0.35663	1.69227	0.28216	0.669	-0.013	0.34	-0.38	-0.56801
0.3776	1.77142	0.30765	0.678	-0.002	0.472	-0.272	-0.40118
0.39858	1.85881	0.31562	0.676	0.005	0.343	-0.477	-0.70562
0.41956	1.94687	0.31637	0.67	0.006	0.13	-0.592	-0.88358
0.44054	2.02931	0.30342	0.647	0.006	-0.037	-0.583	-0.90108
0.46152	2.04864	0.28381	0.533	0.002	-0.018	0.504	0.94559
0.4825	2.04525	0.26927	0.563	0.001	0.135	0.336	0.5968
0.50347	2.06408	0.29156	0.59	0.001	-0.019	-0.534	-0.90508
0.52445	2.08956	0.24932	0.557	0.001	-0.036	-0.482	-0.86535
0.54543	2.09384	0.27027	0.54	0	-0.072	0.299	0.5537
0.56641	2.09394	0.26857	0.544	0.001	-0.046	0.443	0.81434
0.58739	2.09474	0.26847	0.546	0.047	0.021	0.281	0.51465
0.58739	2.09474	0.26851	0.546	0.049	0.018	0.263	0.48168
0.60836	2.09395	0.26944	0.544	0.003	0.048	-0.435	-0.79963
0.62934	2.09383	0.26875	0.54	0.003	0.073	-0.292	-0.54074
0.65032	2.08953	0.24744	0.557	0	0.037	0.481	0.86355
0.6713	2.06403	0.29156	0.59	-0.002	0.02	0.534	0.90508
0.69228	2.04525	0.2707	0.562	-0.011	-0.14	-0.309	-0.54982
0.71325	2.04863	0.28381	0.533	-0.002	0.017	-0.504	-0.94559
0.73423	2.02925	0.30342	0.647	-0.004	0.036	0.583	0.90108
0.75521	1.94682	0.31589	0.67	-0.008	-0.128	0.592	0.88358
0.77619	1.85875	0.31391	0.676	-0.009	-0.34	0.479	0.70858
0.79717	1.77138	0.30765	0.678	-0.003	-0.471	0.276	0.40708
0.81814	1.69218	0.28053	0.669	0.011	-0.34	0.381	0.56951
0.83912	1.70146	0.54521	0.6	0	-0.062	0.548	0.91333
0.8601	1.75798	0.53866	0.598	0	-0.065	0.544	0.9097
0.88108	1.8192	0.05656	0.603	0	0.058	-0.536	-0.88889
0.90206	1.88982	0.06118	0.605	0.001	0.061	-0.539	-0.89091
0.92303	1.96805	0.06327	0.609	0.001	0.068	-0.54	-0.8867
0.94401	2.05112	0.06589	0.613	0.002	0.078	-0.538	-0.87765
0.96499	2.13634	0.06723	0.617	0.003	0.092	-0.533	-0.86386
0.98597	2.22104	0.06806	0.62	0.004	0.11	-0.523	-0.84355
1.00695	2.3026	0.07168	0.622	0.006	0.137	-0.505	-0.8119
1.02792	2.37853	0.07578	0.621	0.008	0.179	-0.474	-0.76329
1.0489	2.44651	0.08143	0.616	0.014	0.252	-0.418	-0.67857
1.06988	2.50447	0.08455	0.605	0.02	0.368	-0.305	-0.50413
1.09086	2.55084	0.08328	0.586	0.031	0.479	-0.087	-0.14846
1.11184	2.58562	0.08299	0.57	0.029	0.46	0.113	0.19825
1.13281	2.61029	0.0831	0.563	0.031	0.388	0.211	0.37478
1.15379	2.62599	0.08275	0.563	0.064	0.325	0.25	0.44405
1.17477	2.63211	0.08016	0.566	0.324	-0.187	-0.04	-0.07067
	BAND	=	125				--
#	BAND	=	0	0	125	125	--
0	2.64792	0.08044	0.565	-0.322	0.189	0.018	0.03186
0.02098	2.64495	0.0798	0.571	-0.065	0.357	0.244	0.42732
0.04196	2.63248	0.07963	0.577	-0.035	0.388	0.238	0.41248
0.06293	2.60963	0.08221	0.581	-0.028	0.452	0.163	0.28055
0.08391	2.57724	0.08859	0.576	-0.022	0.468	-0.02	-0.03472
0.10489	2.53696	0.11897	0.567	-0.012	0.366	-0.221	-0.38977
0.12587	2.48874	0.26553	0.574	-0.004	0.288	-0.335	-0.58362
0.14685	2.42543	0.49558	0.599	0.002	0.291	-0.396	-0.6611
0.16782	2.34866	0.54157	0.608	0.002	0.246	-0.449	-0.73849
0.1888	2.26459	0.54929	0.61	0.002	0.198	-0.485	-0.79508
0.20978	2.17673	0.55029	0.608	0.001	0.16	-0.508	-0.83553
0.23076	2.08801	0.54536	0.606	0.001	0.13	-0.523	-0.86304
0.25174	2.00108	0.54238	0.603	0.001	0.107	-0.531	-0.8806
0.27271	1.91827	0.53986	0.6	0	0.09	-0.537	-0.895
0.29369	1.84166	0.53701	0.598	0	0.076	-0.54	-0.90301
0.31467	1.77462	0.05488	0.603	0	-0.061	0.529	0.87728
0.33565	1.73232	0.05536	0.609	0.002	-0.087	0.509	0.8358
0.35663	1.72945	0.12807	0.645	0.006	-0.279	0.362	0.56124
0.3776	1.79439	0.25662	0.674	0.001	-0.445	0.279	0.41395
0.39858	1.87995	0.29367	0.678	-0.006	-0.326	0.482	0.71091
0.41956	1.96934	0.30482	0.678	-0.006	-0.11	0.598	0.88201
0.44054	2.05584	0.3082	0.656	-0.008	0.073	0.584	0.89024
0.46152	2.06963	0.27397	0.535	-0.001	0.027	-0.504	-0.94206
0.4825	2.06146	0.29899	0.551	-0.002	-0.106	-0.318	-0.57713
0.50347	2.10028	0.29498	0.59	-0.005	0.044	0.526	0.89153
0.52445	2.11069	0.2847	0.537	-0.002	0.023	0.47	0.87523
0.54543	2.11111	0.25688	0.545	0	0.069	-0.302	-0.55413
0.56641	2.11074	0.2639	0.546	-0.001	0.046	-0.444	-0.81319
0.58739	2.1098	0.26851	0.546	-0.047	-0.021	-0.281	-0.51465
0.58739	2.1098	0.26847	0.546	-0.049	-0.018	-0.263	-0.48168
0.60836	2.11072	0.2639	0.546	-0.002	-0.047	0.437	0.80037
0.62934	2.1111	0.25688	0.545	-0.003	-0.07	0.295	0.54128
0.65032	2.11067	0.2847	0.537	0.001	-0.023	-0.469	-0.87337
0.6713	2.10026	0.29426	0.589	0.005	-0.045	-0.526	-0.89304
0.69228	2.06145	0.29788	0.551	0.012	0.111	0.291	0.52813
0.71325	2.06959	0.27456	0.535	0.002	-0.026	0.504	0.94206
0.73423	2.05582	0.3082	0.656	0.006	-0.073	-0.584	-0.89024
0.75521	1.96936	0.30482	0.678	0.008	0.109	-0.598	-0.88201
0.77619	1.87995	0.29462	0.678	0.009	0.323	-0.485	-0.71534
0.79717	1.79437	0.25681	0.674	0.004	0.444	-0.282	-0.4184
0.81814	1.72939	0.12795	0.645	-0.004	0.279	-0.363	-0.56279
0.83912	1.73229	0.05536	0.609	-0.001	0.086	-0.509	-0.8358
0.8601	1.7746	0.05488	0.603	0	0.061	-0.529	-0.87728
0.88108	1.8411	0.53907	0.598	0	-0.074	0.541	0.90468
0.90206	1.91757	0.53891	0.6	0	-0.087	0.537	0.895
0.92303	2.00026	0.54221	0.603	0.001	-0.103	0.532	0.88226
0.94401	2.08709	0.54611	0.606	0.001	-0.124	0.524	0.86469
0.96499	2.17575	0.54969	0.609	0.002	-0.151	0.511	0.83908
0.98597	2.26362	0.54821	0.61	0.002	-0.186	0.49	0.80328
1.00695	2.34781	0.54077	0.609	0.003	-0.229	0.457	0.75041
1.02792	2.42484	0.49654	0.601	0.002	-0.271	0.409	0.68053
1.0489	2.48844	0.26681	0.575	-0.007	-0.277	0.344	0.59826
1.06988	2.53671	0.11606	0.567	-0.019	-0.359	0.227	0.40035
1.09086	2.57695	0.08895	0.576	-0.03	-0.466	0.018	0.03125
1.11184	2.60929	0.08194	0.582	-0.03	-0.45	-0.169	-0.29038
1.13281	2.63215	0.07963	0.578	-0.033	-0.38	-0.248	-0.42907
1.15379	2.64474	0.08085	0.571	-0.065	-0.32	-0.268	-0.46935
1.17477	2.64784	0.08008	0.566	-0.325	0.187	0.04	0.07067
	BAND	=	126				--
#	BAND	=	0	0	126	126	--
0	2.6787	0.48615	0.55	0.109	0.274	0.241	0.43818
0.02098	2.67016	0.482	0.547	0.028	0.387	0.178	0.32541
0.04196	2.6526	0.48129	0.547	0.015	0.418	0.145	0.26508
0.06293	2.62601	0.4818	0.551	0.011	0.45	0.09	0.16334
0.08391	2.58994	0.48124	0.561	0.01	0.474	-0.005	-0.00891
0.10489	2.5439	0.46202	0.573	0.008	0.454	-0.133	-0.23211
0.12587	2.48942	0.32413	0.571	0.003	0.353	-0.258	-0.45184
0.14685	2.43573	0.09905	0.547	-0.001	0.201	-0.346	-0.63254
0.16782	2.38487	0.0521	0.533	-0.001	0.135	-0.384	-0.72045
0.1888	2.33519	0.03972	0.523	-0.001	0.103	-0.403	-0.77055
0.20978	2.28762	0.03467	0.514	-0.001	0.083	-0.415	-0.80739
0.23076	2.24354	0.03077	0.505	0	0.069	-0.422	-0.83564
0.25174	2.20419	0.02873	0.498	0	0.058	-0.428	-0.85944
0.27271	2.17057	0.02722	0.493	0	0.048	-0.432	-0.87627
0.29369	2.14334	0.02681	0.49	0	0.039	-0.437	-0.89184
0.31467	2.12285	0.02635	0.489	0	0.03	-0.441	-0.90184
0.33565	2.10909	0.02748	0.49	0	0.022	-0.447	-0.91224
0.35663	2.10172	0.03047	0.494	0	0.014	-0.452	-0.91498
0.3776	2.09986	0.04241	0.501	0.001	0.008	-0.445	-0.88822
0.39858	2.0924	0.41972	0.505	0.001	-0.035	0.458	0.90693
0.41956	2.07938	0.36796	0.52	0.001	-0.047	0.472	0.90769
0.44054	2.06441	0.31026	0.542	0.002	-0.051	0.495	0.91328
0.46152	2.09815	0.27082	0.593	0.003	-0.046	-0.512	-0.86341
0.4825	2.1066	0.31576	0.537	-0.001	-0.049	0.488	0.90875
0.50347	2.10859	0.3012	0.58	0.001	-0.021	0.532	0.91724
0.52445	2.14046	0.29611	0.615	-0.009	-0.037	0.517	0.84065
0.54543	2.15813	0.29407	0.575	0.002	-0.018	-0.509	-0.88522
0.56641	2.16653	0.27521	0.558	0.001	-0.017	-0.502	-0.89964
0.58739	2.16908	0.27264	0.552	0.054	-0.064	0.253	0.45833
0.58739	2.16908	0.27252	0.551	0.028	-0.1	0.237	0.43013
0.60836	2.16652	0.27617	0.558	0	0.015	0.502	0.89964
0.62934	2.15805	0.29435	0.575	-0.002	0.018	0.509	0.88522
0.65032	2.14039	0.29735	0.615	0.009	0.051	-0.505	-0.82114
0.6713	2.10861	0.30192	0.58	-0.002	0.021	-0.532	-0.91724
0.69228	2.10649	0.31576	0.537	0.001	0.049	-0.489	-0.91061
0.71325	2.09807	0.2695	0.593	-0.001	0.046	0.513	0.86509
0.73423	2.06437	0.31026	0.542	-0.002	0.051	-0.495	-0.91328
0.75521	2.0792	0.36828	0.52	-0.001	0.047	-0.472	-0.90769
0.77619	2.09205	0.4202	0.505	0	0.036	-0.458	-0.90693
0.79717	2.09976	0.04332	0.501	0	-0.008	0.441	0.88024
0.81814	2.10162	0.03047	0.494	0	-0.014	0.452	0.91498
0.83912	2.10897	0.02736	0.49	0	-0.022	0.447	0.91224
0.8601	2.12272	0.02635	0.489	0	-0.03	0.441	0.90184
0.88108	2.14321	0.02681	0.49	0	-0.039	0.436	0.8898
0.90206	2.17043	0.02717	0.493	0	-0.048	0.432	0.87627
0.92303	2.20404	0.02873	0.498	0	-0.058	0.427	0.85743
0.94401	2.24338	0.03082	0.505	-0.001	-0.069	0.422	0.83564
0.96499	2.28746	0.03467	0.514	-0.002	-0.082	0.415	0.80739
0.98597	2.33501	0.03972	0.523	-0.003	-0.101	0.404	0.77247
1.00695	2.3847	0.0521	0.533	-0.005	-0.131	0.385	0.72233
1.02792	2.43553	0.09733	0.546	-0.005	-0.192	0.35	0.64103
1.0489	2.4893	0.32648	0.572	0.001	-0.332	0.279	0.48776
1.06988	2.54435	0.46804	0.576	0.008	-0.434	0.171	0.29688
1.09086	2.59107	0.4867	0.564	0.009	-0.468	0.048	0.08511
1.11184	2.62746	0.48291	0.553	0.014	-0.459	-0.046	-0.08318
1.13281	2.65439	0.48305	0.548	0.019	-0.436	-0.103	-0.18796
1.15379	2.67216	0.48272	0.547	0.04	-0.424	-0.116	-0.21207
1.17477	2.67874	0.48615	0.55	0.111	0.271	0.24	0.43636
	BAND	=	127				--
#	BAND	=	0	0	127	127	--
0	2.69616	0.48583	0.548	-0.108	-0.272	-0.24	-0.43796
0.02098	2.69546	0.49127	0.554	-0.028	-0.38	-0.199	-0.35921
0.04196	2.68527	0.4956	0.558	-0.015	-0.403	-0.183	-0.32796
0.06293	2.66473	0.5022	0.563	-0.011	-0.435	-0.145	-0.25755
0.08391	2.63419	0.50378	0.563	-0.009	-0.458	-0.067	-0.11901
0.10489	2.59498	0.4983	0.556	-0.007	-0.442	0.048	0.08633
0.12587	2.5492	0.49249	0.545	-0.005	-0.384	0.171	0.31376
0.14685	2.49919	0.48625	0.534	-0.004	-0.308	0.265	0.49625
0.16782	2.44718	0.47941	0.522	-0.002	-0.241	0.326	0.62452
0.1888	2.39512	0.47591	0.511	-0.001	-0.19	0.364	0.71233
0.20978	2.34477	0.47037	0.502	-0.001	-0.152	0.387	0.77092
0.23076	2.29763	0.46052	0.494	0	-0.123	0.402	0.81377
0.25174	2.25493	0.45967	0.487	0	-0.101	0.412	0.846
0.27271	2.21758	0.45359	0.483	0	-0.083	0.42	0.86957
0.29369	2.18613	0.4501	0.48	0	-0.068	0.426	0.8875
0.31467	2.16077	0.44854	0.479	0	-0.056	0.433	0.90397
0.33565	2.14133	0.44806	0.481	0	-0.045	0.44	0.91476
0.35663	2.12713	0.44568	0.486	0	-0.037	0.447	0.91975
0.3776	2.11684	0.43764	0.493	0	-0.032	0.444	0.90061
0.39858	2.11609	0.06398	0.514	0.001	0.018	-0.445	-0.86576
0.41956	2.10892	0.18808	0.529	0.001	0.081	-0.443	-0.83743
0.44054	2.09013	0.26846	0.538	0	0.07	-0.479	-0.89033
0.46152	2.11935	0.30599	0.557	-0.008	-0.03	0.495	0.88869
0.4825	2.13708	0.22954	0.56	0.002	0.019	-0.494	-0.88214
0.50347	2.14415	0.27518	0.572	0.002	0.018	-0.518	-0.90559
0.52445	2.15677	0.31463	0.59	0.008	0.066	-0.505	-0.85593
0.54543	2.17817	0.28604	0.578	-0.003	0.011	0.51	0.88235
0.56641	2.18398	0.27743	0.556	-0.002	0.008	0.502	0.90288
0.58739	2.18413	0.27252	0.551	-0.054	0.064	-0.253	-0.45917
0.58739	2.18412	0.27264	0.551	-0.028	0.1	-0.237	-0.43013
0.60836	2.18398	0.27696	0.555	0.001	-0.006	-0.502	-0.9045
0.62934	2.17817	0.28587	0.578	0.003	-0.011	-0.51	-0.88235
0.65032	2.15668	0.31308	0.591	-0.009	-0.079	0.492	0.83249
0.6713	2.14409	0.27558	0.572	-0.002	-0.018	0.518	0.90559
0.69228	2.13702	0.22954	0.56	-0.002	-0.019	0.494	0.88214
0.71325	2.1192	0.30539	0.556	0.007	0.03	-0.496	-0.89209
0.73423	2.09008	0.26798	0.538	0	-0.07	0.479	0.89033
0.75521	2.10886	0.18808	0.529	-0.001	-0.081	0.443	0.83743
0.77619	2.116	0.06375	0.514	-0.001	-0.018	0.445	0.86576
0.79717	2.11642	0.43613	0.493	0	0.033	-0.439	-0.89047
0.81814	2.12672	0.44325	0.485	0	0.038	-0.446	-0.91959
0.83912	2.14096	0.4471	0.48	0	0.046	-0.439	-0.91458
0.8601	2.16048	0.44759	0.478	0	0.056	-0.432	-0.90377
0.88108	2.18593	0.44922	0.479	0	0.068	-0.425	-0.88727
0.90206	2.21747	0.45359	0.482	0	0.082	-0.419	-0.86929
0.92303	2.25491	0.45967	0.486	0	0.098	-0.411	-0.84568
0.94401	2.29768	0.46052	0.493	-0.001	0.119	-0.402	-0.81542
0.96499	2.34486	0.46853	0.501	-0.001	0.144	-0.388	-0.77445
0.98597	2.39519	0.47591	0.51	-0.002	0.178	-0.367	-0.71961
1.00695	2.44715	0.47957	0.52	-0.003	0.224	-0.334	-0.64231
1.02792	2.49893	0.48413	0.531	-0.005	0.286	-0.28	-0.52731
1.0489	2.54853	0.48815	0.542	-0.006	0.358	-0.198	-0.36531
1.06988	2.59376	0.49626	0.553	-0.009	0.423	-0.087	-0.15732
1.09086	2.63259	0.49955	0.56	-0.01	0.454	0.028	0.05
1.11184	2.66272	0.50011	0.561	-0.014	0.445	0.106	0.18895
1.13281	2.68307	0.49491	0.558	-0.02	0.426	0.143	0.25627
1.15379	2.69338	0.4896	0.553	-0.042	0.419	0.136	0.24593
1.17477	2.69612	0.48608	0.549	-0.112	-0.27	-0.241	-0.43898
	BAND	=	128				--
#	BAND	=	0	0	128	128	--
0	2.91599	0.1749	0.336	0.058	-0.115	-0.092	-0.27381
0.02098	2.89178	0.1742	0.333	0.01	-0.265	0.055	0.16517
0.04196	2.86735	0.17082	0.332	-0.009	-0.271	0.004	0.01205
0.06293	2.84308	0.16962	0.33	-0.005	-0.27	-0.017	-0.05152
0.08391	2.8191	0.17062	0.329	0.004	-0.27	-0.019	-0.05775
0.10489	2.79517	0.17182	0.329	0.002	-0.269	-0.039	-0.11854
0.12587	2.77125	0.17261	0.33	-0.015	-0.266	-0.063	-0.19091
0.14685	2.7467	0.17481	0.333	-0.006	-0.253	-0.108	-0.32432
0.16782	2.72089	0.18011	0.339	-0.002	-0.241	-0.137	-0.40413
0.1888	2.69271	0.18649	0.349	-0.006	-0.245	-0.144	-0.41261
0.20978	2.66013	0.19893	0.367	-0.002	-0.229	-0.161	-0.43869
0.23076	2.62091	0.21266	0.393	0	-0.242	-0.146	-0.3715
0.25174	2.57233	0.23007	0.427	0.001	-0.274	-0.106	-0.24824
0.27271	2.51333	0.24983	0.463	0.003	-0.313	-0.041	-0.08855
0.29369	2.44606	0.26057	0.492	0.004	-0.343	0.038	0.07724
0.31467	2.3755	0.26143	0.511	0.006	-0.34	0.14	0.27397
0.33565	2.30692	0.25695	0.52	-0.059	-0.214	0.332	0.63846
0.35663	2.24368	0.27298	0.524	-0.016	0.231	-0.348	-0.66412
0.3776	2.18935	0.2791	0.524	-0.014	0.143	-0.424	-0.80916
0.39858	2.14684	0.27618	0.522	-0.013	0.038	-0.465	-0.8908
0.41956	2.12512	0.23887	0.518	-0.01	-0.151	-0.182	-0.35135
0.44054	2.11966	0.32572	0.526	0.002	-0.064	0.4	0.76046
0.46152	2.13993	0.3248	0.644	0.018	0.246	0.478	0.74224
0.4825	2.19535	0.30954	0.59	0.002	-0.032	-0.513	-0.86949
0.50347	2.21009	0.26027	0.548	-0.003	-0.17	-0.286	-0.5219
0.52445	2.21584	0.28389	0.558	0.01	-0.029	0.333	0.59677
0.54543	2.22926	0.29753	0.596	0.016	0.121	0.427	0.71644
0.56641	2.2467	0.30276	0.617	0.009	0.194	0.427	0.69206
0.58739	2.25478	0.30502	0.62	-0.251	0.143	0.372	0.6
0.58739	2.2548	0.30502	0.62	-0.121	-0.064	0.483	0.77903
0.60836	2.24675	0.30236	0.617	-0.033	-0.196	-0.423	-0.68558
0.62934	2.22931	0.29753	0.596	-0.02	-0.122	-0.426	-0.71477
0.65032	2.21577	0.28417	0.558	-0.009	0.028	-0.337	-0.60394
0.6713	2.21008	0.26027	0.548	0.004	0.17	0.283	0.51642
0.69228	2.19531	0.30878	0.59	-0.005	0.031	0.512	0.8678
0.71325	2.1399	0.3248	0.644	-0.019	-0.246	-0.478	-0.74224
0.73423	2.11944	0.32601	0.525	-0.002	0.065	-0.401	-0.76381
0.75521	2.12501	0.23935	0.518	0.009	0.154	0.176	0.33977
0.77619	2.14679	0.27618	0.522	0.01	-0.036	0.465	0.8908
0.79717	2.1893	0.2791	0.524	0.01	-0.141	0.426	0.81298
0.81814	2.24364	0.2727	0.524	0.011	-0.222	0.356	0.67939
0.83912	2.30693	0.26984	0.521	-0.024	0.02	0.429	0.82342
0.8601	2.37552	0.26278	0.511	-0.001	0.351	-0.119	-0.23288
0.88108	2.44609	0.26017	0.492	-0.005	0.348	-0.028	-0.05691
0.90206	2.51333	0.24899	0.463	-0.001	0.318	0.052	0.11231
0.92303	2.57235	0.23103	0.427	0.001	0.274	0.107	0.25059
0.94401	2.62091	0.21314	0.393	0	0.247	0.148	0.37659
0.96499	2.66014	0.19853	0.367	-0.001	0.234	0.159	0.43324
0.98597	2.69265	0.18805	0.35	-0.003	0.243	0.147	0.42
1.00695	2.72095	0.17796	0.339	-0.013	0.254	0.117	0.34513
1.02792	2.74675	0.17497	0.333	0.007	0.26	0.094	0.28228
1.0489	2.77125	0.17293	0.33	-0.003	0.269	0.048	0.14545
1.06988	2.7952	0.17122	0.329	0	0.27	0.022	0.06687
1.09086	2.81908	0.17059	0.329	-0.006	0.267	-0.026	-0.07903
1.11184	2.84309	0.17131	0.33	0.003	0.269	-0.021	-0.06364
1.13281	2.86747	0.17074	0.331	-0.017	0.271	-0.007	-0.02115
1.15379	2.89177	0.17325	0.333	-0.035	0.267	-0.025	-0.07508
1.17477	2.91595	0.17426	0.336	-0.03	-0.145	-0.085	-0.25298
	BAND	=	129				--
#	BAND	=	0	0	129	129	--
0	2.93114	0.17323	0.336	-0.061	0.114	0.088	0.2619
0.02098	2.9074	0.1543	0.333	-0.01	0.265	-0.055	-0.16517
0.04196	2.8829	0.15413	0.331	0.009	0.271	-0.004	-0.01208
0.06293	2.85863	0.15269	0.33	0.004	0.271	0.017	0.05152
0.08391	2.83454	0.15384	0.329	-0.004	0.27	0.019	0.05775
0.10489	2.8107	0.15304	0.328	-0.002	0.269	0.039	0.1189
0.12587	2.78673	0.15365	0.33	0.015	0.265	0.063	0.19091
0.14685	2.76234	0.15668	0.332	0.006	0.253	0.108	0.3253
0.16782	2.73669	0.15725	0.338	0.003	0.24	0.138	0.40828
0.1888	2.70862	0.16105	0.349	0.008	0.246	0.143	0.40974
0.20978	2.67643	0.16599	0.365	0.003	0.228	0.161	0.4411
0.23076	2.63748	0.18042	0.391	0	0.242	0.146	0.3734
0.25174	2.58921	0.19556	0.425	0	0.273	0.107	0.25176
0.27271	2.53015	0.21791	0.463	-0.003	0.313	0.041	0.08855
0.29369	2.46249	0.23733	0.493	-0.004	0.344	-0.039	-0.07911
0.31467	2.39129	0.25209	0.512	-0.006	0.341	-0.141	-0.27539
0.33565	2.32197	0.26444	0.521	0.059	0.215	-0.333	-0.63916
0.35663	2.25969	0.25223	0.523	0.016	-0.23	0.345	0.65966
0.3776	2.20718	0.24547	0.522	0.013	-0.142	0.419	0.80268
0.39858	2.16781	0.24646	0.519	0.011	-0.047	0.446	0.85934
0.41956	2.14701	0.22129	0.519	0.009	0.086	0.147	0.28324
0.44054	2.15097	0.14466	0.547	-0.001	0.001	-0.417	-0.76234
0.46152	2.17296	0.23403	0.608	-0.011	-0.166	-0.459	-0.75493
0.4825	2.22309	0.27136	0.616	-0.003	0.116	0.482	0.78247
0.50347	2.2316	0.27181	0.541	0.002	0.126	0.273	0.50462
0.52445	2.23891	0.25493	0.569	-0.009	0.003	-0.34	-0.59754
0.54543	2.25206	0.27967	0.596	-0.014	-0.115	-0.428	-0.71812
0.56641	2.26515	0.29765	0.614	-0.008	-0.185	-0.426	-0.69381
0.58739	2.26987	0.30502	0.62	0.25	-0.143	-0.372	-0.6
0.58739	2.2699	0.30502	0.62	0.121	0.063	-0.484	-0.78065
0.60836	2.26513	0.29873	0.613	0.033	0.186	0.421	0.68679
0.62934	2.25203	0.27967	0.596	0.019	0.115	0.426	0.71477
0.65032	2.23881	0.25493	0.569	0.009	-0.002	0.342	0.60105
0.6713	2.23155	0.27181	0.541	-0.002	-0.126	-0.27	-0.49908
0.69228	2.22306	0.27072	0.615	0.005	-0.114	-0.481	-0.78211
0.71325	2.17291	0.2332	0.608	0.013	0.166	0.459	0.75493
0.73423	2.15092	0.1447	0.547	0.002	-0.001	0.418	0.76417
0.75521	2.14689	0.22097	0.519	-0.008	-0.088	-0.14	-0.26975
0.77619	2.16775	0.24646	0.519	-0.009	0.046	-0.446	-0.85934
0.79717	2.20718	0.24547	0.522	-0.01	0.14	-0.42	-0.8046
0.81814	2.25971	0.25295	0.523	-0.011	0.221	-0.354	-0.67686
0.83912	2.32195	0.25115	0.52	0.024	-0.021	-0.428	-0.82308
0.8601	2.39126	0.25206	0.512	0.001	-0.352	0.119	0.23242
0.88108	2.46246	0.23673	0.493	0.005	-0.349	0.028	0.0568
0.90206	2.53011	0.21855	0.463	0.001	-0.319	-0.053	-0.11447
0.92303	2.58918	0.19644	0.426	-0.001	-0.274	-0.108	-0.25352
0.94401	2.63749	0.18029	0.391	0	-0.246	-0.148	-0.37852
0.96499	2.67638	0.16914	0.366	0.002	-0.233	-0.16	-0.43716
0.98597	2.70861	0.16201	0.349	0.003	-0.242	-0.147	-0.4212
1.00695	2.7367	0.15725	0.338	0.015	-0.254	-0.117	-0.34615
1.02792	2.76235	0.15548	0.333	-0.008	-0.259	-0.094	-0.28228
1.0489	2.78677	0.15496	0.33	0.002	-0.269	-0.048	-0.14545
1.06988	2.81072	0.154	0.329	0	-0.271	-0.022	-0.06687
1.09086	2.83459	0.155	0.328	0.006	-0.267	0.025	0.07622
1.11184	2.85864	0.15552	0.33	-0.003	-0.27	0.02	0.06061
1.13281	2.88296	0.15584	0.331	0.016	-0.271	0.007	0.02115
1.15379	2.90748	0.15381	0.333	0.035	-0.267	0.025	0.07508
1.17477	2.93106	0.17537	0.336	0.021	0.137	0.065	0.19345
	BAND	=	130				--
#	BAND	=	0	0	130	130	--
0	2.917	0.1601	0.336	0.081	0.105	0.094	0.27976
0.02098	2.93996	0.1783	0.339	-0.049	0.253	-0.067	-0.19764
0.04196	2.93209	0.15599	0.347	0.014	0.237	0.04	0.11527
0.06293	2.90878	0.15705	0.346	-0.013	0.227	0.069	0.19942
0.08391	2.88495	0.15883	0.345	-0.001	0.235	0.069	0.2
0.10489	2.8606	0.16002	0.345	-0.007	0.238	0.078	0.22609
0.12587	2.83583	0.16764	0.345	-0.006	0.257	0.036	0.10435
0.14685	2.81074	0.1724	0.345	0.004	0.254	0.016	0.04638
0.16782	2.78477	0.17804	0.348	-0.013	0.215	-0.031	-0.08908
0.1888	2.75734	0.18159	0.355	-0.002	0.218	0.019	0.05352
0.20978	2.72754	0.18608	0.366	0.001	0.2	0.053	0.14481
0.23076	2.69353	0.19535	0.386	-0.001	0.188	0.117	0.30311
0.25174	2.65333	0.20954	0.413	0.003	0.185	0.18	0.43584
0.27271	2.60506	0.23063	0.447	-0.001	0.229	0.199	0.44519
0.29369	2.55074	0.24478	0.475	0.002	0.275	0.172	0.36211
0.31467	2.49402	0.25426	0.494	0.003	0.32	0.107	0.2166
0.33565	2.43849	0.26258	0.506	-0.008	0.343	-0.023	-0.04545
0.35663	2.38681	0.26781	0.514	-0.016	0.289	-0.228	-0.44358
0.3776	2.3405	0.27332	0.518	-0.02	0.156	-0.385	-0.74324
0.39858	2.30055	0.27395	0.52	-0.02	0.043	-0.44	-0.84615
0.41956	2.26784	0.27172	0.521	-0.019	-0.036	-0.45	-0.86372
0.44054	2.24347	0.2601	0.523	-0.019	-0.118	-0.428	-0.81836
0.46152	2.22966	0.24664	0.529	-0.022	-0.276	-0.213	-0.40265
0.4825	2.22825	0.32124	0.581	0.002	-0.044	0.503	0.86575
0.50347	2.28427	0.31382	0.658	0.015	0.285	0.442	0.67173
0.52445	2.33728	0.2975	0.634	0.08	0.311	0.239	0.37697
0.54543	2.35355	0.27801	0.55	-0.005	-0.031	-0.441	-0.80182
0.56641	2.35169	0.26262	0.534	-0.026	-0.102	-0.418	-0.78277
0.58739	2.35035	0.26134	0.53	0.226	-0.007	0.23	0.43396
0.58739	2.35034	0.26121	0.53	0.07	-0.101	0.413	0.77925
0.60836	2.35167	0.26262	0.533	0.033	0.079	0.425	0.79737
0.62934	2.35349	0.2786	0.55	0.006	0.032	0.441	0.80182
0.65032	2.33716	0.29846	0.634	-0.039	-0.327	-0.198	-0.3123
0.6713	2.28429	0.31409	0.659	-0.016	-0.283	-0.446	-0.67678
0.69228	2.22818	0.3208	0.58	-0.004	0.044	-0.502	-0.86552
0.71325	2.22963	0.248	0.529	0.018	0.278	0.208	0.39319
0.73423	2.24348	0.25922	0.523	0.014	0.119	0.428	0.81836
0.75521	2.26785	0.27077	0.521	0.011	0.036	0.451	0.86564
0.77619	2.30057	0.27395	0.52	0.01	-0.043	0.441	0.84808
0.79717	2.34052	0.27268	0.518	0.008	-0.155	0.386	0.74517
0.81814	2.38685	0.26781	0.514	0.003	-0.288	0.231	0.44942
0.83912	2.43856	0.26258	0.506	-0.005	-0.343	0.029	0.05731
0.8601	2.49404	0.2547	0.494	-0.001	-0.32	-0.108	-0.21862
0.88108	2.55081	0.2439	0.475	-0.001	-0.276	-0.167	-0.35158
0.90206	2.60507	0.23135	0.447	-0.005	-0.232	-0.194	-0.434
0.92303	2.65326	0.21088	0.414	-0.001	-0.201	-0.183	-0.44203
0.94401	2.69352	0.19563	0.386	-0.001	-0.19	-0.121	-0.31347
0.96499	2.72755	0.1868	0.367	0.002	-0.203	-0.06	-0.16349
0.98597	2.75732	0.18112	0.356	-0.002	-0.223	-0.029	-0.08146
1.00695	2.78483	0.17841	0.348	-0.005	-0.239	-0.009	-0.02586
1.02792	2.8107	0.17137	0.346	-0.016	-0.254	-0.042	-0.12139
1.0489	2.83597	0.16454	0.344	-0.006	-0.241	-0.083	-0.24128
1.06988	2.86066	0.16102	0.344	-0.003	-0.238	-0.076	-0.22093
1.09086	2.88498	0.15768	0.345	-0.005	-0.222	-0.085	-0.24638
1.11184	2.90888	0.15645	0.346	-0.003	-0.219	-0.079	-0.22832
1.13281	2.9322	0.15678	0.346	-0.022	-0.218	-0.07	-0.20231
1.15379	2.94014	0.17774	0.339	0.016	-0.239	0.115	0.33923
1.17477	2.91691	0.15859	0.336	-0.098	-0.099	-0.014	-0.04167
	BAND	=	131				--
#	BAND	=	0	0	131	131	--
0	2.93209	0.15966	0.335	-0.079	-0.105	-0.09	-0.26866
0.02098	2.95607	0.15638	0.338	0.05	-0.254	0.066	0.19527
0.04196	2.9486	0.18506	0.346	-0.015	-0.238	-0.04	-0.11561
0.06293	2.92543	0.18314	0.345	0.013	-0.226	-0.068	-0.1971
0.08391	2.90143	0.18266	0.344	0	-0.236	-0.068	-0.19767
0.10489	2.87702	0.18094	0.344	0.008	-0.238	-0.077	-0.22384
0.12587	2.85228	0.17294	0.344	0.006	-0.259	-0.034	-0.09884
0.14685	2.82702	0.17049	0.345	-0.005	-0.254	-0.014	-0.04058
0.16782	2.80108	0.16477	0.349	0.014	-0.216	0.033	0.09456
0.1888	2.77399	0.17176	0.353	0.005	-0.219	-0.016	-0.04533
0.20978	2.74417	0.17663	0.367	0.001	-0.197	-0.053	-0.14441
0.23076	2.71046	0.18741	0.386	0	-0.186	-0.117	-0.30311
0.25174	2.67056	0.20067	0.412	-0.002	-0.185	-0.179	-0.43447
0.27271	2.62295	0.21383	0.445	0.001	-0.224	-0.201	-0.45169
0.29369	2.56884	0.22347	0.473	-0.002	-0.271	-0.175	-0.36998
0.31467	2.51198	0.2316	0.494	-0.003	-0.319	-0.11	-0.22267
0.33565	2.45616	0.23577	0.506	0.008	-0.343	0.019	0.03755
0.35663	2.40444	0.23475	0.513	0.016	-0.29	0.224	0.43665
0.3776	2.35885	0.23656	0.516	0.02	-0.158	0.379	0.7345
0.39858	2.32031	0.23718	0.517	0.02	-0.046	0.434	0.83946
0.41956	2.28925	0.24198	0.518	0.018	0.031	0.443	0.85521
0.44054	2.26583	0.2485	0.52	0.018	0.105	0.419	0.80577
0.46152	2.2508	0.24556	0.527	0.021	0.239	0.202	0.3833
0.4825	2.25956	0.21327	0.6	-0.001	-0.044	-0.476	-0.79333
0.50347	2.30773	0.27582	0.647	-0.013	-0.257	-0.438	-0.67697
0.52445	2.35346	0.29805	0.624	-0.079	-0.269	-0.245	-0.39263
0.54543	2.3712	0.26743	0.549	0.004	0.016	0.442	0.8051
0.56641	2.36763	0.26164	0.531	0.026	0.093	0.418	0.78719
0.58739	2.3654	0.26021	0.53	-0.225	0.007	-0.23	-0.43396
0.58739	2.36543	0.26134	0.53	-0.07	0.102	-0.412	-0.77736
0.60836	2.36764	0.26267	0.532	-0.033	-0.07	-0.426	-0.80075
0.62934	2.37127	0.26699	0.548	-0.006	-0.018	-0.441	-0.80474
0.65032	2.35339	0.29638	0.624	0.038	0.283	0.201	0.32212
0.6713	2.30772	0.27618	0.647	0.016	0.257	0.44	0.68006
0.69228	2.25952	0.21243	0.599	0.004	0.044	0.475	0.79299
0.71325	2.25072	0.246	0.527	-0.017	-0.241	-0.197	-0.37381
0.73423	2.26577	0.24913	0.519	-0.013	-0.105	-0.419	-0.80732
0.75521	2.28923	0.24262	0.518	-0.011	-0.031	-0.443	-0.85521
0.77619	2.32032	0.23718	0.517	-0.01	0.046	-0.434	-0.83946
0.79717	2.35887	0.23477	0.516	-0.008	0.157	-0.38	-0.73643
0.81814	2.40447	0.23534	0.512	-0.002	0.289	-0.226	-0.44141
0.83912	2.45622	0.23577	0.506	0.005	0.342	-0.025	-0.04941
0.8601	2.51201	0.2316	0.494	0.001	0.318	0.111	0.2247
0.88108	2.56893	0.22164	0.473	0.001	0.272	0.17	0.35941
0.90206	2.62288	0.2124	0.445	0.005	0.227	0.196	0.44045
0.92303	2.67046	0.1992	0.413	0	0.197	0.184	0.44552
0.94401	2.71048	0.18793	0.385	0.001	0.19	0.119	0.30909
0.96499	2.74417	0.17679	0.367	-0.004	0.201	0.059	0.16076
0.98597	2.77387	0.17064	0.355	0.001	0.223	0.027	0.07606
1.00695	2.80113	0.16987	0.348	0.005	0.239	0.008	0.02299
1.02792	2.82711	0.17184	0.345	0.016	0.255	0.041	0.11884
1.0489	2.85233	0.17756	0.344	0.005	0.241	0.082	0.23837
1.06988	2.87718	0.18043	0.344	0.003	0.239	0.074	0.21512
1.09086	2.90159	0.18154	0.345	0.005	0.223	0.084	0.24348
1.11184	2.92555	0.1839	0.345	0.003	0.22	0.078	0.22609
1.13281	2.94883	0.18501	0.346	0.023	0.218	0.069	0.19942
1.15379	2.95587	0.15734	0.338	-0.016	0.241	-0.114	-0.33728
1.17477	2.93202	0.15847	0.335	0.107	0.106	0.033	0.09851
	BAND	=	132				--
#	BAND	=	0	0	132	132	--
0	2.97497	0.15991	0.35	-0.078	-0.18	-0.018	-0.05143
0.02098	2.95462	0.15878	0.348	-0.02	0.241	0.011	0.03161
0.04196	2.96252	0.18308	0.342	-0.016	0.256	-0.062	-0.18129
0.06293	2.98205	0.18645	0.347	-0.009	0.214	-0.118	-0.34006
0.08391	2.9614	0.19481	0.365	0	-0.19	-0.055	-0.15068
0.10489	2.93419	0.19071	0.361	0.036	-0.139	-0.09	-0.24931
0.12587	2.9066	0.18354	0.355	-0.012	-0.125	-0.119	-0.33521
0.14685	2.87921	0.18257	0.352	0.005	0.022	-0.142	-0.40341
0.16782	2.85304	0.17633	0.35	-0.006	0.082	-0.133	-0.38
0.1888	2.82745	0.17088	0.347	-0.053	0.128	-0.098	-0.28242
0.20978	2.80102	0.17262	0.353	0.004	0.179	-0.006	-0.017
0.23076	2.7735	0.17847	0.362	0.008	0.125	0.124	0.34254
0.25174	2.74366	0.19153	0.375	0	0.035	0.123	0.328
0.27271	2.71194	0.19867	0.387	0.001	0.012	0.086	0.22222
0.29369	2.67884	0.20525	0.4	-0.01	0.029	0.072	0.18
0.31467	2.64544	0.21027	0.414	-0.015	0.062	0.07	0.16908
0.33565	2.61201	0.21787	0.429	-0.023	0.107	0.07	0.16317
0.35663	2.57876	0.22761	0.445	-0.053	0.16	0.055	0.1236
0.3776	2.54609	0.23744	0.459	-0.074	0.216	-0.015	-0.03268
0.39858	2.51412	0.24693	0.473	-0.101	0.189	-0.208	-0.43975
0.41956	2.48339	0.25281	0.485	-0.072	0.081	-0.314	-0.64742
0.44054	2.45465	0.25514	0.495	-0.048	-0.01	-0.349	-0.70505
0.46152	2.42873	0.25629	0.504	-0.039	-0.074	-0.361	-0.71627
0.4825	2.40659	0.25519	0.511	-0.029	-0.132	-0.361	-0.70646
0.50347	2.38951	0.24948	0.519	-0.024	-0.22	-0.319	-0.61464
0.52445	2.3801	0.26106	0.537	-0.007	-0.262	0.057	0.10615
0.54543	2.3929	0.29307	0.612	0.036	0.253	0.266	0.43464
0.56641	2.41548	0.28902	0.621	0.004	0.334	0.226	0.36393
0.58739	2.42416	0.28302	0.62	0.134	0.114	0.412	0.66452
0.58739	2.42413	0.28465	0.62	-0.534	0.058	-0.041	-0.06613
0.60836	2.41545	0.2895	0.622	-0.06	-0.331	-0.229	-0.36817
0.62934	2.3931	0.28999	0.61	-0.043	-0.248	-0.259	-0.42459
0.65032	2.38013	0.26111	0.537	0.015	0.261	-0.058	-0.10801
0.6713	2.38948	0.24885	0.519	0.026	0.216	0.322	0.62042
0.69228	2.40659	0.25559	0.511	0.02	0.128	0.363	0.71037
0.71325	2.42878	0.25692	0.504	0.021	0.077	0.362	0.71825
0.73423	2.45473	0.25519	0.496	0.019	0.023	0.35	0.70565
0.75521	2.48352	0.2505	0.485	0.018	-0.058	0.324	0.66804
0.77619	2.51426	0.2469	0.473	0.019	-0.21	0.199	0.42072
0.79717	2.54623	0.23632	0.46	0.001	-0.221	0.002	0.00435
0.81814	2.57901	0.22626	0.445	0.012	-0.158	-0.065	-0.14607
0.83912	2.61237	0.21731	0.429	0.022	-0.101	-0.083	-0.19347
0.8601	2.64563	0.20939	0.414	-0.004	-0.06	-0.077	-0.18599
0.88108	2.67907	0.20494	0.399	0.028	-0.026	-0.066	-0.16541
0.90206	2.71223	0.19859	0.384	-0.001	0.006	-0.062	-0.16146
0.92303	2.74379	0.19232	0.373	0	-0.027	-0.119	-0.31903
0.94401	2.77347	0.18117	0.362	-0.005	-0.109	-0.136	-0.37569
0.96499	2.801	0.17261	0.353	-0.028	-0.182	-0.015	-0.04249
0.98597	2.82702	0.17502	0.35	-0.007	-0.155	0.08	0.22857
1.00695	2.85324	0.17839	0.349	-0.016	-0.125	0.115	0.32951
1.02792	2.87939	0.18041	0.352	-0.006	-0.039	0.139	0.39489
1.0489	2.90664	0.18719	0.356	-0.029	0.065	0.125	0.35112
1.06988	2.93421	0.18629	0.361	0.013	0.178	0.081	0.22438
1.09086	2.9615	0.18808	0.365	-0.017	0.224	0.031	0.08493
1.11184	2.98221	0.18589	0.347	-0.026	-0.214	0.115	0.33141
1.13281	2.96267	0.18256	0.342	0.019	-0.258	0.051	0.14912
1.15379	2.95465	0.15694	0.348	-0.019	-0.24	-0.015	-0.0431
1.17477	2.97496	0.15892	0.35	-0.013	0.098	0.089	0.25429
	BAND	=	133				--
#	BAND	=	0	0	133	133	--
0	2.99054	0.15624	0.35	0.027	0.174	-0.028	-0.08
0.02098	2.97084	0.18333	0.347	0.02	-0.241	-0.01	-0.02882
0.04196	2.97876	0.15946	0.342	0.019	-0.255	0.062	0.18129
0.06293	2.99885	0.16138	0.346	0.013	-0.216	0.117	0.33815
0.08391	2.97891	0.17723	0.366	-0.002	0.186	0.051	0.13934
0.10489	2.95087	0.16961	0.361	-0.035	0.133	0.089	0.24654
0.12587	2.92317	0.17272	0.357	0.012	0.122	0.119	0.33333
0.14685	2.89607	0.1682	0.352	-0.006	-0.027	0.143	0.40625
0.16782	2.86965	0.17169	0.349	0.009	-0.088	0.134	0.38395
0.1888	2.84358	0.17306	0.348	0.055	-0.128	0.098	0.28161
0.20978	2.81693	0.17733	0.353	-0.005	-0.182	0.003	0.0085
0.23076	2.78942	0.18003	0.361	-0.009	-0.126	-0.128	-0.35457
0.25174	2.76014	0.17989	0.372	0.001	-0.034	-0.127	-0.3414
0.27271	2.72923	0.18111	0.38	-0.001	-0.006	-0.086	-0.22632
0.29369	2.69594	0.19011	0.399	0.01	-0.029	-0.075	-0.18797
0.31467	2.66257	0.19801	0.413	0.014	-0.06	-0.071	-0.17191
0.33565	2.62895	0.20506	0.429	0.025	-0.104	-0.071	-0.1655
0.35663	2.59519	0.21438	0.445	0.053	-0.158	-0.057	-0.12809
0.3776	2.56215	0.22008	0.46	0.074	-0.215	0.012	0.02609
0.39858	2.53007	0.22295	0.473	0.101	-0.188	0.205	0.4334
0.41956	2.49983	0.23021	0.484	0.072	-0.081	0.31	0.6405
0.44054	2.47191	0.23848	0.494	0.048	0.009	0.344	0.69636
0.46152	2.4469	0.24503	0.501	0.039	0.071	0.356	0.71058
0.4825	2.42533	0.25163	0.508	0.029	0.124	0.355	0.69882
0.50347	2.40794	0.25746	0.516	0.024	0.205	0.315	0.61047
0.52445	2.39834	0.24973	0.541	0.007	0.217	-0.06	-0.11091
0.54543	2.41241	0.26342	0.609	-0.034	-0.242	-0.264	-0.4335
0.56641	2.43227	0.27898	0.62	-0.003	-0.327	-0.229	-0.36935
0.58739	2.43938	0.28274	0.618	-0.134	-0.119	-0.408	-0.66019
0.58739	2.4394	0.28242	0.617	0.531	-0.059	0.038	0.06159
0.60836	2.43231	0.27934	0.62	0.059	0.324	0.23	0.37097
0.62934	2.41232	0.26338	0.609	0.041	0.24	0.265	0.43514
0.65032	2.3983	0.25152	0.541	-0.014	-0.215	0.06	0.11091
0.6713	2.40801	0.25742	0.516	-0.025	-0.201	-0.317	-0.61434
0.69228	2.42535	0.25163	0.508	-0.02	-0.121	-0.358	-0.70472
0.71325	2.4469	0.24427	0.501	-0.02	-0.073	-0.357	-0.71257
0.73423	2.47194	0.23952	0.494	-0.019	-0.022	-0.345	-0.69838
0.75521	2.49988	0.23057	0.484	-0.018	0.058	-0.32	-0.66116
0.77619	2.53012	0.22266	0.473	-0.019	0.209	-0.196	-0.41438
0.79717	2.56216	0.21996	0.46	-0.001	0.219	0	0
0.81814	2.59533	0.2151	0.445	-0.012	0.156	0.068	0.15281
0.83912	2.62899	0.20757	0.43	-0.021	0.1	0.085	0.19767
0.8601	2.66262	0.19773	0.414	0.003	0.059	0.078	0.18841
0.88108	2.69621	0.19043	0.397	-0.023	0.025	0.07	0.17632
0.90206	2.72902	0.17861	0.383	0	-0.011	0.071	0.18538
0.92303	2.76029	0.17997	0.371	0.002	0.024	0.125	0.33693
0.94401	2.78948	0.17745	0.359	0.004	0.108	0.14	0.38997
0.96499	2.81692	0.1759	0.353	0.031	0.185	0.018	0.05099
0.98597	2.84322	0.17243	0.35	0.007	0.159	-0.081	-0.23143
1.00695	2.86939	0.17046	0.35	0.017	0.126	-0.114	-0.32571
1.02792	2.89614	0.16785	0.352	0.005	0.044	-0.139	-0.39489
1.0489	2.92303	0.16914	0.357	0.032	-0.064	-0.125	-0.35014
1.06988	2.95064	0.17455	0.363	-0.014	-0.175	-0.081	-0.22314
1.09086	2.9789	0.18071	0.367	0.014	-0.22	-0.03	-0.08174
1.11184	2.99901	0.16074	0.346	0.025	0.217	-0.119	-0.34393
1.13281	2.97863	0.15858	0.342	-0.018	0.258	-0.051	-0.14912
1.15379	2.97139	0.1831	0.348	0.018	0.242	0.015	0.0431
1.17477	2.99037	0.16071	0.35	0.021	-0.098	-0.092	-0.26286
	BAND	=	134				--
#	BAND	=	0	0	134	134	--
0	2.97685	0.18529	0.348	0.098	-0.149	0.002	0.00575
0.02098	2.99361	0.15578	0.352	-0.003	-0.231	0.055	0.15625
0.04196	3.00734	0.16812	0.358	0.08	-0.116	0.013	0.03631
0.06293	2.98778	0.19745	0.368	-0.009	-0.196	-0.025	-0.06793
0.08391	2.994	0.19349	0.354	0.01	0.137	-0.135	-0.38136
0.10489	2.98565	0.18959	0.361	-0.001	0.072	-0.101	-0.27978
0.12587	2.96184	0.17853	0.355	-0.01	0.05	-0.12	-0.33803
0.14685	2.93688	0.16983	0.349	0.001	0.056	-0.134	-0.38395
0.16782	2.91207	0.16626	0.344	0.004	0.065	-0.143	-0.4157
0.1888	2.8882	0.16506	0.341	-0.008	0.055	-0.147	-0.43109
0.20978	2.8645	0.16324	0.343	0.012	0.099	-0.122	-0.35569
0.23076	2.84043	0.16479	0.346	-0.001	0.106	-0.093	-0.26879
0.25174	2.81625	0.1619	0.349	0	0.158	-0.027	-0.07736
0.27271	2.79236	0.15932	0.349	-0.013	0.143	0.033	0.09456
0.29369	2.76924	0.16345	0.349	0.001	0.099	0.029	0.08309
0.31467	2.7477	0.16383	0.349	0.014	0.096	0.036	0.10315
0.33565	2.72752	0.16704	0.348	0.009	0.083	0.051	0.14655
0.35663	2.70855	0.16983	0.349	-0.003	0.064	0.067	0.19198
0.3776	2.69059	0.17161	0.351	0.012	0.041	0.079	0.22507
0.39858	2.6731	0.17652	0.358	-0.013	0.001	0.077	0.21508
0.41956	2.65597	0.18009	0.368	-0.035	-0.041	0.064	0.17391
0.44054	2.63908	0.18841	0.382	-0.028	-0.084	0.043	0.11257
0.46152	2.62233	0.20128	0.398	-0.032	-0.071	-0.039	-0.09799
0.4825	2.60614	0.20902	0.417	-0.055	-0.1	-0.072	-0.17266
0.50347	2.59092	0.21906	0.436	0.013	-0.061	-0.156	-0.3578
0.52445	2.57818	0.22381	0.454	0.05	-0.224	-0.082	-0.18062
0.54543	2.56801	0.23008	0.468	-0.007	-0.067	-0.236	-0.50427
0.56641	2.56188	0.23732	0.477	-0.021	-0.114	-0.236	-0.49476
0.58739	2.55956	0.2451	0.481	-0.089	0.084	0.237	0.49272
0.58739	2.5596	0.24234	0.48	0.006	-0.373	0.203	0.42292
0.60836	2.5614	0.23995	0.479	0.007	0.091	0.251	0.52401
0.62934	2.56759	0.2361	0.469	0.042	0.034	0.247	0.52665
0.65032	2.57785	0.22726	0.454	0.036	0.03	0.213	0.46916
0.6713	2.59089	0.21867	0.437	-0.011	0.08	0.148	0.33867
0.69228	2.60614	0.21057	0.417	-0.017	0.071	0.098	0.23501
0.71325	2.62242	0.19825	0.398	0.015	0.121	-0.011	-0.02764
0.73423	2.63916	0.18929	0.382	-0.019	0.077	-0.035	-0.09162
0.75521	2.6561	0.1834	0.368	-0.002	0.045	-0.07	-0.19022
0.77619	2.67318	0.17653	0.358	-0.017	0.001	-0.078	-0.21788
0.79717	2.69061	0.17002	0.351	-0.012	-0.037	-0.077	-0.21937
0.81814	2.70862	0.16959	0.349	-0.028	-0.065	-0.067	-0.19198
0.83912	2.72778	0.16608	0.346	-0.008	-0.089	-0.051	-0.1474
0.8601	2.74783	0.1655	0.348	-0.006	-0.089	-0.033	-0.09483
0.88108	2.76933	0.16417	0.349	-0.014	-0.098	-0.028	-0.08023
0.90206	2.79241	0.16292	0.349	0.011	-0.113	-0.034	-0.09742
0.92303	2.81662	0.16127	0.347	0	-0.168	0.02	0.05764
0.94401	2.84064	0.16142	0.345	0.002	-0.146	0.075	0.21739
0.96499	2.86436	0.16347	0.343	0.004	-0.107	0.12	0.34985
0.98597	2.88809	0.16391	0.342	-0.007	-0.073	0.143	0.41813
1.00695	2.91215	0.16665	0.344	0.008	-0.032	0.15	0.43605
1.02792	2.93689	0.1717	0.349	0.004	-0.041	0.139	0.39828
1.0489	2.96184	0.17651	0.356	0.043	-0.044	0.111	0.3118
1.06988	2.98478	0.18847	0.36	0.028	-0.096	0.09	0.25
1.09086	2.99461	0.19111	0.354	0.028	-0.128	0.144	0.40678
1.11184	2.9883	0.18916	0.367	0.007	0.24	-0.021	-0.05722
1.13281	3.00732	0.16315	0.357	0.026	0.147	0.046	0.12885
1.15379	2.99412	0.15578	0.351	0.015	0.234	-0.022	-0.06268
1.17477	2.97674	0.18507	0.349	0.023	-0.213	0	0
	BAND	=	135				--
#	BAND	=	0	0	135	135	--
0	2.99201	0.18754	0.349	-0.046	0.155	0.045	0.12894
0.02098	3.00993	0.19047	0.351	0.002	0.228	-0.055	-0.1567
0.04196	3.02338	0.18774	0.359	-0.077	0.051	-0.019	-0.05292
0.06293	3.00613	0.17342	0.371	0.004	0.186	0.015	0.04043
0.08391	3.01246	0.16165	0.352	-0.013	-0.148	0.134	0.38068
0.10489	3.00326	0.17262	0.361	-0.005	-0.072	0.096	0.26593
0.12587	2.97959	0.17605	0.356	0.009	-0.049	0.118	0.33146
0.14685	2.95447	0.17474	0.349	-0.003	-0.061	0.134	0.38395
0.16782	2.92972	0.17541	0.344	-0.004	-0.074	0.143	0.4157
0.1888	2.90523	0.17498	0.343	0.009	-0.06	0.142	0.41399
0.20978	2.88096	0.17742	0.345	-0.012	-0.104	0.116	0.33623
0.23076	2.8565	0.17747	0.348	0.001	-0.109	0.085	0.24425
0.25174	2.83188	0.18312	0.351	0.001	-0.16	0.016	0.04558
0.27271	2.80789	0.18593	0.349	0.011	-0.145	-0.04	-0.11461
0.29369	2.78495	0.18467	0.349	-0.001	-0.1	-0.035	-0.10029
0.31467	2.76349	0.18388	0.349	-0.013	-0.095	-0.04	-0.11461
0.33565	2.74341	0.18067	0.348	-0.006	-0.079	-0.052	-0.14943
0.35663	2.72445	0.18208	0.35	0.004	-0.059	-0.066	-0.18857
0.3776	2.70702	0.17944	0.349	-0.011	-0.046	-0.084	-0.24069
0.39858	2.6891	0.18474	0.36	0.015	0.003	-0.076	-0.21111
0.41956	2.67204	0.18966	0.369	0.035	0.045	-0.063	-0.17073
0.44054	2.65515	0.1949	0.383	0.029	0.088	-0.04	-0.10444
0.46152	2.63846	0.20246	0.4	0.033	0.079	0.041	0.1025
0.4825	2.62237	0.21019	0.418	0.051	0.107	0.075	0.17943
0.50347	2.60719	0.21979	0.437	-0.009	0.068	0.16	0.36613
0.52445	2.59473	0.22907	0.451	-0.045	0.22	0.086	0.19069
0.54543	2.58389	0.23771	0.468	0.008	0.067	0.238	0.50855
0.56641	2.57731	0.24301	0.476	0.02	0.114	0.235	0.4937
0.58739	2.57488	0.23907	0.48	0.088	-0.082	-0.235	-0.48958
0.58739	2.57502	0.24239	0.479	-0.006	0.371	-0.202	-0.42171
0.60836	2.57751	0.24161	0.476	-0.008	-0.088	-0.248	-0.52101
0.62934	2.58412	0.2377	0.468	-0.041	-0.034	-0.245	-0.5235
0.65032	2.59425	0.22896	0.455	-0.036	-0.035	-0.215	-0.47253
0.6713	2.60723	0.21987	0.438	0.009	-0.086	-0.151	-0.34475
0.69228	2.62239	0.20823	0.418	0.014	-0.079	-0.1	-0.23923
0.71325	2.63844	0.20215	0.401	-0.015	-0.129	0.005	0.01247
0.73423	2.65527	0.19447	0.384	0.02	-0.084	0.034	0.08854
0.75521	2.67226	0.18942	0.369	0.003	-0.048	0.069	0.18699
0.77619	2.68928	0.18465	0.36	0.016	-0.005	0.078	0.21667
0.79717	2.70666	0.18205	0.353	0.012	0.031	0.076	0.2153
0.81814	2.72471	0.18095	0.35	0.027	0.062	0.068	0.19429
0.83912	2.74419	0.17815	0.345	0.008	0.09	0.05	0.14493
0.8601	2.76372	0.18337	0.349	0.006	0.083	0.034	0.09742
0.88108	2.78515	0.18375	0.35	0.012	0.097	0.035	0.1
0.90206	2.80825	0.1849	0.348	-0.01	0.116	0.043	0.12356
0.92303	2.8323	0.18252	0.348	-0.002	0.168	-0.01	-0.02874
0.94401	2.85655	0.17952	0.348	-0.003	0.148	-0.066	-0.18966
0.96499	2.88101	0.17689	0.344	-0.006	0.113	-0.114	-0.3314
0.98597	2.90499	0.17394	0.343	0.006	0.079	-0.139	-0.40525
1.00695	2.9295	0.17661	0.344	-0.008	0.039	-0.147	-0.42733
1.02792	2.9545	0.17566	0.349	-0.006	0.041	-0.136	-0.38968
1.0489	2.9798	0.17556	0.355	-0.041	0.051	-0.114	-0.32113
1.06988	3.00344	0.1733	0.361	-0.023	0.088	-0.08	-0.22161
1.09086	3.0127	0.16297	0.353	-0.024	0.137	-0.135	-0.38244
1.11184	3.00583	0.18522	0.371	-0.007	-0.236	0.027	0.07278
1.13281	3.02358	0.18936	0.356	-0.023	-0.117	-0.068	-0.19101
1.15379	3.00968	0.19278	0.351	-0.013	-0.231	0.019	0.05413
1.17477	2.99254	0.18464	0.348	-0.027	0.211	0.001	0.00287
	BAND	=	136				--
#	BAND	=	0	0	136	136	--
0	3.05026	0.19179	0.368	-0.018	-0.143	-0.02	-0.05435
0.02098	3.03483	0.19864	0.367	0.007	-0.235	0.032	0.08719
0.04196	3.01412	0.20174	0.362	-0.004	-0.129	0.028	0.07735
0.06293	3.01945	0.18046	0.354	-0.052	0.001	0.154	0.43503
0.08391	3.01974	0.2116	0.358	-0.014	0.051	0.151	0.42179
0.10489	3.01329	0.15934	0.355	-0.009	0.082	-0.128	-0.36056
0.12587	3.00227	0.16746	0.349	-0.061	0.131	-0.089	-0.25501
0.14685	2.98588	0.16255	0.345	-0.002	0.098	-0.142	-0.41159
0.16782	2.96736	0.16523	0.342	0.002	0.078	-0.14	-0.40936
0.1888	2.948	0.16297	0.34	-0.006	0.093	-0.127	-0.37353
0.20978	2.92762	0.16416	0.341	0	0.107	-0.1	-0.29326
0.23076	2.90689	0.16532	0.342	-0.003	0.127	-0.063	-0.18421
0.25174	2.88565	0.16515	0.343	0	0.155	-0.011	-0.03207
0.27271	2.85928	0.19882	0.389	-0.003	0.143	0.122	0.31362
0.29369	2.81542	0.19427	0.37	0.007	0.027	-0.01	-0.02703
0.31467	2.78119	0.17744	0.343	0.008	0	-0.105	-0.30612
0.33565	2.75406	0.16714	0.326	0.003	-0.015	-0.155	-0.47546
0.35663	2.7315	0.16115	0.314	0.009	-0.022	-0.178	-0.56688
0.3776	2.71164	0.15763	0.306	0.001	-0.019	-0.188	-0.61438
0.39858	2.69357	0.15556	0.299	-0.007	-0.011	-0.194	-0.64883
0.41956	2.67678	0.15235	0.292	-0.012	0.001	-0.198	-0.67808
0.44054	2.66108	0.14627	0.284	-0.017	-0.03	-0.203	-0.71479
0.46152	2.64648	0.14117	0.276	-0.014	-0.087	-0.192	-0.69565
0.4825	2.63308	0.1344	0.268	-0.009	-0.148	-0.155	-0.57836
0.50347	2.62115	0.1299	0.26	-0.008	-0.195	-0.094	-0.36154
0.52445	2.6111	0.12423	0.253	-0.003	-0.215	-0.039	-0.15415
0.54543	2.60341	0.12214	0.246	-0.008	-0.214	-0.039	-0.15854
0.56641	2.5986	0.12046	0.242	-0.024	-0.203	-0.064	-0.26446
0.58739	2.59699	0.11985	0.241	-0.067	-0.084	-0.179	-0.74274
0.58739	2.59699	0.11985	0.241	-0.068	-0.074	-0.183	-0.75934
0.60836	2.59862	0.11859	0.242	-0.036	0.194	-0.105	-0.43388
0.62934	2.60343	0.12031	0.246	-0.011	0.216	-0.053	-0.21545
0.65032	2.61111	0.12389	0.253	-0.006	0.221	-0.016	-0.06324
0.6713	2.62118	0.12864	0.26	0.011	0.216	0.037	0.14231
0.69228	2.63311	0.13322	0.268	0.03	0.171	0.127	0.47388
0.71325	2.6465	0.14117	0.276	0.045	0.089	0.187	0.67754
0.73423	2.6611	0.14703	0.284	0.028	0.043	0.201	0.70775
0.75521	2.67681	0.15153	0.292	0.045	0.027	0.195	0.66781
0.77619	2.69358	0.15504	0.299	0.016	0.014	0.193	0.64548
0.79717	2.71167	0.15887	0.306	0.004	0.024	0.189	0.61765
0.81814	2.73149	0.16087	0.314	0.006	0.013	0.175	0.55732
0.83912	2.75413	0.16762	0.325	0.012	0.019	0.156	0.48
0.8601	2.78141	0.17807	0.343	-0.01	-0.017	0.093	0.27114
0.88108	2.81544	0.19491	0.37	-0.004	-0.043	-0.005	-0.01351
0.90206	2.85907	0.19909	0.391	-0.001	-0.149	-0.129	-0.32992
0.92303	2.88598	0.16579	0.342	0	-0.169	0.012	0.03509
0.94401	2.90705	0.16471	0.343	-0.003	-0.135	0.063	0.18367
0.96499	2.92789	0.16384	0.341	-0.003	-0.103	0.105	0.30792
0.98597	2.94788	0.16369	0.341	-0.003	-0.098	0.127	0.37243
1.00695	2.96736	0.16519	0.342	-0.002	-0.051	0.144	0.42105
1.02792	2.98583	0.16703	0.346	0.009	-0.02	0.152	0.43931
1.0489	3.00196	0.16458	0.35	-0.019	-0.095	0.139	0.39714
1.06988	3.01383	0.17532	0.355	0.05	-0.103	0.04	0.11268
1.09086	3.01979	0.20477	0.358	0.031	-0.144	-0.059	-0.1648
1.11184	3.01881	0.19437	0.353	0	-0.119	-0.157	-0.44476
1.13281	3.01456	0.19984	0.364	0.008	0.16	-0.012	-0.03297
1.15379	3.035	0.19422	0.368	-0.009	0.241	-0.056	-0.15217
1.17477	3.05005	0.18901	0.368	-0.017	-0.19	0.017	0.0462
	BAND	=	137				--
#	BAND	=	0	0	137	137	--
0	3.06687	0.19235	0.368	0.029	0.146	-0.013	-0.03533
0.02098	3.05377	0.17648	0.372	0.002	0.238	-0.038	-0.10215
0.04196	3.034	0.16794	0.368	0.005	0.184	-0.029	-0.0788
0.06293	3.03488	0.17137	0.354	0.049	0.004	-0.147	-0.41525
0.08391	3.03549	0.14137	0.359	0.016	-0.051	-0.139	-0.38719
0.10489	3.02992	0.18862	0.355	0.009	-0.071	0.141	0.39718
0.12587	3.02109	0.17859	0.35	0.06	-0.137	0.092	0.26286
0.14685	3.00456	0.1728	0.346	0.005	-0.112	0.141	0.40751
0.16782	2.98695	0.17194	0.343	-0.004	-0.086	0.137	0.39942
0.1888	2.96778	0.1686	0.341	0.006	-0.1	0.12	0.35191
0.20978	2.94738	0.1708	0.344	0	-0.111	0.086	0.25
0.23076	2.92577	0.17339	0.345	0.003	-0.128	0.045	0.13043
0.25174	2.90332	0.17242	0.347	0	-0.151	-0.006	-0.01729
0.27271	2.87584	0.18326	0.387	0.001	-0.133	-0.126	-0.32558
0.29369	2.83216	0.17363	0.372	-0.007	-0.024	0.004	0.01075
0.31467	2.79757	0.16383	0.345	-0.008	0.002	0.1	0.28986
0.33565	2.77022	0.15311	0.327	-0.003	0.017	0.151	0.46177
0.35663	2.74741	0.15035	0.315	-0.009	0.023	0.175	0.55556
0.3776	2.72743	0.14655	0.307	-0.001	0.019	0.186	0.60586
0.39858	2.7092	0.14439	0.3	0.007	0.013	0.192	0.64
0.41956	2.69228	0.14032	0.293	0.012	0.001	0.197	0.67235
0.44054	2.67647	0.13694	0.285	0.017	0.031	0.202	0.70877
0.46152	2.6618	0.13448	0.277	0.014	0.087	0.191	0.68953
0.4825	2.64836	0.13217	0.269	0.009	0.148	0.154	0.57249
0.50347	2.63642	0.13052	0.261	0.008	0.195	0.093	0.35632
0.52445	2.62639	0.12768	0.253	0.004	0.215	0.039	0.15415
0.54543	2.61866	0.12265	0.247	0.008	0.214	0.038	0.15385
0.56641	2.61377	0.12014	0.243	0.024	0.203	0.064	0.26337
0.58739	2.61206	0.1201	0.241	0.067	0.084	0.179	0.74274
0.58739	2.61206	0.1201	0.241	0.068	0.074	0.183	0.75934
0.60836	2.61375	0.12096	0.243	0.036	-0.194	0.105	0.4321
0.62934	2.61864	0.124	0.247	0.011	-0.216	0.053	0.21457
0.65032	2.62635	0.12791	0.253	0.006	-0.221	0.017	0.06719
0.6713	2.63641	0.13162	0.261	-0.011	-0.216	-0.037	-0.14176
0.69228	2.64833	0.13228	0.269	-0.03	-0.171	-0.126	-0.4684
0.71325	2.66174	0.13435	0.277	-0.045	-0.089	-0.186	-0.67148
0.73423	2.67643	0.13845	0.285	-0.028	-0.043	-0.199	-0.69825
0.75521	2.69224	0.13995	0.293	-0.045	-0.028	-0.194	-0.66212
0.77619	2.70914	0.14319	0.3	-0.016	-0.016	-0.192	-0.64
0.79717	2.72739	0.14687	0.307	-0.004	-0.025	-0.187	-0.60912
0.81814	2.74737	0.15047	0.315	-0.007	-0.014	-0.173	-0.54921
0.83912	2.77033	0.15522	0.326	-0.011	-0.022	-0.152	-0.46626
0.8601	2.79763	0.1635	0.345	0.009	0.014	-0.088	-0.25507
0.88108	2.83215	0.17416	0.372	0.003	0.041	0.01	0.02688
0.90206	2.8757	0.1874	0.39	0	0.142	0.135	0.34615
0.92303	2.9038	0.17458	0.346	0.003	0.164	0.003	0.00867
0.94401	2.92589	0.17487	0.345	0.001	0.135	-0.047	-0.13623
0.96499	2.94726	0.17059	0.344	0.003	0.107	-0.092	-0.26744
0.98597	2.96765	0.17016	0.342	0.001	0.104	-0.119	-0.34795
1.00695	2.9872	0.17026	0.343	0.003	0.059	-0.144	-0.41983
1.02792	3.00457	0.17519	0.348	-0.005	0.024	-0.154	-0.44253
1.0489	3.02015	0.18064	0.349	0.019	0.102	-0.144	-0.41261
1.06988	3.03001	0.17341	0.354	-0.049	0.095	-0.055	-0.15537
1.09086	3.03572	0.14978	0.358	-0.036	0.13	0.058	0.16201
1.11184	3.03608	0.15335	0.356	-0.005	0.105	0.158	0.44382
1.13281	3.03435	0.17239	0.367	-0.007	-0.192	0.037	0.10082
1.15379	3.05404	0.18039	0.372	0.002	-0.24	0.062	0.16667
1.17477	3.0662	0.18778	0.368	0.014	0.188	-0.026	-0.07065
	BAND	=	138				--
#	BAND	=	0	0	138	138	--
0	3.0565	0.18506	0.373	-0.009	-0.186	0.019	0.05094
0.02098	3.06139	0.20036	0.369	-0.001	0.163	-0.002	-0.00542
0.04196	3.06112	0.19248	0.372	-0.004	0.09	0.034	0.0914
0.06293	3.04845	0.18283	0.373	-0.007	0.097	0.046	0.12332
0.08391	3.03465	0.13749	0.361	0.003	0.135	0.087	0.241
0.10489	3.03286	0.16531	0.354	-0.045	0.121	0.054	0.15254
0.12587	3.03609	0.21404	0.353	-0.059	0.092	-0.124	-0.35127
0.14685	3.03266	0.20894	0.351	-0.017	0.071	-0.132	-0.37607
0.16782	3.02234	0.1969	0.349	-0.006	0.047	-0.117	-0.33524
0.1888	3.00795	0.18825	0.345	-0.003	0.031	-0.105	-0.30435
0.20978	2.98992	0.182	0.346	-0.003	-0.005	-0.082	-0.23699
0.23076	2.96984	0.17801	0.353	-0.001	-0.047	-0.075	-0.21246
0.25174	2.92119	0.23777	0.45	-0.066	0.038	0.174	0.38667
0.27271	2.86796	0.19632	0.357	-0.008	0.002	0.08	0.22409
0.29369	2.84621	0.17199	0.337	-0.007	0.147	0.068	0.20178
0.31467	2.82747	0.16649	0.334	-0.024	0.173	0.044	0.13174
0.33565	2.80991	0.16297	0.331	-0.024	0.108	-0.022	-0.06647
0.35663	2.79312	0.16247	0.328	-0.018	0.043	-0.04	-0.12195
0.3776	2.77704	0.16202	0.324	-0.028	-0.004	-0.035	-0.10802
0.39858	2.7611	0.16176	0.319	-0.016	-0.052	-0.024	-0.07524
0.41956	2.74571	0.15688	0.312	-0.008	-0.097	0.004	0.01282
0.44054	2.73112	0.15247	0.304	-0.025	-0.117	-0.017	-0.05592
0.46152	2.71761	0.14783	0.296	-0.05	-0.143	-0.003	-0.01014
0.4825	2.70553	0.1434	0.289	-0.025	-0.173	0.008	0.02768
0.50347	2.69525	0.14121	0.282	-0.054	-0.169	-0.039	-0.1383
0.52445	2.68712	0.13594	0.275	-0.074	-0.189	0.007	0.02545
0.54543	2.68098	0.13511	0.271	-0.056	-0.191	-0.037	-0.13653
0.56641	2.67737	0.13185	0.268	-0.034	-0.133	-0.133	-0.49627
0.58739	2.67617	0.13249	0.267	-0.112	-0.119	-0.109	-0.40824
0.58739	2.67619	0.13232	0.267	-0.09	-0.125	-0.119	-0.44569
0.60836	2.67745	0.13128	0.268	-0.147	0.006	-0.145	-0.54104
0.62934	2.68108	0.13282	0.271	-0.114	0.141	-0.136	-0.50185
0.65032	2.68709	0.13756	0.275	-0.07	0.196	-0.06	-0.21818
0.6713	2.69548	0.14027	0.281	-0.063	0.183	-0.072	-0.25623
0.69228	2.70571	0.14314	0.288	-0.05	0.171	-0.066	-0.22917
0.71325	2.71773	0.14849	0.296	-0.053	0.151	-0.068	-0.22973
0.73423	2.73118	0.1515	0.305	-0.064	0.126	-0.045	-0.14754
0.75521	2.74586	0.1547	0.312	-0.045	0.107	-0.04	-0.12821
0.77619	2.76122	0.15917	0.319	-0.036	0.064	0.012	0.03762
0.79717	2.77709	0.16098	0.325	-0.031	0.031	0.029	0.08923
0.81814	2.79324	0.16056	0.328	-0.004	-0.029	0.045	0.1372
0.83912	2.81004	0.16334	0.33	0.001	-0.116	0.021	0.06364
0.8601	2.82763	0.16398	0.333	-0.007	-0.169	-0.019	-0.05706
0.88108	2.84643	0.17045	0.337	0.023	-0.169	-0.061	-0.18101
0.90206	2.86795	0.19573	0.356	0.009	-0.036	-0.08	-0.22472
0.92303	2.92027	0.24375	0.45	0.047	-0.035	-0.198	-0.44
0.94401	2.97006	0.18	0.355	-0.004	0.028	0.071	0.2
0.96499	2.99021	0.1829	0.347	-0.005	0.004	0.086	0.24784
0.98597	3.00787	0.18625	0.347	-0.005	-0.019	0.107	0.30836
1.00695	3.02364	0.19299	0.348	-0.004	-0.051	0.13	0.37356
1.02792	3.03285	0.20496	0.352	-0.005	-0.076	0.129	0.36648
1.0489	3.03624	0.21693	0.353	0.034	-0.103	0.129	0.36544
1.06988	3.03294	0.15441	0.353	0.033	-0.124	-0.078	-0.22096
1.09086	3.03493	0.1386	0.363	0	-0.118	-0.083	-0.22865
1.11184	3.04732	0.17716	0.373	-0.002	-0.131	-0.056	-0.15013
1.13281	3.06118	0.18999	0.372	-0.002	-0.103	-0.071	-0.19086
1.15379	3.06155	0.19897	0.37	-0.004	-0.159	0.005	0.01351
1.17477	3.05612	0.1869	0.373	-0.006	-0.198	0.049	0.13137
	BAND	=	139				--
#	BAND	=	0	0	139	139	--
0	3.07223	0.18336	0.372	0.011	0.171	0.008	0.02151
0.02098	3.08194	0.17511	0.373	0.002	-0.148	-0.01	-0.02681
0.04196	3.08041	0.18118	0.374	0	-0.084	-0.036	-0.09626
0.06293	3.06852	0.19264	0.375	-0.008	-0.092	-0.049	-0.13067
0.08391	3.05408	0.23351	0.364	-0.001	-0.135	-0.094	-0.25824
0.10489	3.04976	0.19194	0.354	0.044	-0.154	-0.058	-0.16384
0.12587	3.05429	0.14232	0.353	0.069	-0.104	0.129	0.36544
0.14685	3.05327	0.14583	0.352	0.018	-0.084	0.129	0.36648
0.16782	3.04384	0.1521	0.349	0.007	-0.056	0.113	0.32378
0.1888	3.02989	0.15548	0.348	0.001	-0.032	0.1	0.28736
0.20978	3.01187	0.15697	0.346	0.003	0.014	0.079	0.22832
0.23076	2.99115	0.16489	0.355	-0.005	0.062	0.068	0.19155
0.25174	2.93826	0.21089	0.447	0.079	-0.04	-0.179	-0.40045
0.27271	2.88499	0.16502	0.368	0.007	0.001	-0.089	-0.24185
0.29369	2.86222	0.16503	0.339	0.008	-0.141	-0.071	-0.20944
0.31467	2.84315	0.16552	0.334	0.025	-0.168	-0.039	-0.11677
0.33565	2.82568	0.1658	0.33	0.023	-0.103	0.034	0.10303
0.35663	2.80919	0.16473	0.328	0.018	-0.035	0.053	0.16159
0.3776	2.79315	0.16051	0.324	0.029	0.014	0.045	0.13889
0.39858	2.77728	0.15694	0.319	0.015	0.059	0.027	0.08464
0.41956	2.76191	0.15218	0.313	0.009	0.103	-0.003	-0.00958
0.44054	2.74718	0.14805	0.305	0.025	0.117	0.015	0.04918
0.46152	2.73384	0.14628	0.297	0.051	0.142	0.002	0.00673
0.4825	2.72165	0.13985	0.29	0.025	0.171	-0.007	-0.02414
0.50347	2.7114	0.13663	0.282	0.053	0.169	0.039	0.1383
0.52445	2.70278	0.13483	0.277	0.074	0.191	-0.006	-0.02166
0.54543	2.69662	0.13242	0.271	0.057	0.192	0.038	0.14022
0.56641	2.69281	0.13193	0.268	0.034	0.134	0.132	0.49254
0.58739	2.69144	0.13161	0.267	0.112	0.119	0.109	0.40824
0.58739	2.69148	0.13301	0.267	0.09	0.125	0.119	0.44569
0.60836	2.69263	0.13073	0.268	0.147	-0.006	0.145	0.54104
0.62934	2.69639	0.13243	0.272	0.113	-0.143	0.136	0.5
0.65032	2.70259	0.13476	0.276	0.07	-0.197	0.059	0.21377
0.6713	2.71105	0.13714	0.282	0.064	-0.185	0.071	0.25177
0.69228	2.72154	0.13989	0.289	0.051	-0.173	0.064	0.22145
0.71325	2.73362	0.1455	0.297	0.053	-0.151	0.067	0.22559
0.73423	2.74709	0.14977	0.305	0.065	-0.129	0.045	0.14754
0.75521	2.76179	0.15405	0.313	0.045	-0.116	0.038	0.12141
0.77619	2.77721	0.1557	0.319	0.036	-0.075	-0.02	-0.0627
0.79717	2.79313	0.16175	0.324	0.031	-0.044	-0.042	-0.12963
0.81814	2.8092	0.16349	0.327	0.005	0.019	-0.061	-0.18654
0.83912	2.8259	0.16464	0.329	0	0.108	-0.034	-0.10334
0.8601	2.84332	0.16796	0.333	0.007	0.162	0.012	0.03604
0.88108	2.86237	0.16587	0.339	-0.022	0.162	0.064	0.18879
0.90206	2.88504	0.16321	0.363	-0.008	0.032	0.088	0.24242
0.92303	2.93954	0.2094	0.447	-0.054	0.031	0.202	0.4519
0.94401	2.99075	0.16928	0.361	0.004	-0.034	-0.069	-0.19114
0.96499	3.01222	0.15641	0.346	0.004	-0.01	-0.083	-0.23988
0.98597	3.02949	0.15656	0.347	0	0.018	-0.1	-0.28818
1.00695	3.04351	0.1533	0.351	0.005	0.055	-0.114	-0.32479
1.02792	3.05222	0.14566	0.353	0	0.087	-0.125	-0.35411
1.0489	3.05369	0.13915	0.353	-0.035	0.122	-0.132	-0.37394
1.06988	3.04945	0.20034	0.354	-0.036	0.149	0.077	0.21751
1.09086	3.05349	0.23052	0.366	0.007	0.156	0.078	0.21311
1.11184	3.06818	0.20471	0.376	-0.004	0.124	0.064	0.17021
1.13281	3.08103	0.18645	0.374	0.002	0.088	0.09	0.24064
1.15379	3.08072	0.17493	0.373	-0.003	0.166	0.001	0.00268
1.17477	3.07229	0.19531	0.373	0.017	0.194	-0.048	-0.12869
	BAND	=	140				--
#	BAND	=	0	0	140	140	--
0	3.14068	0.23798	0.399	-0.085	-0.036	0.085	0.21303
0.02098	3.13067	0.17306	0.395	-0.062	-0.129	-0.032	-0.08101
0.04196	3.11861	0.12437	0.384	0.006	-0.146	-0.034	-0.08854
0.06293	3.10982	0.0852	0.373	0	-0.084	-0.066	-0.17694
0.08391	3.1009	0.06901	0.363	0	-0.053	-0.107	-0.29477
0.10489	3.09146	0.06537	0.358	-0.001	0.017	-0.13	-0.36313
0.12587	3.08533	0.07429	0.353	0.004	0.021	-0.152	-0.43059
0.14685	3.07913	0.09125	0.353	0.001	0.012	-0.149	-0.4221
0.16782	3.07304	0.11109	0.351	0.004	-0.041	-0.142	-0.40456
0.1888	3.0614	0.12736	0.35	-0.002	-0.08	-0.135	-0.38571
0.20978	3.04749	0.13417	0.348	-0.005	-0.122	-0.127	-0.36494
0.23076	2.99787	0.23495	0.479	-0.195	0.114	-0.011	-0.02296
0.25174	2.95361	0.17472	0.346	-0.004	-0.1	-0.027	-0.07803
0.27271	2.93191	0.16318	0.345	-0.015	-0.118	0.017	0.04928
0.29369	2.90366	0.18966	0.378	-0.013	-0.063	0.044	0.1164
0.31467	2.87193	0.18826	0.374	-0.037	-0.026	-0.011	-0.02941
0.33565	2.84386	0.17903	0.362	-0.001	-0.026	-0.019	-0.05249
0.35663	2.81991	0.17144	0.351	-0.016	-0.039	-0.006	-0.01709
0.3776	2.7997	0.16499	0.341	-0.003	-0.049	0.036	0.10557
0.39858	2.7828	0.16157	0.336	-0.002	-0.034	0.094	0.27976
0.41956	2.76848	0.16198	0.335	0	-0.021	0.127	0.3791
0.44054	2.75625	0.16224	0.338	0.004	-0.01	0.135	0.39941
0.46152	2.74591	0.16696	0.343	-0.02	-0.027	0.132	0.38484
0.4825	2.73715	0.16849	0.349	-0.004	-0.06	0.126	0.36103
0.50347	2.73007	0.17181	0.359	0.007	-0.104	0.119	0.33148
0.52445	2.72584	0.17645	0.361	-0.005	-0.16	0.121	0.33518
0.54543	2.72151	0.18521	0.374	0.011	-0.086	0.088	0.23529
0.56641	2.72	0.19345	0.379	0	0.227	-0.131	-0.34565
0.58739	2.71943	0.18848	0.379	-0.077	0.036	-0.033	-0.08707
0.58739	2.71929	0.18866	0.382	0.048	-0.141	0.099	0.25916
0.60836	2.72068	0.18805	0.373	0.07	-0.039	-0.001	-0.00268
0.62934	2.72199	0.17918	0.37	-0.011	0.204	-0.145	-0.39189
0.65032	2.72553	0.17679	0.361	0.002	0.078	-0.114	-0.31579
0.6713	2.73002	0.17232	0.357	0.002	0.1	-0.13	-0.36415
0.69228	2.7374	0.16785	0.349	0.007	0.046	-0.124	-0.3553
0.71325	2.74574	0.16432	0.342	-0.004	0.027	-0.133	-0.38889
0.73423	2.75621	0.16332	0.338	0.002	0.016	-0.136	-0.40237
0.75521	2.76854	0.16003	0.336	-0.004	0.019	-0.125	-0.37202
0.77619	2.78284	0.16245	0.337	0.003	0.036	-0.089	-0.26409
0.79717	2.79979	0.16607	0.342	-0.006	0.047	-0.035	-0.10234
0.81814	2.82025	0.17125	0.351	0.004	0.036	0.005	0.01425
0.83912	2.84407	0.1797	0.362	-0.006	0.019	0.01	0.02762
0.8601	2.87211	0.18711	0.375	-0.046	0.02	0	0
0.88108	2.90577	0.18122	0.375	0.075	0.014	-0.033	-0.088
0.90206	2.93197	0.16741	0.345	0.001	0.164	-0.003	-0.0087
0.92303	2.95332	0.17419	0.345	-0.003	0.091	0.028	0.08116
0.94401	2.99882	0.23245	0.476	-0.073	0.265	0.163	0.34244
0.96499	3.04751	0.13079	0.347	-0.006	0.132	0.12	0.34582
0.98597	3.06183	0.1258	0.35	-0.004	0.072	0.131	0.37429
1.00695	3.07216	0.11098	0.351	-0.003	0.014	0.152	0.43305
1.02792	3.07915	0.09064	0.352	-0.003	-0.007	0.149	0.4233
1.0489	3.08608	0.07274	0.353	-0.001	-0.02	0.153	0.43343
1.06988	3.09224	0.06642	0.356	0.003	0.005	0.137	0.38483
1.09086	3.09929	0.07109	0.364	-0.005	0.022	0.109	0.29945
1.11184	3.10927	0.09162	0.374	0.004	0.069	0.085	0.22727
1.13281	3.11906	0.11912	0.386	0.026	0.139	0.023	0.05959
1.15379	3.13102	0.2044	0.394	0.047	0.098	0.02	0.05076
1.17477	3.13996	0.22628	0.398	-0.131	-0.071	-0.054	-0.13568
	BAND	=	141				--
#	BAND	=	0	0	141	141	--
0	3.15778	0.23334	0.398	0.068	0.101	-0.095	-0.23869
0.02098	3.15855	0.2193	0.394	0.045	0.126	0.065	0.16497
0.04196	3.14576	0.26807	0.389	-0.011	0.142	0.066	0.16967
0.06293	3.13769	0.29425	0.379	-0.016	0.079	0.101	0.26649
0.08391	3.13065	0.29631	0.37	-0.006	0.023	0.121	0.32703
0.10489	3.12329	0.29321	0.363	-0.006	-0.023	0.133	0.36639
0.12587	3.11851	0.28568	0.358	-0.008	-0.024	0.14	0.39106
0.14685	3.11007	0.27174	0.354	-0.008	0.004	0.167	0.47175
0.16782	3.10049	0.25315	0.353	-0.005	0.033	0.149	0.4221
0.1888	3.08905	0.23741	0.349	-0.003	0.091	0.149	0.42693
0.20978	3.07337	0.22506	0.354	0.013	0.133	0.124	0.35028
0.23076	3.01502	0.24105	0.477	0.197	-0.111	0.008	0.01677
0.25174	2.97372	0.16723	0.342	0.003	0.115	0.026	0.07602
0.27271	2.95075	0.1766	0.349	-0.008	0.115	-0.04	-0.11461
0.29369	2.92136	0.17882	0.376	0.008	0.08	-0.065	-0.17287
0.31467	2.89099	0.17615	0.373	0.031	0.043	-0.012	-0.03217
0.33565	2.86269	0.17432	0.363	0	0.038	-0.006	-0.01653
0.35663	2.83852	0.1734	0.354	0.015	0.043	-0.018	-0.05085
0.3776	2.81807	0.17349	0.346	0.001	0.049	-0.054	-0.15607
0.39858	2.80098	0.17457	0.341	0.003	0.034	-0.102	-0.29912
0.41956	2.78638	0.17691	0.34	0	0.017	-0.13	-0.38235
0.44054	2.77432	0.17917	0.342	-0.004	0.012	-0.132	-0.38596
0.46152	2.7645	0.18089	0.344	0.016	0.024	-0.132	-0.38372
0.4825	2.75529	0.1846	0.349	0.003	0.058	-0.123	-0.35244
0.50347	2.74796	0.1908	0.357	-0.008	0.1	-0.126	-0.35294
0.52445	2.74246	0.18676	0.364	-0.002	0.183	-0.112	-0.30769
0.54543	2.73885	0.18857	0.366	-0.018	0.075	-0.096	-0.2623
0.56641	2.73691	0.18398	0.372	0.004	-0.219	0.124	0.33333
0.58739	2.73585	0.18593	0.376	0.088	-0.036	0.032	0.08511
0.58739	2.73623	0.18644	0.369	-0.063	0.123	-0.113	-0.30623
0.60836	2.73628	0.18806	0.37	-0.076	0.034	0.003	0.00811
0.62934	2.7378	0.19114	0.374	0.013	-0.225	0.131	0.35027
0.65032	2.7427	0.188	0.361	-0.003	-0.076	0.117	0.3241
0.6713	2.74815	0.18792	0.356	0	-0.095	0.122	0.3427
0.69228	2.75559	0.18451	0.35	-0.011	-0.045	0.126	0.36
0.71325	2.76398	0.18252	0.345	0.003	-0.027	0.127	0.36812
0.73423	2.77432	0.17933	0.342	-0.001	-0.015	0.136	0.39766
0.75521	2.78656	0.17735	0.34	0.003	-0.013	0.13	0.38235
0.77619	2.80094	0.17546	0.342	-0.004	-0.032	0.101	0.29532
0.79717	2.81829	0.17453	0.347	0.005	-0.045	0.057	0.16427
0.81814	2.83867	0.17448	0.356	-0.004	-0.039	0.024	0.06742
0.83912	2.86271	0.17531	0.366	0.004	-0.031	0.02	0.05464
0.8601	2.89118	0.17973	0.375	0.038	-0.036	0.026	0.06933
0.88108	2.92454	0.17961	0.362	-0.015	-0.015	0.055	0.15193
0.90206	2.95057	0.17479	0.353	-0.004	-0.152	0.045	0.12748
0.92303	2.97332	0.16782	0.345	-0.004	-0.1	-0.017	-0.04928
0.94401	3.01607	0.26883	0.474	0.087	-0.271	-0.163	-0.34388
0.96499	3.07399	0.22055	0.354	-0.006	-0.136	-0.123	-0.34746
0.98597	3.08881	0.23493	0.349	-0.003	-0.086	-0.147	-0.4212
1.00695	3.10312	0.25321	0.353	0.007	-0.046	-0.171	-0.48442
1.02792	3.10832	0.27403	0.356	0.003	0.003	-0.15	-0.42135
1.0489	3.11528	0.28716	0.358	0.002	0.022	-0.151	-0.42179
1.06988	3.12151	0.29525	0.364	-0.007	0.005	-0.135	-0.37088
1.09086	3.13103	0.29634	0.37	0.001	-0.034	-0.111	-0.3
1.11184	3.13721	0.28473	0.377	0.008	-0.072	-0.094	-0.24934
1.13281	3.14351	0.27732	0.389	-0.029	-0.127	-0.048	-0.12339
1.15379	3.1558	0.18028	0.395	-0.009	-0.092	-0.053	-0.13418
1.17477	3.1566	0.23756	0.397	0.077	0.008	0.059	0.14861
	BAND	=	142				--
#	BAND	=	0	0	142	142	--
0	3.15207	0.15364	0.398	0.021	-0.064	0.124	0.31156
0.02098	3.14645	0.2676	0.398	0.017	-0.004	0.033	0.08291
0.04196	3.15004	0.27602	0.392	0.034	0.004	0.055	0.14031
0.06293	3.1487	0.30209	0.385	0.014	0.042	0.028	0.07273
0.08391	3.14478	0.30943	0.375	-0.02	0.064	-0.027	-0.072
0.10489	3.13984	0.32187	0.37	0.003	0.079	-0.041	-0.11081
0.12587	3.13352	0.314	0.362	0.003	0.077	-0.095	-0.26243
0.14685	3.12865	0.21375	0.354	-0.003	0.057	-0.024	-0.0678
0.16782	3.11927	0.13411	0.356	-0.047	-0.055	0.052	0.14607
0.1888	3.112	0.14564	0.359	-0.024	-0.089	0.04	0.11142
0.20978	3.08473	0.2403	0.487	0.293	-0.073	-0.027	-0.05544
0.23076	3.03164	0.13676	0.348	0.009	-0.139	-0.085	-0.24425
0.25174	3.00278	0.20973	0.428	0.056	-0.056	-0.036	-0.08411
0.27271	2.95095	0.20754	0.409	0.024	0.061	0.127	0.31051
0.29369	2.91928	0.17117	0.352	0.002	-0.107	-0.028	-0.07955
0.31467	2.90026	0.15421	0.335	0.003	-0.172	-0.056	-0.16716
0.33565	2.88382	0.14914	0.328	-0.002	-0.187	-0.07	-0.21341
0.35663	2.86888	0.14639	0.324	-0.004	-0.188	-0.072	-0.22222
0.3776	2.85459	0.14111	0.321	-0.006	-0.183	-0.072	-0.2243
0.39858	2.84101	0.14173	0.317	-0.003	-0.184	-0.052	-0.16404
0.41956	2.82787	0.13758	0.314	-0.008	-0.189	-0.018	-0.05732
0.44054	2.81477	0.13852	0.311	-0.01	-0.189	0.013	0.0418
0.46152	2.80172	0.13962	0.308	-0.016	-0.19	0.065	0.21104
0.4825	2.79004	0.13869	0.304	-0.018	-0.187	0.104	0.34211
0.50347	2.7791	0.13922	0.299	-0.034	-0.182	0.124	0.41472
0.52445	2.77038	0.14034	0.295	-0.023	-0.199	0.118	0.4
0.54543	2.76483	0.13871	0.292	-0.047	-0.176	0.153	0.52397
0.56641	2.76111	0.13428	0.293	-0.095	-0.184	0.088	0.30034
0.58739	2.75975	0.13692	0.293	-0.122	-0.019	-0.107	-0.36519
0.58739	2.76062	0.13454	0.291	-0.119	-0.165	0.027	0.09278
0.60836	2.76098	0.13442	0.291	-0.076	0.149	-0.159	-0.54639
0.62934	2.76401	0.13532	0.293	-0.046	0.167	-0.161	-0.54949
0.65032	2.77051	0.136	0.294	-0.032	0.164	-0.155	-0.52721
0.6713	2.77908	0.13708	0.298	-0.031	0.167	-0.139	-0.46644
0.69228	2.78977	0.13881	0.303	-0.02	0.179	-0.109	-0.35974
0.71325	2.80191	0.13827	0.307	0.003	0.19	-0.069	-0.22476
0.73423	2.81437	0.13761	0.312	-0.011	0.19	-0.027	-0.08654
0.75521	2.82755	0.13761	0.314	-0.011	0.187	0.021	0.06688
0.77619	2.84067	0.13966	0.317	-0.008	0.187	0.047	0.14826
0.79717	2.85426	0.14275	0.32	0.001	0.186	0.066	0.20625
0.81814	2.86859	0.14383	0.323	-0.004	0.188	0.077	0.23839
0.83912	2.8836	0.14718	0.328	0.005	0.187	0.066	0.20122
0.8601	2.90021	0.15281	0.334	0.012	0.167	0.045	0.13473
0.88108	2.92046	0.17039	0.354	-0.023	0.055	0.024	0.0678
0.90206	2.95327	0.18774	0.408	0.005	0.02	0.032	0.07843
0.92303	2.99927	0.23226	0.437	0.039	-0.033	-0.108	-0.24714
0.94401	3.03128	0.13615	0.348	0	0.13	0.086	0.24713
0.96499	3.07652	0.25579	0.505	0.169	0.084	-0.167	-0.33069
0.98597	3.11213	0.07278	0.358	-0.013	0.033	-0.177	-0.49441
1.00695	3.12263	0.0632	0.351	0.019	0.02	-0.172	-0.49003
1.02792	3.1285	0.2923	0.363	0	-0.039	0.12	0.33058
1.0489	3.13607	0.31341	0.364	-0.009	-0.069	0.09	0.24725
1.06988	3.14172	0.32006	0.371	0.01	-0.079	0.048	0.12938
1.09086	3.14771	0.31051	0.378	-0.009	-0.063	0.006	0.01587
1.11184	3.14859	0.30658	0.385	-0.004	-0.049	-0.049	-0.12727
1.13281	3.15308	0.26763	0.391	0.048	0.035	-0.08	-0.2046
1.15379	3.15051	0.26787	0.396	0.044	-0.002	-0.034	-0.08586
1.17477	3.1476	0.17435	0.398	0.045	0.036	0.122	0.30653
	BAND	=	143				--
#	BAND	=	0	0	143	143	--
0	3.17137	0.17696	0.397	-0.019	-0.014	-0.128	-0.32242
0.02098	3.17657	0.1334	0.397	-0.021	0.019	-0.079	-0.19899
0.04196	3.17919	0.11779	0.391	0.002	-0.006	-0.066	-0.1688
0.06293	3.17809	0.08494	0.382	-0.003	-0.019	-0.04	-0.10471
0.08391	3.17723	0.07204	0.373	0.009	-0.018	0.006	0.01609
0.10489	3.16425	0.05441	0.362	0.004	-0.04	0.055	0.15193
0.12587	3.15564	0.04498	0.354	0.004	-0.035	0.104	0.29379
0.14685	3.14742	0.1421	0.353	0.011	-0.045	0.013	0.03683
0.16782	3.13711	0.22779	0.355	0.048	0.076	-0.048	-0.13521
0.1888	3.13198	0.22237	0.358	0.024	0.107	-0.034	-0.09497
0.20978	3.10943	0.22584	0.443	-0.203	0.042	0.02	0.04515
0.23076	3.05748	0.21268	0.359	0.005	0.11	0.044	0.12256
0.25174	3.02415	0.14828	0.364	-0.063	-0.137	-0.026	-0.07143
0.27271	2.97649	0.18905	0.391	0.009	-0.098	-0.059	-0.1509
0.29369	2.94218	0.16778	0.354	0.001	0.079	0.065	0.18362
0.31467	2.92259	0.16773	0.338	0.002	0.145	0.094	0.27811
0.33565	2.90647	0.1705	0.332	0.004	0.163	0.113	0.34036
0.35663	2.89079	0.16864	0.329	0.004	0.163	0.113	0.34347
0.3776	2.87697	0.16691	0.326	0.006	0.162	0.109	0.33436
0.39858	2.8638	0.16797	0.324	0.004	0.168	0.085	0.26235
0.41956	2.85087	0.16311	0.322	0.009	0.177	0.041	0.12733
0.44054	2.83783	0.15723	0.319	0.008	0.187	-0.01	-0.03135
0.46152	2.82481	0.14831	0.313	0.016	0.19	-0.072	-0.23003
0.4825	2.81222	0.14446	0.307	0.018	0.178	-0.119	-0.38762
0.50347	2.79996	0.14223	0.304	0.034	0.173	-0.133	-0.4375
0.52445	2.79103	0.13821	0.3	0.017	0.192	-0.121	-0.40333
0.54543	2.78276	0.13557	0.297	0.044	0.173	-0.153	-0.51515
0.56641	2.77852	0.13654	0.296	0.098	0.185	-0.09	-0.30405
0.58739	2.77675	0.13469	0.293	0.123	0.021	0.108	0.3686
0.58739	2.77628	0.13486	0.294	0.112	0.159	-0.029	-0.09864
0.60836	2.7784	0.13727	0.295	0.077	-0.15	0.158	0.53559
0.62934	2.78281	0.1374	0.299	0.042	-0.168	0.16	0.53512
0.65032	2.79001	0.13871	0.3	0.031	-0.16	0.158	0.52667
0.6713	2.79975	0.14281	0.305	0.031	-0.162	0.144	0.47213
0.69228	2.81168	0.14314	0.307	0.016	-0.175	0.121	0.39414
0.71325	2.8249	0.1507	0.314	-0.001	-0.187	0.067	0.21338
0.73423	2.83757	0.15801	0.318	0.011	-0.187	0.014	0.04403
0.75521	2.85058	0.16266	0.321	0.012	-0.179	-0.049	-0.15265
0.77619	2.86331	0.16724	0.324	0.006	-0.171	-0.082	-0.25309
0.79717	2.87654	0.16584	0.326	0.001	-0.166	-0.105	-0.32209
0.81814	2.89046	0.16951	0.328	0.004	-0.166	-0.114	-0.34756
0.83912	2.90531	0.16768	0.332	-0.001	-0.165	-0.102	-0.30723
0.8601	2.92213	0.16714	0.337	-0.001	-0.141	-0.081	-0.24036
0.88108	2.94273	0.16579	0.353	-0.015	-0.045	-0.058	-0.16431
0.90206	2.97299	0.18734	0.392	-0.005	-0.044	-0.081	-0.20663
0.92303	3.01787	0.17354	0.405	-0.033	0.092	0.063	0.15556
0.94401	3.05743	0.21924	0.351	0.001	-0.129	-0.071	-0.20228
0.96499	3.10087	0.2388	0.489	-0.131	-0.053	0.17	0.34765
0.98597	3.13085	0.29502	0.364	-0.008	-0.03	0.18	0.49451
1.00695	3.13986	0.30192	0.361	-0.022	-0.016	0.173	0.47922
1.02792	3.1461	0.06614	0.353	0.008	0.015	-0.121	-0.34278
1.0489	3.15611	0.0495	0.355	0	0.034	-0.101	-0.28451
1.06988	3.16585	0.05839	0.365	0	0.035	-0.049	-0.13425
1.09086	3.17269	0.0652	0.372	0.01	0.042	0.009	0.02419
1.11184	3.18105	0.08583	0.381	-0.005	-0.012	0.047	0.12336
1.13281	3.18074	0.12454	0.389	-0.022	-0.017	0.099	0.2545
1.15379	3.17771	0.14377	0.396	-0.029	-0.01	0.052	0.13131
1.17477	3.16843	0.15311	0.396	0.004	0.011	-0.151	-0.38131
	BAND	=	144				--
#	BAND	=	0	0	144	144	--
0	3.26573	0.17607	0.401	-0.04	-0.071	-0.027	-0.06733
0.02098	3.26644	0.21733	0.401	-0.049	0.037	0.017	0.04239
0.04196	3.26204	0.11524	0.387	-0.073	-0.09	0.01	0.02584
0.06293	3.25399	0.14504	0.377	0.084	-0.024	-0.143	-0.37931
0.08391	3.24952	0.19407	0.375	0.232	0.102	-0.036	-0.096
0.10489	3.24416	0.16587	0.372	0.07	-0.217	-0.016	-0.04301
0.12587	3.23954	0.17287	0.369	0.143	-0.033	0.138	0.37398
0.14685	3.23641	0.14575	0.37	0.08	0.089	0.005	0.01351
0.16782	3.21948	0.07441	0.372	0.013	-0.02	-0.147	-0.39516
0.1888	3.16581	0.25116	0.513	0.154	0.232	0.058	0.11306
0.20978	3.10568	0.17584	0.387	0.043	-0.08	0.014	0.03618
0.23076	3.06774	0.23507	0.453	0.03	-0.082	-0.162	-0.35762
0.25174	3.02959	0.19988	0.378	0.051	0.176	0.038	0.10053
0.27271	3.0033	0.14328	0.345	-0.021	-0.136	-0.126	-0.36522
0.29369	2.98388	0.13647	0.344	-0.006	-0.182	-0.094	-0.27326
0.31467	2.96689	0.13371	0.34	-0.008	-0.18	-0.065	-0.19118
0.33565	2.94907	0.1356	0.34	-0.024	-0.178	-0.019	-0.05588
0.35663	2.93067	0.13221	0.339	-0.003	-0.15	0.027	0.07965
0.3776	2.90959	0.14498	0.344	-0.017	-0.096	0.064	0.18605
0.39858	2.89035	0.14488	0.34	-0.006	-0.06	0.072	0.21176
0.41956	2.8733	0.14889	0.336	-0.008	-0.044	0.075	0.22321
0.44054	2.85998	0.15322	0.335	-0.023	-0.037	0.089	0.26567
0.46152	2.84736	0.15368	0.333	-0.002	-0.036	0.123	0.36937
0.4825	2.84142	0.1576	0.335	0.006	-0.033	0.158	0.47164
0.50347	2.83737	0.1659	0.339	-0.002	-0.052	0.17	0.50147
0.52445	2.83581	0.16454	0.344	-0.05	-0.053	0.141	0.40988
0.54543	2.83655	0.15983	0.34	-0.019	-0.107	0.155	0.45588
0.56641	2.83628	0.16372	0.345	-0.143	0.032	-0.085	-0.24638
0.58739	2.83624	0.16744	0.353	-0.029	0.116	-0.156	-0.44193
0.58739	2.83585	0.16793	0.35	0.05	-0.032	-0.08	-0.22857
0.60836	2.83781	0.15757	0.339	-0.138	0.084	-0.002	-0.0059
0.62934	2.83561	0.15948	0.344	-0.071	-0.053	-0.06	-0.17442
0.65032	2.83585	0.16518	0.338	-0.023	0.053	-0.163	-0.48225
0.6713	2.83733	0.16372	0.338	0.003	0.032	-0.153	-0.45266
0.69228	2.84276	0.1653	0.342	-0.016	0.033	-0.136	-0.39766
0.71325	2.84825	0.1513	0.333	-0.001	0.027	-0.114	-0.34234
0.73423	2.8597	0.14863	0.332	-0.01	0.034	-0.088	-0.26506
0.75521	2.87371	0.14651	0.336	-0.014	0.045	-0.07	-0.20833
0.77619	2.89114	0.14608	0.341	-0.009	0.063	-0.07	-0.20528
0.79717	2.90999	0.14363	0.343	-0.014	0.102	-0.061	-0.17784
0.81814	2.93021	0.14181	0.343	-0.002	0.146	-0.034	-0.09913
0.83912	2.94838	0.13704	0.343	-0.019	0.18	0.02	0.05831
0.8601	2.96629	0.13634	0.343	-0.013	0.183	0.068	0.19825
0.88108	2.98535	0.14063	0.343	0.001	0.157	0.099	0.28863
0.90206	3.00331	0.14118	0.348	-0.013	0.156	0.12	0.34483
0.92303	3.02279	0.16847	0.378	-0.005	0.054	0.103	0.27249
0.94401	3.07514	0.23613	0.454	0.005	0.149	-0.061	-0.13436
0.96499	3.10454	0.09739	0.369	0	0.006	-0.164	-0.44444
0.98597	3.16485	0.21908	0.514	0.112	-0.051	0.225	0.43774
1.00695	3.21988	0.07425	0.372	-0.023	-0.011	0.137	0.36828
1.02792	3.23532	0.13966	0.368	-0.081	-0.014	-0.115	-0.3125
1.0489	3.24118	0.17633	0.371	-0.05	0.062	0.201	0.54178
1.06988	3.24319	0.16833	0.372	-0.085	0.201	-0.099	-0.26613
1.09086	3.24681	0.21013	0.373	-0.112	-0.149	-0.172	-0.46113
1.11184	3.25456	0.17273	0.381	-0.034	0.003	0.021	0.05512
1.13281	3.26042	0.1866	0.391	-0.03	0.027	-0.028	-0.07161
1.15379	3.26619	0.1315	0.394	0.009	0.08	-0.003	-0.00761
1.17477	3.2663	0.13547	0.398	-0.063	-0.108	-0.026	-0.06533
	BAND	=	145				--
#	BAND	=	0	0	145	145	--
0	3.29169	0.10648	0.391	0.021	0.155	0.047	0.1202
0.02098	3.28926	0.21151	0.388	0.165	0.045	0.096	0.24742
0.04196	3.28441	0.17967	0.381	0.011	0.065	-0.19	-0.49869
0.06293	3.27655	0.18331	0.387	-0.019	0.011	-0.001	-0.00258
0.08391	3.26727	0.17333	0.376	-0.136	-0.061	0.008	0.02128
0.10489	3.26099	0.19751	0.372	-0.018	0.204	-0.006	-0.01613
0.12587	3.25657	0.17877	0.371	-0.141	0.046	-0.166	-0.44744
0.14685	3.25508	0.1953	0.373	-0.066	-0.072	-0.097	-0.26005
0.16782	3.2443	0.25692	0.442	-0.088	-0.066	0.018	0.04072
0.1888	3.20113	0.23799	0.487	-0.1	-0.099	-0.001	-0.00205
0.20978	3.12614	0.25794	0.413	-0.063	0.11	0.023	0.05569
0.23076	3.091	0.24344	0.471	-0.09	0.067	0.192	0.40764
0.25174	3.05323	0.22684	0.395	-0.051	-0.016	0.048	0.12152
0.27271	3.02975	0.20933	0.343	0.022	0.157	0.124	0.36152
0.29369	3.01105	0.20738	0.343	0.007	0.202	0.055	0.16035
0.31467	2.99387	0.20624	0.341	-0.007	0.2	0.018	0.05279
0.33565	2.97503	0.20068	0.345	0.035	0.184	-0.066	-0.1913
0.35663	2.95616	0.19502	0.345	-0.006	0.151	-0.116	-0.33623
0.3776	2.93597	0.18995	0.345	0.01	0.11	-0.134	-0.38841
0.39858	2.91773	0.18465	0.348	0.007	0.087	-0.119	-0.34195
0.41956	2.89966	0.18326	0.346	0.006	0.061	-0.107	-0.30925
0.44054	2.884	0.17741	0.349	0.003	0.054	-0.095	-0.27221
0.46152	2.87161	0.17154	0.348	-0.007	0.046	-0.115	-0.33046
0.4825	2.86254	0.16168	0.346	-0.003	0.049	-0.13	-0.37572
0.50347	2.85725	0.17083	0.35	-0.017	0.076	-0.145	-0.41429
0.52445	2.86045	0.139	0.326	0.049	0.021	-0.134	-0.41104
0.54543	2.85902	0.14615	0.33	-0.02	0.087	-0.138	-0.41818
0.56641	2.85527	0.15508	0.336	0.156	-0.029	0.087	0.25893
0.58739	2.85485	0.16336	0.346	-0.029	-0.041	0.114	0.32948
0.58739	2.8553	0.14742	0.324	-0.09	0.056	0.073	0.22531
0.60836	2.85653	0.16076	0.343	0.129	-0.096	0.001	0.00292
0.62934	2.85422	0.15076	0.339	0.081	0.052	0.065	0.19174
0.65032	2.85418	0.1664	0.354	-0.007	-0.067	0.146	0.41243
0.6713	2.85581	0.16554	0.351	-0.014	-0.056	0.138	0.39316
0.69228	2.86324	0.16728	0.351	-0.005	-0.05	0.129	0.36752
0.71325	2.87274	0.17844	0.351	-0.01	-0.063	0.113	0.32194
0.73423	2.88506	0.18059	0.351	0.003	-0.056	0.102	0.2906
0.75521	2.90215	0.18509	0.349	0.001	-0.054	0.105	0.30086
0.77619	2.91799	0.18913	0.351	-0.001	-0.091	0.12	0.34188
0.79717	2.93747	0.19098	0.348	0.014	-0.115	0.136	0.3908
0.81814	2.95659	0.19546	0.346	-0.007	-0.164	0.114	0.32948
0.83912	2.97521	0.20182	0.343	0.003	-0.194	0.059	0.17201
0.8601	2.99435	0.20154	0.34	0.005	-0.211	-0.025	-0.07353
0.88108	3.01292	0.20178	0.339	0.065	-0.18	-0.091	-0.26844
0.90206	3.02856	0.20918	0.343	0.018	-0.183	-0.098	-0.28571
0.92303	3.04745	0.21163	0.36	-0.011	-0.135	-0.092	-0.25556
0.94401	3.10811	0.17987	0.368	-0.028	-0.132	-0.054	-0.14674
0.96499	3.12452	0.29642	0.382	-0.021	-0.034	0.146	0.3822
0.98597	3.18948	0.29636	0.508	-0.135	0.047	-0.214	-0.42126
1.00695	3.24631	0.23585	0.406	0.038	0.097	0.009	0.02217
1.02792	3.25704	0.20805	0.37	0.057	-0.005	0.197	0.53243
1.0489	3.25795	0.18998	0.372	-0.001	-0.103	-0.206	-0.55376
1.06988	3.26381	0.18178	0.374	0	-0.163	0.064	0.17112
1.09086	3.27271	0.19396	0.385	0.025	-0.055	0.068	0.17662
1.11184	3.27438	0.17363	0.385	-0.005	-0.015	-0.036	-0.09351
1.13281	3.27978	0.19615	0.386	-0.116	0.038	-0.077	-0.19948
1.15379	3.28538	0.22622	0.396	-0.082	0.018	0.016	0.0404
1.17477	3.29008	0.23626	0.399	0.079	-0.008	0.006	0.01504
	BAND	=	146				--
#	BAND	=	0	0	146	146	--
0	3.28019	0.21987	0.396	0.046	0.183	-0.048	-0.12121
0.02098	3.27773	0.14791	0.388	0.052	0.041	-0.109	-0.28093
0.04196	3.27601	0.21458	0.383	0.059	0.054	0.091	0.2376
0.06293	3.26944	0.15129	0.378	0.036	-0.092	0.097	0.25661
0.08391	3.25947	0.13943	0.381	-0.027	-0.046	0.153	0.40157
0.10489	3.25873	0.1645	0.383	-0.009	-0.033	-0.155	-0.4047
0.12587	3.2584	0.13312	0.381	-0.012	-0.005	0.044	0.11549
0.14685	3.24891	0.10784	0.368	0.002	-0.017	-0.049	-0.13315
0.16782	3.23788	0.20688	0.405	-0.007	-0.058	-0.049	-0.12099
0.1888	3.2015	0.08359	0.37	0.002	-0.074	-0.173	-0.46757
0.20978	3.13574	0.19494	0.494	0.069	-0.1	-0.215	-0.43522
0.23076	3.09513	0.10263	0.361	-0.028	0.074	0.202	0.55956
0.25174	3.07569	0.25187	0.378	0.036	-0.095	-0.149	-0.39418
0.27271	3.05531	0.17263	0.382	-0.055	0.137	0.037	0.09686
0.29369	3.02922	0.21986	0.379	0.046	-0.027	-0.047	-0.12401
0.31467	3.00253	0.16545	0.382	-0.002	0.11	0.044	0.11518
0.33565	2.9777	0.14449	0.37	0.008	0.101	0.001	0.0027
0.35663	2.95798	0.13038	0.355	-0.01	0.082	-0.059	-0.1662
0.3776	2.94106	0.12467	0.343	0.014	0.026	-0.129	-0.37609
0.39858	2.92334	0.12327	0.338	0.004	-0.011	-0.147	-0.43491
0.41956	2.91108	0.128	0.335	0.003	-0.03	-0.149	-0.44478
0.44054	2.9023	0.13866	0.338	0.017	-0.045	-0.115	-0.34024
0.46152	2.89334	0.13598	0.336	-0.005	-0.039	-0.112	-0.33333
0.4825	2.88347	0.16045	0.347	-0.003	-0.116	-0.011	-0.0317
0.50347	2.87164	0.16642	0.346	0.003	-0.113	0.004	0.01156
0.52445	2.86325	0.17488	0.36	-0.025	-0.176	0.142	0.39444
0.54543	2.85525	0.18311	0.358	0.018	-0.156	0.122	0.34078
0.56641	2.85147	0.1582	0.347	-0.057	0.001	0.005	0.01441
0.58739	2.8459	0.16435	0.339	0.013	-0.044	-0.012	-0.0354
0.58739	2.84875	0.16173	0.343	0.059	-0.156	0.136	0.3965
0.60836	2.84932	0.16537	0.347	-0.014	-0.085	0.064	0.18444
0.62934	2.85404	0.1596	0.352	-0.028	0.158	-0.124	-0.35227
0.65032	2.86331	0.17674	0.351	0.001	0.132	-0.061	-0.17379
0.6713	2.87133	0.15701	0.343	0	0.131	-0.013	-0.0379
0.69228	2.88261	0.15401	0.341	0.009	0.07	0.065	0.19062
0.71325	2.89069	0.14703	0.338	0.008	0.085	0.086	0.25444
0.73423	2.9001	0.13179	0.334	0.004	0.048	0.136	0.40719
0.75521	2.91118	0.13213	0.336	0.007	0.02	0.146	0.43452
0.77619	2.92321	0.12482	0.337	0.011	0.006	0.146	0.43323
0.79717	2.93985	0.12708	0.344	0.018	-0.033	0.116	0.33721
0.81814	2.95653	0.1305	0.355	0.016	-0.073	0.071	0.2
0.83912	2.97864	0.13692	0.369	0.014	-0.124	0	0
0.8601	3.00339	0.17294	0.374	-0.01	-0.091	-0.021	-0.05615
0.88108	3.02914	0.20215	0.382	0.118	0.003	0.041	0.10733
0.90206	3.05438	0.23235	0.381	-0.075	0.119	0.1	0.26247
0.92303	3.07685	0.1885	0.376	0.126	-0.017	0	0
0.94401	3.09893	0.19478	0.377	0.014	0.123	-0.006	-0.01592
0.96499	3.1353	0.24313	0.488	-0.138	0.042	0.139	0.28484
0.98597	3.20056	0.06729	0.365	-0.008	0.056	0.176	0.48219
1.00695	3.24005	0.21489	0.411	0.042	-0.039	0.09	0.21898
1.02792	3.25038	0.12709	0.371	0.009	0.089	0.048	0.12938
1.0489	3.26177	0.15186	0.382	-0.047	0.029	0.075	0.19634
1.06988	3.25807	0.16919	0.384	0.031	0.062	-0.073	-0.1901
1.09086	3.25985	0.13238	0.381	0.08	0.1	-0.122	-0.32021
1.11184	3.26392	0.17418	0.383	0.055	0.084	-0.019	-0.04961
1.13281	3.27622	0.17017	0.384	-0.072	0.052	0.084	0.21875
1.15379	3.27645	0.22916	0.391	0.124	-0.018	-0.14	-0.35806
1.17477	3.27846	0.16897	0.392	0.038	0.031	-0.004	-0.0102
	BAND	=	147				--
#	BAND	=	0	0	147	147	--
0	3.30368	0.26105	0.389	0.039	-0.061	0.006	0.01542
0.02098	3.30463	0.21197	0.389	-0.139	-0.108	0.02	0.05141
0.04196	3.30256	0.1901	0.389	-0.119	-0.039	0.118	0.30334
0.06293	3.29752	0.21002	0.387	-0.101	0.077	0.055	0.14212
0.08391	3.28428	0.24507	0.379	-0.042	0.016	-0.145	-0.38259
0.10489	3.28932	0.19447	0.396	0.005	0.074	-0.035	-0.08838
0.12587	3.29299	0.15056	0.381	-0.084	-0.09	-0.04	-0.10499
0.14685	3.27726	0.28335	0.377	-0.083	0.003	0.093	0.24668
0.16782	3.25821	0.19891	0.385	0.03	0.002	0.011	0.02857
0.1888	3.23375	0.22451	0.469	0.146	-0.138	0.007	0.01493
0.20978	3.18893	0.1104	0.39	0.051	-0.019	-0.082	-0.21026
0.23076	3.11508	0.25504	0.366	0.018	-0.055	-0.158	-0.43169
0.25174	3.09388	0.10222	0.361	-0.055	0.103	0.165	0.45706
0.27271	3.07584	0.16575	0.362	0.034	-0.112	0.03	0.08287
0.29369	3.04709	0.15436	0.388	-0.059	0.004	0.072	0.18557
0.31467	3.02321	0.20267	0.371	0.017	-0.153	0	0
0.33565	3.00292	0.20448	0.354	-0.013	-0.132	0.071	0.20056
0.35663	2.98437	0.21063	0.345	0.033	-0.1	0.126	0.36522
0.3776	2.96834	0.20991	0.334	-0.008	-0.06	0.183	0.5479
0.39858	2.95518	0.20819	0.332	-0.001	-0.016	0.192	0.57831
0.41956	2.94472	0.2045	0.332	0.003	0.007	0.19	0.57229
0.44054	2.93767	0.2016	0.337	0.005	0.049	0.153	0.45401
0.46152	2.93006	0.20007	0.347	-0.001	0.05	0.095	0.27378
0.4825	2.91946	0.19652	0.364	0.005	0.08	-0.013	-0.03571
0.50347	2.90452	0.17552	0.37	0.003	0.081	-0.073	-0.1973
0.52445	2.89951	0.17893	0.369	0.01	0.158	-0.158	-0.42818
0.54543	2.87797	0.16526	0.372	0.003	0.162	-0.154	-0.41398
0.56641	2.86966	0.1893	0.358	0.049	-0.006	-0.013	-0.03631
0.58739	2.86789	0.1622	0.343	0.045	-0.023	0.052	0.1516
0.58739	2.86662	0.1822	0.363	-0.001	0.141	-0.114	-0.31405
0.60836	2.86825	0.16898	0.354	0.004	0.09	-0.052	-0.14689
0.62934	2.87482	0.17154	0.35	0.029	-0.157	0.146	0.41714
0.65032	2.88662	0.16712	0.359	0.012	-0.124	0.107	0.29805
0.6713	2.90194	0.17401	0.365	0.003	-0.101	0.085	0.23288
0.69228	2.91999	0.19044	0.354	0.012	-0.058	-0.035	-0.09887
0.71325	2.927	0.19877	0.346	0.008	-0.051	-0.101	-0.29191
0.73423	2.93469	0.20197	0.334	0.007	-0.028	-0.164	-0.49102
0.75521	2.94398	0.20239	0.333	-0.005	-0.015	-0.182	-0.54655
0.77619	2.95399	0.20726	0.334	0.006	0.021	-0.188	-0.56287
0.79717	2.96687	0.21534	0.336	-0.012	0.039	-0.177	-0.52679
0.81814	2.98226	0.21143	0.343	0.002	0.104	-0.132	-0.38484
0.83912	3.00045	0.21844	0.353	0.009	0.148	-0.062	-0.17564
0.8601	3.02273	0.19656	0.375	0.025	0.114	-0.01	-0.02667
0.88108	3.05528	0.14702	0.366	-0.171	-0.002	-0.078	-0.21311
0.90206	3.07834	0.10776	0.36	0.082	-0.129	-0.136	-0.37778
0.92303	3.09566	0.16538	0.359	-0.104	-0.002	-0.043	-0.11978
0.94401	3.13086	0.24155	0.438	0.044	-0.073	0.057	0.13014
0.96499	3.19087	0.07833	0.369	-0.013	0.077	0.139	0.37669
0.98597	3.2345	0.25943	0.387	0	-0.026	-0.139	-0.35917
1.00695	3.26071	0.20908	0.4	0.079	-0.019	-0.026	-0.065
1.02792	3.2785	0.24383	0.385	-0.001	-0.039	-0.094	-0.24416
1.0489	3.2798	0.15316	0.382	0.038	-0.064	0.136	0.35602
1.06988	3.28215	0.19752	0.386	-0.05	-0.114	0.119	0.30829
1.09086	3.29004	0.22554	0.384	-0.021	0.131	0.102	0.26563
1.11184	3.29078	0.18216	0.385	-0.05	-0.039	-0.029	-0.07532
1.13281	3.3027	0.14829	0.386	-0.014	-0.131	0.063	0.16321
1.15379	3.29979	0.18891	0.388	-0.006	-0.056	0.135	0.34794
1.17477	3.2983	0.25224	0.393	0.032	-0.007	0.106	0.26972
	BAND	=	148				--
#	BAND	=	0	0	148	148	--
0	3.29624	0.2325	0.389	-0.016	-0.079	0.007	0.01799
0.02098	3.30199	0.20902	0.393	0.005	-0.124	0.02	0.05089
0.04196	3.29571	0.2321	0.391	0.057	0.061	0.008	0.02046
0.06293	3.2914	0.25874	0.382	-0.01	0.052	-0.022	-0.05759
0.08391	3.29685	0.17299	0.391	0.065	0.111	-0.001	-0.00256
0.10489	3.28959	0.1809	0.382	-0.128	-0.016	0.007	0.01832
0.12587	3.28798	0.28744	0.383	0.082	0.064	0.132	0.34465
0.14685	3.27587	0.19698	0.393	0.041	-0.037	0.009	0.0229
0.16782	3.25933	0.21237	0.42	0.024	-0.054	0.06	0.14286
0.1888	3.22518	0.29979	0.37	0.003	0.058	0.144	0.38919
0.20978	3.19033	0.18477	0.407	-0.168	0.059	0.037	0.09091
0.23076	3.1513	0.06452	0.357	-0.001	-0.099	-0.132	-0.36975
0.25174	3.12686	0.11318	0.361	-0.041	-0.082	-0.118	-0.32687
0.27271	3.10004	0.14593	0.367	-0.006	-0.094	0.057	0.15531
0.29369	3.07036	0.1255	0.362	-0.021	-0.045	0.236	0.65193
0.31467	3.05132	0.10762	0.347	-0.024	0.004	0.241	0.69452
0.33565	3.03429	0.09704	0.34	-0.026	0.031	0.243	0.71471
0.35663	3.02003	0.10214	0.34	-0.02	0.058	0.229	0.67353
0.3776	3.0077	0.09498	0.335	0.002	0.064	0.231	0.68955
0.39858	2.99658	0.09032	0.335	-0.047	0.068	0.213	0.63582
0.41956	2.98755	0.09639	0.333	0	0.087	0.174	0.52252
0.44054	2.97142	0.15709	0.371	-0.007	-0.162	0.072	0.19407
0.46152	2.96019	0.13289	0.353	-0.041	-0.141	0.092	0.26062
0.4825	2.9364	0.16297	0.345	-0.083	-0.018	0.072	0.2087
0.50347	2.93233	0.1665	0.333	0.05	0.038	0.125	0.37538
0.52445	2.93062	0.17156	0.333	0.047	0.063	0.097	0.29129
0.54543	2.92853	0.15926	0.33	-0.009	0.161	-0.08	-0.24242
0.56641	2.93447	0.17281	0.325	0.139	0.074	0.069	0.21231
0.58739	2.93373	0.16639	0.318	-0.124	0.057	-0.12	-0.37736
0.58739	2.93352	0.16282	0.324	-0.171	-0.096	-0.035	-0.10802
0.60836	2.93158	0.17547	0.331	-0.191	0.027	0.028	0.08459
0.62934	2.93369	0.17095	0.32	-0.178	0.06	-0.071	-0.22188
0.65032	2.92762	0.17436	0.33	0.021	-0.039	-0.142	-0.4303
0.6713	2.92947	0.17547	0.336	-0.034	-0.017	-0.133	-0.39583
0.69228	2.93644	0.15751	0.346	-0.035	0.048	-0.095	-0.27457
0.71325	2.95441	0.1576	0.361	0.034	0.052	-0.022	-0.06094
0.73423	2.97549	0.15815	0.366	-0.039	0.102	-0.021	-0.05738
0.75521	2.99098	0.08712	0.328	-0.07	-0.06	-0.21	-0.64024
0.77619	2.99811	0.08862	0.332	-0.028	-0.068	-0.22	-0.66265
0.79717	3.01101	0.08384	0.331	-0.004	-0.049	-0.231	-0.69789
0.81814	3.02215	0.0943	0.338	-0.013	-0.03	-0.248	-0.73373
0.83912	3.03524	0.09334	0.34	-0.01	-0.022	-0.247	-0.72647
0.8601	3.05198	0.10059	0.346	-0.013	-0.002	-0.246	-0.71098
0.88108	3.07717	0.14859	0.359	-0.017	0.11	-0.168	-0.46797
0.90206	3.10554	0.10491	0.358	-0.018	0.165	0.025	0.06983
0.92303	3.12905	0.11469	0.36	-0.025	0.093	0.143	0.39722
0.94401	3.15566	0.0916	0.378	0.008	0.033	0.123	0.3254
0.96499	3.19627	0.23865	0.391	0.021	-0.03	-0.085	-0.21739
0.98597	3.22829	0.22454	0.415	-0.078	-0.092	-0.112	-0.26988
1.00695	3.25324	0.24826	0.386	0.09	-0.058	-0.107	-0.2772
1.02792	3.27247	0.26728	0.398	0.036	-0.071	-0.113	-0.28392
1.0489	3.28028	0.22066	0.379	0.06	-0.004	-0.127	-0.33509
1.06988	3.29063	0.14337	0.378	0.068	-0.036	0.05	0.13228
1.09086	3.29263	0.20928	0.39	0.014	-0.02	0.046	0.11795
1.11184	3.2958	0.20132	0.391	0.069	-0.057	0.022	0.05627
1.13281	3.29415	0.18102	0.39	0.052	0.028	-0.058	-0.14872
1.15379	3.29923	0.17535	0.39	0.125	-0.07	0.092	0.2359
1.17477	3.29301	0.1754	0.392	0.039	0.022	-0.073	-0.18622
	BAND	=	149				--
#	BAND	=	0	0	149	149	--
0	3.32554	0.20293	0.386	0.004	-0.082	0.084	0.21762
0.02098	3.32555	0.2007	0.391	-0.059	-0.041	-0.066	-0.1688
0.04196	3.33058	0.2279	0.389	-0.026	-0.08	-0.015	-0.03856
0.06293	3.3134	0.18793	0.382	0.049	0.011	0.035	0.09162
0.08391	3.33235	0.26164	0.369	-0.105	0.117	0.101	0.27371
0.10489	3.31503	0.26181	0.381	0	0.076	0.031	0.08136
0.12587	3.30736	0.23825	0.375	-0.026	0.061	-0.025	-0.06667
0.14685	3.2966	0.22659	0.382	0.074	0.029	0.044	0.11518
0.16782	3.27723	0.20195	0.435	0.055	0.055	-0.022	-0.05057
0.1888	3.26023	0.21189	0.382	-0.014	-0.031	-0.014	-0.03665
0.20978	3.23506	0.24222	0.38	0.018	0.104	0.198	0.52105
0.23076	3.19806	0.29549	0.355	0.033	0.128	0.094	0.26479
0.25174	3.15848	0.27072	0.395	0.027	-0.018	0.034	0.08608
0.27271	3.13461	0.20427	0.37	0.023	0.07	-0.043	-0.11622
0.29369	3.10314	0.22122	0.357	0.015	0.008	-0.242	-0.67787
0.31467	3.089	0.21315	0.351	0.007	0.012	-0.245	-0.69801
0.33565	3.07041	0.21589	0.351	0.049	-0.01	-0.227	-0.64672
0.35663	3.05568	0.20216	0.347	0.07	-0.057	-0.197	-0.56772
0.3776	3.03853	0.21285	0.354	-0.012	-0.017	-0.214	-0.60452
0.39858	3.02431	0.16771	0.362	0.027	-0.024	-0.148	-0.40884
0.41956	3.0098	0.14547	0.371	-0.001	-0.167	0.013	0.03504
0.44054	2.99938	0.13459	0.355	-0.169	0.064	0.058	0.16338
0.46152	2.98159	0.17699	0.367	-0.008	0.104	-0.093	-0.25341
0.4825	2.97909	0.18813	0.345	0.005	0.004	-0.08	-0.23188
0.50347	2.96232	0.17709	0.337	-0.054	-0.017	-0.053	-0.15727
0.52445	2.96049	0.17932	0.33	-0.041	-0.062	-0.077	-0.23333
0.54543	2.95647	0.17791	0.317	0.019	-0.145	0.106	0.33438
0.56641	2.95168	0.16421	0.318	-0.144	-0.086	-0.058	-0.18239
0.58739	2.95259	0.14437	0.319	0.138	-0.061	0.123	0.38558
0.58739	2.96003	0.16942	0.311	0.161	0.119	0.007	0.02251
0.60836	2.95061	0.17611	0.324	0.203	-0.049	-0.04	-0.12346
0.62934	2.96762	0.1725	0.311	0.168	-0.08	0.069	0.22186
0.65032	2.95392	0.17271	0.331	-0.011	0.027	0.092	0.27795
0.6713	2.95974	0.17946	0.345	0.021	-0.003	0.069	0.2
0.69228	2.97418	0.16437	0.348	-0.052	-0.034	0.056	0.16092
0.71325	2.99662	0.11721	0.34	0.186	-0.038	-0.072	-0.21176
0.73423	2.99585	0.13597	0.359	0.094	-0.082	-0.009	-0.02507
0.75521	3.0129	0.16908	0.383	0.065	0.163	-0.026	-0.06789
0.77619	3.0257	0.13674	0.357	0.043	0.037	0.134	0.37535
0.79717	3.03877	0.18079	0.36	0.021	0.008	0.172	0.47778
0.81814	3.056	0.17961	0.347	-0.014	0.011	0.207	0.59654
0.83912	3.07364	0.20297	0.346	0	0.024	0.225	0.65029
0.8601	3.08657	0.20428	0.355	0.002	-0.013	0.231	0.6507
0.88108	3.10888	0.19176	0.352	0.072	-0.051	0.207	0.58807
0.90206	3.13148	0.27181	0.372	0.02	-0.063	0.124	0.33333
0.92303	3.15592	0.27985	0.384	0.036	-0.004	-0.016	-0.04167
0.94401	3.19053	0.29748	0.367	-0.012	-0.086	-0.151	-0.41144
0.96499	3.2234	0.24143	0.379	0.097	0.015	-0.086	-0.22691
0.98597	3.25861	0.20866	0.381	0.082	-0.067	0.128	0.33596
1.00695	3.28427	0.25707	0.421	-0.09	0.075	-0.008	-0.019
1.02792	3.29876	0.20219	0.411	0.038	-0.029	0.085	0.20681
1.0489	3.3024	0.24418	0.388	-0.053	-0.067	-0.049	-0.12629
1.06988	3.31054	0.2645	0.385	-0.101	0.044	-0.014	-0.03636
1.09086	3.3275	0.2383	0.389	0.007	-0.045	-0.096	-0.24679
1.11184	3.32293	0.19578	0.385	0.046	-0.087	-0.066	-0.17143
1.13281	3.3157	0.27281	0.39	0.073	0.007	0.044	0.11282
1.15379	3.32508	0.17565	0.385	-0.047	0.021	-0.125	-0.32468
1.17477	3.32228	0.21906	0.387	-0.06	-0.08	-0.018	-0.04651
	BAND	=	150				--
#	BAND	=	0	0	150	150	--
0	3.3314	0.18996	0.389	0.001	0	-0.121	-0.31105
0.02098	3.32559	0.2053	0.39	-0.098	0.157	-0.063	-0.16154
0.04196	3.32817	0.24185	0.386	0.107	0.106	0.023	0.05959
0.06293	3.33332	0.23062	0.385	-0.032	0.094	0.072	0.18701
0.08391	3.32119	0.13027	0.388	0.053	-0.143	-0.014	-0.03608
0.10489	3.31229	0.10608	0.378	0.125	-0.098	-0.075	-0.19841
0.12587	3.30361	0.16348	0.391	-0.02	-0.031	0.005	0.01279
0.14685	3.29893	0.20066	0.445	0.036	0.152	-0.047	-0.10562
0.16782	3.2655	0.23042	0.442	0.071	-0.024	0.053	0.11991
0.1888	3.25304	0.19884	0.384	-0.029	0.13	0.139	0.36198
0.20978	3.24952	0.18571	0.37	-0.058	0.143	-0.005	-0.01351
0.23076	3.23408	0.20716	0.398	-0.1	0.068	-0.099	-0.24874
0.25174	3.19017	0.18627	0.407	0.074	0.086	-0.004	-0.00983
0.27271	3.15947	0.18614	0.369	0.004	0.102	-0.054	-0.14634
0.29369	3.1225	0.13415	0.365	0.001	-0.034	-0.136	-0.3726
0.31467	3.09442	0.1285	0.351	0.003	-0.08	-0.144	-0.41026
0.33565	3.07566	0.13035	0.339	0.023	-0.076	-0.162	-0.47788
0.35663	3.05615	0.14706	0.336	0.031	-0.085	-0.153	-0.45536
0.3776	3.03451	0.14098	0.337	-0.02	-0.114	-0.132	-0.39169
0.39858	3.01695	0.19291	0.344	0.024	-0.136	-0.117	-0.34012
0.41956	3.00602	0.22104	0.364	0.011	-0.035	-0.182	-0.5
0.44054	3.00486	0.23825	0.339	-0.013	0.049	-0.151	-0.44543
0.46152	2.99391	0.14976	0.36	0.017	-0.042	0.122	0.33889
0.4825	2.99377	0.15322	0.349	0.01	0.057	0.044	0.12607
0.50347	3.00509	0.14795	0.347	0.088	-0.087	0.007	0.02017
0.52445	3.00743	0.17426	0.367	-0.112	0.075	0.012	0.0327
0.54543	3.01382	0.18762	0.367	0.074	-0.058	-0.045	-0.12262
0.56641	3.02362	0.20479	0.423	0.004	0.118	-0.091	-0.21513
0.58739	3.0246	0.17109	0.364	-0.122	0.019	-0.021	-0.05769
0.58739	3.01156	0.2152	0.439	-0.004	-0.288	0.061	0.13895
0.60836	3.02835	0.15337	0.337	-0.128	0.077	0.058	0.17211
0.62934	3.01489	0.18361	0.361	-0.117	-0.075	0.027	0.07479
0.65032	3.00797	0.14476	0.344	-0.075	0.157	-0.05	-0.14535
0.6713	3.00108	0.14687	0.34	-0.136	0.034	-0.027	-0.07941
0.69228	2.99758	0.20067	0.342	0.048	-0.025	0.106	0.30994
0.71325	2.9961	0.20843	0.348	-0.038	-0.036	0.1	0.28736
0.73423	2.99174	0.16085	0.372	-0.081	0.08	-0.037	-0.09946
0.75521	3.00347	0.21214	0.38	-0.047	0.003	0.192	0.50526
0.77619	3.01927	0.21799	0.356	-0.065	0.133	0.141	0.39607
0.79717	3.03732	0.17322	0.339	-0.005	0.099	0.156	0.46018
0.81814	3.05453	0.17509	0.341	-0.016	0.107	0.148	0.43402
0.83912	3.07424	0.14306	0.342	-0.012	0.074	0.165	0.48246
0.8601	3.09666	0.14688	0.351	0.003	0.048	0.17	0.48433
0.88108	3.1303	0.18892	0.368	0.087	0.002	0.086	0.2337
0.90206	3.16395	0.20597	0.389	0.008	0.014	-0.003	-0.00771
0.92303	3.19471	0.18819	0.408	0.004	-0.039	0.049	0.1201
0.94401	3.24049	0.19755	0.394	-0.093	-0.09	-0.002	-0.00508
0.96499	3.25889	0.18755	0.367	0.13	-0.085	0.012	0.0327
0.98597	3.25296	0.21373	0.38	-0.124	0.141	-0.068	-0.17895
1.00695	3.28137	0.19365	0.417	-0.009	0.062	0.04	0.09592
1.02792	3.29162	0.20895	0.417	-0.003	-0.01	-0.049	-0.11751
1.0489	3.30311	0.17832	0.392	0.075	0.044	0.078	0.19898
1.06988	3.30943	0.10442	0.373	0.001	0.092	0.087	0.23324
1.09086	3.31485	0.18997	0.377	-0.055	0.025	0.014	0.03714
1.11184	3.32275	0.26024	0.385	-0.042	-0.083	-0.057	-0.14805
1.13281	3.32263	0.18395	0.393	0.011	-0.031	-0.117	-0.29771
1.15379	3.31917	0.22469	0.387	0.077	0.02	-0.015	-0.03876
1.17477	3.32703	0.22745	0.391	0.018	0.098	-0.171	-0.43734
	BAND	=	151				--
#	BAND	=	0	0	151	151	--
0	3.3566	0.19811	0.391	0.075	0.001	0.065	0.16624
0.02098	3.36693	0.20621	0.388	0.081	0.018	0.097	0.25
0.04196	3.35053	0.11246	0.38	0.01	-0.157	-0.047	-0.12368
0.06293	3.35508	0.11166	0.378	-0.034	-0.077	-0.101	-0.2672
0.08391	3.34052	0.17517	0.381	0.027	-0.147	-0.077	-0.2021
0.10489	3.33288	0.19116	0.392	0.052	0.007	0.05	0.12755
0.12587	3.33529	0.17864	0.419	0.08	0.002	-0.041	-0.09785
0.14685	3.32659	0.20476	0.404	0.023	-0.044	0.009	0.02228
0.16782	3.2993	0.18417	0.385	0.085	-0.006	-0.165	-0.42857
0.1888	3.3069	0.23855	0.381	-0.132	0.026	-0.005	-0.01312
0.20978	3.26876	0.2028	0.37	0.011	-0.105	0.029	0.07838
0.23076	3.26912	0.17848	0.373	0.148	-0.072	0.125	0.33512
0.25174	3.23635	0.24715	0.381	-0.059	-0.041	0.081	0.2126
0.27271	3.22489	0.20157	0.399	-0.017	-0.133	0.049	0.12281
0.29369	3.17296	0.2766	0.351	-0.003	0.07	0.167	0.47578
0.31467	3.14862	0.26772	0.358	-0.004	0.066	0.131	0.36592
0.33565	3.13519	0.27421	0.338	-0.008	0.089	0.163	0.48225
0.35663	3.11907	0.27018	0.347	-0.015	0.093	0.131	0.37752
0.3776	3.08039	0.24684	0.378	0.031	0.023	0.038	0.10053
0.39858	3.05738	0.24478	0.38	-0.006	0.032	-0.024	-0.06316
0.41956	3.03452	0.2098	0.355	-0.055	0.035	-0.109	-0.30704
0.44054	3.07072	0.17296	0.369	0.019	0.097	-0.052	-0.14092
0.46152	3.01957	0.23605	0.34	0.06	0.039	-0.158	-0.46471
0.4825	3.03394	0.0917	0.34	0.059	-0.072	-0.053	-0.15588
0.50347	3.02632	0.17418	0.327	-0.105	0.006	-0.061	-0.18654
0.52445	3.0353	0.16312	0.357	0.061	0.064	0.005	0.01401
0.54543	3.05233	0.15958	0.349	-0.15	-0.011	0.057	0.16332
0.56641	3.04164	0.18509	0.335	-0.051	0.035	-0.141	-0.4209
0.58739	3.0537	0.21442	0.382	0.087	-0.153	-0.047	-0.12304
0.58739	3.04991	0.18248	0.34	-0.188	0.027	-0.035	-0.10294
0.60836	3.05256	0.19093	0.338	0.128	0.004	-0.059	-0.17456
0.62934	3.03887	0.17011	0.353	0.123	0.107	-0.061	-0.1728
0.65032	3.03364	0.17519	0.336	0.008	-0.086	0.043	0.12798
0.6713	3.01947	0.1732	0.338	0.123	-0.045	0.026	0.07692
0.69228	3.0294	0.14165	0.355	-0.087	-0.003	-0.012	-0.0338
0.71325	3.03614	0.18854	0.362	-0.205	0.049	0.004	0.01105
0.73423	3.02228	0.24996	0.337	0.006	-0.077	0.157	0.46588
0.75521	3.03422	0.21334	0.333	0.037	-0.063	0.138	0.41441
0.77619	3.05383	0.23417	0.366	0.07	-0.063	0.033	0.09016
0.79717	3.0943	0.23175	0.362	0.019	-0.04	-0.053	-0.14641
0.81814	3.10249	0.26334	0.356	0.003	-0.071	-0.093	-0.26124
0.83912	3.12598	0.2713	0.341	0.011	-0.065	-0.166	-0.4868
0.8601	3.14636	0.26848	0.346	0.009	-0.062	-0.163	-0.4711
0.88108	3.18921	0.25963	0.374	-0.1	-0.026	-0.116	-0.31016
0.90206	3.20763	0.20464	0.38	-0.002	-0.061	-0.151	-0.39737
0.92303	3.24362	0.2505	0.387	-0.021	0.052	-0.079	-0.20413
0.94401	3.27165	0.19802	0.375	0.014	0.131	0.121	0.32267
0.96499	3.2944	0.21831	0.402	-0.074	-0.048	-0.053	-0.13184
0.98597	3.30363	0.21004	0.397	0.001	-0.072	-0.175	-0.44081
1.00695	3.32116	0.15858	0.415	-0.001	-0.019	-0.097	-0.23373
1.02792	3.31702	0.25418	0.417	-0.035	0.029	-0.026	-0.06235
1.0489	3.32437	0.26851	0.406	0.004	0.106	-0.095	-0.23399
1.06988	3.33192	0.29612	0.387	-0.017	0.112	-0.065	-0.16796
1.09086	3.33477	0.14388	0.384	0.032	0.119	0.002	0.00521
1.11184	3.35365	0.11911	0.38	-0.053	0.176	0.056	0.14737
1.13281	3.35045	0.23173	0.394	-0.027	0.033	0.087	0.22081
1.15379	3.35275	0.2579	0.391	-0.02	-0.06	-0.177	-0.45269
1.17477	3.34887	0.12721	0.389	-0.018	0.13	0.1	0.25707
	BAND	=	152				--
#	BAND	=	0	0	152	152	--
0	3.35475	0.25223	0.389	-0.138	-0.067	-0.003	-0.00771
0.02098	3.36081	0.29349	0.387	-0.022	0.008	0.072	0.18605
0.04196	3.35081	0.24045	0.389	-0.028	0.064	-0.121	-0.31105
0.06293	3.35953	0.22014	0.394	0.049	0.081	0.145	0.36802
0.08391	3.33789	0.2083	0.404	-0.085	-0.07	0.062	0.15347
0.10489	3.33296	0.21672	0.386	0.058	-0.032	0.051	0.13212
0.12587	3.32583	0.24412	0.419	-0.132	0.027	-0.019	-0.04535
0.14685	3.331	0.2704	0.406	-0.012	-0.127	0.017	0.04187
0.16782	3.30664	0.26399	0.402	-0.093	-0.144	0.015	0.03731
0.1888	3.30809	0.15717	0.391	-0.103	0.102	0.008	0.02046
0.20978	3.29688	0.17799	0.399	0.146	0.052	-0.081	-0.20301
0.23076	3.27118	0.19746	0.393	0.093	-0.089	-0.012	-0.03053
0.25174	3.26508	0.1723	0.366	0.099	0.125	0.223	0.60929
0.27271	3.27423	0.22198	0.364	-0.181	0.08	-0.149	-0.40934
0.29369	3.26515	0.2021	0.372	0.055	0.079	-0.237	-0.6371
0.31467	3.25162	0.21261	0.429	0.12	-0.097	0.034	0.07925
0.33565	3.24308	0.20991	0.438	0.104	0.076	0.088	0.20091
0.35663	3.20313	0.23459	0.423	0.107	0.108	0.038	0.08983
0.3776	3.16974	0.26185	0.404	0.123	-0.111	-0.001	-0.00248
0.39858	3.11819	0.1807	0.416	0.056	0.168	-0.025	-0.0601
0.41956	3.08497	0.17647	0.398	0.006	0.146	-0.034	-0.08543
0.44054	3.07559	0.2145	0.353	0.064	-0.071	0.041	0.11615
0.46152	3.04738	0.117	0.34	-0.062	0.046	-0.119	-0.35
0.4825	3.05141	0.21351	0.348	-0.121	-0.072	0.029	0.08333
0.50347	3.05966	0.22908	0.34	0.111	-0.052	0.059	0.17353
0.52445	3.06844	0.24542	0.324	-0.001	-0.05	0.123	0.37963
0.54543	3.0617	0.24944	0.342	0.037	0.008	0.065	0.19006
0.56641	3.0461	0.13564	0.338	0.073	-0.027	0.092	0.27219
0.58739	3.05757	0.18491	0.369	-0.013	-0.022	0.093	0.25203
0.58739	3.04758	0.17931	0.332	0.171	-0.016	0.037	0.11145
0.60836	3.08785	0.20575	0.354	-0.067	0.005	0.066	0.18644
0.62934	3.0547	0.21788	0.386	-0.01	-0.118	0.002	0.00518
0.65032	3.05226	0.18378	0.365	-0.042	0.103	-0.004	-0.01096
0.6713	3.04516	0.15032	0.332	-0.053	-0.007	0.124	0.37349
0.69228	3.05959	0.22854	0.357	0.022	0.151	-0.024	-0.06723
0.71325	3.04054	0.14464	0.344	-0.044	-0.066	0.123	0.35756
0.73423	3.05983	0.16099	0.369	-0.017	-0.069	0.066	0.17886
0.75521	3.08492	0.18017	0.39	-0.029	-0.134	0.022	0.05641
0.77619	3.11619	0.20471	0.413	-0.101	-0.15	-0.032	-0.07748
0.79717	3.15063	0.21563	0.425	0.129	-0.167	0.029	0.06824
0.81814	3.20245	0.22207	0.425	-0.023	0.053	-0.16	-0.37647
0.83912	3.25404	0.22031	0.413	0.092	-0.111	-0.176	-0.42615
0.8601	3.26665	0.19183	0.373	0.204	-0.163	0.074	0.19839
0.88108	3.26975	0.19913	0.373	0.146	0.061	0.203	0.54424
0.90206	3.26744	0.18263	0.37	0.111	-0.027	0.201	0.54324
0.92303	3.26112	0.17615	0.366	0.13	-0.159	-0.147	-0.40164
0.94401	3.26964	0.19813	0.395	-0.015	-0.024	-0.076	-0.19241
0.96499	3.28895	0.21334	0.379	0.068	0.034	0.08	0.21108
0.98597	3.30472	0.15593	0.396	-0.172	-0.035	-0.006	-0.01515
1.00695	3.32529	0.20035	0.396	0.022	-0.031	0.021	0.05303
1.02792	3.35164	0.2373	0.401	-0.007	-0.037	-0.055	-0.13716
1.0489	3.33476	0.14372	0.393	-0.028	0.011	-0.075	-0.19084
1.06988	3.32871	0.19597	0.405	0.084	-0.119	0	0
1.09086	3.33992	0.14633	0.389	-0.016	-0.025	0.015	0.03856
1.11184	3.36359	0.23355	0.376	-0.12	-0.079	-0.04	-0.10638
1.13281	3.35924	0.13781	0.375	0.107	0.075	0.05	0.13333
1.15379	3.34829	0.20187	0.387	-0.14	0.019	0.042	0.10853
1.17477	3.34307	0.29714	0.389	0.071	-0.096	-0.017	-0.0437
	BAND	=	153				--
#	BAND	=	0	0	153	153	--
0	3.41986	0.09756	0.383	-0.075	-0.056	-0.006	-0.01567
0.02098	3.42933	0.18901	0.372	0.019	-0.034	-0.044	-0.11828
0.04196	3.3772	0.28231	0.383	0.105	-0.031	0.088	0.22977
0.06293	3.40466	0.18095	0.385	0.042	0.023	-0.049	-0.12727
0.08391	3.39092	0.1393	0.383	0.071	0.034	-0.007	-0.01828
0.10489	3.36574	0.20678	0.396	0.074	-0.003	0.085	0.21465
0.12587	3.39914	0.28537	0.384	0.017	-0.002	-0.018	-0.04688
0.14685	3.36311	0.17	0.384	0.029	-0.027	0.005	0.01302
0.16782	3.34419	0.17736	0.387	0.035	0.036	-0.03	-0.07752
0.1888	3.34728	0.21258	0.388	0.221	0.04	-0.058	-0.14948
0.20978	3.33665	0.17149	0.389	-0.116	-0.014	0.011	0.02828
0.23076	3.32125	0.17546	0.376	-0.042	0.164	0.058	0.15426
0.25174	3.29598	0.20637	0.368	-0.063	-0.063	-0.223	-0.60598
0.27271	3.31779	0.18354	0.391	0.128	0.028	0.056	0.14322
0.29369	3.28866	0.15989	0.376	-0.046	-0.123	0.219	0.58245
0.31467	3.28622	0.19442	0.381	-0.149	0.083	-0.067	-0.17585
0.33565	3.28601	0.17316	0.374	0.198	-0.058	0.158	0.42246
0.35663	3.27888	0.1764	0.393	0.054	-0.088	-0.028	-0.07125
0.3776	3.22756	0.19267	0.4	-0.143	0.165	0.097	0.2425
0.39858	3.1627	0.26574	0.379	-0.015	-0.102	0.061	0.16095
0.41956	3.13343	0.26616	0.35	0.023	-0.049	0.119	0.34
0.44054	3.15391	0.17911	0.368	0.123	-0.041	0.043	0.11685
0.46152	3.1032	0.26584	0.321	0.056	-0.013	0.172	0.53583
0.4825	3.12767	0.24551	0.354	0.13	0.027	0.12	0.33898
0.50347	3.11449	0.22573	0.378	-0.111	-0.028	-0.012	-0.03175
0.52445	3.1176	0.2029	0.423	-0.116	0.024	0.066	0.15603
0.54543	3.10202	0.16325	0.356	0.041	0.088	-0.085	-0.23876
0.56641	3.10515	0.214	0.358	0.095	-0.019	0.014	0.03911
0.58739	3.10879	0.21195	0.368	-0.037	0.106	0.014	0.03804
0.58739	3.08089	0.20286	0.394	-0.14	0.132	-0.053	-0.13452
0.60836	3.11736	0.16595	0.365	0.118	-0.129	-0.02	-0.05479
0.62934	3.10745	0.22733	0.386	-0.047	0.029	-0.129	-0.3342
0.65032	3.09311	0.20411	0.329	0.163	-0.083	-0.044	-0.13374
0.6713	3.06909	0.23654	0.329	0.095	0.016	-0.117	-0.35562
0.69228	3.07799	0.20611	0.338	0.008	-0.009	-0.017	-0.0503
0.71325	3.09501	0.25711	0.325	0.041	0.019	-0.117	-0.36
0.73423	3.10773	0.26056	0.341	0.032	0.042	-0.136	-0.39883
0.75521	3.12834	0.26553	0.358	0.028	0.071	-0.091	-0.25419
0.77619	3.15364	0.25706	0.387	0.078	0.074	-0.016	-0.04134
0.79717	3.21298	0.24565	0.402	-0.178	0.078	-0.055	-0.13682
0.81814	3.24122	0.22658	0.42	0.073	-0.011	0.157	0.37381
0.83912	3.2943	0.18726	0.38	-0.009	0.198	0.107	0.28158
0.8601	3.28745	0.20802	0.428	-0.008	-0.153	-0.019	-0.04439
0.88108	3.31853	0.17729	0.39	-0.028	0.031	-0.092	-0.2359
0.90206	3.30554	0.18024	0.367	-0.123	-0.02	-0.11	-0.29973
0.92303	3.31689	0.16835	0.384	0.003	0.03	0.183	0.47656
0.94401	3.32276	0.23226	0.384	0.125	0.16	0.087	0.22656
0.96499	3.32961	0.19714	0.395	-0.023	-0.014	-0.077	-0.19494
0.98597	3.35072	0.29225	0.403	-0.104	-0.029	-0.174	-0.43176
1.00695	3.3664	0.13748	0.398	0.104	-0.064	0.086	0.21608
1.02792	3.3756	0.26241	0.413	-0.067	-0.008	-0.035	-0.08475
1.0489	3.4188	0.22454	0.359	-0.063	-0.035	0.062	0.1727
1.06988	3.39027	0.25684	0.378	0.061	-0.068	-0.018	-0.04762
1.09086	3.44152	0.2771	0.361	0.022	-0.046	0.026	0.07202
1.11184	3.39017	0.21386	0.386	0.106	0.114	0.003	0.00777
1.13281	3.40585	0.19254	0.378	-0.04	-0.072	0.05	0.13228
1.15379	3.38681	0.23524	0.385	-0.038	0.005	0.113	0.29351
1.17477	3.37469	0.16379	0.391	-0.046	-0.063	0.01	0.02558
							
