#t		s0	
0	1	1	1
50	1	1	0.9996
100	1	1	0.9993
150	1	1	0.9987
200	1	1	0.998
250	1	1	0.9975
300	1	1	0.9972
350	1	1	0.9968
400	1	1	0.9968
450	1	1	0.9967
500	1	1	0.9965
550	1	1	0.9962
600	1	0.9995	0.9958
650	1	0.9995	0.9954
700	1	0.9995	0.9954
750	1	0.9995	0.9948
800	1	0.9995	0.9943
850	1	0.9995	0.994
900	1	0.9995	0.9935
950	1	0.9995	0.9932
1000	1	0.9995	0.9928
1050	1	0.9995	0.9924
1100	1	0.9995	0.9921
1150	1	0.9995	0.9917
1200	1	0.9995	0.9916
1250	1	0.9995	0.991
1300	1	0.9995	0.9905
1350	1	0.9995	0.9901
1400	1	0.9995	0.9899
1450	1	0.999	0.9897
1500	1	0.999	0.9896
1550	1	0.999	0.9889
1600	1	0.999	0.9886
1650	1	0.999	0.9884
1700	1	0.999	0.988
1750	1	0.999	0.9873
1800	1	0.999	0.9865
1850	1	0.999	0.9858
1900	1	0.999	0.9856
1950	1	0.999	0.9854
2000	1	0.999	0.9847
2050	1	0.999	0.9846
2100	1	0.999	0.9843
2150	1	0.999	0.9841
2200	1	0.999	0.9837
2250	1	0.999	0.9836
2300	1	0.999	0.9831
2350	1	0.999	0.9829
2400	0.99875	0.999	0.9825
2450	0.99875	0.999	0.9822
2500	0.99875	0.999	0.9819
2550	0.99875	0.999	0.9812
2600	0.99875	0.999	0.9807
2650	0.99875	0.999	0.9803
2700	0.99875	0.999	0.9801
2750	0.99875	0.999	0.9799
2800	0.99875	0.999	0.9796
2850	0.99875	0.999	0.9794
2900	0.99875	0.999	0.9792
2950	0.99875	0.999	0.9789
3000	0.99875	0.999	0.9786
3050	0.99875	0.999	0.978
3100	0.99875	0.9985	0.9778
3150	0.99875	0.9985	0.9776
3200	0.99875	0.9985	0.9773
3250	0.99875	0.9985	0.9771
3300	0.99875	0.9985	0.9767
3350	0.99875	0.9985	0.9765
3400	0.99875	0.9985	0.976
3450	0.99875	0.9985	0.9758
3500	0.99875	0.9985	0.9751
3550	0.99875	0.9985	0.975
3600	0.99875	0.9985	0.9745
3650	0.99875	0.9985	0.9745
3700	0.99875	0.9985	0.9743
3750	0.99875	0.9985	0.9739
3800	0.99875	0.9985	0.9737
3850	0.99875	0.9985	0.9736
3900	0.99875	0.9985	0.9734
3950	0.99875	0.9985	0.9731
4000	0.99875	0.9985	0.973
4050	0.99875	0.9985	0.9727
4100	0.99875	0.9985	0.9724
4150	0.99875	0.9985	0.9723
4200	0.99875	0.9985	0.9716
4250	0.99875	0.9985	0.971
4300	0.99875	0.998	0.9709
4350	0.99875	0.998	0.9703
4400	0.99875	0.9975	0.9701
4450	0.99875	0.9975	0.9697
4500	0.99875	0.9975	0.9693
4550	0.99875	0.997	0.9691
4600	0.99875	0.997	0.9684
4650	0.99875	0.997	0.9682
4700	0.99875	0.9965	0.9679
4750	0.99875	0.9965	0.9673
4800	0.99875	0.9965	0.967
4850	0.99875	0.9965	0.9668
4900	0.99875	0.9965	0.9666
4950	0.99875	0.9965	0.9664
5000	0.99875	0.9965	0.9657
5050	0.99875	0.9965	0.9652
5100	0.99875	0.9965	0.9649
5150	0.99875	0.9965	0.9647
5200	0.99875	0.9965	0.9646
5250	0.99875	0.9965	0.9645
5300	0.99875	0.9965	0.9643
5350	0.99875	0.9965	0.9639
5400	0.99875	0.9965	0.9636
5450	0.99875	0.9965	0.963
5500	0.99875	0.9965	0.9628
5550	0.99875	0.996	0.9626
5600	0.99875	0.996	0.962
5650	0.99875	0.996	0.9613
5700	0.99875	0.996	0.9611
5750	0.99875	0.996	0.9608
5800	0.99875	0.996	0.9606
5850	0.99875	0.996	0.9601
5900	0.99875	0.996	0.9598
5950	0.99875	0.996	0.9596
6000	0.99875	0.996	0.959
6050	0.99875	0.996	0.9588
6100	0.99875	0.996	0.9583
6150	0.99875	0.996	0.958
6200	0.99875	0.996	0.9577
6250	0.99875	0.996	0.9575
6300	0.99875	0.996	0.9572
6350	0.99875	0.996	0.9569
6400	0.99875	0.996	0.9565
6450	0.99875	0.996	0.9563
6500	0.99875	0.996	0.956
6550	0.99875	0.996	0.9558
6600	0.99875	0.996	0.9552
6650	0.99875	0.996	0.955
6700	0.99875	0.9955	0.9548
6750	0.99875	0.9955	0.9542
6800	0.99875	0.9955	0.9538
6850	0.99875	0.9955	0.9533
6900	0.99875	0.9955	0.9529
6950	0.99875	0.9955	0.9526
7000	0.99875	0.9955	0.9524
7050	0.99875	0.9955	0.952
7100	0.99875	0.9955	0.9518
7150	0.99875	0.9955	0.9516
7200	0.99875	0.9955	0.9514
7250	0.99875	0.9955	0.9508
7300	0.99875	0.9955	0.9504
7350	0.99875	0.9955	0.9499
7400	0.99875	0.9955	0.9488
7450	0.99875	0.9955	0.9486
7500	0.99875	0.9955	0.9481
7550	0.99875	0.9955	0.9476
7600	0.99875	0.9955	0.947
7650	0.99875	0.9955	0.9466
7700	0.99875	0.9955	0.9462
7750	0.99875	0.9955	0.9459
7800	0.99875	0.9955	0.9459
7850	0.99875	0.995	0.9452
7900	0.99875	0.995	0.9448
7950	0.99875	0.995	0.9441
8000	0.99875	0.995	0.9436
8050	0.99875	0.995	0.943
8100	0.99875	0.995	0.9427
8150	0.99875	0.995	0.9424
8200	0.99875	0.995	0.9419
8250	0.99875	0.995	0.9416
8300	0.99875	0.995	0.9414
8350	0.99875	0.995	0.9408
8400	0.99875	0.995	0.9404
8450	0.99875	0.995	0.9402
8500	0.99875	0.995	0.9398
8550	0.99875	0.995	0.9391
8600	0.99875	0.995	0.9391
8650	0.99875	0.995	0.939
8700	0.99875	0.995	0.9387
8750	0.99875	0.995	0.938
8800	0.99875	0.995	0.9377
8850	0.99875	0.995	0.9375
8900	0.99875	0.995	0.9373
8950	0.99875	0.995	0.9369
9000	0.99875	0.995	0.9364
9050	0.99875	0.995	0.9361
9100	0.99875	0.9945	0.9359
9150	0.99875	0.9945	0.9356
9200	0.99875	0.994	0.9354
9250	0.99875	0.994	0.9349
9300	0.99875	0.994	0.9345
9350	0.99875	0.994	0.9344
9400	0.99875	0.994	0.9338
9450	0.99875	0.994	0.9333
9500	0.99875	0.994	0.9329
9550	0.99875	0.994	0.9327
9600	0.99875	0.994	0.9327
9650	0.99875	0.994	0.9325
9700	0.99875	0.994	0.9321
9750	0.99875	0.994	0.9319
9800	0.99875	0.994	0.9316
9850	0.99875	0.994	0.9313
9900	0.99875	0.994	0.931
9950	0.99875	0.994	0.9308
10000	0.99875	0.994	0.9304
10050	0.99875	0.994	0.93
10100	0.99875	0.994	0.929
10150	0.99875	0.994	0.9287
10200	0.99875	0.994	0.9282
10250	0.99875	0.994	0.9281
10300	0.99875	0.994	0.9277
10350	0.99875	0.994	0.9276
10400	0.99875	0.9935	0.9273
10450	0.99875	0.9935	0.9268
10500	0.99875	0.9935	0.9265
10550	0.99875	0.9935	0.9262
10600	0.99875	0.9935	0.9261
10650	0.99875	0.9935	0.9259
10700	0.99875	0.9935	0.9258
10750	0.9975	0.9935	0.9255
10800	0.9975	0.9935	0.9252
10850	0.9975	0.9935	0.9249
10900	0.9975	0.9935	0.9245
10950	0.9975	0.9935	0.924
11000	0.9975	0.9935	0.9238
11050	0.9975	0.9935	0.9231
11100	0.9975	0.9935	0.9226
11150	0.9975	0.9935	0.9224
11200	0.9975	0.9935	0.9221
11250	0.9975	0.9935	0.9219
11300	0.9975	0.9935	0.9217
11350	0.9975	0.9935	0.9211
11400	0.9975	0.9935	0.9209
11450	0.9975	0.9935	0.9205
11500	0.9975	0.9935	0.9203
11550	0.9975	0.9935	0.9202
11600	0.9975	0.9935	0.9199
11650	0.9975	0.9935	0.9198
11700	0.9975	0.9935	0.9197
11750	0.9975	0.9935	0.9197
11800	0.9975	0.9935	0.9192
11850	0.9975	0.9935	0.919
11900	0.9975	0.9935	0.9186
11950	0.9975	0.9935	0.9182
12000	0.9975	0.9935	0.918
12050	0.9975	0.993	0.9179
12100	0.9975	0.993	0.9178
12150	0.9975	0.993	0.9176
12200	0.9975	0.9925	0.9174
12250	0.9975	0.9925	0.9169
12300	0.9975	0.9925	0.9168
12350	0.9975	0.9925	0.9164
12400	0.9975	0.9925	0.9159
12450	0.9975	0.9925	0.9155
12500	0.9975	0.9925	0.9149
12550	0.9975	0.9925	0.9144
12600	0.9975	0.9925	0.9141
12650	0.9975	0.9925	0.9139
12700	0.9975	0.9925	0.9135
12750	0.9975	0.9925	0.913
12800	0.9975	0.9925	0.9128
12850	0.9975	0.9925	0.9126
12900	0.9975	0.9925	0.9123
12950	0.9975	0.9925	0.912
13000	0.9975	0.9925	0.9116
13050	0.9975	0.9925	0.9115
13100	0.9975	0.9925	0.911
13150	0.9975	0.9925	0.9105
13200	0.9975	0.9925	0.9104
13250	0.99625	0.9925	0.91
13300	0.99625	0.9925	0.9099
13350	0.99625	0.9925	0.9097
13400	0.99625	0.9925	0.9093
13450	0.99625	0.9925	0.9086
13500	0.99625	0.9925	0.9084
13550	0.99625	0.9925	0.9082
13600	0.99625	0.9925	0.9077
13650	0.99625	0.9925	0.9072
13700	0.99625	0.9925	0.9069
13750	0.99625	0.9925	0.9068
13800	0.99625	0.9925	0.9066
13850	0.99625	0.9925	0.9063
13900	0.99625	0.9925	0.9056
13950	0.99625	0.9925	0.9053
14000	0.99625	0.9925	0.9051
14050	0.99625	0.9925	0.9044
14100	0.99625	0.9925	0.904
14150	0.99625	0.9925	0.9036
14200	0.99625	0.9925	0.903
14250	0.99625	0.9925	0.9027
14300	0.99625	0.9925	0.9025
14350	0.99625	0.9925	0.9022
14400	0.99625	0.9925	0.9019
14450	0.99625	0.9925	0.9017
14500	0.99625	0.9925	0.9012
14550	0.99625	0.9925	0.9011
14600	0.99625	0.9925	0.9009
14650	0.99625	0.9925	0.9005
14700	0.99625	0.9925	0.8999
14750	0.99625	0.9925	0.8994
14800	0.99625	0.9925	0.899
14850	0.99625	0.9925	0.8986
14900	0.99625	0.9925	0.8985
14950	0.99625	0.9925	0.8979
15000	0.99625	0.9925	0.8974
15050	0.99625	0.9925	0.8971
15100	0.99625	0.9925	0.8969
15150	0.99625	0.9925	0.8965
15200	0.99625	0.9925	0.8963
15250	0.99625	0.992	0.896
15300	0.99625	0.992	0.8954
15350	0.99625	0.992	0.8953
15400	0.99625	0.992	0.8951
15450	0.99625	0.992	0.8945
15500	0.99625	0.9915	0.894
15550	0.99625	0.9915	0.8935
15600	0.99625	0.9915	0.8931
15650	0.99625	0.9915	0.8925
15700	0.99625	0.9915	0.8922
15750	0.99625	0.9915	0.8919
15800	0.99625	0.9915	0.8916
15850	0.99625	0.9915	0.8914
15900	0.99625	0.9915	0.891
15950	0.99625	0.9915	0.8908
16000	0.99625	0.9915	0.8907
16050	0.99625	0.9915	0.8903
16100	0.99625	0.9915	0.8898
16150	0.99625	0.9915	0.8894
16200	0.99625	0.9915	0.8889
16250	0.99625	0.9915	0.8889
16300	0.99625	0.9915	0.8889
16350	0.99625	0.9915	0.8888
16400	0.99625	0.9915	0.8884
16450	0.99625	0.9915	0.8883
16500	0.99625	0.9915	0.8882
16550	0.99625	0.9915	0.888
16600	0.99625	0.9915	0.8876
16650	0.99625	0.9915	0.8875
16700	0.99625	0.9915	0.8874
16750	0.99625	0.9915	0.8871
16800	0.99625	0.9915	0.8867
16850	0.99625	0.9915	0.8867
16900	0.99625	0.9915	0.886
16950	0.99625	0.9915	0.8857
17000	0.99625	0.9915	0.8853
17050	0.99625	0.9915	0.8847
17100	0.99625	0.9915	0.8846
17150	0.99625	0.9915	0.8841
17200	0.99625	0.9915	0.8836
17250	0.99625	0.9915	0.8832
17300	0.99625	0.9915	0.8828
17350	0.99625	0.9915	0.8827
17400	0.99625	0.991	0.8824
17450	0.99625	0.991	0.882
17500	0.99625	0.991	0.8818
17550	0.99625	0.991	0.8815
17600	0.99625	0.991	0.8813
17650	0.99625	0.991	0.8807
17700	0.99625	0.991	0.8803
17750	0.99625	0.991	0.8801
17800	0.99625	0.991	0.8799
17850	0.99625	0.991	0.8794
17900	0.99625	0.991	0.8791
17950	0.99625	0.991	0.8784
18000	0.99625	0.991	0.8781
18050	0.99625	0.991	0.8779
18100	0.99625	0.991	0.8776
18150	0.99625	0.991	0.877
18200	0.99625	0.991	0.8768
18250	0.99625	0.991	0.8761
18300	0.99625	0.991	0.8755
18350	0.99625	0.991	0.8751
18400	0.99625	0.991	0.875
18450	0.99625	0.991	0.8749
18500	0.99625	0.9905	0.8748
18550	0.99625	0.9905	0.8746
18600	0.99625	0.9905	0.8745
18650	0.99625	0.9905	0.8743
18700	0.99625	0.9905	0.874
18750	0.99625	0.9905	0.8738
18800	0.99625	0.9905	0.8736
18850	0.99625	0.9905	0.8733
18900	0.99625	0.9905	0.8732
18950	0.99625	0.9905	0.8727
19000	0.99625	0.9905	0.872
19050	0.99625	0.9905	0.8718
19100	0.99625	0.9905	0.8715
19150	0.99625	0.9905	0.8711
19200	0.99625	0.9905	0.8709
19250	0.99625	0.9905	0.8703
19300	0.99625	0.9905	0.8697
19350	0.99625	0.9905	0.8691
19400	0.99625	0.9905	0.869
19450	0.99625	0.9905	0.8684
19500	0.99625	0.9905	0.8679
19550	0.99625	0.9905	0.8679
19600	0.99625	0.9905	0.8676
19650	0.99625	0.9905	0.8671
19700	0.99625	0.9905	0.8666
19750	0.99625	0.9905	0.8666
19800	0.99625	0.9905	0.8661
19850	0.99625	0.9905	0.8656
19900	0.99625	0.9905	0.865
19950	0.99625	0.9905	0.865
20000	0.99625	0.9905	0.8645
20050	0.99625	0.9905	0.8641
20100	0.99625	0.9905	0.8638
20150	0.99625	0.9905	0.8637
20200	0.99625	0.9905	0.8632
20250	0.99625	0.9905	0.8629
20300	0.99625	0.9905	0.8624
20350	0.99625	0.9905	0.8619
20400	0.99625	0.9905	0.8617
20450	0.99625	0.9905	0.8614
20500	0.99625	0.9905	0.861
20550	0.99625	0.9905	0.8607
20600	0.99625	0.9905	0.8605
20650	0.99625	0.9905	0.86
20700	0.99625	0.9905	0.8594
20750	0.99625	0.9905	0.8591
20800	0.99625	0.9905	0.859
20850	0.99625	0.9905	0.8588
20900	0.99625	0.9905	0.8587
20950	0.99625	0.99	0.8582
21000	0.99625	0.99	0.858
21050	0.99625	0.99	0.8574
21100	0.99625	0.99	0.8568
21150	0.99625	0.99	0.8567
21200	0.99625	0.99	0.8565
21250	0.99625	0.99	0.8562
21300	0.99625	0.99	0.8559
21350	0.99625	0.99	0.8558
21400	0.99625	0.99	0.8557
21450	0.99625	0.99	0.8552
21500	0.99625	0.99	0.8552
21550	0.99625	0.99	0.8552
21600	0.99625	0.99	0.8549
21650	0.99625	0.99	0.8543
21700	0.99625	0.99	0.8542
21750	0.99625	0.99	0.8538
21800	0.99625	0.99	0.8534
21850	0.99625	0.99	0.853
21900	0.99625	0.99	0.8527
21950	0.99625	0.99	0.8524
22000	0.99625	0.99	0.8521
22050	0.99625	0.99	0.8518
22100	0.99625	0.99	0.8516
22150	0.99625	0.99	0.8515
22200	0.99625	0.99	0.8513
22250	0.99625	0.99	0.8511
22300	0.99625	0.99	0.8509
22350	0.99625	0.99	0.8505
22400	0.99625	0.99	0.8503
22450	0.99625	0.99	0.85
22500	0.99625	0.99	0.8499
22550	0.99625	0.99	0.8497
22600	0.99625	0.99	0.8496
22650	0.99625	0.99	0.8493
22700	0.99625	0.99	0.8491
22750	0.99625	0.99	0.849
22800	0.99625	0.99	0.8485
22850	0.99625	0.99	0.8481
22900	0.99625	0.99	0.8478
22950	0.99625	0.99	0.8475
23000	0.99625	0.99	0.8473
23050	0.99625	0.99	0.8466
23100	0.99625	0.99	0.846
23150	0.99625	0.99	0.8458
23200	0.99625	0.99	0.8457
23250	0.99625	0.99	0.8455
23300	0.99625	0.99	0.8445
23350	0.99625	0.9895	0.8442
23400	0.99625	0.9895	0.8441
23450	0.99625	0.9895	0.8434
23500	0.99625	0.9895	0.8433
23550	0.99625	0.9895	0.843
23600	0.99625	0.9895	0.8427
23650	0.99625	0.9895	0.8422
23700	0.99625	0.9895	0.842
23750	0.99625	0.9895	0.8418
23800	0.99625	0.9895	0.8412
23850	0.99625	0.9895	0.8407
23900	0.99625	0.9895	0.8404
23950	0.99625	0.9895	0.8402
24000	0.99625	0.9895	0.8401
24050	0.99625	0.9895	0.8398
24100	0.99625	0.9895	0.8396
24150	0.99625	0.9895	0.8393
24200	0.99625	0.9895	0.8388
24250	0.99625	0.9895	0.8386
24300	0.99625	0.9895	0.8384
24350	0.99625	0.9895	0.8382
24400	0.99625	0.9895	0.838
24450	0.99625	0.9895	0.8378
24500	0.99625	0.9895	0.8375
24550	0.99625	0.9895	0.8368
24600	0.99625	0.9895	0.8366
24650	0.99625	0.9895	0.8363
24700	0.99625	0.9895	0.836
24750	0.99625	0.9895	0.8357
24800	0.99625	0.9895	0.8353
24850	0.99625	0.9895	0.835
24900	0.99625	0.9895	0.835
24950	0.99625	0.9895	0.8349
25000	0.99625	0.989	0.8347
25050	0.99625	0.9885	0.8347
25100	0.99625	0.9885	0.8342
25150	0.99625	0.988	0.8341
25200	0.99625	0.988	0.8337
25250	0.99625	0.988	0.8335
25300	0.99625	0.988	0.8332
25350	0.99625	0.988	0.8331
25400	0.99625	0.988	0.8327
25450	0.99625	0.988	0.8325
25500	0.99625	0.988	0.8323
25550	0.99625	0.988	0.832
25600	0.99625	0.988	0.8314
25650	0.99625	0.988	0.8307
25700	0.99625	0.988	0.8303
25750	0.99625	0.988	0.8302
25800	0.99625	0.988	0.8301
25850	0.99625	0.988	0.8299
25900	0.99625	0.988	0.8295
25950	0.99625	0.988	0.8294
26000	0.99625	0.988	0.8289
26050	0.99625	0.988	0.8284
26100	0.99625	0.988	0.8281
26150	0.99625	0.988	0.828
26200	0.99625	0.988	0.8278
26250	0.99625	0.988	0.8275
26300	0.99625	0.988	0.827
26350	0.995	0.988	0.8269
26400	0.995	0.988	0.8266
26450	0.995	0.988	0.8261
26500	0.995	0.988	0.826
26550	0.995	0.988	0.8256
26600	0.995	0.988	0.8255
26650	0.995	0.988	0.8252
26700	0.995	0.988	0.8251
26750	0.995	0.988	0.8248
26800	0.995	0.988	0.8246
26850	0.995	0.988	0.8246
26900	0.99375	0.988	0.8246
26950	0.99375	0.988	0.8243
27000	0.99375	0.988	0.8241
27050	0.99375	0.988	0.8239
27100	0.99375	0.988	0.8237
27150	0.99375	0.988	0.8235
27200	0.99375	0.988	0.8231
27250	0.99375	0.988	0.823
27300	0.99375	0.988	0.8222
27350	0.99375	0.988	0.8218
27400	0.99375	0.9875	0.8216
27450	0.99375	0.9875	0.8214
27500	0.9925	0.987	0.8212
27550	0.9925	0.987	0.8208
27600	0.9925	0.987	0.8203
27650	0.9925	0.987	0.8202
27700	0.99125	0.987	0.8197
27750	0.99125	0.987	0.8194
27800	0.99125	0.987	0.8192
27850	0.99125	0.987	0.8188
27900	0.99125	0.987	0.8188
27950	0.99125	0.987	0.8185
28000	0.99125	0.987	0.8181
28050	0.99125	0.987	0.8174
28100	0.99125	0.987	0.8172
28150	0.99125	0.9865	0.8171
28200	0.99125	0.9865	0.8169
28250	0.99125	0.9865	0.8168
28300	0.99125	0.9865	0.8166
28350	0.99125	0.9865	0.8161
28400	0.99125	0.9865	0.8156
28450	0.99125	0.9865	0.815
28500	0.99125	0.9865	0.8144
28550	0.99125	0.9865	0.8142
28600	0.99125	0.9865	0.814
28650	0.99125	0.9865	0.8136
28700	0.99125	0.9865	0.8133
28750	0.99125	0.9865	0.8133
28800	0.99125	0.986	0.8132
28850	0.99125	0.9855	0.8131
28900	0.99125	0.9855	0.8129
28950	0.99125	0.9855	0.8125
29000	0.99125	0.9855	0.8125
29050	0.99125	0.9855	0.8119
29100	0.99125	0.9855	0.8117
29150	0.99125	0.9855	0.8114
29200	0.99125	0.9855	0.8112
29250	0.99125	0.9855	0.8105
29300	0.99125	0.9855	0.8103
29350	0.99125	0.9855	0.8096
29400	0.99125	0.9855	0.8095
29450	0.99125	0.9855	0.8095
29500	0.99125	0.9855	0.8094
29550	0.99125	0.9855	0.809
29600	0.99125	0.9855	0.809
29650	0.99125	0.985	0.8087
29700	0.99125	0.985	0.8084
29750	0.99125	0.985	0.8082
29800	0.99125	0.985	0.8081
29850	0.99125	0.985	0.808
29900	0.99125	0.985	0.8077
29950	0.99125	0.985	0.8071
30000	0.99125	0.985	0.807
30050	0.99125	0.985	0.8068
30100	0.99125	0.985	0.8067
30150	0.99125	0.985	0.8062
30200	0.99125	0.985	0.8059
30250	0.99125	0.985	0.8054
30300	0.99125	0.985	0.8049
30350	0.99125	0.985	0.8047
30400	0.99125	0.985	0.8044
30450	0.99125	0.985	0.8041
30500	0.99125	0.985	0.804
30550	0.99125	0.985	0.8037
30600	0.99125	0.985	0.8037
30650	0.99125	0.985	0.8036
30700	0.99125	0.985	0.8034
30750	0.99	0.985	0.8031
30800	0.99	0.985	0.803
30850	0.99	0.985	0.8029
30900	0.99	0.985	0.8027
30950	0.99	0.985	0.8022
31000	0.99	0.985	0.802
31050	0.99	0.985	0.8016
31100	0.99	0.9845	0.8012
31150	0.99	0.9845	0.8011
31200	0.99	0.9845	0.8006
31250	0.99	0.9845	0.8003
31300	0.99	0.9845	0.7998
31350	0.99	0.9845	0.7996
31400	0.99	0.9845	0.7992
31450	0.99	0.9845	0.7987
31500	0.99	0.9845	0.7984
31550	0.99	0.9845	0.798
31600	0.99	0.9845	0.7975
31650	0.99	0.9845	0.7974
31700	0.99	0.9845	0.7973
31750	0.99	0.9845	0.7972
31800	0.99	0.9845	0.7968
31850	0.99	0.9845	0.7965
31900	0.99	0.9845	0.7964
31950	0.99	0.9845	0.7958
32000	0.99	0.9845	0.7955
32050	0.99	0.9845	0.7955
32100	0.99	0.9845	0.7955
32150	0.99	0.9845	0.7953
32200	0.99	0.9845	0.7951
32250	0.99	0.9845	0.7946
32300	0.99	0.9845	0.7941
32350	0.99	0.9845	0.7939
32400	0.99	0.9845	0.7937
32450	0.99	0.9845	0.7935
32500	0.99	0.9845	0.793
32550	0.99	0.9845	0.7929
32600	0.99	0.9845	0.7926
32650	0.99	0.9845	0.7924
32700	0.99	0.9845	0.7921
32750	0.99	0.9845	0.7918
32800	0.99	0.9845	0.7916
32850	0.99	0.9845	0.7912
32900	0.99	0.9845	0.7909
32950	0.99	0.9845	0.7905
33000	0.99	0.9845	0.7899
33050	0.99	0.9845	0.7896
33100	0.99	0.9845	0.7893
33150	0.99	0.9845	0.7891
33200	0.99	0.9845	0.7889
33250	0.99	0.9845	0.7885
33300	0.99	0.9845	0.7882
33350	0.99	0.9845	0.7875
33400	0.99	0.9845	0.7873
33450	0.99	0.9845	0.787
33500	0.99	0.9845	0.787
33550	0.99	0.9845	0.7866
33600	0.99	0.9845	0.7862
33650	0.99	0.9845	0.7859
33700	0.99	0.9845	0.7856
33750	0.99	0.9845	0.7853
33800	0.99	0.9845	0.7849
33850	0.99	0.9845	0.7848
33900	0.99	0.9845	0.7848
33950	0.99	0.9845	0.7847
34000	0.99	0.9845	0.7846
34050	0.99	0.9845	0.7844
34100	0.99	0.9845	0.7842
34150	0.99	0.9845	0.7838
34200	0.99	0.9845	0.7833
34250	0.99	0.984	0.7831
34300	0.99	0.984	0.7828
34350	0.99	0.984	0.7825
34400	0.99	0.984	0.7824
34450	0.99	0.984	0.7823
34500	0.99	0.984	0.782
34550	0.99	0.984	0.7817
34600	0.99	0.984	0.7816
34650	0.99	0.984	0.7812
34700	0.99	0.984	0.7811
34750	0.99	0.984	0.7807
34800	0.99	0.984	0.7801
34850	0.99	0.984	0.7799
34900	0.99	0.984	0.7794
34950	0.99	0.984	0.7792
35000	0.99	0.984	0.7789
35050	0.99	0.984	0.7786
35100	0.99	0.984	0.7783
35150	0.99	0.984	0.7783
35200	0.99	0.984	0.7783
35250	0.99	0.984	0.7781
35300	0.99	0.984	0.7777
35350	0.99	0.984	0.7771
35400	0.99	0.984	0.7768
35450	0.99	0.9835	0.7764
35500	0.99	0.9835	0.7761
35550	0.99	0.9835	0.7759
35600	0.99	0.9835	0.7757
35650	0.99	0.9835	0.7754
35700	0.99	0.9835	0.7746
35750	0.99	0.9835	0.7742
35800	0.99	0.9835	0.7737
35850	0.99	0.9835	0.7732
35900	0.99	0.9835	0.7728
35950	0.99	0.9835	0.7724
36000	0.99	0.9835	0.772
36050	0.99	0.9835	0.7718
36100	0.99	0.9835	0.7717
36150	0.99	0.9835	0.7713
36200	0.99	0.9835	0.771
36250	0.99	0.9835	0.7707
36300	0.99	0.9835	0.7704
36350	0.99	0.9835	0.77
36400	0.99	0.9835	0.7697
36450	0.99	0.9835	0.7694
36500	0.99	0.9835	0.7693
36550	0.99	0.9835	0.7692
36600	0.99	0.9835	0.7691
36650	0.99	0.9835	0.769
36700	0.99	0.9835	0.7689
36750	0.99	0.9835	0.7689
36800	0.99	0.9835	0.7684
36850	0.99	0.9835	0.7682
36900	0.99	0.9835	0.768
36950	0.99	0.9835	0.7677
37000	0.99	0.9835	0.7673
37050	0.99	0.9835	0.767
37100	0.99	0.9835	0.7666
37150	0.99	0.9835	0.7664
37200	0.99	0.9835	0.7659
37250	0.99	0.9835	0.7655
37300	0.99	0.9835	0.7653
37350	0.99	0.9835	0.7652
37400	0.99	0.9835	0.7648
37450	0.99	0.9835	0.7645
37500	0.99	0.9835	0.7643
37550	0.99	0.9835	0.764
37600	0.99	0.9835	0.7639
37650	0.99	0.9835	0.7638
37700	0.99	0.9835	0.7636
37750	0.99	0.9835	0.7633
37800	0.99	0.9835	0.763
37850	0.99	0.9835	0.7624
37900	0.99	0.9835	0.762
37950	0.99	0.9835	0.7618
38000	0.99	0.9835	0.7617
38050	0.99	0.9835	0.7616
38100	0.99	0.9835	0.7614
38150	0.99	0.9835	0.7613
38200	0.99	0.9835	0.7609
38250	0.99	0.9835	0.7604
38300	0.99	0.9835	0.7601
38350	0.99	0.9835	0.7595
38400	0.99	0.9835	0.7592
38450	0.99	0.9835	0.7591
38500	0.99	0.9835	0.7588
38550	0.99	0.9835	0.7583
38600	0.99	0.983	0.7582
38650	0.99	0.983	0.758
38700	0.99	0.983	0.7577
38750	0.99	0.983	0.7574
38800	0.99	0.983	0.7573
38850	0.99	0.983	0.7572
38900	0.99	0.983	0.7564
38950	0.99	0.983	0.7559
39000	0.99	0.983	0.7554
39050	0.99	0.983	0.7554
39100	0.99	0.983	0.7553
39150	0.99	0.983	0.755
39200	0.99	0.983	0.7546
39250	0.99	0.9825	0.7541
39300	0.99	0.9825	0.754
39350	0.99	0.9825	0.7539
39400	0.99	0.9825	0.7539
39450	0.99	0.9825	0.7538
39500	0.99	0.9825	0.7538
39550	0.99	0.9825	0.7538
39600	0.99	0.9825	0.7535
39650	0.99	0.9825	0.7532
39700	0.99	0.9825	0.7529
39750	0.99	0.9825	0.7526
39800	0.99	0.9825	0.7522
39850	0.99	0.9825	0.7519
39900	0.99	0.9825	0.7515
39950	0.99	0.9825	0.751
40000	0.99	0.9825	0.7509
40050	0.99	0.9825	0.7508
40100	0.99	0.9825	0.7507
40150	0.99	0.9825	0.7506
40200	0.99	0.9825	0.7503
40250	0.99	0.9825	0.7502
40300	0.99	0.9825	0.7499
40350	0.99	0.9825	0.7498
40400	0.99	0.9825	0.7495
40450	0.99	0.9825	0.7491
40500	0.99	0.9825	0.7485
40550	0.99	0.9825	0.7482
40600	0.99	0.9825	0.748
40650	0.99	0.9825	0.7479
40700	0.99	0.9825	0.7473
40750	0.99	0.9825	0.7473
40800	0.99	0.9825	0.7472
40850	0.99	0.9825	0.7469
40900	0.99	0.9825	0.7468
40950	0.99	0.9825	0.7464
41000	0.99	0.9825	0.7462
41050	0.99	0.9825	0.7461
41100	0.99	0.9825	0.746
41150	0.99	0.9825	0.7457
41200	0.99	0.9825	0.7456
41250	0.99	0.9825	0.7452
41300	0.99	0.9825	0.7452
41350	0.99	0.9825	0.7451
41400	0.99	0.9825	0.7448
41450	0.99	0.9825	0.7445
41500	0.99	0.9825	0.7443
41550	0.99	0.9825	0.7442
41600	0.99	0.9825	0.7435
41650	0.99	0.982	0.7432
41700	0.99	0.982	0.743
41750	0.99	0.982	0.7426
41800	0.99	0.982	0.7421
41850	0.99	0.982	0.7418
41900	0.99	0.982	0.7416
41950	0.99	0.982	0.7414
42000	0.99	0.982	0.7408
42050	0.99	0.982	0.7405
42100	0.99	0.982	0.7401
42150	0.99	0.982	0.7397
42200	0.99	0.982	0.7395
42250	0.99	0.982	0.7394
42300	0.99	0.982	0.7391
42350	0.99	0.982	0.7389
42400	0.99	0.982	0.7388
42450	0.99	0.982	0.7385
42500	0.99	0.982	0.7382
42550	0.99	0.982	0.7379
42600	0.99	0.982	0.7373
42650	0.99	0.982	0.737
42700	0.99	0.982	0.7367
42750	0.99	0.9815	0.7364
42800	0.99	0.9815	0.736
42850	0.99	0.9815	0.7359
42900	0.99	0.9815	0.7357
42950	0.99	0.9815	0.7355
43000	0.99	0.9815	0.7353
43050	0.99	0.9815	0.735
43100	0.98875	0.9815	0.7346
43150	0.98875	0.9815	0.7344
43200	0.98875	0.9815	0.7341
43250	0.98875	0.9815	0.7338
43300	0.98875	0.9815	0.7333
43350	0.98875	0.9815	0.7326
43400	0.98875	0.9815	0.7323
43450	0.98875	0.9815	0.7321
43500	0.98875	0.9815	0.7318
43550	0.98875	0.9815	0.7317
43600	0.98875	0.9815	0.7311
43650	0.98875	0.9815	0.7308
43700	0.98875	0.9815	0.7306
43750	0.98875	0.9815	0.7304
43800	0.98875	0.9815	0.7303
43850	0.98875	0.9815	0.7301
43900	0.98875	0.9815	0.7296
43950	0.98875	0.9805	0.7293
44000	0.98875	0.9805	0.7285
44050	0.98875	0.9805	0.7282
44100	0.98875	0.9805	0.7281
44150	0.98875	0.9805	0.7277
44200	0.98875	0.9805	0.7277
44250	0.98875	0.9805	0.7276
44300	0.98875	0.9805	0.7275
44350	0.98875	0.9805	0.7273
44400	0.98875	0.9805	0.7268
44450	0.98875	0.9805	0.7263
44500	0.98875	0.9805	0.7262
44550	0.98875	0.9805	0.7258
44600	0.98875	0.9805	0.7257
44650	0.98875	0.9805	0.7256
44700	0.98875	0.9805	0.7253
44750	0.98875	0.9805	0.7246
44800	0.98875	0.9805	0.7244
44850	0.98875	0.9805	0.7239
44900	0.98875	0.9805	0.7238
44950	0.98875	0.98	0.7235
45000	0.98875	0.98	0.7234
45050	0.98875	0.98	0.7231
45100	0.98875	0.98	0.7226
45150	0.98875	0.98	0.7226
45200	0.98875	0.98	0.7224
45250	0.98875	0.98	0.722
45300	0.98875	0.98	0.7217
45350	0.98875	0.98	0.7214
45400	0.98875	0.98	0.7213
45450	0.98875	0.98	0.7208
45500	0.98875	0.98	0.7206
45550	0.98875	0.98	0.7205
45600	0.98875	0.98	0.7203
45650	0.98875	0.98	0.72
45700	0.98875	0.98	0.7198
45750	0.98875	0.98	0.7192
45800	0.98875	0.98	0.7187
45850	0.98875	0.98	0.7186
45900	0.98875	0.98	0.7182
45950	0.98875	0.9795	0.7174
46000	0.98875	0.9795	0.7173
46050	0.98875	0.9795	0.7169
46100	0.98875	0.9795	0.7165
46150	0.98875	0.9795	0.7163
46200	0.98875	0.9795	0.716
46250	0.98875	0.9795	0.7159
46300	0.98875	0.9795	0.7154
46350	0.98875	0.979	0.7152
46400	0.98875	0.979	0.7148
46450	0.98875	0.979	0.7148
46500	0.98875	0.979	0.7143
46550	0.98875	0.979	0.7142
46600	0.98875	0.979	0.7141
46650	0.98875	0.979	0.7139
46700	0.98875	0.979	0.7138
46750	0.98875	0.979	0.7136
46800	0.98875	0.979	0.7132
46850	0.98875	0.979	0.7131
46900	0.98875	0.979	0.7129
46950	0.98875	0.979	0.7126
47000	0.98875	0.979	0.7123
47050	0.98875	0.979	0.7121
47100	0.98875	0.979	0.7119
47150	0.98875	0.979	0.7118
47200	0.98875	0.979	0.7115
47250	0.98875	0.9785	0.7114
47300	0.98875	0.9785	0.711
47350	0.98875	0.9785	0.7108
47400	0.98875	0.9785	0.7106
47450	0.98875	0.9785	0.7105
47500	0.98875	0.9785	0.7104
47550	0.98875	0.978	0.7103
47600	0.98875	0.978	0.71
47650	0.98875	0.978	0.71
47700	0.98875	0.978	0.7096
47750	0.98875	0.978	0.7093
47800	0.98875	0.978	0.7092
47850	0.98875	0.978	0.7091
47900	0.98875	0.978	0.7089
47950	0.98875	0.978	0.7086
48000	0.98875	0.978	0.7083
48050	0.98875	0.978	0.7083
48100	0.98875	0.978	0.7083
48150	0.98875	0.978	0.7077
48200	0.98875	0.9775	0.7075
48250	0.98875	0.9775	0.7073
48300	0.98875	0.9775	0.707
48350	0.98875	0.9775	0.7068
48400	0.98875	0.9775	0.7064
48450	0.98875	0.9775	0.7062
48500	0.98875	0.9775	0.7061
48550	0.98875	0.9775	0.7057
48600	0.98875	0.9775	0.7054
48650	0.98875	0.9775	0.7051
48700	0.98875	0.9775	0.705
48750	0.98875	0.9775	0.7047
48800	0.98875	0.9775	0.7043
48850	0.98875	0.9775	0.7041
48900	0.98875	0.9775	0.704
48950	0.98875	0.9775	0.7035
49000	0.98875	0.977	0.7033
49050	0.98875	0.977	0.7029
49100	0.98875	0.977	0.7026
49150	0.98875	0.9765	0.7024
49200	0.98875	0.9765	0.7023
49250	0.98875	0.9765	0.7022
49300	0.98875	0.9765	0.702
49350	0.98875	0.9765	0.7017
49400	0.98875	0.9765	0.7012
49450	0.98875	0.9765	0.7011
49500	0.98875	0.9765	0.701
49550	0.98875	0.9765	0.7009
49600	0.98875	0.9765	0.7007
49650	0.98875	0.9765	0.7006
49700	0.98875	0.9765	0.7001
49750	0.98875	0.9765	0.6998
49800	0.98875	0.9765	0.6995
49850	0.98875	0.9765	0.6991
49900	0.98875	0.9765	0.6988
49950	0.98875	0.9765	0.6984
50000	0.98875	0.9765	0.6983
50050	0.98875	0.9765	0.6981
50100	0.98875	0.9765	0.6978
50150	0.98875	0.976	0.6978
50200	0.98875	0.976	0.6975
50250	0.98875	0.9755	0.6974
50300	0.98875	0.9755	0.6971
50350	0.98875	0.9755	0.6966
50400	0.98875	0.9755	0.6964
50450	0.98875	0.9755	0.6963
50500	0.98875	0.9755	0.6962
50550	0.98875	0.9755	0.696
50600	0.98875	0.9755	0.6959
50650	0.98875	0.9755	0.6958
50700	0.98875	0.9755	0.6955
50750	0.98875	0.9755	0.6952
50800	0.98875	0.975	0.695
50850	0.98875	0.975	0.6945
50900	0.98875	0.975	0.6944
50950	0.98875	0.975	0.6942
51000	0.98875	0.975	0.6936
51050	0.98875	0.975	0.6934
51100	0.98875	0.975	0.6933
51150	0.98875	0.975	0.693
51200	0.98875	0.975	0.6927
51250	0.98875	0.975	0.6924
51300	0.98875	0.975	0.6923
51350	0.98875	0.975	0.692
51400	0.98875	0.975	0.6918
51450	0.98875	0.975	0.6914
51500	0.98875	0.975	0.691
51550	0.98875	0.975	0.6908
51600	0.98875	0.975	0.6907
51650	0.98875	0.975	0.6903
51700	0.98875	0.9745	0.6899
51750	0.98875	0.9745	0.6895
51800	0.98875	0.9745	0.6893
51850	0.98875	0.9745	0.6889
51900	0.98875	0.9745	0.6887
51950	0.98875	0.9745	0.6882
52000	0.98875	0.9745	0.6877
52050	0.98875	0.9745	0.6874
52100	0.98875	0.9745	0.6873
52150	0.98875	0.9745	0.687
52200	0.98875	0.9745	0.6868
52250	0.98875	0.9745	0.6865
52300	0.98875	0.9745	0.6864
52350	0.98875	0.9745	0.6864
52400	0.98875	0.9745	0.6861
52450	0.98875	0.9745	0.6859
52500	0.98875	0.9745	0.6856
52550	0.98875	0.9745	0.6854
52600	0.98875	0.9745	0.6853
52650	0.98875	0.9745	0.6851
52700	0.98875	0.9745	0.6846
52750	0.98875	0.9745	0.6843
52800	0.98875	0.9745	0.6839
52850	0.98875	0.9745	0.6837
52900	0.98875	0.9745	0.6836
52950	0.98875	0.9745	0.6833
53000	0.98875	0.9745	0.6831
53050	0.98875	0.9745	0.6829
53100	0.98875	0.9745	0.6823
53150	0.98875	0.9745	0.6822
53200	0.98875	0.9745	0.6817
53250	0.98875	0.9745	0.6814
53300	0.98875	0.9745	0.6814
53350	0.98875	0.9745	0.6813
53400	0.98875	0.9745	0.6812
53450	0.98875	0.9745	0.6807
53500	0.98875	0.9745	0.6803
53550	0.98875	0.9745	0.68
53600	0.98875	0.9745	0.6797
53650	0.98875	0.9745	0.6795
53700	0.98875	0.9745	0.6792
53750	0.98875	0.9745	0.6789
53800	0.98875	0.9745	0.6789
53850	0.98875	0.9745	0.6785
53900	0.98875	0.9745	0.6783
53950	0.98875	0.9745	0.678
54000	0.98875	0.9745	0.6777
54050	0.98875	0.9745	0.6775
54100	0.98875	0.9745	0.6774
54150	0.98875	0.9745	0.677
54200	0.98875	0.9745	0.6766
54250	0.98875	0.9745	0.6763
54300	0.98875	0.9745	0.6762
54350	0.98875	0.9745	0.6761
54400	0.98875	0.9745	0.6758
54450	0.98875	0.9745	0.6758
54500	0.98875	0.9745	0.6756
54550	0.98875	0.9745	0.6753
54600	0.98875	0.9745	0.6752
54650	0.98875	0.9745	0.6751
54700	0.98875	0.9745	0.675
54750	0.98875	0.9745	0.6747
54800	0.98875	0.9745	0.6744
54850	0.98875	0.9745	0.6742
54900	0.98875	0.9745	0.6739
54950	0.98875	0.9745	0.6737
55000	0.98875	0.9745	0.6736
55050	0.98875	0.9745	0.6735
55100	0.98875	0.9745	0.6733
55150	0.98875	0.9745	0.6733
55200	0.98875	0.9745	0.6728
55250	0.98875	0.9745	0.6726
55300	0.98875	0.9745	0.6724
55350	0.98875	0.9745	0.6724
55400	0.98875	0.9745	0.6722
55450	0.98875	0.9745	0.672
55500	0.98875	0.9745	0.6718
55550	0.98875	0.9745	0.6717
55600	0.98875	0.9745	0.6715
55650	0.98875	0.9745	0.6713
55700	0.98875	0.9745	0.6709
55750	0.98875	0.9745	0.6708
55800	0.98875	0.9745	0.6707
55850	0.98875	0.9745	0.6703
55900	0.98875	0.9745	0.6699
55950	0.98875	0.9745	0.6696
56000	0.98875	0.9745	0.6694
56050	0.98875	0.9745	0.669
56100	0.98875	0.9745	0.6687
56150	0.98875	0.9745	0.6685
56200	0.98875	0.9745	0.6682
56250	0.98875	0.9745	0.668
56300	0.98875	0.974	0.6676
56350	0.98875	0.974	0.6674
56400	0.98875	0.974	0.6671
56450	0.98875	0.974	0.6668
56500	0.98875	0.974	0.6667
56550	0.98875	0.974	0.6665
56600	0.98875	0.974	0.6661
56650	0.98875	0.974	0.666
56700	0.98875	0.974	0.6656
56750	0.98875	0.974	0.6654
56800	0.98875	0.974	0.6651
56850	0.98875	0.974	0.6648
56900	0.98875	0.974	0.6646
56950	0.98875	0.974	0.6645
57000	0.98875	0.974	0.6644
57050	0.98875	0.974	0.6641
57100	0.98875	0.974	0.6635
57150	0.98875	0.974	0.6632
57200	0.98875	0.974	0.663
57250	0.98875	0.974	0.6628
57300	0.98875	0.974	0.6624
57350	0.98875	0.974	0.6622
57400	0.98875	0.974	0.6617
57450	0.98875	0.974	0.6615
57500	0.98875	0.974	0.6613
57550	0.98875	0.974	0.6611
57600	0.98875	0.974	0.6609
57650	0.98875	0.974	0.6608
57700	0.98875	0.974	0.6601
57750	0.98875	0.974	0.6599
57800	0.98875	0.974	0.6595
57850	0.98875	0.974	0.6593
57900	0.98875	0.974	0.6593
57950	0.98875	0.974	0.6592
58000	0.98875	0.974	0.6589
58050	0.98875	0.974	0.6588
58100	0.98875	0.974	0.6586
58150	0.98875	0.974	0.6586
58200	0.98875	0.974	0.6584
58250	0.98875	0.974	0.6581
58300	0.98875	0.974	0.6578
58350	0.98875	0.974	0.6576
58400	0.98875	0.974	0.6572
58450	0.98875	0.974	0.6568
58500	0.98875	0.974	0.6567
58550	0.98875	0.974	0.6566
58600	0.98875	0.974	0.6564
58650	0.98875	0.974	0.6564
58700	0.98875	0.974	0.6563
58750	0.98875	0.974	0.6562
58800	0.98875	0.974	0.6558
58850	0.98875	0.9735	0.6554
58900	0.98875	0.9735	0.6552
58950	0.98875	0.9735	0.6551
59000	0.98875	0.9735	0.655
59050	0.98875	0.9735	0.655
59100	0.98875	0.9735	0.6549
59150	0.98875	0.9735	0.6549
59200	0.98875	0.9735	0.6546
59250	0.98875	0.9735	0.6545
59300	0.98875	0.9735	0.6543
59350	0.98875	0.9735	0.6541
59400	0.98875	0.9735	0.654
59450	0.98875	0.9735	0.6537
59500	0.98875	0.9735	0.6532
59550	0.9875	0.9735	0.6531
59600	0.9875	0.9735	0.6526
59650	0.9875	0.9735	0.6522
59700	0.9875	0.9735	0.652
59750	0.9875	0.9735	0.6518
59800	0.9875	0.9735	0.6516
59850	0.9875	0.9735	0.6514
59900	0.9875	0.9735	0.6508
59950	0.9875	0.9735	0.6503
60000	0.9875	0.973	0.6502
60050	0.9875	0.9725	0.6499
60100	0.9875	0.9725	0.6497
60150	0.9875	0.9725	0.6495
60200	0.9875	0.9725	0.6493
60250	0.9875	0.9725	0.6492
60300	0.9875	0.9725	0.6491
60350	0.9875	0.9725	0.6489
60400	0.9875	0.9725	0.6487
60450	0.9875	0.9725	0.6482
60500	0.9875	0.9725	0.6478
60550	0.9875	0.9725	0.6476
60600	0.9875	0.9725	0.6474
60650	0.9875	0.9725	0.6474
60700	0.9875	0.9725	0.6471
60750	0.9875	0.972	0.6465
60800	0.9875	0.972	0.6463
60850	0.9875	0.972	0.6462
60900	0.9875	0.972	0.6457
60950	0.9875	0.972	0.6454
61000	0.9875	0.972	0.6454
61050	0.9875	0.972	0.6449
61100	0.9875	0.972	0.6449
61150	0.9875	0.972	0.6447
61200	0.9875	0.972	0.6444
61250	0.9875	0.972	0.644
61300	0.9875	0.972	0.6436
61350	0.9875	0.972	0.6433
61400	0.9875	0.972	0.6433
61450	0.9875	0.972	0.6432
61500	0.9875	0.972	0.6426
61550	0.9875	0.972	0.6425
61600	0.9875	0.972	0.6425
61650	0.9875	0.972	0.6422
61700	0.9875	0.972	0.6422
61750	0.9875	0.972	0.642
61800	0.9875	0.972	0.6419
61850	0.9875	0.972	0.6418
61900	0.9875	0.972	0.6413
61950	0.9875	0.972	0.6412
62000	0.9875	0.972	0.641
62050	0.9875	0.972	0.641
62100	0.9875	0.972	0.6409
62150	0.9875	0.972	0.6407
62200	0.9875	0.972	0.6406
62250	0.9875	0.972	0.6404
62300	0.9875	0.972	0.6402
62350	0.9875	0.972	0.64
62400	0.9875	0.972	0.6398
62450	0.9875	0.972	0.6397
62500	0.9875	0.9715	0.6394
62550	0.9875	0.9715	0.6393
62600	0.9875	0.9715	0.6389
62650	0.9875	0.9715	0.6389
62700	0.9875	0.9715	0.6388
62750	0.9875	0.9715	0.6386
62800	0.9875	0.9715	0.6383
62850	0.9875	0.9715	0.638
62900	0.9875	0.9715	0.6377
62950	0.9875	0.9715	0.6374
63000	0.9875	0.9715	0.6373
63050	0.9875	0.9715	0.6371
63100	0.9875	0.9715	0.6369
63150	0.9875	0.9715	0.6365
63200	0.9875	0.9715	0.6361
63250	0.9875	0.9715	0.6361
63300	0.9875	0.9715	0.636
63350	0.9875	0.9715	0.6355
63400	0.9875	0.9715	0.6353
63450	0.9875	0.9715	0.6352
63500	0.9875	0.9715	0.6351
63550	0.98625	0.9715	0.6346
63600	0.98625	0.9715	0.6344
63650	0.98625	0.9715	0.6342
63700	0.98625	0.9715	0.6336
63750	0.98625	0.9715	0.6334
63800	0.98625	0.9715	0.6329
63850	0.98625	0.9715	0.6329
63900	0.98625	0.971	0.6326
63950	0.98625	0.971	0.6324
64000	0.98625	0.971	0.632
64050	0.98625	0.971	0.6316
64100	0.98625	0.971	0.6314
64150	0.98625	0.971	0.6312
64200	0.98625	0.971	0.631
64250	0.98625	0.971	0.6307
64300	0.98625	0.971	0.6306
64350	0.98625	0.971	0.6305
64400	0.98625	0.971	0.6303
64450	0.98625	0.971	0.63
64500	0.98625	0.971	0.6297
64550	0.98625	0.971	0.6295
64600	0.98625	0.971	0.6292
64650	0.98625	0.971	0.6292
64700	0.98625	0.971	0.629
64750	0.98625	0.971	0.6286
64800	0.98625	0.971	0.6284
64850	0.98625	0.971	0.6282
64900	0.98625	0.971	0.6282
64950	0.98625	0.9705	0.6282
65000	0.98625	0.9705	0.6279
65050	0.98625	0.9705	0.6278
65100	0.98625	0.9705	0.6278
65150	0.98625	0.9705	0.6275
65200	0.98625	0.9705	0.6274
65250	0.98625	0.9705	0.6272
65300	0.98625	0.9705	0.627
65350	0.98625	0.9705	0.627
65400	0.98625	0.9705	0.6269
65450	0.98625	0.9705	0.6269
65500	0.98625	0.9705	0.6268
65550	0.98625	0.9705	0.6266
65600	0.98625	0.9705	0.6264
65650	0.98625	0.9705	0.6264
65700	0.98625	0.9705	0.6259
65750	0.98625	0.9705	0.6256
65800	0.98625	0.9705	0.6252
65850	0.98625	0.9705	0.6246
65900	0.98625	0.9705	0.6241
65950	0.98625	0.9705	0.624
66000	0.98625	0.9705	0.6239
66050	0.98625	0.9705	0.6238
66100	0.98625	0.9705	0.6237
66150	0.98625	0.9705	0.6231
66200	0.98625	0.9705	0.6229
66250	0.98625	0.9705	0.6226
66300	0.98625	0.9705	0.6222
66350	0.98625	0.9705	0.622
66400	0.98625	0.9705	0.6217
66450	0.98625	0.9705	0.6215
66500	0.98625	0.9705	0.6212
66550	0.98625	0.9705	0.6211
66600	0.98625	0.9705	0.621
66650	0.98625	0.9705	0.6207
66700	0.98625	0.9705	0.6205
66750	0.98625	0.9705	0.6204
66800	0.98625	0.9705	0.6201
66850	0.98625	0.9705	0.62
66900	0.98625	0.9705	0.6198
66950	0.98625	0.9705	0.6195
67000	0.98625	0.9705	0.6194
67050	0.98625	0.9705	0.6192
67100	0.98625	0.9705	0.6191
67150	0.98625	0.9705	0.6186
67200	0.98625	0.9705	0.6183
67250	0.98625	0.9705	0.618
67300	0.98625	0.9705	0.618
67350	0.98625	0.9705	0.6179
67400	0.98625	0.9705	0.6178
67450	0.98625	0.9705	0.6178
67500	0.98625	0.9705	0.6177
67550	0.98625	0.9705	0.6174
67600	0.98625	0.9705	0.6172
67650	0.98625	0.9705	0.617
67700	0.98625	0.9705	0.6167
67750	0.98625	0.9705	0.6166
67800	0.98625	0.9705	0.6165
67850	0.98625	0.9705	0.6161
67900	0.98625	0.9705	0.6159
67950	0.98625	0.9705	0.6155
68000	0.98625	0.9705	0.6155
68050	0.98625	0.9705	0.6153
68100	0.98625	0.9705	0.6151
68150	0.98625	0.9705	0.6148
68200	0.98625	0.9705	0.6145
68250	0.98625	0.9705	0.6143
68300	0.98625	0.9705	0.6141
68350	0.98625	0.9705	0.6139
68400	0.98625	0.9705	0.6135
68450	0.98625	0.9705	0.6135
68500	0.98625	0.9705	0.6131
68550	0.98625	0.9705	0.6131
68600	0.98625	0.9705	0.6128
68650	0.98625	0.9705	0.6125
68700	0.98625	0.9705	0.6122
68750	0.98625	0.9705	0.6121
68800	0.98625	0.9705	0.6118
68850	0.98625	0.9705	0.6117
68900	0.98625	0.9705	0.6115
68950	0.98625	0.9705	0.6114
69000	0.98625	0.9705	0.6111
69050	0.98625	0.9705	0.611
69100	0.98625	0.9705	0.6107
69150	0.98625	0.9705	0.6106
69200	0.98625	0.9705	0.6102
69250	0.98625	0.9705	0.6097
69300	0.98625	0.9705	0.6096
69350	0.98625	0.9705	0.6093
69400	0.98625	0.9705	0.6092
69450	0.98625	0.9705	0.609
69500	0.98625	0.9705	0.6089
69550	0.98625	0.9705	0.6086
69600	0.98625	0.9705	0.6081
69650	0.98625	0.9705	0.608
69700	0.98625	0.9705	0.6076
69750	0.98625	0.9705	0.6076
69800	0.98625	0.9705	0.6075
69850	0.98625	0.9705	0.6071
69900	0.98625	0.9705	0.6067
69950	0.98625	0.9705	0.6064
70000	0.98625	0.9705	0.6063
70050	0.98625	0.9705	0.6061
70100	0.98625	0.9705	0.6061
70150	0.98625	0.9705	0.6056
70200	0.98625	0.9705	0.6053
70250	0.98625	0.9705	0.605
70300	0.98625	0.9705	0.6048
70350	0.98625	0.9705	0.6046
70400	0.98625	0.9705	0.6045
70450	0.98625	0.9705	0.6044
70500	0.98625	0.9705	0.604
70550	0.98625	0.9705	0.6037
70600	0.98625	0.9705	0.6034
70650	0.98625	0.9705	0.603
70700	0.98625	0.9705	0.6029
70750	0.98625	0.9705	0.6025
70800	0.98625	0.9705	0.6023
70850	0.98625	0.9705	0.6023
70900	0.98625	0.9705	0.6023
70950	0.98625	0.9705	0.6022
71000	0.98625	0.9705	0.602
71050	0.98625	0.9705	0.6017
71100	0.98625	0.9705	0.6014
71150	0.98625	0.9705	0.6013
71200	0.98625	0.97	0.601
71250	0.98625	0.9695	0.6008
71300	0.98625	0.9695	0.6006
71350	0.98625	0.9695	0.6005
71400	0.98625	0.9695	0.6004
71450	0.98625	0.9695	0.6004
71500	0.98625	0.9695	0.6001
71550	0.98625	0.9695	0.6
71600	0.98625	0.9695	0.5999
71650	0.98625	0.9695	0.5999
71700	0.98625	0.9695	0.5995
71750	0.98625	0.9695	0.5995
71800	0.98625	0.9695	0.5994
71850	0.98625	0.9695	0.5993
71900	0.98625	0.9695	0.5991
71950	0.98625	0.9695	0.599
72000	0.98625	0.9695	0.5989
72050	0.98625	0.9695	0.5987
72100	0.98625	0.9695	0.5984
72150	0.98625	0.9695	0.5983
72200	0.98625	0.9695	0.5979
72250	0.98625	0.9695	0.5979
72300	0.98625	0.9695	0.5977
72350	0.98625	0.9695	0.5972
72400	0.98625	0.9695	0.5969
72450	0.98625	0.9695	0.5968
72500	0.98625	0.969	0.5966
72550	0.98625	0.969	0.5966
72600	0.98625	0.9685	0.5965
72650	0.98625	0.9685	0.5964
72700	0.98625	0.9685	0.5963
72750	0.985	0.9685	0.5961
72800	0.985	0.9685	0.5954
72850	0.985	0.9685	0.5952
72900	0.985	0.9685	0.5949
72950	0.985	0.9685	0.5945
73000	0.985	0.9685	0.5944
73050	0.985	0.9685	0.594
73100	0.985	0.9685	0.5938
73150	0.985	0.9685	0.5938
73200	0.985	0.968	0.5935
73250	0.985	0.968	0.5933
73300	0.985	0.968	0.5933
73350	0.985	0.968	0.5931
73400	0.985	0.968	0.5928
73450	0.985	0.968	0.5925
73500	0.985	0.968	0.5923
73550	0.985	0.968	0.5922
73600	0.985	0.968	0.592
73650	0.985	0.968	0.5918
73700	0.985	0.968	0.5915
73750	0.985	0.968	0.5914
73800	0.985	0.968	0.5913
73850	0.985	0.968	0.591
73900	0.985	0.9675	0.5909
73950	0.985	0.9675	0.5909
74000	0.985	0.9675	0.5906
74050	0.985	0.9675	0.5903
74100	0.985	0.9675	0.5903
74150	0.985	0.9675	0.59
74200	0.985	0.9675	0.5894
74250	0.985	0.9675	0.5892
74300	0.985	0.967	0.5892
74350	0.985	0.967	0.5889
74400	0.985	0.967	0.5888
74450	0.985	0.967	0.5887
74500	0.985	0.967	0.5886
74550	0.985	0.9665	0.5884
74600	0.985	0.9665	0.588
74650	0.985	0.966	0.588
74700	0.985	0.966	0.5878
74750	0.985	0.966	0.5875
74800	0.985	0.966	0.5875
74850	0.985	0.966	0.5873
74900	0.985	0.966	0.5871
74950	0.985	0.966	0.587
75000	0.985	0.966	0.5869
75050	0.985	0.966	0.5865
75100	0.985	0.966	0.5862
75150	0.985	0.966	0.5861
75200	0.985	0.966	0.5859
75250	0.985	0.966	0.5858
75300	0.985	0.966	0.5857
75350	0.985	0.9655	0.5856
75400	0.985	0.9655	0.5853
75450	0.985	0.9655	0.5848
75500	0.985	0.9655	0.5842
75550	0.985	0.9655	0.5838
75600	0.985	0.9655	0.5838
75650	0.985	0.9655	0.5838
75700	0.985	0.965	0.5835
75750	0.985	0.965	0.5833
75800	0.985	0.965	0.583
75850	0.985	0.965	0.5828
75900	0.985	0.965	0.5823
75950	0.985	0.965	0.5823
76000	0.985	0.965	0.5822
76050	0.985	0.965	0.5819
76100	0.985	0.965	0.5818
76150	0.985	0.965	0.5812
76200	0.985	0.965	0.5811
76250	0.985	0.965	0.581
76300	0.985	0.965	0.5807
76350	0.985	0.965	0.5804
76400	0.985	0.965	0.5801
76450	0.985	0.965	0.5796
76500	0.985	0.965	0.5794
76550	0.985	0.965	0.5792
76600	0.985	0.965	0.5789
76650	0.985	0.965	0.5789
76700	0.985	0.965	0.5786
76750	0.985	0.965	0.5786
76800	0.985	0.965	0.5784
76850	0.985	0.965	0.5783
76900	0.985	0.965	0.5781
76950	0.985	0.965	0.5779
77000	0.985	0.965	0.5778
77050	0.985	0.965	0.5775
77100	0.985	0.965	0.5773
77150	0.985	0.965	0.577
77200	0.985	0.965	0.5766
77250	0.985	0.965	0.5762
77300	0.985	0.9645	0.5762
77350	0.985	0.9645	0.5761
77400	0.985	0.9645	0.5757
77450	0.985	0.9645	0.5754
77500	0.985	0.9645	0.5753
77550	0.985	0.9645	0.575
77600	0.985	0.9645	0.5744
77650	0.985	0.9645	0.5739
77700	0.985	0.9645	0.5737
77750	0.985	0.9645	0.5734
77800	0.98375	0.9645	0.5733
77850	0.98375	0.9645	0.5731
77900	0.98375	0.9645	0.573
77950	0.98375	0.9645	0.5729
78000	0.98375	0.9645	0.5728
78050	0.98375	0.9645	0.5724
78100	0.98375	0.9645	0.5722
78150	0.98375	0.964	0.572
78200	0.98375	0.964	0.5716
78250	0.98375	0.964	0.5714
78300	0.98375	0.964	0.5713
78350	0.98375	0.964	0.5711
78400	0.98375	0.964	0.5707
78450	0.98375	0.964	0.5705
78500	0.98375	0.964	0.5704
78550	0.98375	0.964	0.5703
78600	0.98375	0.964	0.5702
78650	0.98375	0.964	0.5701
78700	0.98375	0.964	0.5701
78750	0.98375	0.964	0.5697
78800	0.98375	0.964	0.5696
78850	0.98375	0.964	0.5693
78900	0.98375	0.964	0.5691
78950	0.98375	0.964	0.5689
79000	0.98375	0.964	0.5685
79050	0.98375	0.964	0.5684
79100	0.9825	0.964	0.568
79150	0.9825	0.9635	0.5678
79200	0.9825	0.9635	0.5676
79250	0.9825	0.9635	0.5673
79300	0.9825	0.9635	0.5671
79350	0.9825	0.9635	0.5668
79400	0.9825	0.963	0.5668
79450	0.9825	0.963	0.5667
79500	0.9825	0.963	0.5663
79550	0.9825	0.963	0.5662
79600	0.9825	0.963	0.5658
79650	0.9825	0.963	0.5656
79700	0.9825	0.963	0.5656
79750	0.9825	0.963	0.5653
79800	0.9825	0.963	0.5651
79850	0.9825	0.963	0.5651
79900	0.9825	0.963	0.5649
79950	0.9825	0.963	0.5648
80000	0.9825	0.963	0.5643
80050	0.9825	0.963	0.5643
80100	0.9825	0.963	0.5641
80150	0.9825	0.9625	0.5639
80200	0.9825	0.9625	0.5634
80250	0.9825	0.9625	0.5633
80300	0.9825	0.9625	0.5631
80350	0.9825	0.9625	0.5629
80400	0.9825	0.9625	0.5628
80450	0.9825	0.9625	0.5627
80500	0.9825	0.9625	0.5625
80550	0.98125	0.9625	0.5624
80600	0.98125	0.9625	0.5617
80650	0.98125	0.9625	0.5615
80700	0.98125	0.9625	0.5612
80750	0.98125	0.9625	0.561
80800	0.98125	0.9625	0.5607
80850	0.98125	0.9625	0.5606
80900	0.98125	0.962	0.5604
80950	0.98125	0.962	0.5602
81000	0.98125	0.962	0.56
81050	0.98125	0.962	0.5599
81100	0.98125	0.962	0.5599
81150	0.98125	0.962	0.5596
81200	0.98125	0.962	0.5595
81250	0.98125	0.962	0.5593
81300	0.98125	0.962	0.5593
81350	0.98125	0.9615	0.5592
81400	0.98125	0.9615	0.5589
81450	0.98125	0.9615	0.5589
81500	0.98125	0.9615	0.5587
81550	0.98125	0.9615	0.5586
81600	0.98125	0.9615	0.5584
81650	0.98125	0.9615	0.5581
81700	0.98125	0.9615	0.558
81750	0.98125	0.9615	0.558
81800	0.98125	0.9615	0.5579
81850	0.98125	0.9615	0.5577
81900	0.98125	0.9615	0.5576
81950	0.98125	0.9615	0.5571
82000	0.98125	0.9615	0.5571
82050	0.98125	0.9615	0.5568
82100	0.98125	0.9615	0.5567
82150	0.98125	0.9615	0.5564
82200	0.98125	0.9615	0.5561
82250	0.98125	0.9615	0.5559
82300	0.98125	0.9615	0.5557
82350	0.98125	0.9615	0.5554
82400	0.98125	0.9615	0.5553
82450	0.98125	0.9615	0.555
82500	0.98125	0.9615	0.5545
82550	0.98125	0.9615	0.5542
82600	0.98125	0.961	0.554
82650	0.98125	0.961	0.5536
82700	0.98125	0.961	0.5536
82750	0.98125	0.961	0.5533
82800	0.98125	0.961	0.5533
82850	0.98125	0.961	0.5531
82900	0.98125	0.961	0.5528
82950	0.98125	0.961	0.5525
83000	0.98125	0.961	0.5523
83050	0.98125	0.961	0.5523
83100	0.98125	0.961	0.5523
83150	0.98125	0.961	0.5521
83200	0.98125	0.961	0.5517
83250	0.98125	0.961	0.5516
83300	0.98125	0.961	0.5512
83350	0.98125	0.961	0.5512
83400	0.98125	0.961	0.5511
83450	0.98125	0.961	0.551
83500	0.98125	0.9605	0.5508
83550	0.98125	0.9605	0.5508
83600	0.98125	0.9605	0.5508
83650	0.98125	0.9605	0.5506
83700	0.98125	0.9605	0.5504
83750	0.98125	0.9605	0.5502
83800	0.98125	0.9605	0.55
83850	0.98125	0.9605	0.5499
83900	0.98125	0.9605	0.5498
83950	0.98125	0.9605	0.5496
84000	0.98125	0.9605	0.5493
84050	0.98125	0.96	0.5491
84100	0.98125	0.9595	0.5487
84150	0.98125	0.959	0.5486
84200	0.98125	0.959	0.5483
84250	0.98125	0.959	0.5482
84300	0.98125	0.959	0.5482
84350	0.98125	0.959	0.5479
84400	0.98125	0.959	0.5479
84450	0.98125	0.959	0.5479
84500	0.98125	0.959	0.5478
84550	0.98125	0.959	0.5478
84600	0.98125	0.959	0.5477
84650	0.98125	0.959	0.5474
84700	0.98125	0.959	0.547
84750	0.98	0.959	0.5469
84800	0.98	0.959	0.5467
84850	0.98	0.959	0.5464
84900	0.98	0.959	0.5462
84950	0.98	0.959	0.5461
85000	0.98	0.959	0.5456
85050	0.98	0.959	0.5452
85100	0.98	0.959	0.5451
85150	0.98	0.9585	0.5443
85200	0.98	0.9585	0.5441
85250	0.98	0.9585	0.5439
85300	0.98	0.9585	0.5439
85350	0.98	0.9585	0.5435
85400	0.98	0.9585	0.5432
85450	0.98	0.9585	0.5431
85500	0.98	0.9585	0.543
85550	0.98	0.9585	0.5427
85600	0.98	0.9585	0.5422
85650	0.98	0.9585	0.542
85700	0.98	0.9585	0.542
85750	0.98	0.9585	0.5417
85800	0.98	0.9585	0.5416
85850	0.98	0.9585	0.5413
85900	0.98	0.9585	0.5411
85950	0.98	0.9585	0.5409
86000	0.98	0.9585	0.5407
86050	0.98	0.9585	0.5406
86100	0.98	0.9585	0.5403
86150	0.98	0.958	0.5403
86200	0.98	0.958	0.5402
86250	0.98	0.958	0.5401
86300	0.98	0.958	0.5399
86350	0.98	0.958	0.5397
86400	0.98	0.958	0.5395
86450	0.98	0.958	0.539
86500	0.98	0.958	0.5388
86550	0.98	0.958	0.5387
86600	0.98	0.958	0.5381
86650	0.98	0.958	0.538
86700	0.98	0.9575	0.5376
86750	0.98	0.9575	0.5375
86800	0.98	0.957	0.5373
86850	0.98	0.957	0.5371
86900	0.98	0.957	0.5369
86950	0.98	0.957	0.5366
87000	0.98	0.957	0.5366
87050	0.98	0.957	0.5364
87100	0.98	0.957	0.5361
87150	0.98	0.9565	0.536
87200	0.98	0.9565	0.5358
87250	0.97875	0.9565	0.5357
87300	0.97875	0.9565	0.5356
87350	0.97875	0.9565	0.5356
87400	0.97875	0.9565	0.5354
87450	0.97875	0.9565	0.535
87500	0.97875	0.956	0.535
87550	0.97875	0.956	0.5349
87600	0.97875	0.956	0.5347
87650	0.97875	0.956	0.5345
87700	0.97875	0.956	0.5342
87750	0.97875	0.956	0.534
87800	0.97875	0.956	0.5339
87850	0.97875	0.9555	0.5335
87900	0.97875	0.9555	0.5335
87950	0.97875	0.9555	0.5334
88000	0.97875	0.9555	0.5331
88050	0.97875	0.9555	0.5329
88100	0.97875	0.9555	0.5328
88150	0.97875	0.9555	0.5327
88200	0.97875	0.9555	0.5326
88250	0.97875	0.9555	0.5324
88300	0.97875	0.9555	0.532
88350	0.97875	0.9555	0.5317
88400	0.97875	0.9555	0.5316
88450	0.97875	0.9555	0.5314
88500	0.97875	0.9555	0.5313
88550	0.97875	0.9555	0.531
88600	0.97875	0.9555	0.5308
88650	0.97875	0.9555	0.5307
88700	0.97875	0.9555	0.5303
88750	0.97875	0.9555	0.5299
88800	0.97875	0.9555	0.5297
88850	0.97875	0.9555	0.5297
88900	0.97875	0.9555	0.5295
88950	0.97875	0.9555	0.5294
89000	0.9775	0.9555	0.5292
89050	0.9775	0.9555	0.5291
89100	0.9775	0.9555	0.5285
89150	0.9775	0.9555	0.5282
89200	0.9775	0.9555	0.5278
89250	0.9775	0.9555	0.5276
89300	0.9775	0.955	0.5275
89350	0.9775	0.955	0.5275
89400	0.9775	0.955	0.5274
89450	0.9775	0.9545	0.5271
89500	0.9775	0.9545	0.5269
89550	0.9775	0.9545	0.5269
89600	0.9775	0.9545	0.5266
89650	0.9775	0.9545	0.5265
89700	0.9775	0.9545	0.5265
89750	0.9775	0.9545	0.5262
89800	0.9775	0.9545	0.526
89850	0.9775	0.9545	0.5258
89900	0.9775	0.9545	0.5256
89950	0.97625	0.9545	0.5252
90000	0.97625	0.9545	0.5251
90050	0.97625	0.9545	0.5248
90100	0.97625	0.9545	0.5247
90150	0.97625	0.9545	0.5244
90200	0.97625	0.9545	0.5243
90250	0.97625	0.9545	0.5242
90300	0.97625	0.9545	0.5239
90350	0.97625	0.9545	0.5236
90400	0.97625	0.9545	0.5232
90450	0.97625	0.9545	0.523
90500	0.97625	0.9545	0.5227
90550	0.97625	0.954	0.5225
90600	0.97625	0.954	0.5221
90650	0.97625	0.954	0.5217
90700	0.97625	0.954	0.5213
90750	0.97625	0.954	0.521
90800	0.97625	0.954	0.5208
90850	0.97625	0.954	0.5206
90900	0.97625	0.954	0.5205
90950	0.97625	0.954	0.52
91000	0.97625	0.954	0.5199
91050	0.97625	0.954	0.5198
91100	0.97625	0.954	0.5196
91150	0.97625	0.954	0.5192
91200	0.97625	0.954	0.5189
91250	0.97625	0.954	0.5188
91300	0.97625	0.954	0.5187
91350	0.97625	0.954	0.5186
91400	0.97625	0.954	0.5186
91450	0.97625	0.9535	0.5185
91500	0.97625	0.9535	0.5185
91550	0.97625	0.9535	0.5182
91600	0.97625	0.9535	0.518
91650	0.97625	0.9535	0.5179
91700	0.97625	0.953	0.5177
91750	0.97625	0.953	0.5175
91800	0.97625	0.953	0.5175
91850	0.97625	0.953	0.5173
91900	0.97625	0.9525	0.5171
91950	0.97625	0.9525	0.5168
92000	0.97625	0.9525	0.5165
92050	0.97625	0.9525	0.5164
92100	0.97625	0.9525	0.5163
92150	0.97625	0.9525	0.5161
92200	0.97625	0.9525	0.5157
92250	0.97625	0.9525	0.5152
92300	0.97625	0.9525	0.515
92350	0.97625	0.9525	0.5148
92400	0.97625	0.9525	0.5148
92450	0.97625	0.9525	0.5144
92500	0.97625	0.9525	0.5144
92550	0.97625	0.9525	0.514
92600	0.97625	0.9525	0.5139
92650	0.97625	0.9525	0.5132
92700	0.97625	0.9525	0.5131
92750	0.97625	0.952	0.5129
92800	0.97625	0.952	0.5125
92850	0.97625	0.952	0.5123
92900	0.97625	0.952	0.5123
92950	0.97625	0.952	0.5121
93000	0.97625	0.9515	0.5119
93050	0.97625	0.9515	0.5117
93100	0.97625	0.951	0.5115
93150	0.97625	0.951	0.5114
93200	0.97625	0.951	0.5113
93250	0.97625	0.951	0.5111
93300	0.97625	0.951	0.5109
93350	0.97625	0.951	0.5107
93400	0.97625	0.951	0.5105
93450	0.97625	0.951	0.5105
93500	0.97625	0.951	0.5105
93550	0.97625	0.951	0.5105
93600	0.97625	0.951	0.5103
93650	0.97625	0.951	0.5102
93700	0.97625	0.951	0.5101
93750	0.97625	0.9505	0.5097
93800	0.97625	0.9505	0.5096
93850	0.97625	0.9505	0.5095
93900	0.97625	0.9505	0.5094
93950	0.97625	0.9505	0.5094
94000	0.97625	0.95	0.5092
94050	0.97625	0.95	0.509
94100	0.97625	0.95	0.5088
94150	0.97625	0.95	0.5084
94200	0.97625	0.95	0.5083
94250	0.97625	0.95	0.5082
94300	0.97625	0.95	0.5081
94350	0.97625	0.95	0.508
94400	0.97625	0.95	0.5077
94450	0.97625	0.95	0.5076
94500	0.97625	0.95	0.5074
94550	0.97625	0.95	0.5069
94600	0.97625	0.949	0.5066
94650	0.97625	0.949	0.5065
94700	0.97625	0.949	0.5063
94750	0.97625	0.949	0.5061
94800	0.97625	0.949	0.5058
94850	0.97625	0.949	0.5054
94900	0.97625	0.949	0.5052
94950	0.97625	0.949	0.5052
95000	0.975	0.949	0.5051
95050	0.975	0.949	0.505
95100	0.975	0.949	0.5049
95150	0.975	0.949	0.5046
95200	0.975	0.949	0.5045
95250	0.975	0.949	0.504
95300	0.975	0.949	0.5039
95350	0.975	0.9485	0.5036
95400	0.975	0.9485	0.5034
95450	0.975	0.948	0.5031
95500	0.975	0.948	0.503
95550	0.975	0.948	0.5027
95600	0.975	0.948	0.5027
95650	0.975	0.948	0.5026
95700	0.975	0.948	0.5025
95750	0.975	0.948	0.5022
95800	0.975	0.948	0.5021
95850	0.975	0.948	0.5021
95900	0.975	0.948	0.5018
95950	0.975	0.948	0.5016
96000	0.975	0.948	0.5015
96050	0.975	0.948	0.5014
96100	0.975	0.948	0.501
96150	0.975	0.948	0.5009
96200	0.975	0.948	0.5007
96250	0.975	0.948	0.5003
96300	0.975	0.948	0.5
96350	0.975	0.948	0.4999
96400	0.975	0.9475	0.4997
96450	0.975	0.9475	0.4996
96500	0.975	0.9475	0.4994
96550	0.975	0.9475	0.4993
96600	0.975	0.9475	0.4992
96650	0.975	0.9475	0.4988
96700	0.975	0.9475	0.4983
96750	0.975	0.9475	0.498
96800	0.975	0.9475	0.4978
96850	0.975	0.9475	0.4977
96900	0.975	0.9475	0.4976
96950	0.975	0.9475	0.4972
97000	0.975	0.9475	0.497
97050	0.975	0.9475	0.4966
97100	0.975	0.9475	0.4965
97150	0.975	0.9475	0.4965
97200	0.975	0.9475	0.4964
97250	0.975	0.9475	0.4962
97300	0.975	0.9475	0.4961
97350	0.975	0.9475	0.496
97400	0.975	0.9475	0.496
97450	0.975	0.9475	0.4955
97500	0.975	0.9475	0.4952
97550	0.975	0.9475	0.495
97600	0.975	0.9475	0.4948
97650	0.975	0.9475	0.4948
97700	0.975	0.9475	0.4947
97750	0.975	0.9475	0.4945
97800	0.975	0.9475	0.4944
97850	0.975	0.9475	0.4942
97900	0.975	0.9475	0.494
97950	0.975	0.9475	0.4937
98000	0.975	0.9475	0.4933
98050	0.975	0.9475	0.4932
98100	0.975	0.9475	0.4931
98150	0.975	0.9475	0.493
98200	0.975	0.9475	0.4926
98250	0.975	0.9475	0.4926
98300	0.975	0.947	0.4924
98350	0.975	0.947	0.4923
98400	0.975	0.947	0.4923
98450	0.975	0.947	0.4923
98500	0.975	0.947	0.492
98550	0.975	0.9465	0.492
98600	0.975	0.9465	0.4915
98650	0.975	0.9465	0.4912
98700	0.975	0.9465	0.4911
98750	0.975	0.9465	0.491
98800	0.975	0.946	0.4909
98850	0.975	0.946	0.4904
98900	0.975	0.946	0.4902
98950	0.975	0.946	0.4902
99000	0.975	0.946	0.4901
99050	0.975	0.946	0.4897
99100	0.975	0.946	0.4897
99150	0.975	0.946	0.4897
99200	0.975	0.946	0.4897
99250	0.975	0.946	0.4897
99300	0.975	0.946	0.4896
99350	0.975	0.946	0.4893
99400	0.975	0.946	0.4889
99450	0.975	0.946	0.4888
99500	0.975	0.946	0.4887
99550	0.975	0.946	0.4886
99600	0.975	0.946	0.4885
99650	0.975	0.946	0.4884
99700	0.975	0.946	0.4881
99750	0.975	0.946	0.4878
99800	0.975	0.946	0.4875
99850	0.975	0.946	0.4873
99900	0.975	0.946	0.4871
99950	0.975	0.946	0.4871
100000	0.975	0.946	0.487
100050	0.975	0.946	0.4869
100100	0.975	0.946	0.4866
100150	0.975	0.946	0.4865
100200	0.975	0.946	0.4865
100250	0.975	0.946	0.4865
100300	0.975	0.946	0.4862
100350	0.975	0.946	0.4857
100400	0.975	0.946	0.4855
100450	0.975	0.946	0.4854
100500	0.975	0.9455	0.4852
100550	0.975	0.9455	0.485
100600	0.975	0.9455	0.485
100650	0.975	0.9455	0.4849
100700	0.975	0.9455	0.4848
100750	0.975	0.945	0.4847
100800	0.975	0.945	0.4846
100850	0.975	0.945	0.4845
100900	0.975	0.945	0.4844
100950	0.975	0.945	0.4844
101000	0.975	0.945	0.4841
101050	0.975	0.945	0.4841
101100	0.975	0.945	0.4839
101150	0.975	0.945	0.4837
101200	0.975	0.945	0.4836
101250	0.975	0.945	0.4834
101300	0.975	0.945	0.4833
101350	0.975	0.945	0.4833
101400	0.975	0.945	0.4832
101450	0.975	0.945	0.4829
101500	0.975	0.945	0.4827
101550	0.975	0.945	0.4826
101600	0.975	0.945	0.4823
101650	0.975	0.945	0.4823
101700	0.975	0.945	0.4821
101750	0.975	0.945	0.482
101800	0.975	0.945	0.4819
101850	0.975	0.9445	0.4817
101900	0.975	0.9445	0.4816
101950	0.975	0.9445	0.4815
102000	0.975	0.9445	0.4815
102050	0.975	0.9445	0.4814
102100	0.975	0.9445	0.4813
102150	0.975	0.9445	0.481
102200	0.975	0.9445	0.4809
102250	0.975	0.9445	0.4806
102300	0.975	0.9445	0.4804
102350	0.975	0.9445	0.4801
102400	0.975	0.9445	0.48
102450	0.975	0.9445	0.4796
102500	0.975	0.9445	0.4791
102550	0.97375	0.9445	0.479
102600	0.97375	0.9445	0.479
102650	0.97375	0.9445	0.4788
102700	0.97375	0.9445	0.4787
102750	0.97375	0.9445	0.4784
102800	0.97375	0.9445	0.4779
102850	0.97375	0.9445	0.4778
102900	0.97375	0.944	0.4775
102950	0.97375	0.944	0.4775
103000	0.97375	0.944	0.4774
103050	0.9725	0.944	0.4774
103100	0.9725	0.944	0.4772
103150	0.9725	0.944	0.4769
103200	0.9725	0.944	0.4767
103250	0.9725	0.944	0.4766
103300	0.9725	0.944	0.4765
103350	0.9725	0.944	0.4761
103400	0.9725	0.944	0.4761
103450	0.9725	0.944	0.4759
103500	0.9725	0.944	0.4758
103550	0.9725	0.944	0.4757
103600	0.9725	0.944	0.4756
103650	0.9725	0.944	0.4755
103700	0.9725	0.944	0.4755
103750	0.9725	0.944	0.4754
103800	0.9725	0.944	0.4752
103850	0.9725	0.944	0.475
103900	0.9725	0.944	0.4749
103950	0.9725	0.944	0.4749
104000	0.9725	0.9435	0.4747
104050	0.9725	0.9435	0.4745
104100	0.9725	0.9435	0.4745
104150	0.9725	0.9435	0.4743
104200	0.9725	0.9435	0.4741
104250	0.9725	0.9435	0.4738
104300	0.9725	0.9435	0.4737
104350	0.9725	0.9435	0.4735
104400	0.9725	0.9435	0.4734
104450	0.9725	0.9435	0.4731
104500	0.9725	0.943	0.4727
104550	0.9725	0.943	0.4726
104600	0.9725	0.943	0.4722
104650	0.9725	0.943	0.4721
104700	0.9725	0.943	0.472
104750	0.9725	0.943	0.4719
104800	0.9725	0.943	0.4717
104850	0.9725	0.943	0.4717
104900	0.9725	0.943	0.4715
104950	0.9725	0.943	0.4712
105000	0.9725	0.943	0.4711
105050	0.9725	0.943	0.471
105100	0.9725	0.9425	0.4708
105150	0.9725	0.9425	0.4707
105200	0.9725	0.9425	0.4706
105250	0.9725	0.9425	0.4703
105300	0.9725	0.9425	0.4699
105350	0.9725	0.942	0.4698
105400	0.9725	0.9415	0.4695
105450	0.9725	0.9415	0.4692
105500	0.9725	0.9415	0.4691
105550	0.9725	0.941	0.4689
105600	0.9725	0.941	0.4687
105650	0.9725	0.941	0.4682
105700	0.9725	0.941	0.468
105750	0.9725	0.941	0.4678
105800	0.9725	0.941	0.4677
105850	0.9725	0.941	0.4676
105900	0.9725	0.941	0.4675
105950	0.9725	0.941	0.4674
106000	0.9725	0.941	0.4673
106050	0.9725	0.941	0.4671
106100	0.9725	0.941	0.4671
106150	0.9725	0.941	0.4671
106200	0.9725	0.941	0.467
106250	0.9725	0.941	0.4669
106300	0.9725	0.941	0.4667
106350	0.9725	0.941	0.4665
106400	0.9725	0.941	0.4665
106450	0.9725	0.9405	0.4664
106500	0.9725	0.9405	0.4663
106550	0.9725	0.9405	0.4662
106600	0.9725	0.9405	0.4661
106650	0.9725	0.9405	0.4661
106700	0.9725	0.9405	0.4658
106750	0.9725	0.9405	0.4657
106800	0.9725	0.9405	0.4653
106850	0.9725	0.9405	0.4653
106900	0.9725	0.9405	0.4653
106950	0.9725	0.9405	0.465
107000	0.9725	0.9405	0.4649
107050	0.9725	0.9405	0.4647
107100	0.9725	0.9405	0.4645
107150	0.9725	0.9405	0.4644
107200	0.9725	0.94	0.4641
107250	0.9725	0.94	0.4641
107300	0.9725	0.94	0.4637
107350	0.9725	0.94	0.4636
107400	0.9725	0.94	0.4635
107450	0.9725	0.94	0.4635
107500	0.9725	0.94	0.4631
107550	0.9725	0.94	0.4628
107600	0.9725	0.94	0.4625
107650	0.9725	0.94	0.4624
107700	0.9725	0.9395	0.462
107750	0.9725	0.9395	0.462
107800	0.9725	0.9395	0.4617
107850	0.9725	0.9395	0.4616
107900	0.9725	0.9395	0.4615
107950	0.9725	0.9395	0.4611
108000	0.9725	0.9395	0.461
108050	0.9725	0.9395	0.4607
108100	0.9725	0.9395	0.4606
108150	0.9725	0.9395	0.4604
108200	0.9725	0.9395	0.4603
108250	0.9725	0.9395	0.4602
108300	0.9725	0.9395	0.4601
108350	0.9725	0.9395	0.46
108400	0.9725	0.9395	0.4599
108450	0.9725	0.9395	0.4596
108500	0.9725	0.9395	0.4594
108550	0.97125	0.9395	0.4592
108600	0.97125	0.9395	0.4591
108650	0.97125	0.9395	0.4589
108700	0.97125	0.9395	0.4586
108750	0.97125	0.9395	0.4585
108800	0.97125	0.9395	0.458
108850	0.97125	0.9395	0.4579
108900	0.97125	0.9395	0.4577
108950	0.97125	0.9395	0.4576
109000	0.97125	0.9395	0.4575
109050	0.97125	0.9395	0.4573
109100	0.97125	0.9395	0.4569
109150	0.97125	0.9395	0.4569
109200	0.97125	0.9395	0.4567
109250	0.97125	0.9395	0.4561
109300	0.97125	0.9395	0.4561
109350	0.97125	0.9395	0.4559
109400	0.97125	0.9395	0.4555
109450	0.97125	0.9395	0.4553
109500	0.97125	0.9395	0.4552
109550	0.97125	0.9395	0.4551
109600	0.97125	0.9395	0.4546
109650	0.97125	0.9395	0.4541
109700	0.97125	0.9395	0.454
109750	0.97	0.9395	0.4534
109800	0.97	0.9395	0.4532
109850	0.97	0.9395	0.4531
109900	0.97	0.9395	0.4528
109950	0.97	0.9395	0.4527
110000	0.97	0.9395	0.4526
110050	0.96875	0.9395	0.4525
110100	0.96875	0.9395	0.4523
110150	0.96875	0.9395	0.4523
110200	0.96875	0.9395	0.4521
110250	0.96875	0.9395	0.4521
110300	0.96875	0.9395	0.452
110350	0.96875	0.9395	0.4517
110400	0.96875	0.9395	0.4515
110450	0.96875	0.9395	0.4513
110500	0.96875	0.9395	0.4512
110550	0.96875	0.9395	0.4512
110600	0.96875	0.9395	0.4512
110650	0.96875	0.9395	0.4507
110700	0.96875	0.9395	0.4505
110750	0.96875	0.9395	0.4502
110800	0.96875	0.9395	0.4501
110850	0.96875	0.9395	0.4499
110900	0.96875	0.9395	0.4498
110950	0.96875	0.9395	0.4497
111000	0.96875	0.9395	0.4494
111050	0.96875	0.9395	0.4491
111100	0.96875	0.9395	0.4488
111150	0.96875	0.9395	0.4487
111200	0.9675	0.9395	0.4487
111250	0.9675	0.9395	0.4486
111300	0.9675	0.9395	0.4484
111350	0.9675	0.9395	0.4482
111400	0.9675	0.9395	0.448
111450	0.9675	0.9395	0.4478
111500	0.9675	0.9395	0.4478
111550	0.9675	0.939	0.4477
111600	0.96625	0.939	0.4476
111650	0.96625	0.939	0.4476
111700	0.96625	0.939	0.4476
111750	0.96625	0.939	0.4475
111800	0.96625	0.939	0.4473
111850	0.96625	0.939	0.4472
111900	0.96625	0.939	0.4471
111950	0.96625	0.939	0.447
112000	0.96625	0.939	0.447
112050	0.96625	0.939	0.4467
112100	0.96625	0.939	0.4464
112150	0.96625	0.939	0.4463
112200	0.96625	0.939	0.4461
112250	0.96625	0.939	0.4461
112300	0.96625	0.939	0.446
112350	0.96625	0.939	0.4459
112400	0.96625	0.939	0.4458
112450	0.96625	0.939	0.4457
112500	0.96625	0.939	0.4456
112550	0.96625	0.939	0.4455
112600	0.96625	0.939	0.4454
112650	0.96625	0.939	0.4452
112700	0.96625	0.9385	0.445
112750	0.96625	0.9385	0.4448
112800	0.96625	0.938	0.4446
112850	0.96625	0.938	0.4444
112900	0.96625	0.938	0.4442
112950	0.96625	0.938	0.4441
113000	0.96625	0.938	0.444
113050	0.96625	0.938	0.4439
113100	0.96625	0.938	0.4439
113150	0.96625	0.938	0.4438
113200	0.96625	0.938	0.4438
113250	0.96625	0.938	0.4437
113300	0.96625	0.938	0.4436
113350	0.96625	0.938	0.4433
113400	0.96625	0.938	0.4432
113450	0.96625	0.938	0.4431
113500	0.96625	0.938	0.4428
113550	0.96625	0.938	0.4426
113600	0.96625	0.938	0.4424
113650	0.96625	0.938	0.4424
113700	0.96625	0.938	0.4423
113750	0.96625	0.938	0.4423
113800	0.96625	0.938	0.4421
113850	0.96625	0.938	0.4418
113900	0.96625	0.938	0.4417
113950	0.96625	0.938	0.4414
114000	0.96625	0.938	0.4413
114050	0.96625	0.938	0.4413
114100	0.96625	0.938	0.4411
114150	0.96625	0.938	0.441
114200	0.96625	0.938	0.4409
114250	0.96625	0.938	0.4408
114300	0.96625	0.938	0.4407
114350	0.96625	0.938	0.4406
114400	0.96625	0.9375	0.4405
114450	0.96625	0.9375	0.4404
114500	0.96625	0.937	0.4402
114550	0.96625	0.937	0.4402
114600	0.96625	0.937	0.4402
114650	0.96625	0.937	0.44
114700	0.96625	0.937	0.4399
114750	0.96625	0.937	0.4398
114800	0.96625	0.937	0.4397
114850	0.96625	0.937	0.4396
114900	0.96625	0.9365	0.4396
114950	0.96625	0.9365	0.4396
115000	0.96625	0.9365	0.4394
115050	0.96625	0.9365	0.4392
115100	0.96625	0.9365	0.4391
115150	0.96625	0.9365	0.4391
115200	0.96625	0.9365	0.439
115250	0.96625	0.9365	0.439
115300	0.96625	0.9365	0.439
115350	0.96625	0.935	0.4389
115400	0.96625	0.935	0.4388
115450	0.96625	0.935	0.4387
115500	0.96625	0.935	0.4387
115550	0.96625	0.935	0.4385
115600	0.96625	0.935	0.4384
115650	0.96625	0.935	0.4382
115700	0.96625	0.935	0.4381
115750	0.96625	0.935	0.438
115800	0.96625	0.935	0.4379
115850	0.96625	0.935	0.4376
115900	0.96625	0.935	0.4373
115950	0.96625	0.935	0.4371
116000	0.96625	0.935	0.4371
116050	0.96625	0.935	0.4368
116100	0.96625	0.935	0.4367
116150	0.96625	0.935	0.4367
116200	0.96625	0.935	0.4366
116250	0.96625	0.935	0.4366
116300	0.96625	0.935	0.4366
116350	0.96625	0.935	0.4365
116400	0.96625	0.935	0.4363
116450	0.96625	0.935	0.4363
116500	0.96625	0.935	0.4363
116550	0.96625	0.935	0.4362
116600	0.96625	0.935	0.4358
116650	0.96625	0.935	0.4355
116700	0.96625	0.935	0.4354
116750	0.96625	0.935	0.4352
116800	0.96625	0.9345	0.435
116850	0.96625	0.9345	0.4347
116900	0.96625	0.9345	0.4344
116950	0.96625	0.9345	0.4338
117000	0.96625	0.9345	0.4338
117050	0.96625	0.9345	0.4336
117100	0.96625	0.9345	0.4334
117150	0.96625	0.9345	0.4332
117200	0.96625	0.9345	0.433
117250	0.96625	0.9345	0.4327
117300	0.96625	0.9345	0.4322
117350	0.96625	0.9345	0.4319
117400	0.96625	0.9345	0.4318
117450	0.96625	0.9345	0.4318
117500	0.96625	0.9345	0.4317
117550	0.96625	0.9345	0.4315
117600	0.96625	0.9345	0.4309
117650	0.96625	0.934	0.4307
117700	0.96625	0.934	0.4306
117750	0.96625	0.934	0.4306
117800	0.96625	0.934	0.4304
117850	0.96625	0.934	0.4304
117900	0.96625	0.934	0.4303
117950	0.96625	0.9335	0.4301
118000	0.96625	0.9335	0.4301
118050	0.96625	0.9335	0.43
118100	0.96625	0.9335	0.43
118150	0.96625	0.9335	0.4299
118200	0.96625	0.9335	0.4298
118250	0.96625	0.9335	0.4298
118300	0.96625	0.9335	0.4298
118350	0.96625	0.9335	0.4297
118400	0.96625	0.9335	0.4296
118450	0.96625	0.9335	0.4294
118500	0.96625	0.9335	0.4294
118550	0.96625	0.9335	0.4293
118600	0.96625	0.9335	0.429
118650	0.96625	0.9335	0.4288
118700	0.96625	0.9335	0.4286
118750	0.96625	0.933	0.4286
118800	0.96625	0.933	0.4285
118850	0.96625	0.933	0.4284
118900	0.96625	0.933	0.4284
118950	0.96625	0.933	0.4281
119000	0.96625	0.933	0.4281
119050	0.96625	0.933	0.4278
119100	0.96625	0.933	0.4276
119150	0.96625	0.933	0.4274
119200	0.96625	0.933	0.4273
119250	0.96625	0.933	0.427
119300	0.96625	0.933	0.4269
119350	0.96625	0.933	0.4267
119400	0.96625	0.933	0.4265
119450	0.96625	0.933	0.4262
119500	0.96625	0.933	0.4262
119550	0.96625	0.933	0.4261
119600	0.96625	0.933	0.426
119650	0.96625	0.933	0.426
119700	0.96625	0.933	0.4259
119750	0.96625	0.933	0.4255
119800	0.96625	0.933	0.4253
119850	0.96625	0.933	0.425
119900	0.96625	0.933	0.425
119950	0.96625	0.933	0.4249
120000	0.96625	0.9325	0.4249
120050	0.96625	0.9325	0.4248
120100	0.96625	0.9325	0.4246
120150	0.96625	0.9325	0.4246
120200	0.96625	0.9325	0.4243
120250	0.96625	0.9325	0.424
120300	0.96625	0.9325	0.4239
120350	0.96625	0.9325	0.4236
120400	0.96625	0.9325	0.4232
120450	0.965	0.9325	0.4231
120500	0.965	0.9325	0.423
120550	0.965	0.932	0.423
120600	0.965	0.932	0.4227
120650	0.965	0.932	0.4227
120700	0.965	0.932	0.4226
120750	0.965	0.932	0.4226
120800	0.965	0.932	0.4225
120850	0.965	0.932	0.4225
120900	0.965	0.932	0.4222
120950	0.965	0.932	0.4221
121000	0.965	0.932	0.4219
121050	0.965	0.932	0.4216
121100	0.965	0.932	0.4215
121150	0.965	0.932	0.4214
121200	0.965	0.932	0.4212
121250	0.965	0.932	0.4212
121300	0.965	0.9315	0.421
121350	0.965	0.9315	0.4209
121400	0.965	0.9315	0.4205
121450	0.965	0.9315	0.4203
121500	0.965	0.9315	0.4202
121550	0.965	0.9315	0.4199
121600	0.965	0.9315	0.4192
121650	0.965	0.9315	0.4192
121700	0.965	0.9315	0.4191
121750	0.965	0.9315	0.419
121800	0.965	0.9315	0.419
121850	0.965	0.9315	0.4189
121900	0.965	0.9315	0.4186
121950	0.965	0.9315	0.4185
122000	0.965	0.9315	0.4182
122050	0.965	0.9315	0.4182
122100	0.965	0.9315	0.4182
122150	0.965	0.9315	0.418
122200	0.965	0.9315	0.4178
122250	0.965	0.931	0.4177
122300	0.965	0.9305	0.4176
122350	0.965	0.9305	0.4175
122400	0.965	0.9305	0.4174
122450	0.965	0.9305	0.4172
122500	0.965	0.9305	0.4172
122550	0.965	0.9305	0.4172
122600	0.965	0.9305	0.417
122650	0.965	0.9305	0.4166
122700	0.965	0.9305	0.4166
122750	0.965	0.9305	0.4161
122800	0.965	0.9305	0.4158
122850	0.965	0.9305	0.4158
122900	0.965	0.9305	0.4157
122950	0.965	0.9305	0.4157
123000	0.965	0.9305	0.4156
123050	0.965	0.9305	0.4156
123100	0.965	0.9305	0.4155
123150	0.965	0.9305	0.4154
123200	0.965	0.9305	0.4152
123250	0.965	0.9305	0.4149
123300	0.965	0.9305	0.4146
123350	0.965	0.9305	0.4145
123400	0.965	0.9305	0.4144
123450	0.965	0.9305	0.4139
123500	0.965	0.9305	0.4137
123550	0.965	0.9305	0.4135
123600	0.965	0.9305	0.4133
123650	0.965	0.9305	0.4131
123700	0.965	0.9305	0.4128
123750	0.965	0.9305	0.4127
123800	0.965	0.9305	0.4125
123850	0.965	0.9305	0.4125
123900	0.965	0.9305	0.4123
123950	0.965	0.9305	0.4122
124000	0.965	0.9305	0.4122
124050	0.965	0.9305	0.4121
124100	0.965	0.9305	0.412
124150	0.965	0.9305	0.4118
124200	0.965	0.9305	0.4118
124250	0.965	0.9305	0.4115
124300	0.965	0.9305	0.4112
124350	0.965	0.9305	0.411
124400	0.965	0.9305	0.4108
124450	0.965	0.9305	0.4107
124500	0.965	0.9305	0.4105
124550	0.965	0.9305	0.4102
124600	0.965	0.9305	0.4101
124650	0.965	0.9305	0.4098
124700	0.965	0.9305	0.4096
124750	0.965	0.9305	0.4094
124800	0.965	0.93	0.4094
124850	0.965	0.93	0.4094
124900	0.965	0.93	0.4092
124950	0.965	0.93	0.4091
125000	0.965	0.93	0.4091
125050	0.965	0.93	0.4091
125100	0.965	0.93	0.4089
125150	0.965	0.93	0.4089
125200	0.965	0.9295	0.4084
125250	0.965	0.9295	0.4082
125300	0.965	0.9295	0.4079
125350	0.965	0.9295	0.4078
125400	0.965	0.9295	0.4076
125450	0.965	0.9295	0.4075
125500	0.965	0.9295	0.4071
125550	0.965	0.9295	0.407
125600	0.965	0.9295	0.4069
125650	0.965	0.9295	0.4068
125700	0.965	0.9295	0.4067
125750	0.965	0.9295	0.4066
125800	0.965	0.9295	0.4066
125850	0.965	0.9295	0.4066
125900	0.965	0.9295	0.4066
125950	0.965	0.9295	0.4063
126000	0.965	0.9295	0.4063
126050	0.965	0.9295	0.406
126100	0.965	0.9295	0.4059
126150	0.965	0.9295	0.4056
126200	0.965	0.9295	0.4056
126250	0.965	0.9295	0.4056
126300	0.965	0.929	0.4056
126350	0.965	0.929	0.4056
126400	0.965	0.929	0.4054
126450	0.965	0.929	0.4054
126500	0.965	0.929	0.4054
126550	0.965	0.929	0.4052
126600	0.965	0.929	0.405
126650	0.965	0.929	0.405
126700	0.965	0.929	0.4048
126750	0.965	0.929	0.4048
126800	0.965	0.9285	0.4046
126850	0.965	0.9285	0.4045
126900	0.965	0.9285	0.4045
126950	0.965	0.9285	0.4044
127000	0.965	0.9285	0.4044
127050	0.965	0.9285	0.4043
127100	0.965	0.9285	0.4041
127150	0.965	0.9285	0.4041
127200	0.965	0.9285	0.4041
127250	0.965	0.9285	0.4041
127300	0.965	0.9285	0.404
127350	0.965	0.9285	0.4037
127400	0.96375	0.9285	0.4033
127450	0.96375	0.9285	0.4031
127500	0.96375	0.9285	0.403
127550	0.96375	0.9285	0.4028
127600	0.96375	0.9285	0.4028
127650	0.96375	0.9285	0.4028
127700	0.96375	0.9285	0.4026
127750	0.96375	0.9275	0.4025
127800	0.96375	0.9275	0.4024
127850	0.96375	0.927	0.4023
127900	0.96375	0.927	0.402
127950	0.96375	0.927	0.402
128000	0.96375	0.927	0.4019
128050	0.96375	0.927	0.4017
128100	0.96375	0.927	0.4017
128150	0.96375	0.927	0.4014
128200	0.96375	0.927	0.4011
128250	0.96375	0.927	0.4011
128300	0.96375	0.927	0.401
128350	0.96375	0.927	0.4009
128400	0.96375	0.927	0.4007
128450	0.96375	0.927	0.4007
128500	0.96375	0.927	0.4007
128550	0.96375	0.9265	0.4006
128600	0.96375	0.9265	0.4003
128650	0.96375	0.9265	0.4003
128700	0.96375	0.9265	0.4002
128750	0.96375	0.9265	0.4001
128800	0.96375	0.9265	0.3997
128850	0.96375	0.9265	0.3995
128900	0.96375	0.9265	0.399
128950	0.96375	0.9265	0.3989
129000	0.96375	0.9265	0.3987
129050	0.96375	0.9265	0.3984
129100	0.96375	0.9265	0.3984
129150	0.96375	0.9265	0.3982
129200	0.96375	0.9265	0.3981
129250	0.96375	0.9265	0.3976
129300	0.96375	0.9265	0.3976
129350	0.96375	0.9265	0.3974
129400	0.96375	0.9265	0.3973
129450	0.96375	0.9265	0.3971
129500	0.96375	0.9265	0.3968
129550	0.96375	0.926	0.3966
129600	0.96375	0.926	0.3966
129650	0.96375	0.926	0.3966
129700	0.96375	0.926	0.3965
129750	0.96375	0.926	0.3963
129800	0.96375	0.926	0.3963
129850	0.96375	0.926	0.3961
129900	0.96375	0.926	0.3958
129950	0.96375	0.926	0.3958
130000	0.96375	0.926	0.3958
130050	0.9625	0.926	0.3956
130100	0.9625	0.926	0.3953
130150	0.9625	0.926	0.3953
130200	0.9625	0.926	0.3951
130250	0.9625	0.926	0.3946
130300	0.9625	0.926	0.3944
130350	0.9625	0.9255	0.394
130400	0.9625	0.9255	0.394
130450	0.9625	0.9255	0.394
130500	0.9625	0.9255	0.394
130550	0.9625	0.9255	0.3939
130600	0.9625	0.9255	0.3939
130650	0.9625	0.925	0.3939
130700	0.9625	0.925	0.3937
130750	0.9625	0.9245	0.3935
130800	0.9625	0.9245	0.3935
130850	0.9625	0.9245	0.3934
130900	0.9625	0.9245	0.3934
130950	0.9625	0.9245	0.3933
131000	0.9625	0.9245	0.3931
131050	0.9625	0.9245	0.3931
131100	0.9625	0.9245	0.3931
131150	0.9625	0.9245	0.3927
131200	0.9625	0.9245	0.3924
131250	0.9625	0.9245	0.3923
131300	0.9625	0.9245	0.3923
131350	0.9625	0.924	0.3921
131400	0.9625	0.924	0.3921
131450	0.9625	0.924	0.3919
131500	0.9625	0.924	0.3918
131550	0.9625	0.924	0.3916
131600	0.9625	0.924	0.3913
131650	0.9625	0.924	0.3911
131700	0.9625	0.924	0.391
131750	0.9625	0.924	0.391
131800	0.9625	0.924	0.391
131850	0.9625	0.924	0.3907
131900	0.9625	0.924	0.3906
131950	0.9625	0.924	0.3906
132000	0.9625	0.924	0.3904
132050	0.9625	0.924	0.3901
132100	0.96125	0.924	0.39
132150	0.96125	0.924	0.39
132200	0.96125	0.924	0.3895
132250	0.96125	0.924	0.3894
132300	0.96125	0.924	0.3891
132350	0.96125	0.924	0.389
132400	0.96125	0.924	0.3886
132450	0.96125	0.9235	0.3885
132500	0.96125	0.9235	0.3883
132550	0.96125	0.9235	0.3881
132600	0.96125	0.9235	0.3881
132650	0.96125	0.9235	0.3879
132700	0.96125	0.9235	0.3879
132750	0.96125	0.9235	0.3877
132800	0.96125	0.9235	0.3876
132850	0.96125	0.9235	0.3874
132900	0.96125	0.9235	0.3871
132950	0.96125	0.9235	0.387
133000	0.96125	0.9235	0.3869
133050	0.96125	0.9235	0.3868
133100	0.96125	0.9235	0.3866
133150	0.96125	0.9235	0.3864
133200	0.96125	0.9235	0.3863
133250	0.96125	0.9235	0.3863
133300	0.96125	0.9235	0.386
133350	0.96125	0.9235	0.3859
133400	0.96125	0.9235	0.3857
133450	0.96125	0.9235	0.3856
133500	0.96125	0.9235	0.3854
133550	0.96125	0.9235	0.3854
133600	0.96125	0.9235	0.3854
133650	0.96125	0.9235	0.3854
133700	0.96125	0.9235	0.3852
133750	0.96	0.9235	0.3852
133800	0.96	0.9235	0.3852
133850	0.96	0.9235	0.3851
133900	0.96	0.9235	0.385
133950	0.96	0.9235	0.3847
134000	0.96	0.9235	0.3846
134050	0.96	0.9235	0.3842
134100	0.96	0.9235	0.3841
134150	0.96	0.9235	0.384
134200	0.96	0.9235	0.3838
134250	0.96	0.9235	0.3837
134300	0.96	0.9235	0.3833
134350	0.96	0.9235	0.383
134400	0.96	0.9235	0.3829
134450	0.96	0.9235	0.3829
134500	0.96	0.9235	0.3828
134550	0.96	0.9235	0.3825
134600	0.96	0.9235	0.3825
134650	0.96	0.9235	0.3824
134700	0.96	0.9235	0.3824
134750	0.96	0.9235	0.3822
134800	0.96	0.9235	0.3821
134850	0.96	0.9235	0.3821
134900	0.96	0.9235	0.382
134950	0.96	0.9235	0.3818
135000	0.96	0.9235	0.3816
135050	0.96	0.9235	0.3813
135100	0.96	0.9235	0.3813
135150	0.96	0.9235	0.3812
135200	0.96	0.9235	0.381
135250	0.96	0.9235	0.3808
135300	0.96	0.9235	0.3804
135350	0.96	0.9235	0.3802
135400	0.96	0.9235	0.3802
135450	0.96	0.9235	0.3797
135500	0.96	0.9235	0.3795
135550	0.96	0.9235	0.3794
135600	0.96	0.9235	0.3793
135650	0.96	0.9235	0.3791
135700	0.96	0.9235	0.379
135750	0.96	0.9235	0.3787
135800	0.96	0.9235	0.3787
135850	0.96	0.9235	0.3785
135900	0.96	0.9235	0.3784
135950	0.96	0.9235	0.3782
136000	0.96	0.9235	0.3778
136050	0.96	0.9235	0.3777
136100	0.96	0.9235	0.3776
136150	0.96	0.9235	0.3776
136200	0.96	0.9235	0.3776
136250	0.96	0.9235	0.3775
136300	0.96	0.9235	0.3774
136350	0.96	0.9235	0.3772
136400	0.96	0.923	0.3771
136450	0.96	0.923	0.3771
136500	0.96	0.923	0.3769
136550	0.96	0.923	0.3769
136600	0.96	0.923	0.3768
136650	0.96	0.923	0.3767
136700	0.96	0.923	0.3765
136750	0.96	0.923	0.376
136800	0.96	0.923	0.376
136850	0.96	0.923	0.376
136900	0.96	0.923	0.3759
136950	0.96	0.923	0.3756
137000	0.95875	0.923	0.3756
137050	0.95875	0.923	0.3755
137100	0.95875	0.923	0.3754
137150	0.95875	0.923	0.3753
137200	0.95875	0.923	0.3752
137250	0.95875	0.923	0.3751
137300	0.95875	0.923	0.375
137350	0.95875	0.923	0.3748
137400	0.95875	0.923	0.3745
137450	0.95875	0.923	0.3745
137500	0.95875	0.923	0.3743
137550	0.95875	0.923	0.3742
137600	0.95875	0.923	0.3741
137650	0.95875	0.923	0.3741
137700	0.95875	0.923	0.3738
137750	0.95875	0.923	0.3734
137800	0.95875	0.923	0.3732
137850	0.95875	0.923	0.3731
137900	0.95875	0.923	0.373
137950	0.95875	0.923	0.3729
138000	0.95875	0.923	0.3729
138050	0.95875	0.923	0.3729
138100	0.95875	0.923	0.3727
138150	0.95875	0.923	0.3727
138200	0.95875	0.923	0.3726
138250	0.95875	0.9225	0.3724
138300	0.95875	0.9225	0.3723
138350	0.95875	0.9225	0.372
138400	0.95875	0.9225	0.372
138450	0.95875	0.9225	0.3718
138500	0.95875	0.9225	0.3716
138550	0.95875	0.9225	0.3716
138600	0.95875	0.9225	0.3715
138650	0.95875	0.922	0.3713
138700	0.95875	0.922	0.3712
138750	0.95875	0.922	0.3711
138800	0.95875	0.922	0.371
138850	0.9575	0.922	0.3709
138900	0.9575	0.922	0.3707
138950	0.9575	0.922	0.3707
139000	0.9575	0.922	0.3707
139050	0.9575	0.922	0.3707
139100	0.9575	0.922	0.3702
139150	0.9575	0.922	0.37
139200	0.9575	0.922	0.37
139250	0.9575	0.922	0.3699
139300	0.9575	0.922	0.3699
139350	0.9575	0.922	0.3699
139400	0.9575	0.9215	0.3698
139450	0.9575	0.9215	0.3698
139500	0.9575	0.9215	0.3696
139550	0.9575	0.9215	0.3694
139600	0.9575	0.9215	0.3693
139650	0.9575	0.9215	0.3691
139700	0.9575	0.9215	0.3691
139750	0.9575	0.9215	0.3691
139800	0.9575	0.9215	0.3689
139850	0.9575	0.9215	0.3687
139900	0.9575	0.9215	0.3686
139950	0.9575	0.9215	0.3686
140000	0.9575	0.9215	0.3683
140050	0.9575	0.921	0.3682
140100	0.9575	0.921	0.3681
140150	0.9575	0.921	0.3679
140200	0.9575	0.921	0.3678
140250	0.9575	0.921	0.3678
140300	0.9575	0.921	0.3677
140350	0.9575	0.921	0.3676
140400	0.9575	0.921	0.3676
140450	0.9575	0.921	0.3676
140500	0.9575	0.921	0.3672
140550	0.9575	0.921	0.3672
140600	0.9575	0.921	0.3669
140650	0.9575	0.921	0.3668
140700	0.9575	0.921	0.3668
140750	0.9575	0.9205	0.3667
140800	0.9575	0.9205	0.3666
140850	0.9575	0.9205	0.3666
140900	0.9575	0.9205	0.3664
140950	0.9575	0.9205	0.3662
141000	0.9575	0.9205	0.366
141050	0.9575	0.9205	0.3657
141100	0.9575	0.9205	0.3656
141150	0.9575	0.9205	0.3654
141200	0.95625	0.9205	0.3654
141250	0.95625	0.9205	0.3654
141300	0.95625	0.9205	0.3649
141350	0.95625	0.9205	0.3649
141400	0.95625	0.9205	0.3649
141450	0.95625	0.9205	0.3647
141500	0.95625	0.9205	0.3646
141550	0.95625	0.9205	0.3645
141600	0.95625	0.9205	0.3644
141650	0.95625	0.9205	0.3643
141700	0.95625	0.9205	0.3643
141750	0.95625	0.9205	0.3641
141800	0.95625	0.9205	0.3639
141850	0.95625	0.9205	0.3639
141900	0.95625	0.9205	0.3638
141950	0.95625	0.9205	0.3637
142000	0.95625	0.9205	0.3636
142050	0.95625	0.9205	0.3636
142100	0.95625	0.9205	0.3635
142150	0.95625	0.9205	0.3635
142200	0.95625	0.9205	0.3634
142250	0.95625	0.9205	0.3633
142300	0.95625	0.9205	0.3633
142350	0.95625	0.9205	0.3631
142400	0.95625	0.92	0.3631
142450	0.95625	0.92	0.3629
142500	0.95625	0.92	0.3625
142550	0.95625	0.92	0.3624
142600	0.95625	0.92	0.3621
142650	0.95625	0.92	0.3621
142700	0.95625	0.92	0.3621
142750	0.95625	0.92	0.3619
142800	0.95625	0.92	0.3617
142850	0.95625	0.92	0.3616
142900	0.95625	0.92	0.3616
142950	0.95625	0.92	0.3613
143000	0.95625	0.92	0.361
143050	0.95625	0.92	0.361
143100	0.95625	0.92	0.3609
143150	0.955	0.92	0.3606
143200	0.955	0.92	0.3604
143250	0.955	0.92	0.3604
143300	0.955	0.92	0.3603
143350	0.955	0.92	0.3603
143400	0.955	0.92	0.3602
143450	0.955	0.92	0.3602
143500	0.955	0.92	0.3601
143550	0.955	0.92	0.36
143600	0.955	0.92	0.3599
143650	0.955	0.92	0.3599
143700	0.955	0.92	0.3598
143750	0.955	0.92	0.3596
143800	0.955	0.92	0.3596
143850	0.955	0.92	0.3594
143900	0.955	0.92	0.3593
143950	0.955	0.92	0.3589
144000	0.955	0.92	0.3589
144050	0.955	0.92	0.3588
144100	0.955	0.92	0.3586
144150	0.955	0.92	0.3586
144200	0.955	0.92	0.3583
144250	0.955	0.92	0.3581
144300	0.955	0.92	0.3579
144350	0.955	0.92	0.3579
144400	0.955	0.92	0.3579
144450	0.955	0.92	0.3579
144500	0.955	0.92	0.3576
144550	0.955	0.92	0.3576
144600	0.955	0.92	0.3576
144650	0.955	0.92	0.3575
144700	0.955	0.92	0.3573
144750	0.955	0.92	0.357
144800	0.955	0.92	0.3569
144850	0.955	0.92	0.3568
144900	0.955	0.92	0.3566
144950	0.955	0.92	0.3563
145000	0.955	0.92	0.3562
145050	0.955	0.92	0.3562
145100	0.955	0.92	0.356
145150	0.955	0.92	0.3559
145200	0.955	0.92	0.3559
145250	0.955	0.92	0.3556
145300	0.955	0.92	0.3551
145350	0.95375	0.92	0.3551
145400	0.95375	0.92	0.3551
145450	0.95375	0.92	0.355
145500	0.95375	0.92	0.3549
145550	0.95375	0.92	0.3547
145600	0.95375	0.92	0.3547
145650	0.95375	0.92	0.3545
145700	0.95375	0.92	0.3544
145750	0.95375	0.92	0.3543
145800	0.95375	0.92	0.3541
145850	0.95375	0.92	0.354
145900	0.95375	0.92	0.3539
145950	0.95375	0.92	0.3539
146000	0.95375	0.92	0.3539
146050	0.95375	0.92	0.3537
146100	0.95375	0.92	0.3537
146150	0.95375	0.92	0.3535
146200	0.95375	0.92	0.3535
146250	0.95375	0.92	0.3532
146300	0.95375	0.92	0.353
146350	0.95375	0.92	0.3527
146400	0.95375	0.92	0.3526
146450	0.95375	0.92	0.3525
146500	0.95375	0.92	0.3524
146550	0.95375	0.92	0.3521
146600	0.95375	0.92	0.3521
146650	0.95375	0.92	0.3519
146700	0.95375	0.92	0.3517
146750	0.95375	0.92	0.3515
146800	0.95375	0.92	0.3513
146850	0.95375	0.92	0.3511
146900	0.95375	0.92	0.3507
146950	0.95375	0.92	0.3504
147000	0.95375	0.92	0.3503
147050	0.95375	0.92	0.35
147100	0.95375	0.92	0.3498
147150	0.95375	0.92	0.3496
147200	0.95375	0.92	0.3495
147250	0.95375	0.9195	0.3494
147300	0.95375	0.9195	0.3492
147350	0.95375	0.9195	0.3492
147400	0.95375	0.9195	0.3491
147450	0.95375	0.9195	0.3489
147500	0.95375	0.9195	0.3488
147550	0.95375	0.9195	0.3486
147600	0.95375	0.9195	0.3486
147650	0.95375	0.9195	0.3485
147700	0.95375	0.9195	0.3484
147750	0.95375	0.9195	0.3484
147800	0.95375	0.9195	0.3483
147850	0.95375	0.9195	0.3479
147900	0.95375	0.9195	0.3479
147950	0.95375	0.9195	0.3478
148000	0.95375	0.9195	0.3478
148050	0.95375	0.9195	0.3474
148100	0.95375	0.9195	0.3471
148150	0.95375	0.9195	0.3471
148200	0.95375	0.9195	0.3471
148250	0.95375	0.9195	0.3469
148300	0.95375	0.9195	0.3469
148350	0.95375	0.9195	0.3468
148400	0.95375	0.9195	0.3467
148450	0.95375	0.919	0.3465
148500	0.95375	0.919	0.3464
148550	0.95375	0.919	0.3463
148600	0.95375	0.919	0.3462
148650	0.95375	0.919	0.3462
148700	0.95375	0.919	0.3462
148750	0.95375	0.919	0.3461
148800	0.95375	0.919	0.3459
148850	0.95375	0.919	0.3456
148900	0.95375	0.919	0.3454
148950	0.95375	0.919	0.3452
149000	0.95375	0.919	0.3451
149050	0.95375	0.919	0.3449
149100	0.9525	0.919	0.3448
149150	0.9525	0.919	0.3446
149200	0.9525	0.919	0.3445
149250	0.9525	0.919	0.3444
149300	0.9525	0.919	0.3444
149350	0.9525	0.919	0.3442
149400	0.9525	0.919	0.3442
149450	0.9525	0.919	0.344
149500	0.9525	0.919	0.3438
149550	0.9525	0.919	0.3436
149600	0.9525	0.919	0.3435
149650	0.9525	0.919	0.3435
149700	0.9525	0.919	0.3435
149750	0.9525	0.919	0.3433
149800	0.9525	0.919	0.3433
149850	0.9525	0.919	0.3432
149900	0.9525	0.919	0.3432
149950	0.9525	0.919	0.3432
150000	0.9525	0.919	0.3432
150050	0.9525	0.919	0.3431
150100	0.9525	0.919	0.3431
150150	0.95125	0.919	0.343
150200	0.95125	0.919	0.343
150250	0.95125	0.919	0.343
150300	0.95125	0.9185	0.3427
150350	0.95125	0.9185	0.3425
150400	0.95125	0.9185	0.3425
150450	0.95125	0.9185	0.3423
150500	0.95125	0.918	0.342
150550	0.95125	0.918	0.3416
150600	0.95125	0.918	0.3415
150650	0.95125	0.918	0.3415
150700	0.95125	0.918	0.3414
150750	0.95125	0.918	0.341
150800	0.95125	0.918	0.3407
150850	0.95125	0.918	0.3406
150900	0.95125	0.918	0.3405
150950	0.95125	0.918	0.3405
151000	0.95125	0.918	0.3404
151050	0.95125	0.918	0.3404
151100	0.95125	0.918	0.3401
151150	0.95125	0.918	0.3399
151200	0.95125	0.918	0.3398
151250	0.95125	0.918	0.3398
151300	0.95125	0.918	0.3398
151350	0.95125	0.918	0.3397
151400	0.95125	0.918	0.3395
151450	0.95125	0.918	0.3392
151500	0.95125	0.918	0.3391
151550	0.95125	0.918	0.3389
151600	0.95125	0.918	0.3389
151650	0.95125	0.918	0.3387
151700	0.95125	0.918	0.3385
151750	0.95125	0.918	0.3382
151800	0.95125	0.918	0.3381
151850	0.95125	0.918	0.3377
151900	0.95125	0.918	0.3376
151950	0.95125	0.918	0.3376
152000	0.95125	0.918	0.3375
152050	0.95125	0.918	0.3375
152100	0.95125	0.918	0.3373
152150	0.95125	0.918	0.3373
152200	0.95125	0.918	0.337
152250	0.95125	0.918	0.3368
152300	0.95125	0.918	0.3367
152350	0.95125	0.918	0.3366
152400	0.95125	0.918	0.3366
152450	0.95125	0.918	0.3364
152500	0.95125	0.918	0.3364
152550	0.95125	0.918	0.3363
152600	0.95125	0.918	0.3362
152650	0.95125	0.918	0.336
152700	0.95125	0.918	0.336
152750	0.95125	0.918	0.3359
152800	0.95125	0.918	0.3355
152850	0.95125	0.918	0.3354
152900	0.95125	0.918	0.3352
152950	0.95125	0.918	0.335
153000	0.95125	0.918	0.335
153050	0.95125	0.918	0.335
153100	0.95125	0.918	0.335
153150	0.95125	0.918	0.3349
153200	0.95125	0.918	0.3349
153250	0.95125	0.918	0.3348
153300	0.95125	0.918	0.3346
153350	0.95125	0.918	0.3343
153400	0.95125	0.918	0.3343
153450	0.95125	0.918	0.334
153500	0.95125	0.918	0.3338
153550	0.95125	0.918	0.3337
153600	0.95125	0.918	0.3335
153650	0.95125	0.918	0.3334
153700	0.95125	0.918	0.3333
153750	0.95125	0.918	0.3331
153800	0.95125	0.918	0.3331
153850	0.95125	0.918	0.3329
153900	0.95125	0.918	0.3328
153950	0.95125	0.918	0.3327
154000	0.95125	0.918	0.3327
154050	0.95125	0.918	0.3327
154100	0.95125	0.918	0.3324
154150	0.95125	0.918	0.3324
154200	0.95125	0.9175	0.3324
154250	0.95125	0.9175	0.3323
154300	0.95125	0.9175	0.3323
154350	0.95125	0.9175	0.3322
154400	0.95125	0.9175	0.3321
154450	0.95125	0.9175	0.332
154500	0.95125	0.9175	0.332
154550	0.95125	0.9175	0.3319
154600	0.95125	0.9175	0.3318
154650	0.95125	0.9175	0.3318
154700	0.95125	0.9175	0.3317
154750	0.95125	0.9175	0.3315
154800	0.95125	0.9175	0.3314
154850	0.95125	0.9175	0.3313
154900	0.95125	0.9175	0.3311
154950	0.95125	0.9175	0.331
155000	0.95125	0.9175	0.3309
155050	0.95125	0.9175	0.3309
155100	0.95125	0.9175	0.3308
155150	0.95125	0.9175	0.3308
155200	0.95125	0.9175	0.3307
155250	0.95125	0.9175	0.3306
155300	0.95125	0.9175	0.3306
155350	0.95125	0.9175	0.3304
155400	0.95125	0.9175	0.3303
155450	0.95125	0.9175	0.3302
155500	0.95125	0.9175	0.3301
155550	0.95125	0.9175	0.3301
155600	0.95125	0.9175	0.33
155650	0.95125	0.9175	0.33
155700	0.95125	0.9175	0.3296
155750	0.95125	0.9175	0.3296
155800	0.95125	0.9175	0.3294
155850	0.95125	0.9175	0.3294
155900	0.95125	0.9175	0.3292
155950	0.95125	0.917	0.3291
156000	0.95125	0.917	0.329
156050	0.95125	0.917	0.3288
156100	0.95125	0.917	0.3287
156150	0.95125	0.917	0.3283
156200	0.95125	0.917	0.3282
156250	0.95125	0.917	0.3282
156300	0.95125	0.917	0.3278
156350	0.95125	0.917	0.3275
156400	0.95125	0.917	0.3273
156450	0.95125	0.917	0.3271
156500	0.95125	0.917	0.3271
156550	0.95125	0.917	0.327
156600	0.95125	0.917	0.3269
156650	0.95125	0.917	0.3267
156700	0.95125	0.917	0.3265
156750	0.95125	0.917	0.3264
156800	0.95125	0.917	0.3263
156850	0.95125	0.917	0.3263
156900	0.95125	0.917	0.3262
156950	0.95125	0.917	0.3261
157000	0.95125	0.917	0.3261
157050	0.95125	0.917	0.326
157100	0.95125	0.917	0.3258
157150	0.95125	0.917	0.3256
157200	0.95125	0.917	0.3255
157250	0.95125	0.917	0.3253
157300	0.95125	0.917	0.325
157350	0.95125	0.917	0.325
157400	0.95125	0.917	0.325
157450	0.95125	0.917	0.3247
157500	0.95125	0.917	0.3245
157550	0.95125	0.917	0.3244
157600	0.95125	0.917	0.3242
157650	0.95125	0.917	0.3242
157700	0.95125	0.917	0.3239
157750	0.95125	0.917	0.3236
157800	0.95125	0.917	0.3234
157850	0.95125	0.917	0.3234
157900	0.95125	0.917	0.3232
157950	0.95125	0.917	0.3232
158000	0.95125	0.917	0.3231
158050	0.95125	0.917	0.3229
158100	0.95	0.917	0.3229
158150	0.95	0.917	0.3228
158200	0.95	0.917	0.3226
158250	0.95	0.917	0.3224
158300	0.95	0.917	0.3224
158350	0.95	0.917	0.3223
158400	0.95	0.917	0.3223
158450	0.95	0.917	0.3221
158500	0.95	0.917	0.3221
158550	0.95	0.917	0.3217
158600	0.95	0.917	0.3215
158650	0.95	0.917	0.3214
158700	0.95	0.917	0.3214
158750	0.95	0.917	0.3212
158800	0.95	0.917	0.3212
158850	0.95	0.917	0.3211
158900	0.95	0.917	0.3211
158950	0.95	0.917	0.321
159000	0.95	0.917	0.3209
159050	0.95	0.917	0.3209
159100	0.95	0.917	0.3207
159150	0.95	0.917	0.3207
159200	0.95	0.917	0.3207
159250	0.95	0.917	0.3207
159300	0.95	0.917	0.3207
159350	0.95	0.917	0.3205
159400	0.95	0.917	0.3205
159450	0.95	0.917	0.3205
159500	0.95	0.917	0.3203
159550	0.95	0.917	0.3203
159600	0.95	0.917	0.3201
159650	0.95	0.917	0.3201
159700	0.95	0.917	0.3201
159750	0.95	0.917	0.32
159800	0.95	0.917	0.3197
159850	0.95	0.917	0.3195
159900	0.95	0.917	0.3194
159950	0.95	0.917	0.3193
160000	0.95	0.917	0.3192
160050	0.95	0.917	0.3191
160100	0.95	0.917	0.3191
160150	0.95	0.917	0.319
160200	0.95	0.917	0.319
160250	0.95	0.917	0.319
160300	0.95	0.917	0.319
160350	0.95	0.917	0.3188
160400	0.95	0.917	0.3188
160450	0.95	0.917	0.3188
160500	0.95	0.917	0.3186
160550	0.95	0.917	0.3186
160600	0.94875	0.917	0.3186
160650	0.94875	0.917	0.3185
160700	0.9475	0.917	0.3185
160750	0.9475	0.917	0.3184
160800	0.94625	0.917	0.3184
160850	0.94625	0.917	0.3184
160900	0.94625	0.917	0.3183
160950	0.94625	0.917	0.3183
161000	0.94625	0.917	0.3181
161050	0.94625	0.917	0.318
161100	0.94625	0.917	0.3178
161150	0.94625	0.917	0.3178
161200	0.94625	0.917	0.3178
161250	0.94625	0.917	0.3178
161300	0.94625	0.917	0.3177
161350	0.94625	0.917	0.3176
161400	0.94625	0.917	0.3176
161450	0.94625	0.917	0.3174
161500	0.94625	0.917	0.3173
161550	0.94625	0.917	0.3172
161600	0.94625	0.917	0.3172
161650	0.94625	0.917	0.3171
161700	0.94625	0.917	0.3169
161750	0.94625	0.917	0.3168
161800	0.94625	0.917	0.3166
161850	0.94625	0.917	0.3166
161900	0.94625	0.917	0.3164
161950	0.94625	0.917	0.3161
162000	0.94625	0.917	0.3161
162050	0.94625	0.917	0.3161
162100	0.94625	0.917	0.316
162150	0.94625	0.917	0.3159
162200	0.94625	0.917	0.3158
162250	0.94625	0.917	0.3157
162300	0.94625	0.917	0.3153
162350	0.94625	0.917	0.3153
162400	0.94625	0.917	0.3153
162450	0.94625	0.917	0.3152
162500	0.94625	0.917	0.3151
162550	0.94625	0.917	0.3149
162600	0.94625	0.917	0.3147
162650	0.94625	0.917	0.3146
162700	0.94625	0.917	0.3145
162750	0.94625	0.917	0.3144
162800	0.94625	0.917	0.3143
162850	0.94625	0.9165	0.3142
162900	0.94625	0.9165	0.3141
162950	0.94625	0.9165	0.3139
163000	0.94625	0.9165	0.3139
163050	0.94625	0.9165	0.3138
163100	0.94625	0.9165	0.3138
163150	0.94625	0.9165	0.3137
163200	0.94625	0.9165	0.3135
163250	0.94625	0.9165	0.3135
163300	0.94625	0.9165	0.3133
163350	0.94625	0.9165	0.313
163400	0.94625	0.9165	0.313
163450	0.94625	0.9165	0.3128
163500	0.94625	0.9165	0.3127
163550	0.94625	0.9165	0.3127
163600	0.94625	0.9165	0.3124
163650	0.94625	0.9165	0.3124
163700	0.94625	0.9165	0.312
163750	0.94625	0.9165	0.3118
163800	0.94625	0.9165	0.3116
163850	0.94625	0.9165	0.3115
163900	0.945	0.9165	0.3115
163950	0.945	0.916	0.3113
164000	0.945	0.916	0.3109
164050	0.945	0.916	0.3109
164100	0.945	0.916	0.3109
164150	0.945	0.916	0.3109
164200	0.945	0.916	0.3104
164250	0.945	0.916	0.3103
164300	0.945	0.916	0.3102
164350	0.945	0.9155	0.31
164400	0.945	0.9155	0.31
164450	0.945	0.9155	0.31
164500	0.945	0.9155	0.3099
164550	0.945	0.9155	0.3098
164600	0.945	0.9155	0.3097
164650	0.945	0.9155	0.3096
164700	0.945	0.915	0.3096
164750	0.945	0.915	0.3095
164800	0.945	0.915	0.3095
164850	0.945	0.9145	0.3094
164900	0.945	0.9145	0.3092
164950	0.945	0.9145	0.309
165000	0.945	0.9145	0.3089
165050	0.945	0.9145	0.3089
165100	0.945	0.9145	0.3089
165150	0.945	0.9145	0.3089
165200	0.945	0.9145	0.3086
165250	0.945	0.9145	0.3084
165300	0.945	0.9145	0.3081
165350	0.945	0.9145	0.3078
165400	0.945	0.9145	0.3078
165450	0.945	0.9145	0.3078
165500	0.945	0.9145	0.3077
165550	0.945	0.9145	0.3077
165600	0.945	0.9145	0.3077
165650	0.945	0.9145	0.3077
165700	0.945	0.9145	0.3077
165750	0.945	0.9145	0.3076
165800	0.945	0.9145	0.3076
165850	0.945	0.9145	0.3075
165900	0.945	0.9145	0.3073
165950	0.945	0.9145	0.3071
166000	0.945	0.9145	0.3071
166050	0.945	0.914	0.3071
166100	0.945	0.914	0.3071
166150	0.945	0.9135	0.307
166200	0.945	0.9135	0.3069
166250	0.945	0.9135	0.3069
166300	0.945	0.9135	0.3069
166350	0.945	0.9135	0.3068
166400	0.945	0.9135	0.3066
166450	0.945	0.9135	0.3062
166500	0.945	0.9135	0.306
166550	0.945	0.9135	0.3057
166600	0.945	0.9135	0.3056
166650	0.945	0.9135	0.3055
166700	0.945	0.9135	0.3053
166750	0.945	0.9135	0.3053
166800	0.945	0.9135	0.3052
166850	0.945	0.9135	0.3051
166900	0.945	0.9135	0.305
166950	0.945	0.9135	0.305
167000	0.945	0.9135	0.3049
167050	0.945	0.9135	0.3046
167100	0.945	0.9135	0.3045
167150	0.945	0.9135	0.3044
167200	0.945	0.9135	0.3041
167250	0.945	0.9135	0.3039
167300	0.945	0.913	0.3037
167350	0.945	0.913	0.3037
167400	0.945	0.913	0.3037
167450	0.945	0.913	0.3035
167500	0.945	0.9125	0.3035
167550	0.945	0.9125	0.3035
167600	0.945	0.9125	0.3035
167650	0.945	0.9125	0.3034
167700	0.945	0.9125	0.3033
167750	0.945	0.9125	0.3032
167800	0.945	0.9125	0.3031
167850	0.945	0.9125	0.3031
167900	0.945	0.9125	0.303
167950	0.945	0.9125	0.303
168000	0.945	0.9125	0.3029
168050	0.945	0.9125	0.3029
168100	0.945	0.9125	0.3028
168150	0.945	0.9125	0.3028
168200	0.945	0.9125	0.3027
168250	0.945	0.9125	0.3027
168300	0.945	0.9125	0.3027
168350	0.945	0.9125	0.3027
168400	0.945	0.912	0.3027
168450	0.945	0.912	0.3027
168500	0.945	0.912	0.3025
168550	0.945	0.912	0.3025
168600	0.945	0.912	0.3023
168650	0.945	0.912	0.3022
168700	0.945	0.912	0.3022
168750	0.945	0.912	0.3021
168800	0.945	0.912	0.3021
168850	0.945	0.912	0.302
168900	0.945	0.912	0.3017
168950	0.945	0.912	0.3013
169000	0.945	0.912	0.301
169050	0.945	0.912	0.301
169100	0.945	0.912	0.301
169150	0.945	0.912	0.3008
169200	0.945	0.912	0.3006
169250	0.945	0.912	0.3005
169300	0.945	0.912	0.3004
169350	0.945	0.912	0.3003
169400	0.945	0.912	0.3002
169450	0.945	0.912	0.3002
169500	0.945	0.912	0.2998
169550	0.945	0.912	0.2997
169600	0.945	0.912	0.2997
169650	0.945	0.912	0.2997
169700	0.945	0.912	0.2995
169750	0.945	0.912	0.2994
169800	0.945	0.912	0.2993
169850	0.945	0.912	0.2993
169900	0.945	0.912	0.2991
169950	0.945	0.912	0.2988
170000	0.945	0.912	0.2988
170050	0.945	0.912	0.2987
170100	0.945	0.912	0.2987
170150	0.945	0.912	0.2986
170200	0.945	0.912	0.2984
170250	0.945	0.912	0.2983
170300	0.945	0.912	0.2983
170350	0.945	0.912	0.2982
170400	0.945	0.912	0.2981
170450	0.945	0.9115	0.298
170500	0.945	0.9115	0.298
170550	0.945	0.9115	0.2977
170600	0.945	0.9115	0.2974
170650	0.945	0.9115	0.2973
170700	0.945	0.9115	0.2973
170750	0.945	0.9115	0.2972
170800	0.945	0.9115	0.2972
170850	0.945	0.9115	0.2972
170900	0.945	0.9115	0.2969
170950	0.945	0.9115	0.2968
171000	0.945	0.9115	0.2966
171050	0.945	0.9115	0.2965
171100	0.945	0.9115	0.2965
171150	0.945	0.9115	0.2962
171200	0.945	0.911	0.2961
171250	0.945	0.911	0.2959
171300	0.945	0.911	0.2959
171350	0.945	0.911	0.2958
171400	0.945	0.911	0.2958
171450	0.945	0.911	0.2958
171500	0.945	0.911	0.2957
171550	0.945	0.911	0.2956
171600	0.945	0.911	0.2956
171650	0.945	0.9105	0.2953
171700	0.945	0.9105	0.295
171750	0.945	0.9105	0.295
171800	0.945	0.9105	0.2949
171850	0.945	0.9105	0.2948
171900	0.945	0.9105	0.2946
171950	0.945	0.91	0.2942
172000	0.945	0.91	0.294
172050	0.945	0.91	0.294
172100	0.945	0.91	0.2939
172150	0.945	0.91	0.2937
172200	0.945	0.91	0.2937
172250	0.945	0.91	0.2936
172300	0.945	0.91	0.2935
172350	0.945	0.91	0.2931
172400	0.945	0.91	0.293
172450	0.945	0.91	0.293
172500	0.945	0.91	0.2929
172550	0.945	0.91	0.2927
172600	0.945	0.91	0.2926
172650	0.945	0.91	0.2924
172700	0.945	0.91	0.2922
172750	0.945	0.91	0.2922
172800	0.945	0.91	0.2922
172850	0.945	0.91	0.2922
172900	0.945	0.91	0.2921
172950	0.945	0.9095	0.2917
173000	0.945	0.9095	0.2916
173050	0.945	0.9095	0.2916
173100	0.945	0.9095	0.2915
173150	0.945	0.9095	0.2914
173200	0.945	0.9095	0.2914
173250	0.945	0.9095	0.2914
173300	0.945	0.9095	0.2913
173350	0.945	0.9095	0.2912
173400	0.945	0.9095	0.2912
173450	0.945	0.9095	0.2912
173500	0.945	0.9095	0.2911
173550	0.945	0.9095	0.2911
173600	0.945	0.9095	0.2911
173650	0.945	0.9095	0.2908
173700	0.945	0.9095	0.2908
173750	0.945	0.9095	0.2908
173800	0.945	0.9095	0.2905
173850	0.945	0.9095	0.2905
173900	0.945	0.9095	0.2904
173950	0.945	0.9095	0.2904
174000	0.945	0.9095	0.2903
174050	0.945	0.9095	0.29
174100	0.945	0.9095	0.2899
174150	0.945	0.9095	0.2898
174200	0.94375	0.9095	0.2898
174250	0.94375	0.9095	0.2897
174300	0.94375	0.9095	0.2896
174350	0.94375	0.9095	0.2894
174400	0.94375	0.9095	0.2894
174450	0.94375	0.9095	0.2893
174500	0.94375	0.9095	0.2893
174550	0.94375	0.9095	0.2891
174600	0.94375	0.9095	0.289
174650	0.94375	0.909	0.2889
174700	0.94375	0.909	0.2887
174750	0.94375	0.909	0.2886
174800	0.94375	0.909	0.2884
174850	0.94375	0.909	0.2883
174900	0.94375	0.909	0.2882
174950	0.94375	0.909	0.2881
175000	0.94375	0.909	0.2879
175050	0.94375	0.909	0.2879
175100	0.94375	0.909	0.2879
175150	0.94375	0.909	0.2878
175200	0.94375	0.909	0.2876
175250	0.9425	0.909	0.2875
175300	0.9425	0.909	0.2875
175350	0.9425	0.909	0.2874
175400	0.9425	0.909	0.2872
175450	0.9425	0.909	0.2868
175500	0.9425	0.909	0.2867
175550	0.9425	0.909	0.2866
175600	0.9425	0.909	0.2865
175650	0.9425	0.909	0.2864
175700	0.9425	0.909	0.2863
175750	0.9425	0.909	0.2863
175800	0.9425	0.909	0.2862
175850	0.9425	0.909	0.286
175900	0.9425	0.909	0.286
175950	0.9425	0.909	0.2859
176000	0.9425	0.909	0.2859
176050	0.9425	0.909	0.2857
176100	0.9425	0.909	0.2856
176150	0.9425	0.909	0.2855
176200	0.9425	0.909	0.2855
176250	0.9425	0.909	0.2855
176300	0.9425	0.9085	0.2855
176350	0.9425	0.9085	0.2854
176400	0.9425	0.9085	0.2854
176450	0.9425	0.9085	0.2854
176500	0.9425	0.9085	0.2854
176550	0.9425	0.9085	0.2854
176600	0.9425	0.9085	0.2853
176650	0.9425	0.9085	0.2852
176700	0.9425	0.9085	0.2852
176750	0.9425	0.9085	0.2851
176800	0.9425	0.9085	0.2851
176850	0.9425	0.9085	0.2851
176900	0.9425	0.9085	0.2851
176950	0.9425	0.9085	0.2851
177000	0.9425	0.9085	0.2851
177050	0.9425	0.9085	0.2847
177100	0.9425	0.9085	0.2845
177150	0.9425	0.9085	0.2845
177200	0.9425	0.908	0.2845
177250	0.9425	0.908	0.2843
177300	0.9425	0.908	0.284
177350	0.9425	0.908	0.2839
177400	0.9425	0.908	0.2837
177450	0.9425	0.908	0.2835
177500	0.9425	0.908	0.2835
177550	0.9425	0.908	0.2835
177600	0.9425	0.908	0.2835
177650	0.9425	0.908	0.2834
177700	0.9425	0.908	0.2834
177750	0.9425	0.908	0.2834
177800	0.9425	0.908	0.2833
177850	0.9425	0.908	0.2831
177900	0.9425	0.908	0.2829
177950	0.9425	0.908	0.2829
178000	0.9425	0.908	0.2829
178050	0.9425	0.908	0.2828
178100	0.9425	0.908	0.2827
178150	0.9425	0.908	0.2827
178200	0.9425	0.908	0.2827
178250	0.9425	0.908	0.2826
178300	0.9425	0.908	0.2825
178350	0.9425	0.908	0.2825
178400	0.9425	0.908	0.2825
178450	0.9425	0.908	0.2825
178500	0.9425	0.908	0.2825
178550	0.9425	0.908	0.2824
178600	0.9425	0.908	0.2823
178650	0.9425	0.908	0.2822
178700	0.9425	0.908	0.2821
178750	0.9425	0.908	0.282
178800	0.9425	0.908	0.2819
178850	0.9425	0.908	0.2817
178900	0.9425	0.9075	0.2817
178950	0.9425	0.9075	0.2817
179000	0.9425	0.9075	0.2816
179050	0.9425	0.9075	0.2813
179100	0.9425	0.9075	0.2812
179150	0.9425	0.9075	0.2812
179200	0.9425	0.9075	0.2812
179250	0.9425	0.9075	0.2811
179300	0.9425	0.9075	0.281
179350	0.9425	0.9075	0.2809
179400	0.9425	0.9075	0.2808
179450	0.9425	0.9075	0.2806
179500	0.9425	0.9075	0.2804
179550	0.9425	0.9075	0.2803
179600	0.9425	0.9075	0.2802
179650	0.9425	0.9075	0.2801
179700	0.9425	0.9075	0.2799
179750	0.9425	0.9075	0.2799
179800	0.9425	0.9075	0.2799
179850	0.9425	0.9075	0.2797
179900	0.9425	0.9075	0.2797
179950	0.9425	0.9075	0.2797
180000	0.9425	0.9075	0.2797
180050	0.9425	0.9075	0.2797
180100	0.9425	0.9075	0.2796
180150	0.9425	0.9075	0.2795
180200	0.9425	0.9075	0.2794
180250	0.9425	0.9075	0.2794
180300	0.9425	0.9075	0.2793
180350	0.9425	0.907	0.2793
180400	0.9425	0.907	0.2793
180450	0.9425	0.907	0.2792
180500	0.9425	0.907	0.2792
180550	0.9425	0.907	0.2791
180600	0.9425	0.907	0.2788
180650	0.9425	0.907	0.2785
180700	0.9425	0.907	0.2785
180750	0.9425	0.907	0.2785
180800	0.9425	0.907	0.2784
180850	0.9425	0.907	0.2784
180900	0.9425	0.907	0.2783
180950	0.9425	0.907	0.278
181000	0.9425	0.907	0.2778
181050	0.9425	0.907	0.2778
181100	0.9425	0.907	0.2778
181150	0.9425	0.907	0.2778
181200	0.9425	0.907	0.2778
181250	0.9425	0.907	0.2778
181300	0.9425	0.907	0.2776
181350	0.9425	0.907	0.2776
181400	0.9425	0.907	0.2775
181450	0.94125	0.907	0.2771
181500	0.94125	0.907	0.2771
181550	0.94125	0.907	0.2769
181600	0.94125	0.907	0.2768
181650	0.94125	0.907	0.2767
181700	0.94125	0.907	0.2764
181750	0.94125	0.907	0.2764
181800	0.94125	0.907	0.2763
181850	0.94125	0.907	0.2763
181900	0.94125	0.907	0.2761
181950	0.94125	0.907	0.276
182000	0.94125	0.907	0.2759
182050	0.94125	0.907	0.2758
182100	0.94125	0.907	0.2758
182150	0.94125	0.907	0.2757
182200	0.94125	0.907	0.2757
182250	0.94125	0.907	0.2756
182300	0.94125	0.907	0.2755
182350	0.94125	0.907	0.2754
182400	0.94125	0.907	0.2753
182450	0.94125	0.907	0.2749
182500	0.94125	0.907	0.2748
182550	0.94125	0.907	0.2748
182600	0.94	0.907	0.2746
182650	0.94	0.907	0.2745
182700	0.94	0.907	0.2744
182750	0.94	0.907	0.2744
182800	0.94	0.907	0.2744
182850	0.94	0.9065	0.2743
182900	0.94	0.9065	0.2742
182950	0.94	0.9065	0.2742
183000	0.94	0.9065	0.2742
183050	0.94	0.9065	0.2742
183100	0.93875	0.9065	0.2741
183150	0.93875	0.9065	0.2741
183200	0.93875	0.9065	0.2741
183250	0.93875	0.9065	0.274
183300	0.9375	0.9065	0.2737
183350	0.9375	0.9065	0.2736
183400	0.9375	0.9065	0.2736
183450	0.9375	0.9065	0.2736
183500	0.9375	0.9065	0.2735
183550	0.9375	0.9065	0.2734
183600	0.9375	0.9065	0.2734
183650	0.9375	0.9065	0.2733
183700	0.9375	0.9065	0.2731
183750	0.9375	0.906	0.273
183800	0.9375	0.906	0.2729
183850	0.9375	0.906	0.2728
183900	0.9375	0.906	0.2728
183950	0.9375	0.906	0.2726
184000	0.9375	0.906	0.2724
184050	0.9375	0.906	0.2724
184100	0.9375	0.906	0.2721
184150	0.9375	0.906	0.272
184200	0.9375	0.906	0.2719
184250	0.9375	0.906	0.2718
184300	0.9375	0.906	0.2718
184350	0.9375	0.906	0.2717
184400	0.9375	0.906	0.2715
184450	0.9375	0.906	0.2715
184500	0.9375	0.906	0.2714
184550	0.9375	0.906	0.2714
184600	0.9375	0.906	0.2713
184650	0.9375	0.906	0.2713
184700	0.9375	0.906	0.2711
184750	0.9375	0.906	0.2707
184800	0.9375	0.906	0.2707
184850	0.9375	0.906	0.2707
184900	0.9375	0.906	0.2706
184950	0.9375	0.906	0.2704
185000	0.9375	0.906	0.2704
185050	0.9375	0.906	0.2704
185100	0.9375	0.9055	0.2702
185150	0.9375	0.9055	0.2702
185200	0.9375	0.9055	0.2702
185250	0.9375	0.9055	0.2702
185300	0.9375	0.9055	0.27
185350	0.9375	0.9055	0.2696
185400	0.9375	0.905	0.2695
185450	0.9375	0.905	0.2695
185500	0.9375	0.905	0.2694
185550	0.9375	0.905	0.2693
185600	0.9375	0.905	0.2692
185650	0.9375	0.905	0.2692
185700	0.9375	0.905	0.269
185750	0.9375	0.9045	0.2689
185800	0.9375	0.9045	0.2688
185850	0.9375	0.9045	0.2688
185900	0.9375	0.9045	0.2687
185950	0.9375	0.9045	0.2686
186000	0.9375	0.9045	0.2686
186050	0.9375	0.9045	0.2686
186100	0.9375	0.9045	0.2684
186150	0.9375	0.9045	0.2683
186200	0.9375	0.9045	0.2683
186250	0.9375	0.9045	0.2682
186300	0.9375	0.9045	0.2681
186350	0.9375	0.9045	0.268
186400	0.9375	0.9045	0.2678
186450	0.9375	0.9045	0.2675
186500	0.9375	0.9045	0.2674
186550	0.9375	0.9045	0.2668
186600	0.9375	0.9045	0.2668
186650	0.9375	0.9045	0.2667
186700	0.9375	0.9045	0.2666
186750	0.9375	0.9045	0.2665
186800	0.9375	0.9045	0.2665
186850	0.9375	0.9045	0.2665
186900	0.9375	0.9045	0.2663
186950	0.9375	0.9045	0.2661
187000	0.9375	0.9045	0.2661
187050	0.9375	0.9045	0.2661
187100	0.9375	0.9045	0.266
187150	0.9375	0.9045	0.2658
187200	0.9375	0.9045	0.2658
187250	0.9375	0.9045	0.2658
187300	0.9375	0.9045	0.2657
187350	0.9375	0.9045	0.2656
187400	0.9375	0.9045	0.2655
187450	0.9375	0.9045	0.2655
187500	0.9375	0.9045	0.2653
187550	0.9375	0.904	0.2653
187600	0.9375	0.904	0.2651
187650	0.9375	0.9035	0.2651
187700	0.9375	0.9035	0.2651
187750	0.9375	0.9035	0.2651
187800	0.9375	0.9035	0.2651
187850	0.9375	0.9035	0.265
187900	0.9375	0.9035	0.2648
187950	0.9375	0.9035	0.2647
188000	0.9375	0.9035	0.2646
188050	0.9375	0.9035	0.2646
188100	0.9375	0.9035	0.2645
188150	0.9375	0.9035	0.2645
188200	0.9375	0.9035	0.2645
188250	0.9375	0.9035	0.2645
188300	0.9375	0.9035	0.2645
188350	0.9375	0.9035	0.2644
188400	0.9375	0.9035	0.2643
188450	0.9375	0.9035	0.2642
188500	0.9375	0.9035	0.264
188550	0.9375	0.9035	0.264
188600	0.9375	0.9035	0.2639
188650	0.9375	0.9035	0.2638
188700	0.9375	0.9035	0.2636
188750	0.9375	0.9035	0.2634
188800	0.9375	0.9035	0.2631
188850	0.9375	0.9035	0.263
188900	0.9375	0.9035	0.2629
188950	0.9375	0.9035	0.2627
189000	0.9375	0.9035	0.2626
189050	0.9375	0.9035	0.2626
189100	0.9375	0.9035	0.2625
189150	0.9375	0.9035	0.2625
189200	0.9375	0.9035	0.2625
189250	0.9375	0.9035	0.2625
189300	0.9375	0.9035	0.2623
189350	0.9375	0.9035	0.2621
189400	0.9375	0.9035	0.2619
189450	0.9375	0.9035	0.2618
189500	0.9375	0.9035	0.2617
189550	0.9375	0.9035	0.2616
189600	0.9375	0.9035	0.2616
189650	0.9375	0.9035	0.2616
189700	0.9375	0.9035	0.2615
189750	0.9375	0.9035	0.2614
189800	0.9375	0.9035	0.2613
189850	0.9375	0.9035	0.2613
189900	0.9375	0.9035	0.2613
189950	0.9375	0.9035	0.2612
190000	0.9375	0.9035	0.2611
190050	0.9375	0.9035	0.2611
190100	0.9375	0.9035	0.2609
190150	0.9375	0.9035	0.2607
190200	0.9375	0.9035	0.2607
190250	0.9375	0.9035	0.2606
190300	0.9375	0.9035	0.2605
190350	0.9375	0.9035	0.2605
190400	0.9375	0.9035	0.2604
190450	0.9375	0.9035	0.2603
190500	0.9375	0.903	0.2602
190550	0.9375	0.903	0.26
190600	0.9375	0.903	0.2598
190650	0.9375	0.903	0.2597
190700	0.9375	0.903	0.2597
190750	0.9375	0.903	0.2597
190800	0.9375	0.903	0.2596
190850	0.9375	0.903	0.2595
190900	0.9375	0.903	0.2594
190950	0.9375	0.903	0.2594
191000	0.9375	0.903	0.2594
191050	0.9375	0.903	0.2593
191100	0.9375	0.903	0.2592
191150	0.9375	0.903	0.2591
191200	0.9375	0.903	0.259
191250	0.9375	0.903	0.2589
191300	0.9375	0.903	0.2589
191350	0.9375	0.903	0.2587
191400	0.9375	0.903	0.2586
191450	0.9375	0.903	0.2585
191500	0.9375	0.903	0.2582
191550	0.9375	0.903	0.2582
191600	0.9375	0.903	0.258
191650	0.9375	0.903	0.2579
191700	0.9375	0.903	0.2579
191750	0.9375	0.903	0.2579
191800	0.9375	0.903	0.2577
191850	0.9375	0.903	0.2577
191900	0.9375	0.903	0.2576
191950	0.9375	0.903	0.2576
192000	0.9375	0.9025	0.2574
192050	0.9375	0.9025	0.2574
192100	0.9375	0.902	0.2573
192150	0.9375	0.902	0.2572
192200	0.9375	0.902	0.2567
192250	0.9375	0.902	0.2566
192300	0.9375	0.902	0.2565
192350	0.9375	0.902	0.2563
192400	0.9375	0.902	0.2562
192450	0.9375	0.902	0.2558
192500	0.9375	0.902	0.2557
192550	0.9375	0.902	0.2554
192600	0.9375	0.902	0.2553
192650	0.9375	0.902	0.2552
192700	0.9375	0.902	0.2551
192750	0.9375	0.902	0.255
192800	0.9375	0.902	0.255
192850	0.93625	0.902	0.2546
192900	0.93625	0.902	0.2545
192950	0.93625	0.902	0.2544
193000	0.93625	0.902	0.2542
193050	0.93625	0.902	0.2542
193100	0.93625	0.902	0.254
193150	0.93625	0.902	0.2536
193200	0.93625	0.902	0.2534
193250	0.93625	0.902	0.2533
193300	0.93625	0.902	0.2533
193350	0.93625	0.902	0.2532
193400	0.93625	0.902	0.2531
193450	0.93625	0.902	0.253
193500	0.93625	0.902	0.2529
193550	0.93625	0.902	0.2528
193600	0.93625	0.902	0.2525
193650	0.93625	0.902	0.2524
193700	0.93625	0.902	0.2524
193750	0.93625	0.902	0.2524
193800	0.93625	0.9015	0.2524
193850	0.93625	0.9015	0.2522
193900	0.93625	0.9015	0.2521
193950	0.93625	0.9015	0.2521
194000	0.93625	0.9015	0.2521
194050	0.93625	0.9015	0.2521
194100	0.93625	0.9015	0.252
194150	0.93625	0.9015	0.2519
194200	0.93625	0.9015	0.2517
194250	0.93625	0.9015	0.2517
194300	0.93625	0.9015	0.2516
194350	0.93625	0.9015	0.2516
194400	0.93625	0.9015	0.2516
194450	0.93625	0.9015	0.2514
194500	0.93625	0.9015	0.2513
194550	0.93625	0.9015	0.2511
194600	0.93625	0.9015	0.2509
194650	0.93625	0.9015	0.2508
194700	0.93625	0.9015	0.2507
194750	0.93625	0.9015	0.2505
194800	0.93625	0.901	0.2505
194850	0.93625	0.901	0.2504
194900	0.93625	0.901	0.2503
194950	0.93625	0.901	0.2502
195000	0.93625	0.901	0.2501
195050	0.93625	0.901	0.2501
195100	0.93625	0.901	0.2499
195150	0.93625	0.901	0.2496
195200	0.93625	0.901	0.2492
195250	0.93625	0.901	0.2492
195300	0.93625	0.901	0.2489
195350	0.93625	0.901	0.2488
195400	0.93625	0.901	0.2487
195450	0.93625	0.901	0.2485
195500	0.93625	0.901	0.2484
195550	0.93625	0.901	0.2482
195600	0.93625	0.901	0.2482
195650	0.93625	0.901	0.2481
195700	0.93625	0.901	0.2481
195750	0.93625	0.901	0.248
195800	0.93625	0.901	0.2479
195850	0.93625	0.901	0.2479
195900	0.93625	0.901	0.2478
195950	0.935	0.901	0.2476
196000	0.935	0.901	0.2475
196050	0.935	0.901	0.2472
196100	0.935	0.901	0.2471
196150	0.935	0.901	0.247
196200	0.935	0.901	0.247
196250	0.935	0.901	0.2469
196300	0.935	0.901	0.2467
196350	0.935	0.901	0.2466
196400	0.935	0.901	0.2466
196450	0.935	0.901	0.2466
196500	0.935	0.901	0.2464
196550	0.935	0.901	0.2464
196600	0.935	0.901	0.2464
196650	0.935	0.901	0.2464
196700	0.935	0.901	0.2462
196750	0.935	0.901	0.2462
196800	0.935	0.901	0.2462
196850	0.935	0.901	0.2461
196900	0.935	0.901	0.246
196950	0.935	0.901	0.246
197000	0.935	0.901	0.2458
197050	0.935	0.901	0.2458
197100	0.935	0.901	0.2458
197150	0.935	0.901	0.2458
197200	0.935	0.901	0.2457
197250	0.935	0.901	0.2456
197300	0.935	0.901	0.2455
197350	0.935	0.901	0.2453
197400	0.935	0.901	0.2452
197450	0.935	0.901	0.2452
197500	0.935	0.901	0.2451
197550	0.935	0.901	0.2451
197600	0.935	0.901	0.2451
197650	0.935	0.901	0.2451
197700	0.935	0.901	0.2448
197750	0.935	0.901	0.2448
197800	0.935	0.901	0.2448
197850	0.935	0.901	0.2447
197900	0.935	0.901	0.2447
197950	0.935	0.901	0.2447
198000	0.935	0.901	0.2447
198050	0.935	0.901	0.2447
198100	0.935	0.901	0.2445
198150	0.935	0.901	0.2444
198200	0.935	0.901	0.2443
198250	0.935	0.901	0.2441
198300	0.935	0.901	0.2439
198350	0.935	0.901	0.2437
198400	0.935	0.901	0.2436
198450	0.935	0.901	0.2434
198500	0.935	0.901	0.2433
198550	0.935	0.901	0.2433
198600	0.935	0.901	0.2432
198650	0.935	0.901	0.243
198700	0.935	0.901	0.2429
198750	0.935	0.901	0.2429
198800	0.935	0.901	0.2427
198850	0.935	0.901	0.2427
198900	0.935	0.901	0.2424
198950	0.935	0.901	0.2424
199000	0.935	0.901	0.2423
199050	0.935	0.901	0.2423
199100	0.935	0.901	0.2423
199150	0.935	0.901	0.2423
199200	0.935	0.901	0.2423
199250	0.935	0.901	0.2422
199300	0.935	0.9005	0.242
199350	0.935	0.9005	0.2418
199400	0.935	0.9005	0.2417
199450	0.935	0.9005	0.2417
199500	0.935	0.9005	0.2417
199550	0.935	0.9005	0.2416
199600	0.935	0.9005	0.2416
199650	0.935	0.9005	0.2415
199700	0.935	0.9005	0.2415
199750	0.935	0.9005	0.2414
199800	0.935	0.9005	0.2414
199850	0.935	0.9005	0.2413
199900	0.935	0.9005	0.2413
199950	0.935	0.9005	0.2412
200000	0.935	0.9005	0.2411
200050	0.935	0.9005	0.2409
200100	0.935	0.9005	0.2409
200150	0.935	0.9005	0.2409
200200	0.935	0.9005	0.2408
200250	0.935	0.9005	0.2407
200300	0.935	0.9005	0.2407
200350	0.935	0.9005	0.2405
200400	0.935	0.9005	0.2405
200450	0.935	0.9005	0.2404
200500	0.935	0.9005	0.2404
200550	0.935	0.9005	0.2402
200600	0.935	0.9005	0.24
200650	0.935	0.9005	0.2399
200700	0.935	0.9005	0.2398
200750	0.935	0.9005	0.2398
200800	0.935	0.9005	0.2398
200850	0.935	0.9005	0.2398
200900	0.935	0.9005	0.2395
200950	0.935	0.9005	0.2395
201000	0.935	0.9005	0.2395
201050	0.935	0.9005	0.2393
201100	0.935	0.9005	0.2392
201150	0.935	0.9005	0.2392
201200	0.935	0.9005	0.2392
201250	0.935	0.9005	0.2391
201300	0.935	0.9005	0.2387
201350	0.935	0.9005	0.2385
201400	0.935	0.9005	0.2384
201450	0.935	0.9005	0.2384
201500	0.935	0.9005	0.2383
201550	0.935	0.9005	0.2383
201600	0.935	0.9	0.2381
201650	0.935	0.9	0.2381
201700	0.935	0.8995	0.238
201750	0.935	0.8995	0.238
201800	0.935	0.8995	0.238
201850	0.935	0.8995	0.238
201900	0.935	0.8995	0.2379
201950	0.935	0.8995	0.2378
202000	0.93375	0.8995	0.2377
202050	0.93375	0.8995	0.2374
202100	0.93375	0.8995	0.2373
202150	0.93375	0.8995	0.237
202200	0.93375	0.8995	0.2369
202250	0.93375	0.8995	0.2368
202300	0.93375	0.8995	0.2367
202350	0.93375	0.899	0.2366
202400	0.93375	0.899	0.2365
202450	0.93375	0.899	0.2364
202500	0.93375	0.899	0.2364
202550	0.93375	0.899	0.2363
202600	0.93375	0.899	0.2361
202650	0.93375	0.899	0.2361
202700	0.93375	0.899	0.2361
202750	0.9325	0.899	0.2358
202800	0.9325	0.899	0.2358
202850	0.9325	0.899	0.2357
202900	0.9325	0.899	0.2354
202950	0.9325	0.899	0.2353
203000	0.9325	0.899	0.2353
203050	0.9325	0.899	0.2352
203100	0.9325	0.899	0.2352
203150	0.9325	0.899	0.2352
203200	0.9325	0.899	0.235
203250	0.9325	0.899	0.235
203300	0.9325	0.899	0.2348
203350	0.9325	0.899	0.2347
203400	0.9325	0.899	0.2345
203450	0.9325	0.899	0.2345
203500	0.9325	0.899	0.2345
203550	0.9325	0.899	0.2343
203600	0.9325	0.899	0.234
203650	0.9325	0.899	0.234
203700	0.9325	0.899	0.234
203750	0.9325	0.899	0.234
203800	0.9325	0.899	0.234
203850	0.9325	0.899	0.234
203900	0.9325	0.899	0.234
203950	0.9325	0.899	0.2339
204000	0.9325	0.899	0.2339
204050	0.9325	0.899	0.2338
204100	0.9325	0.899	0.2336
204150	0.9325	0.899	0.2336
204200	0.9325	0.899	0.2336
204250	0.9325	0.899	0.2334
204300	0.9325	0.899	0.2332
204350	0.9325	0.899	0.2332
204400	0.9325	0.899	0.233
204450	0.9325	0.899	0.233
204500	0.9325	0.899	0.2329
204550	0.9325	0.899	0.2328
204600	0.9325	0.899	0.2327
204650	0.9325	0.899	0.2327
204700	0.9325	0.899	0.2326
204750	0.9325	0.899	0.2326
204800	0.9325	0.899	0.2326
204850	0.9325	0.899	0.2326
204900	0.9325	0.899	0.2325
204950	0.9325	0.899	0.2324
205000	0.9325	0.899	0.2324
205050	0.9325	0.899	0.2322
205100	0.9325	0.899	0.2321
205150	0.9325	0.899	0.232
205200	0.9325	0.899	0.2318
205250	0.9325	0.899	0.2318
205300	0.9325	0.899	0.2318
205350	0.9325	0.899	0.2316
205400	0.9325	0.899	0.2315
205450	0.9325	0.899	0.2315
205500	0.9325	0.899	0.2313
205550	0.9325	0.899	0.2309
205600	0.93125	0.899	0.2307
205650	0.93125	0.899	0.2307
205700	0.93125	0.899	0.2306
205750	0.93125	0.899	0.2306
205800	0.93125	0.899	0.2305
205850	0.93125	0.899	0.2305
205900	0.93125	0.899	0.2304
205950	0.93125	0.899	0.2304
206000	0.93125	0.899	0.2303
206050	0.93125	0.899	0.2303
206100	0.93125	0.899	0.2302
206150	0.93125	0.8985	0.2302
206200	0.93125	0.8985	0.2301
206250	0.93125	0.898	0.23
206300	0.93125	0.898	0.2299
206350	0.93125	0.898	0.2299
206400	0.93125	0.898	0.2298
206450	0.93125	0.898	0.2295
206500	0.93125	0.898	0.2294
206550	0.93125	0.898	0.2293
206600	0.93125	0.898	0.2293
206650	0.93125	0.898	0.2292
206700	0.93125	0.898	0.2291
206750	0.93125	0.898	0.2291
206800	0.93125	0.898	0.2291
206850	0.93125	0.898	0.2289
206900	0.93125	0.8975	0.2288
206950	0.93125	0.8975	0.2287
207000	0.93125	0.8975	0.2287
207050	0.93125	0.8975	0.2283
207100	0.93125	0.8975	0.2283
207150	0.93125	0.8975	0.2281
207200	0.93125	0.8975	0.2279
207250	0.93125	0.8975	0.2279
207300	0.93125	0.8975	0.2279
207350	0.93125	0.8975	0.2279
207400	0.93	0.8975	0.2279
207450	0.93	0.8975	0.2277
207500	0.93	0.8975	0.2276
207550	0.93	0.8975	0.2274
207600	0.93	0.8975	0.2273
207650	0.93	0.8975	0.2271
207700	0.93	0.8975	0.2271
207750	0.93	0.8975	0.227
207800	0.93	0.8975	0.2268
207850	0.93	0.8975	0.2268
207900	0.93	0.8975	0.2268
207950	0.93	0.8975	0.2268
208000	0.93	0.8975	0.2267
208050	0.93	0.8975	0.2267
208100	0.93	0.8975	0.2266
208150	0.93	0.8975	0.2266
208200	0.93	0.8975	0.2266
208250	0.93	0.8975	0.2265
208300	0.93	0.8975	0.2262
208350	0.93	0.8975	0.2262
208400	0.93	0.8975	0.2261
208450	0.93	0.8975	0.2261
208500	0.93	0.8975	0.226
208550	0.93	0.8975	0.226
208600	0.93	0.8975	0.226
208650	0.93	0.8975	0.226
208700	0.93	0.8975	0.226
208750	0.93	0.8975	0.2259
208800	0.93	0.8975	0.2257
208850	0.93	0.8975	0.2256
208900	0.93	0.8975	0.2256
208950	0.93	0.8975	0.2256
209000	0.93	0.8975	0.2256
209050	0.93	0.8975	0.2255
209100	0.93	0.8975	0.2254
209150	0.93	0.8975	0.2254
209200	0.93	0.8975	0.2254
209250	0.93	0.8975	0.2253
209300	0.93	0.8975	0.225
209350	0.93	0.8975	0.2249
209400	0.93	0.8975	0.2247
209450	0.93	0.8975	0.2245
209500	0.93	0.8975	0.2245
209550	0.93	0.8975	0.2245
209600	0.93	0.8975	0.2243
209650	0.93	0.8975	0.2242
209700	0.93	0.8975	0.2242
209750	0.93	0.8975	0.2242
209800	0.93	0.8975	0.2242
209850	0.93	0.8975	0.224
209900	0.93	0.8975	0.2238
209950	0.93	0.8975	0.2238
210000	0.93	0.8975	0.2237
210050	0.93	0.8975	0.2236
210100	0.93	0.8975	0.2235
210150	0.93	0.8975	0.2234
210200	0.93	0.8975	0.2232
210250	0.93	0.8975	0.223
210300	0.93	0.8975	0.223
210350	0.93	0.8975	0.223
210400	0.93	0.8975	0.223
210450	0.93	0.8975	0.223
210500	0.93	0.8975	0.2229
210550	0.93	0.8975	0.2228
210600	0.93	0.8975	0.2228
210650	0.93	0.8975	0.2227
210700	0.93	0.8975	0.2225
210750	0.93	0.8975	0.2225
210800	0.93	0.8975	0.2225
210850	0.93	0.8975	0.2225
210900	0.93	0.897	0.2225
210950	0.93	0.897	0.2225
211000	0.93	0.897	0.2223
211050	0.93	0.897	0.2223
211100	0.93	0.897	0.2223
211150	0.93	0.897	0.2222
211200	0.93	0.897	0.2219
211250	0.93	0.897	0.2218
211300	0.93	0.897	0.2218
211350	0.93	0.897	0.2216
211400	0.93	0.897	0.2216
211450	0.93	0.897	0.2214
211500	0.93	0.897	0.2212
211550	0.93	0.897	0.2212
211600	0.93	0.897	0.2212
211650	0.93	0.897	0.2211
211700	0.93	0.897	0.2211
211750	0.93	0.897	0.221
211800	0.93	0.897	0.2209
211850	0.93	0.897	0.2209
211900	0.93	0.897	0.2208
211950	0.93	0.897	0.2207
212000	0.93	0.897	0.2206
212050	0.93	0.8965	0.2205
212100	0.93	0.8965	0.2205
212150	0.93	0.8965	0.2205
212200	0.93	0.8965	0.2204
212250	0.93	0.8965	0.2204
212300	0.93	0.8965	0.2203
212350	0.93	0.8965	0.2202
212400	0.93	0.8965	0.2201
212450	0.93	0.8965	0.22
212500	0.93	0.8965	0.2199
212550	0.93	0.8965	0.2199
212600	0.92875	0.8965	0.2198
212650	0.92875	0.8965	0.2195
212700	0.92875	0.8965	0.2195
212750	0.92875	0.8965	0.2194
212800	0.92875	0.8965	0.2194
212850	0.92875	0.8965	0.2192
212900	0.92875	0.8965	0.2192
212950	0.92875	0.8965	0.2192
213000	0.92875	0.8965	0.2192
213050	0.92875	0.8965	0.219
213100	0.92875	0.8965	0.219
213150	0.92875	0.8965	0.219
213200	0.92875	0.8965	0.219
213250	0.92875	0.8965	0.2188
213300	0.92875	0.8965	0.2188
213350	0.92875	0.8965	0.2188
213400	0.92875	0.8965	0.2185
213450	0.92875	0.8965	0.2185
213500	0.92875	0.8965	0.2185
213550	0.92875	0.8965	0.2184
213600	0.92875	0.8965	0.2184
213650	0.92875	0.8965	0.2184
213700	0.92875	0.8965	0.2182
213750	0.92875	0.896	0.2182
213800	0.92875	0.896	0.218
213850	0.92875	0.896	0.218
213900	0.92875	0.896	0.218
213950	0.92875	0.896	0.2179
214000	0.92875	0.896	0.2177
214050	0.92875	0.896	0.2175
214100	0.92875	0.896	0.2174
214150	0.92875	0.896	0.2174
214200	0.92875	0.896	0.2174
214250	0.92875	0.896	0.2174
214300	0.92875	0.896	0.2174
214350	0.92875	0.896	0.2174
214400	0.92875	0.896	0.2174
214450	0.92875	0.896	0.2174
214500	0.92875	0.896	0.2172
214550	0.92875	0.896	0.2171
214600	0.92875	0.896	0.2169
214650	0.92875	0.896	0.2168
214700	0.92875	0.896	0.2166
214750	0.92875	0.896	0.2164
214800	0.92875	0.896	0.2163
214850	0.92875	0.896	0.2163
214900	0.9275	0.896	0.2162
214950	0.9275	0.896	0.2161
215000	0.9275	0.896	0.216
215050	0.9275	0.896	0.216
215100	0.9275	0.896	0.2159
215150	0.9275	0.896	0.2158
215200	0.9275	0.896	0.2156
215250	0.9275	0.896	0.2156
215300	0.9275	0.896	0.2154
215350	0.9275	0.896	0.2152
215400	0.9275	0.896	0.2152
215450	0.9275	0.896	0.2151
215500	0.9275	0.896	0.2151
215550	0.9275	0.896	0.2149
215600	0.9275	0.896	0.2149
215650	0.9275	0.896	0.2149
215700	0.9275	0.896	0.2149
215750	0.9275	0.896	0.2147
215800	0.9275	0.896	0.2146
215850	0.9275	0.896	0.2145
215900	0.9275	0.896	0.2145
215950	0.9275	0.896	0.2144
216000	0.9275	0.896	0.2142
216050	0.9275	0.896	0.2141
216100	0.92625	0.896	0.2141
216150	0.92625	0.896	0.214
216200	0.92625	0.896	0.2139
216250	0.92625	0.896	0.2138
216300	0.92625	0.896	0.2136
216350	0.92625	0.896	0.2136
216400	0.92625	0.896	0.2135
216450	0.92625	0.896	0.2134
216500	0.92625	0.896	0.2134
216550	0.92625	0.896	0.2133
216600	0.92625	0.896	0.2132
216650	0.92625	0.896	0.2132
216700	0.92625	0.896	0.2131
216750	0.92625	0.896	0.213
216800	0.92625	0.896	0.213
216850	0.92625	0.896	0.213
216900	0.92625	0.896	0.213
216950	0.92625	0.896	0.2128
217000	0.92625	0.896	0.2128
217050	0.92625	0.896	0.2128
217100	0.92625	0.896	0.2128
217150	0.92625	0.896	0.2127
217200	0.92625	0.896	0.2126
217250	0.92625	0.896	0.2125
217300	0.92625	0.896	0.2123
217350	0.92625	0.896	0.212
217400	0.92625	0.896	0.2119
217450	0.92625	0.896	0.2118
217500	0.92625	0.896	0.2117
217550	0.92625	0.896	0.2117
217600	0.92625	0.896	0.2116
217650	0.92625	0.896	0.2115
217700	0.92625	0.896	0.2114
217750	0.92625	0.896	0.2113
217800	0.92625	0.896	0.2113
217850	0.92625	0.896	0.2112
217900	0.92625	0.896	0.2112
217950	0.92625	0.896	0.2112
218000	0.92625	0.896	0.2111
218050	0.92625	0.896	0.2111
218100	0.92625	0.896	0.211
218150	0.92625	0.896	0.211
218200	0.92625	0.896	0.211
218250	0.92625	0.896	0.2108
218300	0.92625	0.896	0.2107
218350	0.92625	0.896	0.2105
218400	0.92625	0.896	0.2105
218450	0.92625	0.896	0.2105
218500	0.92625	0.896	0.2105
218550	0.92625	0.896	0.2104
218600	0.92625	0.896	0.2102
218650	0.92625	0.896	0.2102
218700	0.92625	0.896	0.2102
218750	0.92625	0.896	0.2101
218800	0.92625	0.896	0.2101
218850	0.92625	0.896	0.21
218900	0.92625	0.896	0.2098
218950	0.92625	0.896	0.2098
219000	0.92625	0.896	0.2098
219050	0.92625	0.896	0.2096
219100	0.92625	0.896	0.2095
219150	0.92625	0.896	0.2095
219200	0.92625	0.896	0.2093
219250	0.92625	0.896	0.2092
219300	0.92625	0.896	0.2091
219350	0.92625	0.896	0.209
219400	0.92625	0.896	0.209
219450	0.92625	0.896	0.209
219500	0.92625	0.896	0.2089
219550	0.92625	0.896	0.2089
219600	0.92625	0.896	0.2089
219650	0.92625	0.896	0.2089
219700	0.92625	0.896	0.2089
219750	0.92625	0.896	0.2089
219800	0.92625	0.896	0.2088
219850	0.92625	0.896	0.2087
219900	0.92625	0.896	0.2087
219950	0.92625	0.896	0.2087
220000	0.92625	0.896	0.2086
220050	0.92625	0.896	0.2084
220100	0.92625	0.896	0.2083
220150	0.92625	0.896	0.2081
220200	0.92625	0.896	0.2079
220250	0.92625	0.896	0.2076
220300	0.92625	0.896	0.2073
220350	0.92625	0.896	0.2073
220400	0.92625	0.896	0.2072
220450	0.92625	0.896	0.2071
220500	0.92625	0.896	0.2069
220550	0.92625	0.896	0.2069
220600	0.92625	0.896	0.2069
220650	0.92625	0.896	0.2067
220700	0.92625	0.896	0.2066
220750	0.92625	0.896	0.2066
220800	0.92625	0.896	0.2065
220850	0.92625	0.896	0.2064
220900	0.92625	0.896	0.2063
220950	0.92625	0.896	0.2063
221000	0.92625	0.896	0.2062
221050	0.92625	0.896	0.206
221100	0.92625	0.896	0.206
221150	0.92625	0.896	0.206
221200	0.92625	0.896	0.2057
221250	0.92625	0.896	0.2056
221300	0.92625	0.896	0.2054
221350	0.92625	0.896	0.2054
221400	0.92625	0.896	0.2054
221450	0.92625	0.896	0.2053
221500	0.92625	0.896	0.2053
221550	0.92625	0.896	0.2053
221600	0.92625	0.896	0.2053
221650	0.92625	0.896	0.2053
221700	0.92625	0.896	0.2053
221750	0.92625	0.896	0.2052
221800	0.92625	0.896	0.2051
221850	0.92625	0.896	0.2051
221900	0.92625	0.896	0.2051
221950	0.92625	0.896	0.205
222000	0.92625	0.896	0.205
222050	0.92625	0.896	0.2048
222100	0.92625	0.896	0.2045
222150	0.92625	0.896	0.2045
222200	0.92625	0.896	0.2045
222250	0.92625	0.896	0.2044
222300	0.92625	0.896	0.2042
222350	0.92625	0.896	0.2042
222400	0.92625	0.896	0.2042
222450	0.92625	0.896	0.2041
222500	0.92625	0.896	0.204
222550	0.92625	0.896	0.2039
222600	0.92625	0.896	0.2037
222650	0.92625	0.896	0.2036
222700	0.92625	0.896	0.2035
222750	0.92625	0.896	0.2034
222800	0.92625	0.896	0.2034
222850	0.92625	0.896	0.2034
222900	0.92625	0.896	0.2033
222950	0.92625	0.896	0.2033
223000	0.92625	0.896	0.2032
223050	0.92625	0.896	0.2032
223100	0.92625	0.896	0.2031
223150	0.92625	0.896	0.203
223200	0.92625	0.896	0.203
223250	0.92625	0.896	0.2029
223300	0.92625	0.8955	0.2029
223350	0.92625	0.8955	0.2028
223400	0.92625	0.8955	0.2026
223450	0.92625	0.8955	0.2026
223500	0.92625	0.8955	0.2026
223550	0.92625	0.8955	0.2025
223600	0.92625	0.8955	0.2024
223650	0.92625	0.8955	0.2023
223700	0.92625	0.8955	0.2022
223750	0.92625	0.8955	0.202
223800	0.92625	0.8955	0.202
223850	0.92625	0.8955	0.202
223900	0.92625	0.8955	0.202
223950	0.92625	0.8955	0.2019
224000	0.92625	0.8955	0.2018
224050	0.92625	0.8955	0.2018
224100	0.92625	0.8955	0.2017
224150	0.92625	0.8955	0.2016
224200	0.92625	0.8955	0.2016
224250	0.92625	0.8955	0.2014
224300	0.92625	0.8955	0.2014
224350	0.92625	0.8955	0.2013
224400	0.92625	0.895	0.2013
224450	0.92625	0.895	0.2011
224500	0.92625	0.8945	0.2009
224550	0.92625	0.8945	0.2009
224600	0.92625	0.8945	0.2009
224650	0.92625	0.8945	0.2008
224700	0.92625	0.8945	0.2008
224750	0.92625	0.8945	0.2007
224800	0.92625	0.8945	0.2005
224850	0.92625	0.8945	0.2005
224900	0.92625	0.8945	0.2005
224950	0.92625	0.8945	0.2005
225000	0.92625	0.8945	0.2005
225050	0.92625	0.8945	0.2005
225100	0.92625	0.8945	0.2005
225150	0.92625	0.8945	0.2004
225200	0.92625	0.8945	0.2003
225250	0.92625	0.8945	0.2001
225300	0.92625	0.8945	0.2001
225350	0.92625	0.8945	0.2001
225400	0.92625	0.8945	0.2001
225450	0.92625	0.8945	0.2
225500	0.92625	0.8945	0.2
225550	0.92625	0.8945	0.1999
225600	0.92625	0.8945	0.1998
225650	0.92625	0.8945	0.1998
225700	0.92625	0.8945	0.1997
225750	0.92625	0.8945	0.1996
225800	0.92625	0.894	0.1996
225850	0.92625	0.894	0.1995
225900	0.92625	0.894	0.1994
225950	0.92625	0.894	0.1993
226000	0.92625	0.894	0.1993
226050	0.92625	0.894	0.1993
226100	0.92625	0.894	0.1993
226150	0.92625	0.894	0.1991
226200	0.92625	0.8935	0.1991
226250	0.92625	0.8935	0.1991
226300	0.92625	0.8935	0.1991
226350	0.92625	0.8935	0.1989
226400	0.92625	0.8935	0.1988
226450	0.92625	0.8935	0.1986
226500	0.92625	0.8935	0.1986
226550	0.92625	0.8935	0.1986
226600	0.92625	0.8935	0.1986
226650	0.92625	0.8935	0.1985
226700	0.92625	0.8935	0.1984
226750	0.92625	0.893	0.1983
226800	0.92625	0.893	0.1981
226850	0.92625	0.893	0.1981
226900	0.92625	0.893	0.1981
226950	0.92625	0.893	0.1981
227000	0.92625	0.893	0.1981
227050	0.92625	0.893	0.1981
227100	0.92625	0.893	0.1979
227150	0.92625	0.893	0.1979
227200	0.92625	0.893	0.1979
227250	0.92625	0.893	0.1978
227300	0.92625	0.8925	0.1977
227350	0.92625	0.8925	0.1977
227400	0.92625	0.8925	0.1976
227450	0.92625	0.8925	0.1975
227500	0.92625	0.8925	0.1975
227550	0.92625	0.8925	0.1974
227600	0.92625	0.8925	0.1974
227650	0.92625	0.8925	0.1974
227700	0.92625	0.8925	0.1974
227750	0.92625	0.8925	0.1973
227800	0.92625	0.8925	0.1972
227850	0.92625	0.8925	0.1972
227900	0.92625	0.8925	0.1972
227950	0.92625	0.8925	0.1972
228000	0.92625	0.8925	0.1971
228050	0.92625	0.8925	0.197
228100	0.92625	0.8925	0.197
228150	0.92625	0.8925	0.1969
228200	0.92625	0.8925	0.1969
228250	0.92625	0.8925	0.1969
228300	0.92625	0.8925	0.1968
228350	0.92625	0.8925	0.1966
228400	0.92625	0.8925	0.1964
228450	0.92625	0.8925	0.1963
228500	0.92625	0.8925	0.1962
228550	0.92625	0.8925	0.1962
228600	0.92625	0.8925	0.1962
228650	0.92625	0.8925	0.1962
228700	0.92625	0.8925	0.1962
228750	0.92625	0.8925	0.1961
228800	0.92625	0.892	0.1961
228850	0.92625	0.892	0.1961
228900	0.92625	0.892	0.1961
228950	0.92625	0.892	0.1958
229000	0.92625	0.892	0.1956
229050	0.92625	0.892	0.1953
229100	0.92625	0.892	0.1953
229150	0.92625	0.892	0.1952
229200	0.92625	0.892	0.1952
229250	0.92625	0.892	0.1951
229300	0.92625	0.892	0.1949
229350	0.92625	0.892	0.1948
229400	0.92625	0.892	0.1948
229450	0.92625	0.8915	0.1947
229500	0.92625	0.8915	0.1945
229550	0.92625	0.8915	0.1944
229600	0.92625	0.8915	0.1944
229650	0.92625	0.8915	0.1943
229700	0.92625	0.8915	0.1941
229750	0.925	0.8915	0.194
229800	0.925	0.891	0.194
229850	0.925	0.891	0.194
229900	0.925	0.891	0.1939
229950	0.925	0.891	0.1939
230000	0.925	0.891	0.1939
230050	0.925	0.891	0.1938
230100	0.925	0.891	0.1937
230150	0.925	0.891	0.1937
230200	0.925	0.891	0.1937
230250	0.925	0.891	0.1936
230300	0.925	0.891	0.1935
230350	0.925	0.891	0.1934
230400	0.925	0.891	0.1933
230450	0.925	0.891	0.1933
230500	0.925	0.891	0.1933
230550	0.925	0.891	0.1933
230600	0.925	0.891	0.1933
230650	0.925	0.891	0.1933
230700	0.925	0.891	0.1932
230750	0.925	0.891	0.1932
230800	0.925	0.891	0.1932
230850	0.925	0.891	0.1932
230900	0.925	0.891	0.193
230950	0.925	0.891	0.193
231000	0.925	0.891	0.193
231050	0.925	0.891	0.193
231100	0.925	0.891	0.1929
231150	0.925	0.891	0.1928
231200	0.925	0.891	0.1927
231250	0.925	0.891	0.1925
231300	0.925	0.891	0.1925
231350	0.925	0.891	0.1925
231400	0.925	0.891	0.1924
231450	0.925	0.891	0.1923
231500	0.925	0.891	0.1923
231550	0.925	0.891	0.1923
231600	0.925	0.891	0.1923
231650	0.925	0.891	0.1923
231700	0.925	0.891	0.1922
231750	0.925	0.891	0.1921
231800	0.925	0.891	0.192
231850	0.925	0.891	0.192
231900	0.925	0.891	0.192
231950	0.925	0.891	0.192
232000	0.925	0.891	0.192
232050	0.925	0.891	0.1919
232100	0.925	0.891	0.1918
232150	0.925	0.891	0.1918
232200	0.925	0.891	0.1918
232250	0.925	0.891	0.1918
232300	0.925	0.891	0.1917
232350	0.925	0.891	0.1917
232400	0.925	0.891	0.1916
232450	0.925	0.891	0.1916
232500	0.925	0.891	0.1915
232550	0.925	0.891	0.1915
232600	0.925	0.891	0.1915
232650	0.925	0.891	0.1915
232700	0.925	0.891	0.1915
232750	0.925	0.891	0.1915
232800	0.925	0.891	0.1914
232850	0.925	0.891	0.1914
232900	0.925	0.891	0.1913
232950	0.925	0.891	0.1913
233000	0.925	0.891	0.1911
233050	0.925	0.891	0.191
233100	0.925	0.891	0.1909
233150	0.925	0.891	0.1909
233200	0.925	0.891	0.1907
233250	0.925	0.891	0.1906
233300	0.925	0.891	0.1905
233350	0.925	0.8905	0.1905
233400	0.925	0.8905	0.1905
233450	0.925	0.8905	0.1903
233500	0.925	0.8905	0.1903
233550	0.925	0.8905	0.1903
233600	0.925	0.8905	0.1903
233650	0.925	0.8905	0.1903
233700	0.925	0.8905	0.1902
233750	0.925	0.8905	0.1901
233800	0.925	0.8905	0.1901
233850	0.925	0.8905	0.19
233900	0.925	0.8905	0.19
233950	0.925	0.8905	0.1897
234000	0.925	0.8905	0.1897
234050	0.925	0.8905	0.1897
234100	0.925	0.8905	0.1896
234150	0.925	0.8905	0.1896
234200	0.925	0.8905	0.1896
234250	0.925	0.8905	0.1896
234300	0.925	0.8905	0.1896
234350	0.925	0.8905	0.1895
234400	0.925	0.8905	0.1895
234450	0.925	0.8905	0.1892
234500	0.925	0.8905	0.1892
234550	0.925	0.8905	0.1892
234600	0.925	0.8905	0.1892
234650	0.925	0.8905	0.1891
234700	0.925	0.8905	0.189
234750	0.925	0.8905	0.189
234800	0.925	0.8905	0.189
234850	0.925	0.8905	0.1889
234900	0.925	0.8905	0.1888
234950	0.925	0.8905	0.1887
235000	0.925	0.8905	0.1887
235050	0.925	0.8905	0.1887
235100	0.925	0.8905	0.1886
235150	0.925	0.8905	0.1885
235200	0.925	0.8905	0.1884
235250	0.925	0.8905	0.1883
235300	0.925	0.8905	0.1883
235350	0.925	0.8905	0.1882
235400	0.925	0.8905	0.1881
235450	0.925	0.8905	0.1881
235500	0.925	0.89	0.1879
235550	0.925	0.89	0.1878
235600	0.925	0.89	0.1878
235650	0.925	0.89	0.1877
235700	0.925	0.89	0.1876
235750	0.925	0.89	0.1875
235800	0.925	0.89	0.1875
235850	0.92375	0.89	0.1874
235900	0.92375	0.89	0.1873
235950	0.92375	0.89	0.1872
236000	0.92375	0.89	0.1871
236050	0.92375	0.89	0.187
236100	0.92375	0.89	0.187
236150	0.92375	0.89	0.1869
236200	0.92375	0.89	0.1869
236250	0.92375	0.8895	0.1869
236300	0.92375	0.8895	0.1869
236350	0.92375	0.8895	0.1869
236400	0.92375	0.8895	0.1869
236450	0.92375	0.8895	0.1868
236500	0.92375	0.8895	0.1867
236550	0.92375	0.8895	0.1867
236600	0.92375	0.8895	0.1866
236650	0.92375	0.889	0.1865
236700	0.92375	0.889	0.1865
236750	0.92375	0.889	0.1864
236800	0.92375	0.889	0.1863
236850	0.92375	0.889	0.1863
236900	0.92375	0.889	0.1862
236950	0.92375	0.889	0.1862
237000	0.92375	0.889	0.1861
237050	0.92375	0.889	0.1861
237100	0.92375	0.889	0.186
237150	0.92375	0.889	0.1859
237200	0.92375	0.889	0.1858
237250	0.92375	0.889	0.1858
237300	0.92375	0.889	0.1857
237350	0.92375	0.889	0.1855
237400	0.92375	0.889	0.1855
237450	0.92375	0.889	0.1854
237500	0.92375	0.889	0.1854
237550	0.92375	0.889	0.1854
237600	0.92375	0.889	0.1851
237650	0.92375	0.889	0.1851
237700	0.92375	0.889	0.1851
237750	0.92375	0.889	0.185
237800	0.92375	0.889	0.185
237850	0.92375	0.889	0.185
237900	0.92375	0.889	0.1848
237950	0.92375	0.889	0.1848
238000	0.92375	0.889	0.1848
238050	0.92375	0.889	0.1848
238100	0.92375	0.889	0.1847
238150	0.92375	0.889	0.1847
238200	0.92375	0.889	0.1846
238250	0.92375	0.889	0.1845
238300	0.92375	0.889	0.1845
238350	0.92375	0.889	0.1844
238400	0.92375	0.889	0.1843
238450	0.92375	0.8885	0.1842
238500	0.92375	0.8885	0.1841
238550	0.92375	0.8885	0.1839
238600	0.92375	0.8885	0.1839
238650	0.92375	0.8885	0.1839
238700	0.92375	0.8885	0.1838
238750	0.92375	0.8885	0.1838
238800	0.92375	0.8885	0.1836
238850	0.92375	0.8885	0.1834
238900	0.92375	0.8885	0.1834
238950	0.92375	0.8885	0.1833
239000	0.9225	0.8885	0.1833
239050	0.9225	0.8885	0.1832
239100	0.9225	0.8885	0.1831
239150	0.9225	0.8885	0.183
239200	0.9225	0.8885	0.183
239250	0.9225	0.8885	0.1829
239300	0.9225	0.8885	0.1829
239350	0.9225	0.8885	0.1828
239400	0.9225	0.8885	0.1826
239450	0.9225	0.8885	0.1826
239500	0.9225	0.8885	0.1826
239550	0.9225	0.8885	0.1825
239600	0.9225	0.8885	0.1825
239650	0.9225	0.8885	0.1825
239700	0.9225	0.8885	0.1822
239750	0.9225	0.8885	0.1822
239800	0.9225	0.8885	0.1821
239850	0.9225	0.8885	0.1821
239900	0.9225	0.8885	0.1821
239950	0.9225	0.8885	0.1821
240000	0.9225	0.8885	0.182
240050	0.9225	0.8885	0.182
240100	0.9225	0.8885	0.1819
240150	0.9225	0.8885	0.1818
240200	0.9225	0.8885	0.1818
240250	0.9225	0.8885	0.1817
240300	0.9225	0.8885	0.1816
240350	0.9225	0.8885	0.1815
240400	0.9225	0.8885	0.1814
240450	0.9225	0.8885	0.1813
240500	0.9225	0.8885	0.1813
240550	0.9225	0.8885	0.1813
240600	0.9225	0.8885	0.1813
240650	0.9225	0.8885	0.1813
240700	0.9225	0.8885	0.1813
240750	0.9225	0.8885	0.1811
240800	0.9225	0.8885	0.181
240850	0.9225	0.8885	0.1807
240900	0.9225	0.8885	0.1806
240950	0.9225	0.8885	0.1806
241000	0.9225	0.8885	0.1806
241050	0.9225	0.8885	0.1806
241100	0.9225	0.888	0.1804
241150	0.9225	0.888	0.1804
241200	0.9225	0.888	0.1802
241250	0.9225	0.888	0.1799
241300	0.9225	0.888	0.1799
241350	0.9225	0.8875	0.1799
241400	0.9225	0.8875	0.1799
241450	0.9225	0.8875	0.1797
241500	0.9225	0.8875	0.1797
241550	0.9225	0.8875	0.1797
241600	0.9225	0.8875	0.1797
241650	0.9225	0.8875	0.1796
241700	0.9225	0.8875	0.1796
241750	0.9225	0.8875	0.1796
241800	0.9225	0.8875	0.1795
241850	0.9225	0.8875	0.1791
241900	0.9225	0.8875	0.1791
241950	0.9225	0.8875	0.1789
242000	0.9225	0.8875	0.1786
242050	0.9225	0.8875	0.1786
242100	0.9225	0.8875	0.1786
242150	0.9225	0.8875	0.1786
242200	0.9225	0.887	0.1782
242250	0.9225	0.887	0.1781
242300	0.9225	0.887	0.1781
242350	0.9225	0.887	0.1781
242400	0.9225	0.887	0.1781
242450	0.9225	0.887	0.178
242500	0.9225	0.887	0.1779
242550	0.9225	0.887	0.1779
242600	0.9225	0.887	0.1778
242650	0.9225	0.887	0.1777
242700	0.9225	0.887	0.1777
242750	0.9225	0.887	0.1776
242800	0.9225	0.887	0.1776
242850	0.9225	0.887	0.1776
242900	0.9225	0.887	0.1776
242950	0.9225	0.887	0.1776
243000	0.9225	0.8865	0.1776
243050	0.9225	0.8865	0.1774
243100	0.9225	0.8865	0.1772
243150	0.9225	0.8865	0.1772
243200	0.9225	0.8865	0.1772
243250	0.9225	0.8865	0.1771
243300	0.9225	0.886	0.1771
243350	0.9225	0.886	0.1771
243400	0.9225	0.886	0.1771
243450	0.9225	0.886	0.1771
243500	0.9225	0.886	0.177
243550	0.9225	0.886	0.177
243600	0.9225	0.886	0.177
243650	0.9225	0.886	0.1769
243700	0.9225	0.8855	0.1769
243750	0.9225	0.8855	0.1768
243800	0.9225	0.8855	0.1766
243850	0.9225	0.8855	0.1766
243900	0.9225	0.8855	0.1766
243950	0.9225	0.8855	0.1765
244000	0.9225	0.8855	0.1764
244050	0.9225	0.8855	0.1764
244100	0.9225	0.8855	0.1764
244150	0.9225	0.8855	0.1763
244200	0.9225	0.8855	0.1763
244250	0.9225	0.8855	0.1762
244300	0.9225	0.8855	0.1761
244350	0.9225	0.8855	0.176
244400	0.9225	0.8855	0.1758
244450	0.9225	0.8855	0.1758
244500	0.9225	0.8855	0.1758
244550	0.9225	0.8855	0.1757
244600	0.9225	0.8855	0.1757
244650	0.9225	0.8855	0.1754
244700	0.9225	0.8855	0.1754
244750	0.9225	0.8855	0.1753
244800	0.9225	0.8855	0.1753
244850	0.9225	0.8855	0.1752
244900	0.9225	0.8855	0.1751
244950	0.9225	0.8855	0.1751
245000	0.9225	0.8855	0.1749
245050	0.9225	0.8855	0.1748
245100	0.9225	0.8855	0.1748
245150	0.9225	0.8855	0.1747
245200	0.9225	0.8855	0.1747
245250	0.9225	0.8855	0.1747
245300	0.9225	0.8855	0.1746
245350	0.9225	0.8855	0.1746
245400	0.9225	0.8855	0.1746
245450	0.9225	0.8855	0.1745
245500	0.92125	0.885	0.1745
245550	0.92125	0.885	0.1745
245600	0.92125	0.885	0.1744
245650	0.92125	0.885	0.1743
245700	0.92125	0.885	0.1743
245750	0.92125	0.885	0.1743
245800	0.92125	0.885	0.1743
245850	0.92125	0.885	0.1742
245900	0.92125	0.885	0.1742
245950	0.92125	0.885	0.1741
246000	0.92125	0.885	0.1739
246050	0.92125	0.885	0.1739
246100	0.92125	0.885	0.1738
246150	0.92125	0.885	0.1737
246200	0.92125	0.885	0.1737
246250	0.92125	0.885	0.1736
246300	0.92125	0.885	0.1736
246350	0.92125	0.885	0.1736
246400	0.92125	0.885	0.1736
246450	0.92125	0.885	0.1736
246500	0.92125	0.885	0.1735
246550	0.92125	0.885	0.1733
246600	0.92125	0.885	0.1733
246650	0.92125	0.885	0.1733
246700	0.92125	0.885	0.1733
246750	0.92125	0.885	0.1733
246800	0.92125	0.885	0.1733
246850	0.92125	0.885	0.1733
246900	0.92125	0.885	0.1733
246950	0.92125	0.885	0.1732
247000	0.92125	0.885	0.1732
247050	0.92125	0.885	0.173
247100	0.92125	0.885	0.173
247150	0.92125	0.885	0.1729
247200	0.92125	0.8845	0.1728
247250	0.92125	0.8845	0.1728
247300	0.92125	0.8845	0.1728
247350	0.92125	0.8845	0.1727
247400	0.92125	0.8845	0.1727
247450	0.92125	0.8845	0.1727
247500	0.92125	0.884	0.1726
247550	0.92125	0.884	0.1726
247600	0.92125	0.884	0.1726
247650	0.92125	0.884	0.1726
247700	0.92125	0.884	0.1726
247750	0.92125	0.884	0.1726
247800	0.92125	0.884	0.1726
247850	0.92125	0.884	0.1726
247900	0.92125	0.884	0.1726
247950	0.92125	0.884	0.1725
248000	0.92125	0.884	0.1723
248050	0.92125	0.884	0.1723
248100	0.92125	0.884	0.1722
248150	0.92125	0.884	0.172
248200	0.92125	0.884	0.1719
248250	0.92125	0.884	0.1719
248300	0.92125	0.884	0.1717
248350	0.92125	0.884	0.1715
248400	0.92125	0.884	0.1714
248450	0.92125	0.884	0.1713
248500	0.92125	0.884	0.1713
248550	0.92125	0.884	0.1713
248600	0.92125	0.884	0.1713
248650	0.92125	0.884	0.1713
248700	0.92125	0.884	0.1713
248750	0.92125	0.884	0.1712
248800	0.92125	0.884	0.1711
248850	0.92125	0.884	0.1711
248900	0.92125	0.884	0.1711
248950	0.92125	0.884	0.1711
249000	0.92125	0.884	0.171
249050	0.92125	0.884	0.1709
249100	0.92125	0.884	0.1709
249150	0.92125	0.8835	0.1707
249200	0.92125	0.8835	0.1706
249250	0.92125	0.8835	0.1706
249300	0.92125	0.8835	0.1706
249350	0.92125	0.8835	0.1705
249400	0.92125	0.8835	0.1705
249450	0.92125	0.8835	0.1705
249500	0.92125	0.8835	0.1705
249550	0.92125	0.8835	0.1704
249600	0.92125	0.8835	0.1704
249650	0.92125	0.8835	0.1704
249700	0.92125	0.8835	0.1703
249750	0.92125	0.8835	0.1702
249800	0.92125	0.8835	0.1702
249850	0.92125	0.8835	0.1702
249900	0.92125	0.8835	0.1702
249950	0.92125	0.8835	0.1702
250000	0.92125	0.8835	0.1702
250050	0.92125	0.8835	0.1701
250100	0.92125	0.8835	0.1701
250150	0.92125	0.8835	0.1701
250200	0.92125	0.8835	0.17
250250	0.92125	0.8835	0.1699
250300	0.92125	0.8835	0.1697
250350	0.92125	0.883	0.1697
250400	0.92125	0.883	0.1697
250450	0.92125	0.883	0.1697
250500	0.92125	0.883	0.1697
250550	0.92125	0.883	0.1697
250600	0.92125	0.883	0.1697
250650	0.92125	0.883	0.1695
250700	0.92125	0.883	0.1694
250750	0.92125	0.883	0.1693
250800	0.92125	0.883	0.1692
250850	0.92125	0.883	0.1692
250900	0.92125	0.883	0.1692
250950	0.92125	0.883	0.1692
251000	0.92125	0.883	0.169
251050	0.92125	0.883	0.1689
251100	0.92125	0.883	0.1689
251150	0.92125	0.883	0.1689
251200	0.92125	0.883	0.1689
251250	0.92125	0.883	0.1689
251300	0.92125	0.883	0.1689
251350	0.92125	0.883	0.1687
251400	0.92125	0.883	0.1686
251450	0.92125	0.883	0.1686
251500	0.92125	0.883	0.1684
251550	0.92125	0.883	0.1684
251600	0.92125	0.883	0.1684
251650	0.92125	0.883	0.1684
251700	0.92125	0.883	0.1684
251750	0.92125	0.883	0.1683
251800	0.92125	0.883	0.1683
251850	0.92125	0.883	0.1683
251900	0.92125	0.8825	0.1683
251950	0.92125	0.8825	0.1682
252000	0.92125	0.8825	0.1682
252050	0.92125	0.8825	0.1682
252100	0.92125	0.8825	0.1682
252150	0.92125	0.8825	0.1679
252200	0.92125	0.8825	0.1678
252250	0.92125	0.8825	0.1677
252300	0.92125	0.8825	0.1676
252350	0.92125	0.8825	0.1676
252400	0.92125	0.8825	0.1675
252450	0.92125	0.8825	0.1675
252500	0.92125	0.8825	0.1675
252550	0.92125	0.8825	0.1675
252600	0.92125	0.8825	0.1674
252650	0.92125	0.8825	0.1673
252700	0.92125	0.8825	0.1673
252750	0.92125	0.8825	0.1672
252800	0.92125	0.8825	0.1671
252850	0.92125	0.8825	0.1671
252900	0.92125	0.8825	0.1671
252950	0.92125	0.8825	0.167
253000	0.92125	0.8825	0.167
253050	0.92125	0.8825	0.167
253100	0.92125	0.8825	0.167
253150	0.92125	0.8825	0.1669
253200	0.92125	0.8825	0.1669
253250	0.92125	0.8825	0.1669
253300	0.92125	0.8825	0.1669
253350	0.92125	0.8825	0.1669
253400	0.92125	0.8825	0.1669
253450	0.92	0.8825	0.1668
253500	0.92	0.8825	0.1668
253550	0.92	0.8825	0.1667
253600	0.92	0.8825	0.1667
253650	0.92	0.8825	0.1666
253700	0.92	0.8825	0.1666
253750	0.92	0.8825	0.1666
253800	0.92	0.8825	0.1665
253850	0.92	0.8825	0.1665
253900	0.92	0.8825	0.1665
253950	0.92	0.8825	0.1664
254000	0.92	0.8825	0.1664
254050	0.92	0.8825	0.1664
254100	0.92	0.8825	0.1662
254150	0.92	0.8825	0.166
254200	0.92	0.8825	0.1659
254250	0.92	0.8825	0.1658
254300	0.92	0.8825	0.1658
254350	0.92	0.8825	0.1658
254400	0.92	0.8825	0.1658
254450	0.92	0.8825	0.1658
254500	0.92	0.8825	0.1657
254550	0.92	0.8825	0.1657
254600	0.92	0.8825	0.1657
254650	0.92	0.8825	0.1657
254700	0.92	0.8825	0.1657
254750	0.92	0.8825	0.1657
254800	0.92	0.8825	0.1657
254850	0.92	0.8825	0.1657
254900	0.92	0.882	0.1656
254950	0.92	0.882	0.1655
255000	0.92	0.882	0.1653
255050	0.92	0.882	0.1652
255100	0.92	0.882	0.1652
255150	0.92	0.882	0.1652
255200	0.92	0.882	0.1652
255250	0.92	0.882	0.1652
255300	0.92	0.882	0.1651
255350	0.92	0.882	0.1651
255400	0.92	0.882	0.1651
255450	0.92	0.882	0.1649
255500	0.92	0.882	0.1649
255550	0.92	0.882	0.1649
255600	0.92	0.882	0.1648
255650	0.92	0.8815	0.1647
255700	0.92	0.8815	0.1647
255750	0.92	0.8815	0.1646
255800	0.92	0.8815	0.1645
255850	0.92	0.8815	0.1645
255900	0.92	0.8815	0.1645
255950	0.92	0.8815	0.1644
256000	0.92	0.8815	0.1643
256050	0.92	0.8815	0.1643
256100	0.92	0.8815	0.1642
256150	0.92	0.8815	0.1642
256200	0.92	0.8815	0.1641
256250	0.92	0.8815	0.164
256300	0.92	0.8815	0.1639
256350	0.92	0.8815	0.1639
256400	0.92	0.8815	0.1639
256450	0.92	0.8815	0.1638
256500	0.92	0.8815	0.1638
256550	0.92	0.8815	0.1636
256600	0.92	0.8815	0.1636
256650	0.92	0.8815	0.1635
256700	0.92	0.8815	0.1635
256750	0.92	0.8815	0.1635
256800	0.92	0.8815	0.1635
256850	0.92	0.8815	0.1635
256900	0.92	0.8815	0.1633
256950	0.92	0.8815	0.1633
257000	0.92	0.8815	0.1633
257050	0.92	0.8815	0.1633
257100	0.92	0.8815	0.1633
257150	0.92	0.8815	0.1632
257200	0.92	0.8815	0.1631
257250	0.92	0.8815	0.163
257300	0.92	0.8815	0.1629
257350	0.92	0.8815	0.1629
257400	0.92	0.8815	0.1628
257450	0.92	0.8815	0.1628
257500	0.92	0.8815	0.1628
257550	0.92	0.8815	0.1628
257600	0.92	0.8815	0.1627
257650	0.92	0.8815	0.1627
257700	0.92	0.8815	0.1626
257750	0.92	0.8815	0.1625
257800	0.92	0.8815	0.1625
257850	0.92	0.8815	0.1623
257900	0.92	0.8815	0.1623
257950	0.92	0.8815	0.1623
258000	0.92	0.8815	0.1623
258050	0.92	0.8815	0.1623
258100	0.92	0.8815	0.1622
258150	0.92	0.8815	0.1622
258200	0.92	0.8815	0.1621
258250	0.92	0.8815	0.162
258300	0.92	0.8815	0.162
258350	0.92	0.8815	0.162
258400	0.92	0.8815	0.1619
258450	0.92	0.8815	0.1618
258500	0.92	0.8815	0.1618
258550	0.92	0.8815	0.1617
258600	0.92	0.8815	0.1616
258650	0.92	0.8815	0.1615
258700	0.92	0.8815	0.1615
258750	0.92	0.881	0.1615
258800	0.92	0.881	0.1615
258850	0.92	0.881	0.1614
258900	0.92	0.881	0.1613
258950	0.92	0.881	0.1613
259000	0.92	0.881	0.1613
259050	0.92	0.881	0.1613
259100	0.92	0.881	0.1612
259150	0.92	0.881	0.1611
259200	0.92	0.881	0.1611
259250	0.92	0.881	0.1611
259300	0.92	0.881	0.1611
259350	0.91875	0.881	0.161
259400	0.91875	0.881	0.161
259450	0.91875	0.881	0.161
259500	0.91875	0.881	0.1609
259550	0.91875	0.881	0.1609
259600	0.91875	0.881	0.1608
259650	0.91875	0.881	0.1608
259700	0.91875	0.8805	0.1608
259750	0.91875	0.8805	0.1608
259800	0.91875	0.8805	0.1606
259850	0.91875	0.8805	0.1606
259900	0.91875	0.8805	0.1606
259950	0.91875	0.8805	0.1606
260000	0.91875	0.8805	0.1605
260050	0.9175	0.8805	0.1605
260100	0.9175	0.8805	0.1605
260150	0.9175	0.8805	0.1604
260200	0.9175	0.8805	0.1604
260250	0.9175	0.8805	0.1602
260300	0.9175	0.8805	0.1601
260350	0.9175	0.8805	0.16
260400	0.9175	0.8805	0.16
260450	0.9175	0.8805	0.16
260500	0.9175	0.8805	0.16
260550	0.9175	0.8805	0.1599
260600	0.9175	0.8805	0.1599
260650	0.9175	0.8805	0.1597
260700	0.9175	0.8805	0.1597
260750	0.9175	0.8805	0.1597
260800	0.91625	0.8805	0.1597
260850	0.91625	0.8805	0.1597
260900	0.91625	0.8805	0.1597
260950	0.91625	0.8805	0.1597
261000	0.91625	0.8805	0.1597
261050	0.91625	0.8805	0.1597
261100	0.91625	0.8805	0.1597
261150	0.91625	0.8805	0.1597
261200	0.91625	0.8805	0.1596
261250	0.91625	0.8805	0.1596
261300	0.91625	0.8805	0.1596
261350	0.915	0.8805	0.1596
261400	0.915	0.8805	0.1596
261450	0.915	0.8805	0.1596
261500	0.915	0.8805	0.1596
261550	0.915	0.8805	0.1596
261600	0.915	0.8805	0.1596
261650	0.915	0.8805	0.1596
261700	0.915	0.8805	0.1596
261750	0.915	0.8805	0.1594
261800	0.915	0.8805	0.1594
261850	0.915	0.8805	0.1594
261900	0.915	0.8805	0.1594
261950	0.915	0.8805	0.1593
262000	0.915	0.8805	0.1593
262050	0.915	0.8805	0.1593
262100	0.915	0.8805	0.1593
262150	0.915	0.8805	0.1593
262200	0.915	0.8805	0.1591
262250	0.915	0.8805	0.1591
262300	0.915	0.8805	0.159
262350	0.915	0.8805	0.159
262400	0.915	0.8805	0.1588
262450	0.915	0.8805	0.1587
262500	0.915	0.8805	0.1586
262550	0.915	0.8805	0.1586
262600	0.915	0.8805	0.1585
262650	0.915	0.8805	0.1584
262700	0.915	0.8805	0.1582
262750	0.915	0.8805	0.1582
262800	0.915	0.8805	0.1582
262850	0.915	0.8805	0.1582
262900	0.915	0.8805	0.1582
262950	0.915	0.8805	0.1578
263000	0.915	0.8805	0.1577
263050	0.915	0.8805	0.1576
263100	0.915	0.8805	0.1576
263150	0.915	0.8805	0.1575
263200	0.915	0.8805	0.1575
263250	0.915	0.8805	0.1573
263300	0.915	0.8805	0.1573
263350	0.915	0.8805	0.1572
263400	0.915	0.8805	0.1572
263450	0.915	0.8805	0.1572
263500	0.915	0.8805	0.157
263550	0.915	0.8805	0.157
263600	0.915	0.8805	0.157
263650	0.915	0.8805	0.157
263700	0.915	0.8805	0.1569
263750	0.915	0.8805	0.1569
263800	0.915	0.8805	0.1569
263850	0.915	0.8805	0.1568
263900	0.915	0.8805	0.1567
263950	0.915	0.8805	0.1567
264000	0.915	0.8805	0.1567
264050	0.915	0.8805	0.1567
264100	0.915	0.8805	0.1566
264150	0.915	0.8805	0.1565
264200	0.915	0.8805	0.1563
264250	0.915	0.8805	0.1563
264300	0.915	0.8805	0.1563
264350	0.915	0.8805	0.1561
264400	0.915	0.8805	0.1561
264450	0.915	0.8805	0.1559
264500	0.915	0.8805	0.1559
264550	0.915	0.8805	0.1558
264600	0.915	0.8805	0.1558
264650	0.915	0.8805	0.1558
264700	0.915	0.8805	0.1557
264750	0.915	0.8805	0.1555
264800	0.915	0.8805	0.1555
264850	0.915	0.8805	0.1554
264900	0.915	0.8805	0.1552
264950	0.915	0.8805	0.1552
265000	0.915	0.8805	0.1551
265050	0.915	0.8805	0.155
265100	0.915	0.8805	0.155
265150	0.915	0.8805	0.1549
265200	0.915	0.8805	0.1549
265250	0.915	0.8805	0.1548
265300	0.915	0.88	0.1546
265350	0.915	0.88	0.1545
265400	0.915	0.88	0.1545
265450	0.915	0.88	0.1545
265500	0.91375	0.88	0.1545
265550	0.91375	0.88	0.1545
265600	0.91375	0.88	0.1545
265650	0.91375	0.88	0.1543
265700	0.91375	0.88	0.1542
265750	0.91375	0.88	0.1541
265800	0.91375	0.88	0.1541
265850	0.91375	0.88	0.154
265900	0.91375	0.88	0.154
265950	0.91375	0.88	0.1539
266000	0.91375	0.88	0.1539
266050	0.91375	0.88	0.1539
266100	0.91375	0.88	0.1539
266150	0.91375	0.88	0.1539
266200	0.91375	0.88	0.1539
266250	0.91375	0.88	0.1538
266300	0.91375	0.88	0.1538
266350	0.91375	0.88	0.1538
266400	0.91375	0.88	0.1537
266450	0.91375	0.88	0.1537
266500	0.91375	0.88	0.1536
266550	0.91375	0.88	0.1535
266600	0.91375	0.8795	0.1533
266650	0.91375	0.8795	0.1532
266700	0.91375	0.8795	0.1532
266750	0.91375	0.879	0.1532
266800	0.91375	0.879	0.1532
266850	0.91375	0.879	0.153
266900	0.91375	0.879	0.1529
266950	0.91375	0.879	0.1529
267000	0.91375	0.879	0.1529
267050	0.91375	0.879	0.1529
267100	0.9125	0.879	0.1528
267150	0.9125	0.879	0.1526
267200	0.9125	0.879	0.1526
267250	0.9125	0.8785	0.1526
267300	0.9125	0.8785	0.1526
267350	0.9125	0.8785	0.1526
267400	0.9125	0.8785	0.1526
267450	0.9125	0.8785	0.1526
267500	0.9125	0.8785	0.1525
267550	0.9125	0.8785	0.1524
267600	0.9125	0.878	0.1521
267650	0.9125	0.878	0.152
267700	0.9125	0.878	0.152
267750	0.9125	0.878	0.1519
267800	0.9125	0.878	0.1519
267850	0.9125	0.878	0.1517
267900	0.9125	0.878	0.1517
267950	0.9125	0.878	0.1515
268000	0.91125	0.878	0.1514
268050	0.91	0.878	0.1514
268100	0.91	0.878	0.1514
268150	0.91	0.878	0.1514
268200	0.91	0.878	0.1514
268250	0.91	0.878	0.1514
268300	0.91	0.878	0.1514
268350	0.91	0.878	0.1514
268400	0.91	0.878	0.1513
268450	0.91	0.878	0.1513
268500	0.91	0.878	0.1511
268550	0.91	0.878	0.1511
268600	0.91	0.878	0.1511
268650	0.91	0.878	0.1511
268700	0.91	0.878	0.1511
268750	0.91	0.878	0.151
268800	0.91	0.878	0.151
268850	0.91	0.878	0.1509
268900	0.91	0.878	0.1509
268950	0.91	0.878	0.1507
269000	0.91	0.878	0.1506
269050	0.91	0.878	0.1506
269100	0.91	0.878	0.1505
269150	0.91	0.878	0.1505
269200	0.90875	0.878	0.1505
269250	0.90875	0.878	0.1505
269300	0.90875	0.878	0.1503
269350	0.90875	0.878	0.1503
269400	0.90875	0.878	0.1503
269450	0.90875	0.878	0.1502
269500	0.90875	0.878	0.1502
269550	0.90875	0.878	0.1501
269600	0.90875	0.878	0.1501
269650	0.90875	0.878	0.15
269700	0.90875	0.878	0.15
269750	0.90875	0.878	0.15
269800	0.90875	0.878	0.15
269850	0.90875	0.878	0.15
269900	0.90875	0.878	0.15
269950	0.90875	0.878	0.1497
270000	0.90875	0.878	0.1497
270050	0.90875	0.878	0.1496
270100	0.90875	0.878	0.1496
270150	0.90875	0.878	0.1496
270200	0.90875	0.878	0.1495
270250	0.90875	0.878	0.1495
270300	0.90875	0.878	0.1495
270350	0.90875	0.878	0.1495
270400	0.90875	0.878	0.1495
270450	0.90875	0.878	0.1495
270500	0.90875	0.878	0.1495
270550	0.90875	0.878	0.1495
270600	0.90875	0.878	0.1495
270650	0.90875	0.878	0.1495
270700	0.90875	0.878	0.1492
270750	0.90875	0.878	0.1491
270800	0.90875	0.878	0.1491
270850	0.90875	0.878	0.1491
270900	0.90875	0.878	0.1491
270950	0.90875	0.878	0.1491
271000	0.90875	0.878	0.149
271050	0.90875	0.878	0.1489
271100	0.90875	0.878	0.1488
271150	0.90875	0.878	0.1486
271200	0.90875	0.878	0.1486
271250	0.90875	0.878	0.1486
271300	0.90875	0.878	0.1486
271350	0.90875	0.878	0.1485
271400	0.90875	0.878	0.1484
271450	0.90875	0.878	0.1484
271500	0.90875	0.878	0.1484
271550	0.90875	0.878	0.1483
271600	0.90875	0.878	0.1483
271650	0.90875	0.878	0.1483
271700	0.90875	0.878	0.1481
271750	0.90875	0.878	0.1478
271800	0.90875	0.878	0.1478
271850	0.90875	0.878	0.1478
271900	0.90875	0.878	0.1477
271950	0.90875	0.8775	0.1476
272000	0.90875	0.877	0.1473
272050	0.90875	0.877	0.1473
272100	0.90875	0.877	0.1471
272150	0.90875	0.877	0.147
272200	0.90875	0.877	0.147
272250	0.90875	0.877	0.1469
272300	0.90875	0.877	0.1469
272350	0.90875	0.877	0.1467
272400	0.90875	0.8765	0.1465
272450	0.90875	0.8765	0.1465
272500	0.90875	0.8765	0.1463
272550	0.90875	0.8765	0.1463
272600	0.90875	0.8765	0.1463
272650	0.90875	0.8765	0.1463
272700	0.90875	0.8765	0.1463
272750	0.90875	0.8765	0.1462
272800	0.90875	0.8765	0.146
272850	0.90875	0.8765	0.146
272900	0.90875	0.876	0.1458
272950	0.90875	0.876	0.1457
273000	0.90875	0.876	0.1457
273050	0.90875	0.876	0.1457
273100	0.90875	0.876	0.1454
273150	0.90875	0.876	0.1453
273200	0.90875	0.876	0.1453
273250	0.90875	0.876	0.1452
273300	0.90875	0.876	0.1451
273350	0.90875	0.876	0.1451
273400	0.90875	0.876	0.1451
273450	0.90875	0.876	0.145
273500	0.90875	0.876	0.145
273550	0.90875	0.876	0.1449
273600	0.90875	0.876	0.1448
273650	0.90875	0.876	0.1448
273700	0.90875	0.876	0.1448
273750	0.90875	0.876	0.1448
273800	0.90875	0.876	0.1447
273850	0.90875	0.876	0.1446
273900	0.90875	0.876	0.1446
273950	0.90875	0.876	0.1446
274000	0.90875	0.876	0.1445
274050	0.90875	0.876	0.1445
274100	0.90875	0.876	0.1445
274150	0.90875	0.876	0.1444
274200	0.90875	0.876	0.1443
274250	0.90875	0.876	0.1443
274300	0.90875	0.876	0.1443
274350	0.90875	0.876	0.1442
274400	0.90875	0.876	0.144
274450	0.90875	0.876	0.1439
274500	0.90875	0.876	0.1439
274550	0.90875	0.876	0.1439
274600	0.90875	0.8755	0.1437
274650	0.90875	0.8755	0.1436
274700	0.90875	0.8755	0.1435
274750	0.90875	0.8755	0.1434
274800	0.90875	0.8755	0.1434
274850	0.90875	0.8755	0.1434
274900	0.90875	0.8755	0.1434
274950	0.90875	0.8755	0.1434
275000	0.90875	0.8755	0.1433
275050	0.90875	0.8755	0.1433
275100	0.90875	0.875	0.1433
275150	0.90875	0.875	0.1433
275200	0.90875	0.875	0.1432
275250	0.90875	0.875	0.1431
275300	0.90875	0.875	0.1431
275350	0.90875	0.875	0.1431
275400	0.90875	0.875	0.143
275450	0.90875	0.8745	0.143
275500	0.90875	0.8745	0.143
275550	0.90875	0.8745	0.143
275600	0.90875	0.8745	0.143
275650	0.90875	0.8745	0.143
275700	0.90875	0.8745	0.143
275750	0.90875	0.8745	0.143
275800	0.90875	0.8745	0.143
275850	0.90875	0.8745	0.1429
275900	0.90875	0.8745	0.1429
275950	0.90875	0.8745	0.1429
276000	0.90875	0.8745	0.1429
276050	0.90875	0.8745	0.1429
276100	0.90875	0.8745	0.1429
276150	0.90875	0.8745	0.1428
276200	0.90875	0.8745	0.1427
276250	0.90875	0.8745	0.1427
276300	0.90875	0.8745	0.1426
276350	0.90875	0.8745	0.1426
276400	0.90875	0.8745	0.1426
276450	0.90875	0.8745	0.1426
276500	0.90875	0.8745	0.1426
276550	0.90875	0.8745	0.1426
276600	0.90875	0.8745	0.1425
276650	0.90875	0.8745	0.1424
276700	0.90875	0.8745	0.1424
276750	0.90875	0.8745	0.1424
276800	0.90875	0.8745	0.1424
276850	0.90875	0.8745	0.1423
276900	0.90875	0.8745	0.1421
276950	0.90875	0.8745	0.1421
277000	0.9075	0.8745	0.1421
277050	0.9075	0.8745	0.1421
277100	0.9075	0.8745	0.1421
277150	0.9075	0.8745	0.1421
277200	0.9075	0.8745	0.142
277250	0.9075	0.8745	0.142
277300	0.9075	0.8745	0.142
277350	0.9075	0.8745	0.1419
277400	0.9075	0.874	0.1419
277450	0.9075	0.874	0.1417
277500	0.9075	0.874	0.1417
277550	0.9075	0.874	0.1417
277600	0.9075	0.874	0.1417
277650	0.9075	0.874	0.1417
277700	0.9075	0.874	0.1417
277750	0.9075	0.874	0.1415
277800	0.9075	0.874	0.1415
277850	0.9075	0.874	0.1415
277900	0.9075	0.874	0.1415
277950	0.9075	0.874	0.1415
278000	0.9075	0.874	0.1414
278050	0.9075	0.874	0.1414
278100	0.9075	0.874	0.1414
278150	0.9075	0.8735	0.1414
278200	0.9075	0.8735	0.1414
278250	0.9075	0.8735	0.1414
278300	0.9075	0.8735	0.1414
278350	0.9075	0.8735	0.1414
278400	0.9075	0.8735	0.1414
278450	0.9075	0.8735	0.1414
278500	0.9075	0.8735	0.1414
278550	0.9075	0.873	0.1413
278600	0.9075	0.873	0.1413
278650	0.9075	0.873	0.1412
278700	0.9075	0.8725	0.1412
278750	0.9075	0.8725	0.1411
278800	0.9075	0.8725	0.1411
278850	0.9075	0.8725	0.1408
278900	0.9075	0.8725	0.1405
278950	0.9075	0.8725	0.1405
279000	0.9075	0.8725	0.1405
279050	0.9075	0.8725	0.1405
279100	0.9075	0.8725	0.1405
279150	0.9075	0.8725	0.1405
279200	0.9075	0.8725	0.1405
279250	0.9075	0.8725	0.1405
279300	0.9075	0.8725	0.1405
279350	0.9075	0.8725	0.1405
279400	0.9075	0.8725	0.1404
279450	0.9075	0.8725	0.1404
279500	0.9075	0.8725	0.1404
279550	0.9075	0.8725	0.1404
279600	0.9075	0.8725	0.1404
279650	0.9075	0.8725	0.1404
279700	0.9075	0.8725	0.1404
279750	0.9075	0.8725	0.1403
279800	0.9075	0.8725	0.1402
279850	0.9075	0.8725	0.1402
279900	0.9075	0.8725	0.1402
279950	0.9075	0.8725	0.1402
280000	0.9075	0.8725	0.1401
280050	0.9075	0.8725	0.14
280100	0.9075	0.8725	0.1399
280150	0.9075	0.8725	0.1398
280200	0.9075	0.8725	0.1397
280250	0.9075	0.8725	0.1395
280300	0.9075	0.8725	0.1395
280350	0.9075	0.8725	0.1395
280400	0.9075	0.8725	0.1394
280450	0.9075	0.8725	0.1394
280500	0.9075	0.8725	0.1391
280550	0.90625	0.8725	0.139
280600	0.90625	0.8725	0.139
280650	0.90625	0.8725	0.139
280700	0.90625	0.8725	0.139
280750	0.90625	0.8725	0.139
280800	0.90625	0.8725	0.139
280850	0.90625	0.8725	0.1389
280900	0.90625	0.8725	0.1388
280950	0.90625	0.8725	0.1387
281000	0.90625	0.872	0.1387
281050	0.90625	0.872	0.1386
281100	0.90625	0.872	0.1384
281150	0.90625	0.872	0.1384
281200	0.90625	0.872	0.1384
281250	0.90625	0.872	0.1382
281300	0.90625	0.872	0.1381
281350	0.90625	0.872	0.1381
281400	0.90625	0.872	0.1379
281450	0.90625	0.872	0.1379
281500	0.90625	0.872	0.1378
281550	0.90625	0.872	0.1378
281600	0.90625	0.872	0.1378
281650	0.90625	0.872	0.1378
281700	0.90625	0.872	0.1377
281750	0.90625	0.872	0.1377
281800	0.90625	0.872	0.1377
281850	0.90625	0.872	0.1377
281900	0.90625	0.872	0.1377
281950	0.90625	0.872	0.1377
282000	0.90625	0.872	0.1377
282050	0.90625	0.872	0.1377
282100	0.90625	0.872	0.1377
282150	0.90625	0.872	0.1376
282200	0.90625	0.872	0.1376
282250	0.90625	0.872	0.1376
282300	0.90625	0.872	0.1376
282350	0.90625	0.872	0.1376
282400	0.90625	0.872	0.1376
282450	0.90625	0.872	0.1376
282500	0.90625	0.872	0.1376
282550	0.90625	0.872	0.1376
282600	0.90625	0.872	0.1376
282650	0.90625	0.872	0.1375
282700	0.90625	0.872	0.1375
282750	0.90625	0.8715	0.1375
282800	0.90625	0.8715	0.1375
282850	0.90625	0.8715	0.1373
282900	0.90625	0.8715	0.1373
282950	0.90625	0.8715	0.1373
283000	0.90625	0.8715	0.1373
283050	0.90625	0.8715	0.1372
283100	0.90625	0.8715	0.1372
283150	0.90625	0.8715	0.1372
283200	0.90625	0.8715	0.1372
283250	0.90625	0.8715	0.1371
283300	0.90625	0.8715	0.1371
283350	0.90625	0.8715	0.1371
283400	0.90625	0.8715	0.137
283450	0.90625	0.8715	0.137
283500	0.90625	0.8715	0.137
283550	0.90625	0.8715	0.1369
283600	0.90625	0.8715	0.1368
283650	0.90625	0.8715	0.1367
283700	0.90625	0.8715	0.1367
283750	0.90625	0.8715	0.1367
283800	0.90625	0.8715	0.1367
283850	0.90625	0.8715	0.1367
283900	0.90625	0.8715	0.1365
283950	0.90625	0.8715	0.1365
284000	0.90625	0.8715	0.1365
284050	0.90625	0.8715	0.1365
284100	0.90625	0.8715	0.1365
284150	0.90625	0.8715	0.1365
284200	0.90625	0.8715	0.1363
284250	0.90625	0.8715	0.1362
284300	0.90625	0.8715	0.1362
284350	0.90625	0.871	0.1361
284400	0.90625	0.871	0.1359
284450	0.90625	0.871	0.1359
284500	0.90625	0.871	0.1359
284550	0.90625	0.871	0.1358
284600	0.90625	0.871	0.1358
284650	0.90625	0.871	0.1358
284700	0.90625	0.871	0.1357
284750	0.90625	0.871	0.1357
284800	0.90625	0.871	0.1356
284850	0.90625	0.871	0.1356
284900	0.90625	0.871	0.1356
284950	0.90625	0.8705	0.1356
285000	0.90625	0.8705	0.1356
285050	0.90625	0.8705	0.1354
285100	0.90625	0.8705	0.1354
285150	0.90625	0.8705	0.1353
285200	0.90625	0.8705	0.1353
285250	0.905	0.8705	0.1352
285300	0.905	0.8705	0.1352
285350	0.905	0.8705	0.1352
285400	0.905	0.8705	0.1352
285450	0.905	0.87	0.1351
285500	0.905	0.87	0.1351
285550	0.905	0.87	0.135
285600	0.905	0.87	0.135
285650	0.905	0.8695	0.1349
285700	0.905	0.8695	0.1349
285750	0.905	0.8695	0.1349
285800	0.905	0.8695	0.1348
285850	0.905	0.8695	0.1348
285900	0.905	0.8695	0.1347
285950	0.905	0.8695	0.1347
286000	0.905	0.8695	0.1345
286050	0.905	0.8695	0.1343
286100	0.905	0.8695	0.134
286150	0.905	0.8695	0.1339
286200	0.905	0.8695	0.1338
286250	0.905	0.8695	0.1338
286300	0.905	0.8695	0.1337
286350	0.905	0.8695	0.1336
286400	0.905	0.8695	0.1335
286450	0.905	0.8695	0.1335
286500	0.905	0.8695	0.1335
286550	0.905	0.8695	0.1334
286600	0.905	0.8695	0.1334
286650	0.905	0.8695	0.1334
286700	0.905	0.8695	0.1334
286750	0.905	0.8695	0.1334
286800	0.905	0.8695	0.1333
286850	0.905	0.869	0.1333
286900	0.905	0.869	0.1333
286950	0.905	0.869	0.1333
287000	0.905	0.869	0.1333
287050	0.905	0.869	0.1332
287100	0.905	0.869	0.1332
287150	0.905	0.869	0.1331
287200	0.905	0.869	0.1331
287250	0.905	0.869	0.1331
287300	0.905	0.8685	0.1331
287350	0.905	0.8685	0.1331
287400	0.905	0.8685	0.133
287450	0.905	0.8685	0.1329
287500	0.905	0.8685	0.1329
287550	0.905	0.8685	0.1329
287600	0.905	0.868	0.1329
287650	0.905	0.868	0.1329
287700	0.905	0.868	0.1328
287750	0.905	0.868	0.1328
287800	0.905	0.868	0.1328
287850	0.905	0.868	0.1328
287900	0.905	0.868	0.1328
287950	0.905	0.868	0.1328
288000	0.905	0.868	0.1328
288050	0.905	0.868	0.1328
288100	0.905	0.868	0.1328
288150	0.905	0.868	0.1327
288200	0.905	0.868	0.1327
288250	0.905	0.868	0.1327
288300	0.905	0.868	0.1326
288350	0.905	0.868	0.1326
288400	0.905	0.868	0.1325
288450	0.905	0.868	0.1325
288500	0.905	0.868	0.1324
288550	0.905	0.868	0.1323
288600	0.905	0.868	0.1321
288650	0.905	0.868	0.1321
288700	0.905	0.868	0.1321
288750	0.905	0.868	0.132
288800	0.905	0.868	0.132
288850	0.905	0.868	0.132
288900	0.905	0.868	0.132
288950	0.90375	0.868	0.132
289000	0.90375	0.868	0.132
289050	0.90375	0.868	0.1319
289100	0.90375	0.868	0.1319
289150	0.90375	0.868	0.1316
289200	0.90375	0.868	0.1315
289250	0.90375	0.868	0.1315
289300	0.90375	0.868	0.1313
289350	0.90375	0.8675	0.1313
289400	0.90375	0.8675	0.1313
289450	0.90375	0.8675	0.1312
289500	0.90375	0.8675	0.1311
289550	0.90375	0.8675	0.131
289600	0.90375	0.8675	0.131
289650	0.90375	0.8675	0.1309
289700	0.90375	0.8675	0.1307
289750	0.90375	0.8675	0.1306
289800	0.90375	0.8675	0.1306
289850	0.90375	0.8675	0.1305
289900	0.90375	0.8675	0.1304
289950	0.90375	0.8675	0.1304
290000	0.90375	0.8675	0.1303
290050	0.90375	0.8675	0.1303
290100	0.90375	0.8675	0.1303
290150	0.90375	0.8675	0.1303
290200	0.90375	0.8675	0.1302
290250	0.90375	0.8675	0.1302
290300	0.90375	0.8675	0.1301
290350	0.90375	0.8675	0.13
290400	0.90375	0.8675	0.13
290450	0.90375	0.8675	0.1299
290500	0.90375	0.8675	0.1299
290550	0.90375	0.867	0.1298
290600	0.90375	0.867	0.1297
290650	0.90375	0.867	0.1297
290700	0.90375	0.867	0.1297
290750	0.90375	0.867	0.1296
290800	0.90375	0.867	0.1296
290850	0.90375	0.867	0.1296
290900	0.90375	0.867	0.1296
290950	0.90375	0.867	0.1296
291000	0.90375	0.867	0.1296
291050	0.90375	0.867	0.1296
291100	0.90375	0.867	0.1296
291150	0.90375	0.867	0.1295
291200	0.90375	0.867	0.1295
291250	0.90375	0.867	0.1293
291300	0.90375	0.867	0.1292
291350	0.90375	0.867	0.1292
291400	0.90375	0.867	0.129
291450	0.90375	0.8665	0.129
291500	0.90375	0.866	0.1289
291550	0.90375	0.866	0.1289
291600	0.90375	0.866	0.1288
291650	0.90375	0.866	0.1287
291700	0.90375	0.866	0.1287
291750	0.90375	0.866	0.1286
291800	0.90375	0.866	0.1286
291850	0.90375	0.866	0.1285
291900	0.90375	0.8655	0.1283
291950	0.90375	0.8655	0.1283
292000	0.90375	0.8655	0.1283
292050	0.90375	0.8655	0.1282
292100	0.90375	0.8655	0.128
292150	0.90375	0.8655	0.128
292200	0.90375	0.8655	0.128
292250	0.90375	0.8655	0.128
292300	0.90375	0.865	0.128
292350	0.90375	0.865	0.1279
292400	0.90375	0.865	0.1279
292450	0.90375	0.865	0.1279
292500	0.90375	0.865	0.1279
292550	0.90375	0.865	0.1279
292600	0.90375	0.865	0.1279
292650	0.90375	0.865	0.1278
292700	0.90375	0.865	0.1278
292750	0.90375	0.865	0.1277
292800	0.90375	0.865	0.1276
292850	0.90375	0.865	0.1276
292900	0.90375	0.865	0.1274
292950	0.90375	0.865	0.1274
293000	0.90375	0.865	0.1273
293050	0.90375	0.865	0.1273
293100	0.90375	0.865	0.1273
293150	0.90375	0.865	0.1272
293200	0.90375	0.865	0.1272
293250	0.90375	0.865	0.1272
293300	0.90375	0.865	0.1272
293350	0.90375	0.865	0.1272
293400	0.90375	0.865	0.1272
293450	0.90375	0.865	0.1272
293500	0.90375	0.865	0.1272
293550	0.90375	0.865	0.1271
293600	0.90375	0.865	0.1271
293650	0.90375	0.865	0.127
293700	0.90375	0.865	0.127
293750	0.90375	0.865	0.127
293800	0.90375	0.865	0.127
293850	0.90375	0.865	0.127
293900	0.90375	0.865	0.1269
293950	0.90375	0.865	0.1269
294000	0.90375	0.865	0.1269
294050	0.90375	0.865	0.1268
294100	0.90375	0.865	0.1268
294150	0.90375	0.865	0.1267
294200	0.9025	0.865	0.1266
294250	0.9025	0.865	0.1265
294300	0.9025	0.865	0.1263
294350	0.9025	0.865	0.1263
294400	0.9025	0.865	0.1263
294450	0.9025	0.865	0.1263
294500	0.9025	0.865	0.1262
294550	0.9025	0.865	0.1261
294600	0.9025	0.865	0.1261
294650	0.9025	0.865	0.1261
294700	0.9025	0.865	0.1261
294750	0.9025	0.865	0.1261
294800	0.9025	0.8645	0.1261
294850	0.9025	0.8645	0.1259
294900	0.9025	0.8645	0.1259
294950	0.9025	0.8645	0.1259
295000	0.9025	0.8645	0.1259
295050	0.9025	0.8645	0.1259
295100	0.9025	0.8645	0.1258
295150	0.9025	0.8645	0.1256
295200	0.9025	0.8645	0.1255
295250	0.9025	0.8645	0.1254
295300	0.9025	0.8645	0.1253
295350	0.9025	0.8645	0.1253
295400	0.9025	0.8645	0.1253
295450	0.9025	0.8645	0.1253
295500	0.9025	0.8645	0.1251
295550	0.9025	0.8645	0.125
295600	0.9025	0.8645	0.1249
295650	0.9025	0.8645	0.1249
295700	0.9025	0.8645	0.1249
295750	0.9025	0.8645	0.1247
295800	0.9025	0.8645	0.1246
295850	0.9025	0.8645	0.1245
295900	0.9025	0.8645	0.1245
295950	0.9025	0.8645	0.1244
296000	0.9025	0.8645	0.1243
296050	0.9025	0.8645	0.1242
296100	0.9025	0.8645	0.1242
296150	0.9025	0.8645	0.1242
296200	0.9025	0.8645	0.124
296250	0.9025	0.864	0.124
296300	0.9025	0.864	0.124
296350	0.9025	0.864	0.124
296400	0.9025	0.864	0.1239
296450	0.9025	0.864	0.1238
296500	0.9025	0.864	0.1238
296550	0.9025	0.864	0.1238
296600	0.9025	0.864	0.1238
296650	0.9025	0.864	0.1238
296700	0.9025	0.864	0.1237
296750	0.90125	0.864	0.1236
296800	0.90125	0.864	0.1236
296850	0.90125	0.864	0.1236
296900	0.90125	0.864	0.1236
296950	0.90125	0.864	0.1236
297000	0.90125	0.864	0.1236
297050	0.90125	0.864	0.1236
297100	0.90125	0.864	0.1236
297150	0.90125	0.864	0.1236
297200	0.90125	0.864	0.1235
297250	0.90125	0.864	0.1235
297300	0.90125	0.864	0.1234
297350	0.90125	0.864	0.1233
297400	0.90125	0.864	0.1232
297450	0.90125	0.864	0.1232
297500	0.90125	0.864	0.1231
297550	0.90125	0.864	0.123
297600	0.90125	0.864	0.1229
297650	0.90125	0.864	0.1228
297700	0.90125	0.864	0.1228
297750	0.90125	0.864	0.1227
297800	0.90125	0.864	0.1226
297850	0.90125	0.864	0.1226
297900	0.90125	0.864	0.1225
297950	0.90125	0.864	0.1225
298000	0.90125	0.864	0.1224
298050	0.90125	0.864	0.1222
298100	0.90125	0.864	0.1221
298150	0.90125	0.864	0.1221
298200	0.90125	0.864	0.122
298250	0.90125	0.864	0.122
298300	0.90125	0.864	0.122
298350	0.90125	0.864	0.1218
298400	0.90125	0.864	0.1218
298450	0.90125	0.864	0.1217
298500	0.90125	0.864	0.1217
298550	0.90125	0.864	0.1216
298600	0.90125	0.864	0.1215
298650	0.90125	0.864	0.1215
298700	0.90125	0.864	0.1214
298750	0.90125	0.864	0.1214
298800	0.90125	0.864	0.1213
298850	0.90125	0.864	0.1212
298900	0.90125	0.864	0.1211
298950	0.90125	0.864	0.1211
299000	0.90125	0.864	0.1211
299050	0.90125	0.864	0.1211
299100	0.90125	0.864	0.121
299150	0.90125	0.864	0.121
299200	0.90125	0.864	0.121
299250	0.90125	0.864	0.121
299300	0.90125	0.864	0.1209
299350	0.90125	0.864	0.1209
299400	0.90125	0.864	0.1209
299450	0.90125	0.864	0.1209
299500	0.90125	0.864	0.1209
299550	0.90125	0.864	0.1209
299600	0.90125	0.864	0.1209
299650	0.90125	0.864	0.1208
299700	0.90125	0.864	0.1208
299750	0.90125	0.864	0.1208
299800	0.90125	0.864	0.1208
299850	0.90125	0.864	0.1208
299900	0.90125	0.864	0.1207
299950	0.90125	0.864	0.1206
