				
0	7.5E-4	0.99924	0	0
1	0.00196	0.99773	0	3E-4
2	0.00303	0.99666	0	3E-4
3	0.00425	0.99545	0	3E-4
4	0.00607	0.99334	0	6.1E-4
5	0.00834	0.99091	1.5E-4	6.1E-4
6	0.01029	0.98879	1.5E-4	7.6E-4
7	0.01288	0.98606	1.5E-4	9.1E-4
8	0.0147	0.98393	1.5E-4	0.00121
9	0.01651	0.98076	1.5E-4	0.00257
10	0.01803	0.97893	1.5E-4	0.00288
11	0.02047	0.97621	1.5E-4	0.00318
12	0.02288	0.97364	1.5E-4	0.00333
13	0.02515	0.97106	3E-4	0.00348
14	0.02954	0.96591	4.5E-4	0.00409
15	0.03182	0.96242	4.5E-4	0.00529
16	0.03424	0.9597	4.5E-4	0.00559
17	0.03668	0.95682	4.5E-4	0.00605
18	0.03894	0.95348	4.5E-4	0.00712
19	0.04196	0.95	4.5E-4	0.00758
20	0.04484	0.94652	4.5E-4	0.00818
21	0.04636	0.94439	4.5E-4	0.00878
22	0.04863	0.94152	6E-4	0.00923
23	0.05091	0.93819	6E-4	0.0103
24	0.05439	0.9341	6E-4	0.0109
25	0.05683	0.93121	7.5E-4	0.01121
26	0.06031	0.92712	7.5E-4	0.01182
27	0.06394	0.92228	7.5E-4	0.01303
28	0.06591	0.9197	7.5E-4	0.01365
29	0.06788	0.91712	9.1E-4	0.0141
30	0.0706	0.91363	0.00136	0.0144
31	0.07424	0.90879	0.00151	0.01545
32	0.07622	0.90637	0.00166	0.01576
33	0.07802	0.90409	0.00166	0.01621
34	0.08046	0.90075	0.00196	0.01681
35	0.08242	0.89803	0.00212	0.01743
36	0.085	0.895	0.00212	0.01788
37	0.08651	0.89242	0.00227	0.01879
38	0.08772	0.89091	0.00227	0.01909
39	0.09061	0.88758	0.00242	0.0194
40	0.09319	0.8847	0.00242	0.0197
41	0.09516	0.88228	0.00242	0.02015
42	0.09803	0.87924	0.00257	0.02015
43	0.10045	0.87606	0.00257	0.0209
44	0.10213	0.8741	0.00287	0.0209
45	0.10424	0.87167	0.00302	0.02105
46	0.10697	0.86804	0.00317	0.02181
47	0.10893	0.86576	0.00317	0.02211
48	0.1112	0.86318	0.00317	0.02241
49	0.11287	0.86106	0.00317	0.02287
50	0.11532	0.85833	0.00348	0.02287
51	0.11789	0.85454	0.00348	0.02408
52	0.12062	0.85076	0.00379	0.02484
53	0.12319	0.84788	0.00379	0.02515
54	0.1253	0.845	0.00379	0.0259
55	0.12757	0.84213	0.00379	0.02652
56	0.12939	0.83955	0.00394	0.02711
57	0.13257	0.8353	0.0041	0.02803
58	0.13363	0.83317	0.0041	0.02909
59	0.13469	0.83167	0.0041	0.02955
60	0.13607	0.8297	0.0041	0.03015
61	0.13894	0.82606	0.00425	0.03076
62	0.14107	0.82379	0.00425	0.03092
63	0.14257	0.82076	0.00456	0.03212
64	0.14378	0.81834	0.00486	0.03303
65	0.14591	0.81576	0.00486	0.03348
66	0.14894	0.81242	0.00501	0.03363
67	0.15016	0.81015	0.00501	0.0347
68	0.15258	0.80742	0.00501	0.035
69	0.15515	0.8041	0.00531	0.03546
70	0.15696	0.80167	0.00531	0.03606
71	0.15924	0.79894	0.00561	0.03621
72	0.16137	0.79622	0.00577	0.03666
73	0.16455	0.79273	0.00562	0.03712
74	0.16667	0.79046	0.00562	0.03727
75	0.16909	0.78727	0.00577	0.03787
76	0.1706	0.78469	0.00592	0.03879
77	0.17197	0.78318	0.00592	0.03895
78	0.1744	0.7803	0.00592	0.0394
79	0.17758	0.77667	0.00592	0.03985
80	0.18001	0.77409	0.00607	0.03985
81	0.18182	0.77181	0.00622	0.04014
82	0.18303	0.77044	0.00652	0.04
83	0.18486	0.76834	0.00682	0.03999
84	0.18681	0.76621	0.00682	0.04016
85	0.18864	0.76408	0.00682	0.04046
86	0.19091	0.76121	0.00682	0.04106
87	0.19318	0.75833	0.00682	0.04167
88	0.19575	0.75575	0.00697	0.04152
89	0.19772	0.75288	0.00697	0.04243
90	0.19894	0.75046	0.00712	0.04349
91	0.19984	0.74909	0.00727	0.04378
92	0.20166	0.74697	0.00727	0.04409
93	0.20393	0.74424	0.00727	0.04454
94	0.20591	0.74197	0.00757	0.04453
95	0.20865	0.73893	0.00788	0.04453
96	0.20985	0.73743	0.00788	0.04485
97	0.21121	0.73531	0.00788	0.0456
98	0.21319	0.73303	0.00803	0.04575
99	0.21411	0.73213	0.00803	0.04575
100	0.21486	0.73092	0.00803	0.04622
101	0.21591	0.72879	0.00803	0.04728
102	0.21863	0.72606	0.00819	0.04713
103	0.22137	0.72258	0.00834	0.04773
104	0.22304	0.72075	0.00864	0.04758
105	0.22561	0.71789	0.00864	0.04788
106	0.22636	0.71622	0.00879	0.04863
107	0.22925	0.71318	0.00879	0.04878
108	0.23045	0.71213	0.00879	0.04863
109	0.23166	0.71045	0.00894	0.04893
110	0.23424	0.70803	0.00894	0.04878
111	0.23577	0.70606	0.00894	0.04924
112	0.23727	0.70439	0.00894	0.04939
113	0.23955	0.70212	0.00893	0.0494
114	0.24121	0.69999	0.00908	0.04971
115	0.24257	0.69848	0.00908	0.04985
116	0.24333	0.69698	0.00923	0.05045
117	0.24424	0.6953	0.00923	0.05121
118	0.24561	0.69348	0.00923	0.05166
119	0.24698	0.69197	0.00923	0.05182
120	0.24817	0.6906	0.00923	0.05197
121	0.24984	0.68834	0.00923	0.05257
122	0.25091	0.68682	0.00954	0.05272
123	0.25136	0.68531	0.0097	0.05365
124	0.25196	0.68424	0.0097	0.0541
125	0.25259	0.68303	0.0097	0.0547
126	0.25394	0.68137	0.0097	0.05501
127	0.2544	0.6806	0.0097	0.05531
128	0.25545	0.67924	0.00985	0.05546
129	0.25621	0.67804	0.01	0.05577
130	0.25757	0.67636	0.01	0.05607
131	0.25849	0.67469	0.00985	0.05697
132	0.26031	0.67228	0.01	0.05743
133	0.26138	0.67046	0.01015	0.05803
134	0.26289	0.66864	0.01015	0.05833
135	0.26438	0.66711	0.0103	0.05818
136	0.26561	0.66591	0.0103	0.05817
137	0.26728	0.66393	0.01045	0.05832
138	0.26833	0.66289	0.01045	0.05834
139	0.27031	0.66106	0.01045	0.05819
140	0.2712	0.66045	0.01045	0.05788
141	0.27289	0.65878	0.01045	0.05788
142	0.27424	0.65727	0.0103	0.05818
143	0.27515	0.65621	0.01045	0.05818
144	0.27606	0.6553	0.0106	0.05803
145	0.27695	0.65395	0.01061	0.05848
146	0.27863	0.65197	0.01061	0.05878
147	0.28015	0.65015	0.01076	0.05894
148	0.28136	0.64833	0.01106	0.05924
149	0.28228	0.64682	0.01106	0.05985
150	0.28394	0.6447	0.01121	0.06016
151	0.285	0.64378	0.01121	0.06
152	0.28636	0.64212	0.01091	0.0606
153	0.28681	0.6412	0.01091	0.06106
154	0.28773	0.64015	0.01091	0.06122
155	0.28939	0.63849	0.01106	0.06106
156	0.29061	0.63682	0.01121	0.06136
157	0.29166	0.63546	0.01151	0.06136
158	0.29272	0.6344	0.01167	0.06121
159	0.29318	0.63393	0.01182	0.06106
160	0.29424	0.63227	0.01227	0.0612
161	0.29532	0.63121	0.01227	0.06121
162	0.29681	0.62924	0.01227	0.06167
163	0.29788	0.62803	0.01227	0.06182
164	0.29909	0.62682	0.01242	0.06167
165	0.30032	0.62515	0.01242	0.06213
166	0.30107	0.62424	0.01242	0.06227
167	0.30227	0.62288	0.01242	0.06242
168	0.30287	0.62197	0.01257	0.06258
169	0.3047	0.62	0.01273	0.06257
170	0.30636	0.61788	0.01288	0.06287
171	0.30713	0.61652	0.01288	0.06348
172	0.30757	0.61516	0.01333	0.06394
173	0.30848	0.61378	0.01333	0.0644
174	0.30909	0.61318	0.01333	0.0644
175	0.30985	0.61181	0.01333	0.065
176	0.31047	0.61075	0.01348	0.06529
177	0.31107	0.61	0.01348	0.06545
178	0.31167	0.60894	0.01363	0.06576
179	0.31258	0.60773	0.01363	0.06607
180	0.31364	0.60606	0.01409	0.06622
181	0.31425	0.6056	0.01394	0.06622
182	0.31529	0.60454	0.01394	0.06622
183	0.31561	0.60424	0.01409	0.06607
184	0.31621	0.60318	0.01409	0.06652
185	0.31682	0.60196	0.01439	0.06682
186	0.31742	0.60092	0.01439	0.06728
187	0.31849	0.59924	0.015	0.06727
188	0.31849	0.59818	0.01531	0.06804
189	0.31969	0.59727	0.01531	0.06773
190	0.31984	0.59697	0.01531	0.06788
191	0.3203	0.59574	0.01561	0.06834
192	0.32167	0.59379	0.01561	0.06894
193	0.32258	0.59273	0.01576	0.06894
194	0.32303	0.59182	0.01561	0.06955
195	0.32319	0.59061	0.01591	0.07031
196	0.32485	0.58819	0.01621	0.07076
197	0.3259	0.58621	0.01667	0.07121
198	0.32636	0.5856	0.01667	0.07137
199	0.32682	0.58485	0.01667	0.07168
200	0.32789	0.58333	0.01667	0.07213
201	0.32819	0.58258	0.01697	0.07228
202	0.32878	0.58197	0.01697	0.07228
203	0.32939	0.58092	0.01712	0.07258
204	0.33061	0.57955	0.01727	0.07258
205	0.3306	0.57924	0.01727	0.07287
206	0.33106	0.57879	0.01742	0.07272
207	0.33152	0.57788	0.01758	0.07303
208	0.33152	0.57742	0.01758	0.07348
209	0.33288	0.57591	0.01789	0.07333
210	0.33348	0.57531	0.01803	0.07318
211	0.33409	0.57424	0.01818	0.07348
212	0.3344	0.57348	0.01818	0.07393
213	0.33577	0.57258	0.01818	0.07348
214	0.33636	0.57182	0.01818	0.07363
215	0.33772	0.57	0.01833	0.07394
216	0.33818	0.5694	0.01833	0.07409
217	0.33894	0.56818	0.01833	0.07454
218	0.33971	0.56681	0.01833	0.07514
219	0.3409	0.56561	0.01848	0.07499
220	0.34182	0.56364	0.01879	0.07575
221	0.34243	0.56288	0.01894	0.07575
222	0.34305	0.56182	0.01894	0.07621
223	0.34318	0.56121	0.01894	0.07667
224	0.34439	0.5603	0.01894	0.07636
225	0.34456	0.55984	0.01894	0.07667
226	0.3453	0.55925	0.01894	0.07652
227	0.34515	0.55893	0.01909	0.07682
228	0.34545	0.55833	0.01909	0.07713
229	0.34665	0.55743	0.01894	0.07698
230	0.34803	0.55561	0.01925	0.07712
231	0.34803	0.55515	0.01925	0.07757
232	0.34864	0.5541	0.0191	0.07819
233	0.34894	0.55333	0.0191	0.07865
234	0.34955	0.55257	0.01925	0.07865
235	0.3503	0.55227	0.01925	0.07818
236	0.3509	0.55198	0.01924	0.07787
237	0.35198	0.55091	0.01954	0.07757
238	0.35152	0.55091	0.01954	0.07802
239	0.35136	0.55045	0.01969	0.07849
240	0.35136	0.55046	0.01954	0.07864
241	0.35197	0.55	0.01954	0.07849
242	0.35213	0.54969	0.01954	0.07864
243	0.35241	0.54879	0.01984	0.07894
244	0.35333	0.54772	0.01999	0.07894
245	0.35409	0.54697	0.01999	0.07894
246	0.35364	0.54667	0.01999	0.0797
247	0.3541	0.54622	0.01999	0.0797
248	0.3547	0.54591	0.01984	0.07955
249	0.3547	0.5453	0.01984	0.08015
250	0.35515	0.54469	0.02	0.08015
251	0.3553	0.54424	0.02	0.08046
252	0.35546	0.54393	0.02	0.08061
253	0.35575	0.54302	0.02001	0.08122
254	0.35712	0.54212	0.02001	0.08076
255	0.35743	0.54151	0.02001	0.08106
256	0.35758	0.54151	0.02001	0.08091
257	0.35757	0.54106	0.02016	0.08121
258	0.35803	0.54046	0.02016	0.08136
259	0.35893	0.53955	0.02031	0.0812
260	0.35908	0.5391	0.02016	0.08165
261	0.35879	0.53834	0.02031	0.08257
262	0.35925	0.53788	0.02031	0.08258
263	0.35938	0.53742	0.02031	0.08289
264	0.35923	0.53697	0.02031	0.08348
265	0.35969	0.53682	0.02031	0.08318
266	0.36061	0.53621	0.02031	0.08288
267	0.3612	0.53545	0.02046	0.08288
268	0.36152	0.535	0.02046	0.08303
269	0.36181	0.53408	0.02091	0.08318
270	0.36167	0.53334	0.02106	0.08395
271	0.36242	0.53242	0.02106	0.0841
272	0.36273	0.53242	0.02076	0.0841
273	0.36304	0.53227	0.02076	0.08395
274	0.36288	0.53212	0.02076	0.08425
275	0.36349	0.53151	0.02061	0.0844
276	0.36425	0.5309	0.02061	0.08425
277	0.36395	0.53016	0.02091	0.085
278	0.36425	0.52954	0.0209	0.0853
279	0.36394	0.52969	0.0209	0.08545
280	0.3647	0.52894	0.02105	0.0853
281	0.3647	0.52834	0.0212	0.08575
282	0.36502	0.52818	0.0212	0.0856
283	0.36531	0.52803	0.0212	0.08545
284	0.36546	0.52742	0.02135	0.08576
285	0.36576	0.52651	0.0215	0.08621
286	0.36667	0.5259	0.02135	0.08606
287	0.36651	0.5256	0.02135	0.08652
288	0.36667	0.52515	0.02135	0.08683
289	0.36697	0.52425	0.02181	0.08698
290	0.36682	0.52393	0.02212	0.08713
291	0.36742	0.52303	0.02212	0.08743
292	0.36802	0.52227	0.02212	0.08758
293	0.36879	0.52121	0.02243	0.08756
294	0.36894	0.52091	0.02258	0.08758
295	0.36939	0.5203	0.02258	0.08773
296	0.36984	0.51984	0.02288	0.08742
297	0.37	0.51969	0.02288	0.08742
298	0.37015	0.51939	0.02288	0.08757
299	0.37092	0.51864	0.02288	0.08758
300	0.37106	0.51833	0.02303	0.08759
301	0.3712	0.51773	0.02334	0.08774
302	0.37136	0.51742	0.02349	0.08773
303	0.37197	0.51651	0.02364	0.08789
304	0.37257	0.51606	0.02379	0.08759
305	0.37211	0.51591	0.02394	0.08805
306	0.37228	0.51575	0.02394	0.08805
307	0.37273	0.51515	0.02409	0.08804
308	0.37287	0.5153	0.02409	0.08773
309	0.37226	0.51515	0.02409	0.08848
310	0.37272	0.51455	0.02454	0.08818
311	0.37303	0.51409	0.02439	0.08848
312	0.37288	0.51409	0.02439	0.08863
313	0.37379	0.51348	0.02439	0.08833
314	0.37409	0.51333	0.02439	0.08818
315	0.37485	0.51272	0.02469	0.08772
316	0.37561	0.51166	0.02484	0.08787
317	0.37593	0.51121	0.02484	0.08802
318	0.37636	0.51107	0.02484	0.08773
319	0.37606	0.51046	0.02499	0.08848
320	0.37637	0.50955	0.02514	0.08894
321	0.37576	0.5091	0.02514	0.09
322	0.37607	0.50864	0.02514	0.09015
323	0.37681	0.50788	0.02529	0.09
324	0.37652	0.50773	0.02545	0.0903
325	0.37667	0.50772	0.0253	0.09031
326	0.37742	0.50712	0.02545	0.09
327	0.37742	0.50697	0.02545	0.09015
328	0.37743	0.50667	0.02545	0.09046
329	0.37804	0.50622	0.02545	0.09031
330	0.37833	0.5059	0.02561	0.09016
331	0.37864	0.50546	0.02561	0.09031
332	0.3788	0.50529	0.02576	0.09016
333	0.37924	0.50515	0.02576	0.08985
334	0.37939	0.50469	0.02576	0.09015
335	0.37985	0.5047	0.02576	0.0897
336	0.38001	0.50424	0.02591	0.08985
337	0.38001	0.50394	0.02591	0.09015
338	0.3803	0.50379	0.02606	0.08985
339	0.38076	0.50364	0.02606	0.08955
340	0.38137	0.50273	0.02636	0.08955
341	0.38212	0.50258	0.02636	0.08893
342	0.38272	0.50183	0.02621	0.08924
343	0.38288	0.50136	0.02621	0.08954
344	0.38349	0.50106	0.02621	0.08924
345	0.38333	0.50046	0.02621	0.08999
346	0.38425	0.49984	0.02621	0.08969
347	0.38394	0.49969	0.02606	0.0903
348	0.38454	0.49924	0.02621	0.08999
349	0.38485	0.49879	0.02637	0.08999
350	0.385	0.49848	0.02637	0.09015
351	0.3853	0.49803	0.02652	0.09015
352	0.38546	0.49789	0.02652	0.09015
353	0.38606	0.49727	0.02667	0.09
354	0.38666	0.49651	0.02651	0.09031
355	0.38682	0.49606	0.02666	0.09046
356	0.38652	0.49591	0.02682	0.09076
357	0.38744	0.4953	0.02651	0.09077
358	0.38787	0.49486	0.02667	0.09061
359	0.38849	0.49364	0.02712	0.09076
360	0.38879	0.49319	0.02712	0.0909
361	0.38969	0.49258	0.02712	0.0906
362	0.3903	0.49211	0.02712	0.09046
363	0.39106	0.49152	0.02727	0.09016
364	0.39121	0.49136	0.02727	0.09016
365	0.3915	0.49091	0.02727	0.09031
366	0.39136	0.49091	0.02727	0.09046
367	0.39258	0.49014	0.02727	0.09001
368	0.39318	0.48985	0.02711	0.08984
369	0.39365	0.48923	0.02711	0.09
370	0.39364	0.48908	0.02742	0.08984
371	0.39348	0.48879	0.02742	0.0903
372	0.39333	0.48864	0.02757	0.09045
373	0.39349	0.48817	0.02773	0.0906
374	0.39364	0.48757	0.02773	0.09105
375	0.39423	0.48682	0.02788	0.09105
376	0.3941	0.48697	0.02773	0.09121
377	0.39425	0.48682	0.02773	0.09121
378	0.39439	0.48622	0.02758	0.09181
379	0.39531	0.48561	0.02758	0.0915
380	0.39501	0.48529	0.02758	0.09212
381	0.39516	0.485	0.02758	0.09227
382	0.3953	0.48501	0.02757	0.09212
383	0.39605	0.48439	0.02757	0.09196
384	0.39666	0.48363	0.02788	0.09181
385	0.39697	0.48364	0.02788	0.09151
386	0.39757	0.48319	0.02788	0.09136
387	0.39788	0.48288	0.02788	0.09136
388	0.39788	0.48273	0.02787	0.09151
389	0.39773	0.48273	0.02802	0.09151
390	0.39742	0.48213	0.02834	0.09212
391	0.39711	0.48196	0.02834	0.09258
392	0.39742	0.48135	0.02849	0.09272
393	0.39727	0.48136	0.02864	0.09272
394	0.39758	0.4812	0.02864	0.09258
395	0.39697	0.48092	0.02864	0.09348
396	0.39696	0.48076	0.02849	0.09378
397	0.39712	0.48045	0.02864	0.09379
398	0.39712	0.48016	0.02864	0.09409
399	0.39773	0.47939	0.02864	0.09424
400	0.3985	0.47923	0.02864	0.09364
401	0.39834	0.47908	0.02864	0.09394
402	0.39849	0.47894	0.02864	0.09394
403	0.39804	0.47909	0.02894	0.09395
404	0.39788	0.47909	0.02893	0.0941
405	0.39834	0.47863	0.02908	0.09395
406	0.39925	0.47833	0.02893	0.0935
407	0.39955	0.47848	0.02879	0.0932
408	0.39985	0.47832	0.02864	0.0932
409	0.3997	0.47817	0.02849	0.09365
410	0.4	0.47787	0.02863	0.09349
411	0.40091	0.47697	0.02863	0.09349
412	0.40091	0.47652	0.02878	0.09378
413	0.40151	0.4759	0.02894	0.09363
414	0.40257	0.47545	0.02879	0.09317
415	0.40258	0.47514	0.02879	0.09348
416	0.40256	0.475	0.02879	0.09364
417	0.40302	0.47454	0.02879	0.09364
418	0.40333	0.47394	0.02894	0.09378
419	0.40318	0.47395	0.0291	0.09378
420	0.40318	0.47363	0.0291	0.09408
421	0.40378	0.47303	0.02925	0.09393
422	0.40394	0.47272	0.02925	0.09409
423	0.40424	0.47213	0.02925	0.09439
424	0.40439	0.47212	0.02909	0.09439
425	0.4047	0.47196	0.02908	0.09424
426	0.40453	0.47212	0.02908	0.09425
427	0.40529	0.47213	0.02909	0.09348
428	0.4056	0.47151	0.02894	0.09394
429	0.40605	0.47136	0.02879	0.09379
430	0.40759	0.4706	0.02879	0.09303
431	0.40802	0.47046	0.02864	0.09288
432	0.40849	0.47045	0.02864	0.09243
433	0.40848	0.47031	0.02879	0.09243
434	0.40922	0.46999	0.02864	0.09213
435	0.40924	0.46954	0.02864	0.09258
436	0.4091	0.46954	0.02864	0.09274
437	0.40924	0.46924	0.02879	0.09273
438	0.40923	0.4694	0.02879	0.09258
439	0.41031	0.46865	0.02879	0.09228
440	0.41091	0.46818	0.02863	0.09227
441	0.41092	0.46788	0.02878	0.09242
442	0.41137	0.46758	0.02878	0.09227
443	0.41121	0.46742	0.02878	0.09257
444	0.41106	0.46727	0.02893	0.09273
445	0.41136	0.46682	0.02893	0.09288
446	0.41198	0.46652	0.02893	0.09258
447	0.41258	0.46606	0.02894	0.09243
448	0.41287	0.46575	0.02894	0.09242
449	0.41348	0.46545	0.02909	0.09197
450	0.41363	0.4653	0.02924	0.09181
451	0.41379	0.46499	0.02939	0.09181
452	0.41394	0.46485	0.02924	0.09197
453	0.41454	0.46379	0.02955	0.09212
454	0.41486	0.46348	0.02955	0.09212
455	0.41471	0.46348	0.02955	0.09227
456	0.41486	0.46334	0.02955	0.09227
457	0.41592	0.46227	0.02955	0.09228
458	0.41591	0.46182	0.02969	0.09258
459	0.41637	0.46122	0.02969	0.09272
460	0.41681	0.46075	0.02984	0.09257
461	0.41652	0.46045	0.02969	0.09333
462	0.41758	0.46001	0.02984	0.09258
463	0.41787	0.4594	0.0303	0.09244
464	0.41834	0.45924	0.03045	0.09198
465	0.41909	0.45878	0.03045	0.09167
466	0.41985	0.45849	0.03045	0.09121
467	0.42017	0.45803	0.0306	0.09122
468	0.42016	0.45804	0.0306	0.09122
469	0.42047	0.45773	0.03061	0.09122
470	0.42092	0.45758	0.03076	0.09077
471	0.42107	0.45743	0.03076	0.09077
472	0.42122	0.45697	0.03076	0.09107
473	0.42106	0.45652	0.03107	0.09137
474	0.42123	0.45636	0.03107	0.09137
475	0.42122	0.45636	0.03107	0.09137
476	0.42077	0.45606	0.03107	0.09213
477	0.4209	0.45561	0.03121	0.09227
478	0.42151	0.45544	0.03121	0.09181
479	0.42152	0.45545	0.03121	0.09181
480	0.42152	0.4553	0.03121	0.09196
481	0.42137	0.45516	0.03136	0.09212
482	0.42137	0.45485	0.03136	0.09242
483	0.42167	0.45484	0.03136	0.09211
484	0.42122	0.45485	0.03152	0.09242
485	0.42167	0.45425	0.03182	0.09227
486	0.42167	0.45409	0.03182	0.09242
487	0.42244	0.45393	0.03182	0.09182
488	0.42243	0.45363	0.03197	0.09197
489	0.42228	0.45348	0.03212	0.09213
490	0.42212	0.45333	0.03212	0.09243
491	0.42197	0.45319	0.03212	0.09273
492	0.42273	0.45227	0.03257	0.09243
493	0.42302	0.45213	0.03272	0.09213
494	0.42273	0.45197	0.03272	0.09258
495	0.42288	0.45167	0.03272	0.09274
496	0.42318	0.45121	0.03303	0.09259
497	0.42319	0.45076	0.03318	0.09289
498	0.42394	0.45046	0.03288	0.09273
499	0.42394	0.45031	0.03288	0.09288
500	0.42411	0.45047	0.03273	0.09273
501	0.4238	0.45014	0.03273	0.09334
502	0.42411	0.45014	0.03257	0.09319
503	0.42379	0.45045	0.03257	0.0932
504	0.42425	0.45029	0.03242	0.09305
505	0.425	0.44999	0.03242	0.09259
506	0.42531	0.45	0.03257	0.09212
507	0.42486	0.45	0.03257	0.09258
508	0.42544	0.44939	0.03258	0.09259
509	0.42545	0.44909	0.03273	0.09273
510	0.42515	0.44893	0.03273	0.09318
511	0.425	0.44864	0.03288	0.09349
512	0.42485	0.44849	0.03288	0.0938
513	0.42499	0.44833	0.03303	0.09363
514	0.425	0.44833	0.03318	0.09348
515	0.42501	0.44803	0.03303	0.09393
516	0.42546	0.44758	0.03318	0.09378
517	0.42531	0.44757	0.03333	0.09379
518	0.42576	0.44682	0.03348	0.09394
519	0.42576	0.44682	0.03348	0.09394
520	0.42622	0.44668	0.03348	0.09363
521	0.42652	0.44637	0.03348	0.09363
522	0.42682	0.44591	0.03364	0.09364
523	0.42682	0.44561	0.03394	0.09365
524	0.42697	0.44515	0.03409	0.0938
525	0.42667	0.44515	0.03408	0.09409
526	0.42712	0.44485	0.03393	0.09409
527	0.42727	0.44471	0.03393	0.0941
528	0.42758	0.44471	0.03393	0.09379
529	0.42789	0.4441	0.03409	0.09395
530	0.42803	0.44363	0.03424	0.0941
531	0.42818	0.44333	0.0344	0.0941
532	0.42834	0.44318	0.03455	0.09395
533	0.42818	0.44258	0.03455	0.0947
534	0.42818	0.44257	0.03455	0.09471
535	0.42864	0.44212	0.03455	0.0947
536	0.4291	0.44181	0.03455	0.09455
537	0.42956	0.44136	0.03455	0.09455
538	0.4297	0.44091	0.0347	0.09471
539	0.42925	0.44076	0.03485	0.09516
540	0.4288	0.44076	0.03485	0.09561
541	0.42834	0.44075	0.03485	0.09607
542	0.42819	0.44092	0.03485	0.09607
543	0.42833	0.44075	0.03485	0.09607
544	0.42863	0.44045	0.035	0.09592
545	0.42894	0.4406	0.035	0.09546
546	0.42939	0.4403	0.03516	0.09516
547	0.42985	0.44015	0.03531	0.09471
548	0.43001	0.43999	0.03531	0.09471
549	0.43016	0.43999	0.0353	0.09456
550	0.43031	0.43969	0.0353	0.0947
551	0.43061	0.43985	0.0353	0.09425
552	0.43077	0.43954	0.0353	0.0944
553	0.43106	0.43938	0.03545	0.0941
554	0.43107	0.43893	0.03545	0.09455
555	0.43137	0.43879	0.03545	0.09439
556	0.43106	0.43878	0.03546	0.0947
557	0.43091	0.43863	0.03546	0.095
558	0.43182	0.43818	0.03546	0.09455
559	0.43151	0.43803	0.03546	0.095
560	0.43167	0.43772	0.03546	0.09516
561	0.43152	0.43758	0.03545	0.09546
562	0.43182	0.43757	0.03545	0.09516
563	0.43167	0.43757	0.03545	0.09531
564	0.43198	0.43728	0.03545	0.09531
565	0.43167	0.43697	0.03545	0.09591
566	0.43182	0.43682	0.03545	0.0959
567	0.43213	0.43652	0.03545	0.0959
568	0.43274	0.43622	0.03575	0.09531
569	0.43244	0.43637	0.03575	0.09546
570	0.43289	0.43622	0.03575	0.09516
571	0.43303	0.4359	0.03621	0.09486
572	0.43333	0.43576	0.03636	0.09455
573	0.43303	0.4356	0.03635	0.09501
574	0.43273	0.43561	0.03635	0.09531
575	0.43273	0.4356	0.03635	0.0953
576	0.43287	0.43545	0.03635	0.0953
577	0.43288	0.435	0.03636	0.09576
578	0.43272	0.43485	0.03636	0.09606
579	0.43258	0.43439	0.03651	0.09652
580	0.43303	0.43439	0.03652	0.09606
581	0.43304	0.43455	0.03667	0.09576
582	0.43319	0.4344	0.03667	0.09576
583	0.43273	0.43409	0.03698	0.09622
584	0.43319	0.43348	0.03698	0.09637
585	0.43334	0.43302	0.03713	0.09652
586	0.43317	0.43287	0.03743	0.09652
587	0.43257	0.43303	0.03758	0.09682
588	0.43303	0.43288	0.03758	0.09652
589	0.43318	0.43243	0.03774	0.09667
590	0.43273	0.43228	0.03759	0.09743
591	0.43197	0.43227	0.03759	0.09818
592	0.43196	0.43198	0.03759	0.09849
593	0.43211	0.43166	0.03744	0.09879
594	0.43211	0.43166	0.03742	0.09879
595	0.43197	0.43136	0.03772	0.09894
596	0.43242	0.43136	0.03772	0.09849
597	0.43242	0.4312	0.03772	0.09864
598	0.43272	0.43121	0.03772	0.09833
599	0.43333	0.4309	0.03787	0.09788
600	0.43379	0.43076	0.03787	0.09758
601	0.43409	0.4303	0.03803	0.09758
602	0.4344	0.4297	0.03818	0.09773
603	0.43439	0.42969	0.03818	0.09773
604	0.43484	0.42939	0.03818	0.09758
605	0.43515	0.42924	0.03818	0.09743
606	0.43515	0.42909	0.03818	0.09758
607	0.43515	0.42879	0.03833	0.09774
608	0.43531	0.42878	0.03833	0.09759
609	0.43561	0.42848	0.03833	0.09758
610	0.43575	0.42803	0.03803	0.09819
611	0.435	0.42788	0.03833	0.0988
612	0.43515	0.42789	0.03833	0.09864
613	0.43546	0.42728	0.03848	0.0988
614	0.43485	0.42742	0.03864	0.0991
615	0.43454	0.42742	0.03864	0.0994
616	0.43499	0.42712	0.03864	0.09924
617	0.43439	0.42712	0.03864	0.09985
618	0.43484	0.42712	0.03864	0.0994
619	0.43439	0.42697	0.03879	0.09986
620	0.43439	0.42682	0.03879	0.10001
621	0.435	0.42652	0.03879	0.09971
622	0.4353	0.42652	0.03879	0.0994
623	0.4356	0.42636	0.03894	0.0991
624	0.4362	0.42606	0.03894	0.0988
625	0.43619	0.42606	0.03894	0.0988
626	0.43621	0.42606	0.03924	0.09849
627	0.4362	0.42606	0.03924	0.0985
628	0.43651	0.42607	0.03924	0.09819
629	0.43666	0.4256	0.0394	0.09834
630	0.43681	0.42562	0.0394	0.09819
631	0.43726	0.42485	0.0394	0.09849
632	0.43742	0.42485	0.0394	0.09834
633	0.43758	0.42454	0.03955	0.09834
634	0.43742	0.42469	0.03955	0.09834
635	0.43713	0.42454	0.03955	0.0988
636	0.43681	0.42439	0.0397	0.09909
637	0.43696	0.42409	0.0397	0.09924
638	0.43696	0.42364	0.0397	0.0997
639	0.43727	0.42333	0.03985	0.09955
640	0.43742	0.42288	0.04015	0.09955
641	0.43773	0.42242	0.04	0.09985
642	0.43758	0.42257	0.04	0.09985
643	0.43788	0.42258	0.04	0.09955
644	0.43804	0.42258	0.04	0.0994
645	0.43804	0.42243	0.04	0.09955
646	0.43818	0.42228	0.04	0.09955
647	0.43804	0.42181	0.04061	0.09955
648	0.43819	0.42151	0.04076	0.09955
649	0.43759	0.42151	0.04076	0.10015
650	0.43744	0.42167	0.04076	0.10016
651	0.43758	0.42167	0.04061	0.10015
652	0.43653	0.42137	0.04046	0.10167
653	0.43666	0.42121	0.04061	0.10152
654	0.43652	0.42121	0.04091	0.10137
655	0.43651	0.42092	0.04091	0.10167
656	0.43637	0.42106	0.04091	0.10167
657	0.4365	0.42091	0.04091	0.10167
658	0.43681	0.4206	0.04106	0.10152
659	0.43742	0.42014	0.04106	0.10137
660	0.43727	0.4203	0.04106	0.10136
661	0.43743	0.42015	0.04107	0.10137
662	0.43757	0.42	0.04122	0.10122
663	0.43758	0.41969	0.04107	0.10166
664	0.43728	0.41955	0.04107	0.10213
665	0.43713	0.41939	0.04122	0.10227
666	0.43667	0.41924	0.04137	0.10274
667	0.43682	0.41923	0.04137	0.10258
668	0.43637	0.41924	0.04122	0.10319
669	0.43666	0.41924	0.04122	0.10288
670	0.43682	0.41924	0.04137	0.10258
671	0.43697	0.41925	0.04137	0.10243
672	0.43727	0.4191	0.04121	0.10243
673	0.43713	0.4194	0.04121	0.10228
674	0.43698	0.41924	0.04121	0.10258
675	0.43789	0.41909	0.04106	0.10196
676	0.43743	0.41909	0.04106	0.10242
677	0.43759	0.41909	0.04106	0.10227
678	0.43789	0.41849	0.04121	0.10242
679	0.43789	0.41849	0.04121	0.10242
680	0.43788	0.41849	0.04121	0.10242
681	0.43757	0.41879	0.04121	0.10242
682	0.43773	0.41879	0.04121	0.10227
683	0.43788	0.41849	0.04137	0.10227
684	0.43803	0.41818	0.04137	0.10242
685	0.43773	0.41803	0.04152	0.10272
686	0.43788	0.41788	0.04152	0.10272
687	0.43848	0.41742	0.04137	0.10273
688	0.43818	0.41758	0.04137	0.10288
689	0.43818	0.41728	0.04153	0.10304
690	0.43833	0.41713	0.04153	0.10304
691	0.43848	0.41681	0.04153	0.10318
692	0.43804	0.41681	0.04137	0.10379
693	0.43757	0.41681	0.04122	0.10439
694	0.43757	0.41681	0.04137	0.10424
695	0.43803	0.41682	0.04107	0.10409
696	0.43818	0.41682	0.04091	0.10409
697	0.43818	0.41665	0.04091	0.10424
698	0.43834	0.41666	0.04091	0.10409
699	0.43773	0.41666	0.04091	0.10469
700	0.43819	0.41652	0.04076	0.10454
701	0.43834	0.41652	0.04076	0.10439
702	0.43833	0.41652	0.04075	0.10439
703	0.43864	0.41637	0.04075	0.10424
704	0.43864	0.41621	0.0406	0.10454
705	0.43848	0.41637	0.0406	0.10454
706	0.43833	0.41636	0.0406	0.1047
707	0.43788	0.41636	0.04075	0.105
708	0.43788	0.41636	0.04075	0.105
709	0.43789	0.41637	0.04075	0.105
710	0.43728	0.41591	0.0409	0.1059
711	0.43713	0.41606	0.0409	0.1059
712	0.43713	0.41606	0.04075	0.10605
713	0.43667	0.41606	0.04075	0.1065
714	0.43652	0.41575	0.04105	0.10665
715	0.43636	0.41575	0.0409	0.10697
716	0.43637	0.41575	0.0409	0.10697
717	0.43591	0.41591	0.0409	0.10727
718	0.43652	0.41576	0.04091	0.10682
719	0.43666	0.4153	0.04061	0.10743
720	0.43622	0.41545	0.04076	0.10758
721	0.43607	0.41545	0.04076	0.10773
722	0.43621	0.41515	0.04076	0.10788
723	0.43576	0.415	0.04061	0.10863
724	0.43606	0.41485	0.04061	0.10849
725	0.43605	0.41484	0.04061	0.10849
726	0.43559	0.41499	0.04061	0.10879
727	0.43514	0.41499	0.04061	0.10924
728	0.43529	0.41499	0.04061	0.10909
729	0.4356	0.41485	0.04046	0.10909
730	0.43545	0.4147	0.04046	0.10939
731	0.4359	0.41439	0.04047	0.10924
732	0.43591	0.41439	0.04047	0.10923
733	0.43622	0.41424	0.04047	0.10909
734	0.43622	0.41424	0.04046	0.10909
735	0.43668	0.41379	0.04046	0.10909
736	0.43652	0.41394	0.04046	0.10909
737	0.43698	0.41349	0.04062	0.10893
738	0.43652	0.41349	0.04062	0.10939
739	0.43667	0.41349	0.04062	0.10924
740	0.43636	0.41349	0.04077	0.10939
741	0.43621	0.41349	0.04092	0.10939
742	0.43591	0.41334	0.04107	0.10969
743	0.43591	0.41334	0.04106	0.1097
744	0.43637	0.41348	0.04106	0.10909
745	0.43636	0.41348	0.04106	0.10909
746	0.43666	0.41303	0.04106	0.10924
747	0.4362	0.41334	0.04121	0.10925
748	0.43635	0.41319	0.04121	0.10924
749	0.43666	0.41288	0.04121	0.10924
750	0.43681	0.41274	0.04121	0.10924
751	0.43727	0.41244	0.04121	0.10909
752	0.43712	0.41228	0.04121	0.10939
753	0.43712	0.41227	0.04136	0.10924
754	0.43696	0.41211	0.04136	0.10954
755	0.43727	0.41151	0.04136	0.10985
756	0.43741	0.41151	0.04136	0.1097
757	0.43787	0.41152	0.04136	0.10925
758	0.43772	0.41151	0.04136	0.10939
759	0.43772	0.41136	0.04121	0.1097
760	0.43786	0.41121	0.04121	0.10969
761	0.43771	0.41121	0.04137	0.10969
762	0.43832	0.41106	0.04137	0.10924
763	0.43818	0.41107	0.04137	0.10939
764	0.43817	0.41121	0.04152	0.10909
765	0.43802	0.4112	0.04152	0.10925
766	0.43726	0.41151	0.04152	0.1097
767	0.43681	0.41151	0.04152	0.11015
768	0.43697	0.41151	0.04152	0.10999
769	0.43711	0.41151	0.04152	0.10984
770	0.43666	0.41136	0.04152	0.11045
771	0.43681	0.41136	0.04152	0.1103
772	0.43697	0.41106	0.04152	0.11046
773	0.43697	0.4109	0.04152	0.11061
774	0.43743	0.41061	0.04151	0.11046
775	0.43697	0.41061	0.04151	0.11091
776	0.43697	0.41046	0.04151	0.11107
777	0.43712	0.41031	0.04167	0.11091
778	0.43697	0.41001	0.04167	0.11137
779	0.43788	0.40925	0.04167	0.11122
780	0.43818	0.40925	0.04168	0.11091
781	0.43772	0.4094	0.04168	0.1112
782	0.43758	0.40909	0.04183	0.11151
783	0.43758	0.4091	0.04183	0.1115
784	0.43728	0.4091	0.04182	0.11181
785	0.43727	0.40925	0.04167	0.11181
786	0.43727	0.40909	0.04167	0.11196
787	0.43682	0.40894	0.04167	0.11256
788	0.43697	0.40894	0.04167	0.11241
789	0.43697	0.40879	0.04167	0.11257
790	0.43728	0.40879	0.04167	0.11227
791	0.43711	0.40879	0.04167	0.11241
792	0.43727	0.40849	0.04167	0.11256
793	0.43712	0.40863	0.04167	0.11256
794	0.43697	0.40848	0.04167	0.11287
795	0.43652	0.40849	0.04182	0.11318
796	0.43636	0.40832	0.04182	0.11348
797	0.43636	0.40832	0.04182	0.11348
798	0.43651	0.40832	0.04182	0.11333
799	0.43621	0.40833	0.04182	0.11363
800	0.43636	0.40787	0.04182	0.11393
801	0.43636	0.40788	0.04182	0.11393
802	0.43712	0.40758	0.04182	0.11348
803	0.43636	0.40803	0.04182	0.11378
804	0.43606	0.40804	0.04182	0.11408
805	0.43561	0.40819	0.04182	0.11438
806	0.43516	0.40819	0.04182	0.11484
807	0.43485	0.40834	0.04197	0.11484
808	0.43455	0.40818	0.04197	0.11529
809	0.4341	0.40787	0.04197	0.11605
810	0.43455	0.40757	0.04212	0.11574
811	0.43408	0.40772	0.04212	0.11606
812	0.43469	0.40742	0.04212	0.11574
813	0.435	0.40712	0.04212	0.11574
814	0.4356	0.40697	0.04212	0.11529
815	0.43515	0.40697	0.04228	0.11559
816	0.43531	0.40698	0.04228	0.11544
817	0.43546	0.40683	0.04228	0.11545
818	0.435	0.40683	0.04228	0.1159
819	0.43514	0.40683	0.04228	0.11575
820	0.43545	0.40652	0.04212	0.1159
821	0.4353	0.40652	0.04212	0.11605
822	0.43545	0.40667	0.04228	0.1156
823	0.4356	0.40696	0.04243	0.11499
824	0.43545	0.40712	0.04258	0.11484
825	0.43576	0.40712	0.04258	0.11454
826	0.4359	0.40712	0.04258	0.11439
827	0.43576	0.40697	0.04272	0.11454
828	0.43545	0.40683	0.04272	0.11499
829	0.43636	0.4059	0.04272	0.11499
830	0.43636	0.40575	0.04272	0.11514
831	0.43635	0.40575	0.04272	0.11514
832	0.43636	0.40576	0.04272	0.11514
833	0.43605	0.40576	0.04272	0.11545
834	0.4362	0.40561	0.04287	0.11529
835	0.43666	0.40545	0.04287	0.11499
836	0.43712	0.40561	0.04287	0.11438
837	0.43697	0.4056	0.04287	0.11454
838	0.43636	0.40546	0.04303	0.11514
839	0.43606	0.40545	0.04303	0.11545
840	0.43606	0.4053	0.04303	0.1156
841	0.43696	0.405	0.04303	0.115
842	0.43682	0.4047	0.04303	0.11545
843	0.43681	0.4047	0.04303	0.11545
844	0.43666	0.40454	0.04333	0.11545
845	0.43666	0.40439	0.04333	0.1156
846	0.43681	0.40439	0.04333	0.11545
847	0.43727	0.40425	0.04333	0.11515
848	0.43788	0.4041	0.04333	0.11469
849	0.43848	0.4041	0.04333	0.11408
850	0.43878	0.40395	0.04333	0.11393
851	0.43908	0.40395	0.04333	0.11363
852	0.4391	0.40349	0.04363	0.11378
853	0.43909	0.40379	0.04363	0.11348
854	0.43969	0.40348	0.04363	0.11318
855	0.43953	0.40318	0.04394	0.11333
856	0.43908	0.40303	0.04409	0.11378
857	0.43909	0.40287	0.04424	0.11378
858	0.4397	0.40287	0.04424	0.11317
859	0.43938	0.40272	0.04424	0.11363
860	0.43954	0.40288	0.04424	0.11332
861	0.43954	0.40272	0.04424	0.11348
862	0.43909	0.40257	0.04424	0.11409
863	0.43909	0.40243	0.04424	0.11424
864	0.43923	0.40211	0.04424	0.11439
865	0.43953	0.40196	0.04424	0.11424
866	0.43939	0.40166	0.04424	0.1147
867	0.43879	0.40166	0.04424	0.1153
868	0.43879	0.40121	0.04439	0.1156
869	0.43924	0.40091	0.04439	0.11545
870	0.43894	0.40106	0.04439	0.1156
871	0.43939	0.40075	0.04439	0.11545
872	0.43955	0.40045	0.04454	0.11545
873	0.44	0.4003	0.04454	0.11515
874	0.43954	0.4003	0.04454	0.1156
875	0.43909	0.4003	0.04454	0.11605
876	0.43879	0.40045	0.04454	0.1162
877	0.43909	0.4003	0.04454	0.11605
878	0.43894	0.40045	0.04454	0.11606
879	0.43939	0.4003	0.04439	0.11591
880	0.43879	0.40045	0.04439	0.11636
881	0.43864	0.40046	0.04424	0.11666
882	0.43878	0.40031	0.04424	0.11666
883	0.43863	0.40015	0.04439	0.11681
884	0.43895	0.4	0.0444	0.11666
885	0.4388	0.40001	0.04455	0.11666
886	0.43835	0.39985	0.0447	0.11711
887	0.43849	0.39985	0.04455	0.11712
888	0.43864	0.39985	0.04455	0.11697
889	0.43864	0.39985	0.04455	0.11697
890	0.43879	0.4	0.04455	0.11666
891	0.43939	0.39985	0.04455	0.11621
892	0.4394	0.39985	0.04455	0.11621
893	0.4394	0.3997	0.04455	0.11636
894	0.4394	0.39954	0.04455	0.11652
895	0.4397	0.39924	0.0447	0.11637
896	0.43909	0.39939	0.0447	0.11682
897	0.43955	0.39894	0.0447	0.11682
898	0.43925	0.39879	0.0447	0.11728
899	0.4394	0.39879	0.0447	0.11712
900	0.43939	0.39894	0.04486	0.11681
901	0.43984	0.39879	0.04501	0.11635
902	0.4397	0.39849	0.04516	0.11666
903	0.43925	0.39818	0.04546	0.11712
904	0.43939	0.39819	0.04561	0.11682
905	0.43938	0.39804	0.04561	0.11696
906	0.43969	0.39788	0.04561	0.11681
907	0.43984	0.39788	0.04561	0.11666
908	0.43984	0.39758	0.04561	0.11697
909	0.44015	0.39758	0.04576	0.11651
910	0.44015	0.39743	0.04576	0.11667
911	0.4406	0.39697	0.04591	0.11652
912	0.44075	0.39697	0.04591	0.11636
913	0.44105	0.39682	0.04591	0.11621
914	0.44075	0.39682	0.04576	0.11666
915	0.4409	0.39682	0.04576	0.11651
916	0.44075	0.39621	0.04591	0.11711
917	0.4406	0.39606	0.04592	0.11742
918	0.4412	0.39621	0.04592	0.11666
919	0.4412	0.39621	0.04592	0.11666
920	0.44135	0.39591	0.04592	0.11681
921	0.44135	0.39576	0.04592	0.11696
922	0.44151	0.39592	0.04592	0.11666
923	0.44181	0.39576	0.04607	0.11636
924	0.44166	0.39561	0.04607	0.11666
925	0.44181	0.39561	0.04607	0.11651
926	0.44182	0.39546	0.04607	0.11666
927	0.44242	0.39484	0.04607	0.11666
928	0.44226	0.39484	0.04607	0.11682
929	0.44197	0.39469	0.04606	0.11727
930	0.44196	0.3947	0.04606	0.11727
931	0.44242	0.39455	0.04621	0.11682
932	0.44227	0.3941	0.04637	0.11727
933	0.44211	0.39394	0.04621	0.11773
934	0.44211	0.39364	0.04621	0.11803
935	0.44211	0.39349	0.04621	0.11818
936	0.44181	0.39334	0.04621	0.11863
937	0.44152	0.39319	0.04621	0.11908
938	0.4412	0.39319	0.04621	0.1194
939	0.44151	0.39288	0.04621	0.1194
940	0.44211	0.39273	0.04621	0.11893
941	0.44272	0.39242	0.04621	0.11863
942	0.44242	0.39212	0.04636	0.11909
943	0.44272	0.39212	0.04636	0.11879
944	0.44257	0.39212	0.04636	0.11894
945	0.44227	0.39212	0.04636	0.11924
946	0.44212	0.39197	0.04652	0.11939
947	0.44182	0.39197	0.04667	0.11954
948	0.44242	0.39166	0.04666	0.11924
949	0.44273	0.3915	0.04666	0.11909
950	0.44227	0.39135	0.04681	0.11954
951	0.44212	0.3912	0.04681	0.11985
952	0.44212	0.3912	0.04681	0.11985
953	0.44121	0.3912	0.04696	0.1206
954	0.44151	0.39121	0.04696	0.1203
955	0.44152	0.39091	0.04696	0.1206
956	0.44121	0.39091	0.04696	0.1209
957	0.44167	0.39076	0.04696	0.1206
958	0.44182	0.39075	0.04696	0.12045
959	0.44167	0.39076	0.04696	0.1206
960	0.44182	0.3906	0.04711	0.12045
961	0.44166	0.3906	0.04696	0.12076
962	0.44166	0.39015	0.04712	0.12106
963	0.44151	0.38984	0.04727	0.12136
964	0.44151	0.38999	0.04727	0.12121
965	0.44136	0.38999	0.04727	0.12136
966	0.44136	0.38999	0.04727	0.12136
967	0.44151	0.38984	0.04727	0.12136
968	0.44182	0.38969	0.04742	0.12106
969	0.44167	0.3897	0.04743	0.12121
970	0.44166	0.38939	0.04743	0.12152
971	0.44151	0.38924	0.04742	0.12181
972	0.44196	0.38924	0.04742	0.12136
973	0.44272	0.38924	0.04712	0.1209
974	0.44272	0.38924	0.04712	0.1209
975	0.44272	0.38924	0.04712	0.12091
976	0.44242	0.3894	0.04712	0.12106
977	0.44287	0.38925	0.04712	0.12076
978	0.44288	0.38894	0.04712	0.12106
979	0.44272	0.38894	0.04712	0.12121
980	0.44287	0.38879	0.04712	0.12121
981	0.44318	0.38864	0.04712	0.12106
982	0.44303	0.38864	0.04727	0.12106
983	0.44333	0.38849	0.04742	0.12075
984	0.44318	0.38864	0.04742	0.12075
985	0.44333	0.38864	0.04742	0.1206
986	0.44318	0.38864	0.04742	0.12076
987	0.44318	0.38879	0.04727	0.12076
988	0.44364	0.38879	0.04727	0.1203
989	0.44379	0.38864	0.04727	0.1203
990	0.44394	0.38864	0.04727	0.12015
991	0.4444	0.38834	0.04727	0.12
992	0.44409	0.38834	0.04742	0.12015
993	0.44453	0.38834	0.04742	0.11969
994	0.44499	0.38802	0.04742	0.11954
995	0.44529	0.38803	0.04742	0.11924
996	0.44514	0.38788	0.04742	0.11954
997	0.4453	0.38788	0.04742	0.11939
998	0.4456	0.38788	0.04742	0.11909
999	0.44514	0.38773	0.04742	0.11969
1000	0.44544	0.38758	0.04742	0.11954
1001	0.44545	0.38758	0.04727	0.11969
1002	0.4453	0.38743	0.04727	0.11999
1003	0.44514	0.38758	0.04742	0.11984
1004	0.4459	0.38743	0.04727	0.11939
1005	0.44544	0.38728	0.04727	0.11999
1006	0.44515	0.38728	0.04727	0.12029
1007	0.4456	0.38697	0.04727	0.12014
1008	0.4459	0.38697	0.04727	0.11984
1009	0.44621	0.38712	0.04727	0.11939
1010	0.44621	0.38712	0.04727	0.11939
1011	0.44605	0.38712	0.04742	0.11939
1012	0.4459	0.38697	0.04742	0.11969
1013	0.4459	0.38697	0.04742	0.11969
1014	0.44575	0.38682	0.04742	0.12
1015	0.44545	0.38698	0.04742	0.12015
1016	0.44515	0.38713	0.04758	0.12015
1017	0.44545	0.38713	0.04758	0.11984
1018	0.44636	0.38683	0.04758	0.11924
1019	0.44681	0.38683	0.04758	0.11878
1020	0.44636	0.38683	0.04758	0.11923
1021	0.44681	0.38668	0.04773	0.11878
1022	0.44636	0.38668	0.04773	0.11924
1023	0.4465	0.38652	0.04803	0.11893
1024	0.44696	0.38652	0.04803	0.11849
1025	0.44696	0.38637	0.04803	0.11864
1026	0.44696	0.38622	0.04803	0.11879
1027	0.44681	0.38622	0.04819	0.11879
1028	0.44636	0.38622	0.04819	0.11924
1029	0.4468	0.38591	0.04819	0.11909
1030	0.44681	0.38576	0.04834	0.11908
1031	0.44712	0.38546	0.04834	0.11909
1032	0.44711	0.38545	0.04834	0.11909
1033	0.44742	0.3856	0.04834	0.11863
1034	0.44727	0.3856	0.04834	0.11878
1035	0.44742	0.38516	0.04834	0.11909
1036	0.44773	0.38501	0.04834	0.11894
1037	0.44788	0.38486	0.04834	0.11894
1038	0.44818	0.3847	0.04834	0.11879
1039	0.44803	0.3844	0.04834	0.11924
1040	0.44863	0.38409	0.04834	0.11894
1041	0.44878	0.38424	0.04819	0.11879
1042	0.44878	0.3844	0.04834	0.11849
1043	0.44848	0.38455	0.04849	0.11849
1044	0.44833	0.38455	0.04834	0.11879
1045	0.44879	0.38455	0.04804	0.11864
1046	0.44803	0.38455	0.04804	0.1194
1047	0.44834	0.38439	0.04804	0.11925
1048	0.44819	0.3844	0.04804	0.1194
1049	0.44849	0.3844	0.04803	0.11909
1050	0.44863	0.3841	0.04803	0.11924
1051	0.44848	0.38395	0.04803	0.11955
1052	0.44879	0.38379	0.04788	0.11955
1053	0.44894	0.38379	0.04788	0.11939
1054	0.44894	0.38379	0.04788	0.11939
1055	0.44849	0.38364	0.04803	0.11984
1056	0.44849	0.38364	0.04803	0.11984
1057	0.44864	0.38349	0.04803	0.11984
1058	0.44878	0.38304	0.04818	0.12
1059	0.44894	0.38289	0.04818	0.12
1060	0.44863	0.38288	0.04818	0.12031
1061	0.44924	0.38258	0.04818	0.12001
1062	0.44924	0.38243	0.04818	0.12016
1063	0.44878	0.38288	0.04833	0.12
1064	0.44848	0.38273	0.04848	0.12031
1065	0.44848	0.38258	0.04848	0.12046
1066	0.44864	0.38228	0.04848	0.12061
1067	0.44833	0.38213	0.04848	0.12106
1068	0.44863	0.38212	0.04848	0.12076
1069	0.44879	0.38197	0.04848	0.12076
1070	0.44908	0.38166	0.04848	0.12076
1071	0.44924	0.38166	0.04848	0.12061
1072	0.44939	0.38166	0.04848	0.12046
1073	0.44939	0.38167	0.04848	0.12046
1074	0.44894	0.38167	0.04863	0.12076
1075	0.44939	0.38121	0.04863	0.12076
1076	0.4497	0.38121	0.04863	0.12046
1077	0.44999	0.38107	0.04863	0.12031
1078	0.45015	0.38122	0.04864	0.12
1079	0.45	0.38122	0.04864	0.12015
1080	0.45	0.38122	0.04864	0.12016
1081	0.45	0.38122	0.04864	0.12015
1082	0.45	0.38106	0.04849	0.12046
1083	0.44969	0.38091	0.04849	0.12091
1084	0.45	0.38091	0.04849	0.12061
1085	0.44985	0.38106	0.04849	0.12061
1086	0.4503	0.38061	0.04849	0.12061
1087	0.45076	0.38061	0.04849	0.12015
1088	0.45076	0.38045	0.04848	0.12031
1089	0.45136	0.3803	0.04863	0.11969
1090	0.45151	0.3803	0.04863	0.11954
1091	0.45151	0.3803	0.04863	0.11954
1092	0.45167	0.3803	0.04863	0.11939
1093	0.45167	0.3803	0.04863	0.11939
1094	0.45182	0.3803	0.04848	0.11939
1095	0.45182	0.38045	0.04848	0.11924
1096	0.45212	0.3806	0.04848	0.11879
1097	0.45257	0.3803	0.04848	0.11864
1098	0.45243	0.3803	0.04848	0.11879
1099	0.45242	0.38045	0.04848	0.11864
1100	0.45257	0.3803	0.04848	0.11864
1101	0.45212	0.38046	0.04863	0.11879
1102	0.45227	0.38046	0.04863	0.11864
1103	0.45181	0.38076	0.04878	0.11864
1104	0.45151	0.38076	0.04878	0.11894
1105	0.45197	0.3806	0.04878	0.11864
1106	0.45166	0.38075	0.04878	0.11879
1107	0.45151	0.38121	0.04878	0.11849
1108	0.45136	0.38105	0.04894	0.11864
1109	0.45197	0.38106	0.04894	0.11803
1110	0.45181	0.38106	0.04924	0.11788
1111	0.4518	0.38106	0.04924	0.11788
1112	0.4518	0.38106	0.04909	0.11803
1113	0.4515	0.38075	0.04924	0.11848
1114	0.4509	0.3809	0.04939	0.11878
1115	0.45136	0.38045	0.04954	0.11863
1116	0.45136	0.3803	0.0497	0.11863
1117	0.45166	0.38045	0.04955	0.11833
1118	0.45166	0.3803	0.04955	0.11848
1119	0.45197	0.38015	0.0497	0.11818
1120	0.4512	0.38	0.0497	0.11909
1121	0.45166	0.37955	0.0497	0.11909
1122	0.45196	0.37955	0.0497	0.11879
1123	0.45151	0.37955	0.04985	0.11909
1124	0.45136	0.37954	0.04985	0.11924
1125	0.45166	0.37939	0.04985	0.11909
1126	0.45181	0.37939	0.04985	0.11894
1127	0.45181	0.37939	0.04985	0.11893
1128	0.45212	0.37909	0.04985	0.11893
1129	0.45242	0.37879	0.04985	0.11893
1130	0.45257	0.37879	0.04985	0.11878
1131	0.45212	0.37864	0.04985	0.1194
1132	0.45182	0.37864	0.04969	0.11985
1133	0.45167	0.37833	0.05	0.12
1134	0.45166	0.37833	0.05	0.12
1135	0.45211	0.37818	0.05	0.1197
1136	0.45196	0.37818	0.05	0.11985
1137	0.45197	0.37818	0.05	0.11985
1138	0.45212	0.37818	0.05	0.11969
1139	0.45242	0.37802	0.05015	0.11939
1140	0.45258	0.37787	0.05	0.11954
1141	0.45257	0.37787	0.05	0.11954
1142	0.45257	0.37787	0.05	0.11954
1143	0.45302	0.37757	0.05015	0.11924
1144	0.45273	0.37757	0.0503	0.11939
1145	0.45303	0.37727	0.0503	0.11939
1146	0.45333	0.37697	0.0503	0.11939
1147	0.45287	0.37682	0.0503	0.12
1148	0.45363	0.37652	0.05015	0.1197
1149	0.45363	0.37652	0.05015	0.1197
1150	0.45333	0.37667	0.0503	0.1197
1151	0.45318	0.37652	0.05015	0.12015
1152	0.45348	0.37637	0.05015	0.12
1153	0.45378	0.37621	0.05015	0.11985
1154	0.45424	0.37591	0.05015	0.1197
1155	0.45379	0.3759	0.05015	0.12015
1156	0.45378	0.37605	0.0503	0.11985
1157	0.45455	0.3759	0.05015	0.1194
1158	0.45485	0.3756	0.05015	0.1194
1159	0.45485	0.3756	0.05015	0.1194
1160	0.45469	0.37575	0.05015	0.1194
1161	0.45424	0.3753	0.05045	0.12
1162	0.45409	0.3753	0.05045	0.12015
1163	0.45424	0.375	0.05045	0.12031
1164	0.45439	0.375	0.05045	0.12016
1165	0.45409	0.37485	0.05061	0.12045
1166	0.45485	0.37469	0.05061	0.11985
1167	0.45515	0.37439	0.05045	0.12
1168	0.45499	0.37394	0.0506	0.12046
1169	0.45484	0.37379	0.0506	0.12076
1170	0.45484	0.37364	0.0506	0.12091
1171	0.45485	0.37349	0.0506	0.12106
1172	0.45515	0.37349	0.05075	0.12061
1173	0.45499	0.37364	0.05075	0.12061
1174	0.45514	0.37348	0.05075	0.1206
1175	0.45514	0.37348	0.05075	0.12061
1176	0.455	0.37348	0.05075	0.12076
1177	0.45545	0.37303	0.0509	0.1206
1178	0.4553	0.37303	0.0509	0.12076
1179	0.4553	0.37303	0.0509	0.12076
1180	0.4556	0.37288	0.0509	0.12061
1181	0.45545	0.37288	0.0509	0.12076
1182	0.4553	0.37273	0.0509	0.12107
1183	0.45485	0.37273	0.0509	0.12152
1184	0.45439	0.37258	0.05136	0.12167
1185	0.45485	0.37258	0.05136	0.12122
1186	0.45515	0.37242	0.05121	0.12122
1187	0.455	0.37227	0.05121	0.12152
1188	0.4553	0.37182	0.05106	0.12182
1189	0.45531	0.37167	0.05106	0.12198
1190	0.45515	0.37167	0.05106	0.12213
1191	0.4553	0.37136	0.05106	0.12228
1192	0.45515	0.37136	0.05106	0.12243
1193	0.45484	0.37136	0.05121	0.12258
1194	0.45485	0.37152	0.05106	0.12258
1195	0.455	0.37137	0.05106	0.12258
1196	0.45485	0.37122	0.05091	0.12303
1197	0.4547	0.37122	0.05091	0.12318
1198	0.45546	0.37106	0.05076	0.12273
1199	0.45546	0.37107	0.05076	0.12273
1200	0.45576	0.37106	0.05076	0.12243
1201	0.45621	0.37045	0.05091	0.12243
1202	0.45712	0.36999	0.05091	0.12198
1203	0.45727	0.36969	0.05091	0.12212
1204	0.45787	0.36954	0.05091	0.12167
1205	0.45757	0.36969	0.05106	0.12167
1206	0.45742	0.36969	0.05106	0.12182
1207	0.45802	0.36954	0.05106	0.12136
1208	0.45788	0.36954	0.05121	0.12136
1209	0.45817	0.36939	0.05136	0.12106
1210	0.45863	0.36924	0.05136	0.12076
1211	0.45908	0.36909	0.05152	0.1203
1212	0.45878	0.36894	0.05167	0.1206
1213	0.45833	0.36909	0.05167	0.12091
1214	0.45848	0.36909	0.05167	0.12075
1215	0.45863	0.36909	0.05167	0.12061
1216	0.45863	0.36924	0.05152	0.12061
1217	0.45863	0.36924	0.05152	0.12061
1218	0.45848	0.36924	0.05152	0.12076
1219	0.45848	0.36894	0.05152	0.12106
1220	0.45848	0.36864	0.05166	0.12122
1221	0.45817	0.36834	0.05181	0.12167
1222	0.45802	0.36834	0.05181	0.12182
1223	0.45787	0.36834	0.05181	0.12197
1224	0.45772	0.36788	0.05211	0.12228
1225	0.45772	0.36773	0.05211	0.12243
1226	0.45787	0.36758	0.05211	0.12243
1227	0.45772	0.36742	0.05226	0.12258
1228	0.45818	0.36696	0.05226	0.12258
1229	0.45848	0.36696	0.05226	0.12228
1230	0.45849	0.36681	0.05242	0.12228
1231	0.45802	0.36697	0.05257	0.12243
1232	0.45802	0.36682	0.05257	0.12258
1233	0.45818	0.36681	0.05257	0.12243
1234	0.45818	0.36651	0.05257	0.12274
1235	0.45803	0.36651	0.05257	0.12289
1236	0.45773	0.36681	0.05272	0.12273
1237	0.45818	0.36651	0.05272	0.12258
1238	0.45788	0.36651	0.05272	0.12288
1239	0.45788	0.36636	0.05272	0.12304
1240	0.45803	0.36651	0.05272	0.12273
1241	0.45818	0.36651	0.05257	0.12273
1242	0.45803	0.36636	0.05257	0.12304
1243	0.45787	0.36636	0.05257	0.12318
1244	0.45818	0.36606	0.05257	0.12318
1245	0.45773	0.36606	0.05257	0.12364
1246	0.45773	0.36606	0.05257	0.12364
1247	0.45773	0.36576	0.05257	0.12395
1248	0.45757	0.36576	0.05257	0.1241
1249	0.45742	0.36576	0.05257	0.12425
1250	0.45741	0.36561	0.05257	0.1244
1251	0.45772	0.3653	0.05257	0.1244
1252	0.45742	0.3653	0.05272	0.12455
1253	0.45757	0.365	0.05272	0.1247
1254	0.45787	0.36484	0.05272	0.12455
1255	0.45803	0.36469	0.05272	0.12455
1256	0.45787	0.36469	0.05272	0.1247
1257	0.45772	0.36469	0.05272	0.12485
1258	0.45787	0.36454	0.05287	0.1247
1259	0.45817	0.36454	0.05287	0.12439
1260	0.45817	0.36439	0.05287	0.12454
1261	0.45772	0.36439	0.05287	0.12501
1262	0.45802	0.36393	0.05287	0.12516
1263	0.45802	0.36378	0.05302	0.12516
1264	0.45772	0.36363	0.05302	0.12561
1265	0.45818	0.36348	0.05302	0.12531
1266	0.45833	0.36363	0.05318	0.12486
1267	0.45817	0.36348	0.05318	0.12516
1268	0.45802	0.36348	0.05318	0.12531
1269	0.45833	0.36318	0.05318	0.12531
1270	0.45833	0.36302	0.05333	0.12531
1271	0.45833	0.36287	0.05333	0.12546
1272	0.45848	0.36272	0.05348	0.12531
1273	0.45833	0.36288	0.05348	0.12531
1274	0.45833	0.36272	0.05363	0.12531
1275	0.45833	0.36242	0.05363	0.12561
1276	0.45833	0.36242	0.05363	0.12561
1277	0.45833	0.36227	0.05378	0.12561
1278	0.45818	0.36212	0.05393	0.12576
1279	0.45803	0.36197	0.05393	0.12605
1280	0.45758	0.36197	0.05393	0.12651
1281	0.45757	0.36167	0.05393	0.12682
1282	0.45787	0.36137	0.05408	0.12666
1283	0.45742	0.36152	0.05408	0.12697
1284	0.45757	0.36121	0.05408	0.12712
1285	0.45787	0.36106	0.05408	0.12696
1286	0.45787	0.36075	0.05408	0.12727
1287	0.45848	0.36075	0.05408	0.12666
1288	0.45863	0.3606	0.05424	0.12651
1289	0.45893	0.36045	0.05439	0.12621
1290	0.45893	0.36014	0.05439	0.12651
1291	0.45908	0.35984	0.05454	0.12651
1292	0.45938	0.35984	0.05454	0.12621
1293	0.4603	0.35924	0.05454	0.12591
1294	0.4603	0.35909	0.05454	0.12606
1295	0.4603	0.35894	0.05469	0.12606
1296	0.46015	0.35894	0.05454	0.12636
1297	0.4603	0.35894	0.05454	0.12621
1298	0.46045	0.35909	0.05454	0.1259
1299	0.46045	0.35924	0.05439	0.1259
1300	0.46045	0.35939	0.05439	0.12575
1301	0.4606	0.35939	0.05439	0.1256
1302	0.46075	0.35954	0.05424	0.12545
1303	0.46045	0.35985	0.05424	0.12545
1304	0.46015	0.35985	0.05439	0.1256
1305	0.46015	0.35985	0.05424	0.12575
1306	0.45985	0.35955	0.05439	0.12621
1307	0.46061	0.35955	0.05424	0.1256
1308	0.46015	0.35925	0.05424	0.12636
1309	0.4603	0.35925	0.05424	0.12621
1310	0.4606	0.35879	0.05424	0.12636
1311	0.46075	0.35849	0.05424	0.12651
1312	0.46046	0.35848	0.05454	0.12651
1313	0.46	0.35895	0.05454	0.12651
1314	0.4597	0.35895	0.05454	0.12681
1315	0.45985	0.35895	0.05454	0.12666
1316	0.4603	0.35879	0.05469	0.12621
1317	0.46045	0.35864	0.05469	0.12621
1318	0.46045	0.35849	0.05469	0.12636
1319	0.4606	0.35834	0.05484	0.12621
1320	0.46075	0.35788	0.05484	0.12651
1321	0.46106	0.35743	0.05515	0.12636
1322	0.46136	0.35727	0.05515	0.12621
1323	0.46091	0.35742	0.055	0.12666
1324	0.46076	0.35727	0.055	0.12697
1325	0.4603	0.35681	0.0553	0.12757
1326	0.46015	0.35681	0.0553	0.12772
1327	0.45925	0.35681	0.05545	0.12848
1328	0.4594	0.35636	0.05545	0.12879
1329	0.45955	0.35636	0.0553	0.12879
1330	0.46	0.35621	0.0553	0.12848
1331	0.46015	0.35591	0.0553	0.12863
1332	0.46	0.35591	0.05545	0.12863
1333	0.4603	0.35561	0.0553	0.12878
1334	0.46016	0.35576	0.05575	0.12833
1335	0.45985	0.35576	0.05575	0.12863
1336	0.4597	0.35606	0.05575	0.12848
1337	0.4597	0.35606	0.05575	0.12848
1338	0.45955	0.35606	0.0559	0.12848
1339	0.45955	0.35606	0.0559	0.12848
1340	0.4594	0.35606	0.0559	0.12863
1341	0.4591	0.35621	0.0559	0.12878
1342	0.45954	0.35621	0.0559	0.12833
1343	0.45924	0.35621	0.05606	0.12848
1344	0.45955	0.35636	0.05606	0.12802
1345	0.45984	0.35605	0.05621	0.12787
1346	0.45969	0.35605	0.05651	0.12772
1347	0.45969	0.3559	0.05651	0.12787
1348	0.45954	0.35575	0.05651	0.12818
1349	0.45985	0.35545	0.05636	0.12833
1350	0.46015	0.3553	0.05651	0.12803
1351	0.46	0.3553	0.05651	0.12818
1352	0.46045	0.3553	0.05666	0.12757
1353	0.4603	0.3556	0.05666	0.12742
1354	0.45939	0.35576	0.05696	0.12787
1355	0.45878	0.35621	0.05696	0.12802
1356	0.45878	0.35621	0.05696	0.12802
1357	0.45924	0.35591	0.05711	0.12772
1358	0.45939	0.35576	0.05711	0.12772
1359	0.45954	0.35576	0.05711	0.12757
1360	0.45954	0.35561	0.05727	0.12757
1361	0.45909	0.35591	0.05727	0.12772
1362	0.45954	0.35531	0.05727	0.12788
1363	0.45954	0.35515	0.05727	0.12803
1364	0.45939	0.35515	0.05742	0.12803
1365	0.45924	0.35516	0.05742	0.12818
1366	0.45939	0.35516	0.05742	0.12803
1367	0.45969	0.3553	0.05742	0.12758
1368	0.45939	0.35515	0.05742	0.12803
1369	0.45954	0.355	0.05742	0.12803
1370	0.45939	0.355	0.05742	0.12818
1371	0.45924	0.355	0.05727	0.12848
1372	0.45924	0.355	0.05742	0.12833
1373	0.45909	0.35484	0.05757	0.12849
1374	0.45939	0.35454	0.05772	0.12833
1375	0.45954	0.35439	0.05772	0.12833
1376	0.45985	0.35409	0.05772	0.12833
1377	0.45893	0.35409	0.05772	0.12924
1378	0.45908	0.35379	0.05787	0.12924
1379	0.45923	0.35379	0.05787	0.12909
1380	0.45939	0.35379	0.05802	0.12879
1381	0.45939	0.35349	0.05802	0.12909
1382	0.45984	0.35319	0.05802	0.12894
1383	0.45985	0.35319	0.05803	0.12893
1384	0.4597	0.35304	0.05803	0.12924
1385	0.45908	0.35289	0.05803	0.13
1386	0.45908	0.35273	0.05803	0.13015
1387	0.45878	0.35258	0.05803	0.1306
1388	0.45848	0.35243	0.05818	0.1309
1389	0.45864	0.35242	0.05803	0.13091
1390	0.45894	0.35242	0.05787	0.13075
1391	0.45894	0.35258	0.05787	0.1306
1392	0.45863	0.35273	0.05787	0.13075
1393	0.45863	0.35258	0.05802	0.13075
1394	0.45863	0.35243	0.05818	0.13075
1395	0.45878	0.35243	0.05833	0.13045
1396	0.45818	0.35243	0.05833	0.13106
1397	0.45772	0.35258	0.05833	0.13136
1398	0.45788	0.35258	0.05833	0.13121
1399	0.45803	0.35243	0.05848	0.13106
1400	0.45833	0.35258	0.05848	0.13061
1401	0.45863	0.35258	0.05833	0.13045
1402	0.45879	0.35243	0.05848	0.1303
1403	0.45864	0.35243	0.05848	0.13045
1404	0.45848	0.35212	0.05848	0.13091
1405	0.45924	0.35167	0.05863	0.13046
1406	0.45893	0.35137	0.05878	0.13091
1407	0.45924	0.35137	0.05863	0.13076
1408	0.45939	0.35137	0.05848	0.13076
1409	0.45924	0.35122	0.05848	0.13106
1410	0.45939	0.35107	0.05848	0.13106
1411	0.45999	0.35092	0.05833	0.13076
1412	0.45984	0.35092	0.05833	0.13091
1413	0.45984	0.35076	0.05848	0.13091
1414	0.45999	0.35046	0.05863	0.13091
1415	0.46	0.35046	0.05863	0.13091
1416	0.46	0.35031	0.05863	0.13106
1417	0.45909	0.35062	0.05863	0.13167
1418	0.45924	0.35046	0.05863	0.13167
1419	0.45969	0.35062	0.05848	0.13121
1420	0.45969	0.35061	0.05848	0.13121
1421	0.45984	0.35046	0.05863	0.13106
1422	0.45999	0.35046	0.05878	0.13075
1423	0.45939	0.35046	0.05893	0.13121
1424	0.45908	0.35061	0.05893	0.13136
1425	0.45939	0.35031	0.05909	0.13121
1426	0.45954	0.35061	0.05924	0.1306
1427	0.45985	0.35061	0.05924	0.1303
1428	0.45985	0.35061	0.05924	0.1303
1429	0.4597	0.3506	0.05924	0.13046
1430	0.45939	0.35045	0.05939	0.13076
1431	0.45923	0.3506	0.05939	0.13076
1432	0.45863	0.35045	0.05954	0.13137
1433	0.45863	0.35015	0.05984	0.13136
1434	0.45908	0.34985	0.05984	0.13121
1435	0.45848	0.34985	0.05984	0.13181
1436	0.45848	0.34985	0.06	0.13166
1437	0.45878	0.34924	0.06	0.13197
1438	0.45818	0.34894	0.06015	0.13272
1439	0.45833	0.34878	0.06031	0.13257
1440	0.45848	0.34878	0.06031	0.13242
1441	0.45849	0.34878	0.06031	0.13242
1442	0.45879	0.34848	0.06061	0.13212
1443	0.45863	0.34878	0.06046	0.13212
1444	0.45909	0.34817	0.06061	0.13212
1445	0.45879	0.34817	0.06076	0.13227
1446	0.45878	0.34802	0.06076	0.13242
1447	0.45863	0.34802	0.06091	0.13242
1448	0.45924	0.34802	0.06091	0.13182
1449	0.45955	0.34802	0.06091	0.13152
1450	0.4597	0.34787	0.06091	0.13152
1451	0.4597	0.34802	0.06091	0.13137
1452	0.4597	0.34787	0.0609	0.13152
1453	0.45955	0.34742	0.06105	0.13197
1454	0.4597	0.34742	0.06136	0.13152
1455	0.45955	0.34726	0.06136	0.13182
1456	0.45955	0.34711	0.06151	0.13182
1457	0.45985	0.34711	0.06151	0.13152
1458	0.46	0.34696	0.06151	0.13152
1459	0.45969	0.34727	0.06166	0.13136
1460	0.45969	0.34712	0.06166	0.13152
1461	0.45954	0.34712	0.06166	0.13167
1462	0.46031	0.34697	0.06166	0.13106
1463	0.4606	0.34667	0.06166	0.13106
1464	0.46075	0.34682	0.06166	0.13076
1465	0.4606	0.34682	0.06151	0.13106
1466	0.4606	0.34652	0.06151	0.13136
1467	0.4603	0.34636	0.06166	0.13167
1468	0.46076	0.34606	0.06166	0.13151
1469	0.46061	0.34606	0.06166	0.13166
1470	0.46091	0.34606	0.06166	0.13136
1471	0.46121	0.34591	0.06151	0.13136
1472	0.46136	0.34576	0.06151	0.13136
1473	0.46152	0.34546	0.06151	0.13152
1474	0.46137	0.34546	0.06151	0.13167
1475	0.46106	0.34546	0.06151	0.13197
1476	0.46122	0.34546	0.06166	0.13167
1477	0.46137	0.34546	0.06181	0.13137
1478	0.46181	0.34516	0.06181	0.13122
1479	0.46151	0.34515	0.06166	0.13167
1480	0.46181	0.34515	0.06151	0.13152
1481	0.46197	0.3453	0.06166	0.13106
1482	0.46197	0.3453	0.06151	0.13122
1483	0.46166	0.3453	0.06151	0.13151
1484	0.46182	0.3453	0.06166	0.13121
1485	0.46137	0.34545	0.06166	0.13151
1486	0.46167	0.3453	0.06181	0.13122
1487	0.46182	0.3453	0.06181	0.13107
1488	0.46152	0.34515	0.06197	0.13137
1489	0.46152	0.3453	0.06197	0.13121
1490	0.46166	0.34515	0.06197	0.13121
1491	0.46197	0.34484	0.06197	0.13121
1492	0.46197	0.34484	0.06197	0.13121
1493	0.46212	0.34469	0.06212	0.13106
1494	0.46151	0.34454	0.06212	0.13182
1495	0.46182	0.34409	0.06227	0.13182
1496	0.46121	0.34379	0.06272	0.13227
1497	0.46091	0.34379	0.06272	0.13257
1498	0.46061	0.34379	0.06257	0.13304
1499	0.46106	0.34379	0.06242	0.13273
1500	0.46137	0.34379	0.06242	0.13243
1501	0.46152	0.34364	0.06242	0.13243
1502	0.46152	0.34379	0.06242	0.13228
1503	0.46152	0.34364	0.06242	0.13243
1504	0.46181	0.34364	0.06272	0.13182
1505	0.46228	0.34333	0.06258	0.13182
1506	0.46182	0.34348	0.06273	0.13197
1507	0.46167	0.34303	0.06288	0.13243
1508	0.46197	0.34287	0.06273	0.13243
1509	0.46196	0.34287	0.06273	0.13242
1510	0.46212	0.34272	0.06273	0.13242
1511	0.46242	0.34257	0.06288	0.13212
1512	0.46257	0.34227	0.06288	0.13227
1513	0.46288	0.34197	0.06303	0.13212
1514	0.46304	0.34212	0.06303	0.13182
1515	0.46287	0.34182	0.06303	0.13227
1516	0.46303	0.34166	0.06303	0.13228
1517	0.46363	0.34136	0.06288	0.13212
1518	0.46348	0.34121	0.06303	0.13227
1519	0.46348	0.34121	0.06303	0.13227
1520	0.46363	0.34106	0.06303	0.13227
1521	0.46303	0.34121	0.06303	0.13272
1522	0.46288	0.34121	0.06303	0.13287
1523	0.46257	0.34137	0.06303	0.13303
1524	0.46242	0.34121	0.06318	0.13319
1525	0.46272	0.34061	0.06318	0.13349
1526	0.46228	0.34061	0.06333	0.13379
1527	0.46242	0.34046	0.06349	0.13364
1528	0.46288	0.34031	0.06364	0.13319
1529	0.46257	0.34061	0.06364	0.13319
1530	0.46258	0.34061	0.06349	0.13334
1531	0.46228	0.34076	0.06349	0.13349
1532	0.46288	0.34031	0.06349	0.13334
1533	0.46242	0.34031	0.06379	0.13349
1534	0.46228	0.34031	0.06409	0.13333
1535	0.46197	0.34031	0.06409	0.13363
1536	0.46182	0.34031	0.06394	0.13394
1537	0.46198	0.34031	0.06394	0.13378
1538	0.46212	0.34016	0.06379	0.13394
1539	0.46257	0.34061	0.06379	0.13303
1540	0.46257	0.34061	0.06379	0.13303
1541	0.46227	0.3406	0.06394	0.13318
1542	0.46197	0.3403	0.06409	0.13364
1543	0.46242	0.3403	0.06409	0.13318
1544	0.46318	0.34015	0.06409	0.13258
1545	0.46303	0.3403	0.06394	0.13273
1546	0.46258	0.34046	0.06409	0.13288
1547	0.46273	0.34046	0.06424	0.13257
1548	0.46318	0.34015	0.06424	0.13243
1549	0.46379	0.34	0.06455	0.13167
1550	0.46394	0.33985	0.0647	0.13152
1551	0.46379	0.34	0.0647	0.13151
1552	0.46348	0.33985	0.0647	0.13196
1553	0.46364	0.3397	0.0647	0.13197
1554	0.46424	0.3394	0.06485	0.13151
1555	0.46425	0.3394	0.06485	0.13151
1556	0.46425	0.3394	0.06485	0.13151
1557	0.46349	0.3394	0.06515	0.13197
1558	0.46349	0.33924	0.065	0.13227
1559	0.46349	0.33939	0.065	0.13212
1560	0.46394	0.33939	0.06485	0.13182
1561	0.46379	0.33924	0.065	0.13197
1562	0.46379	0.33894	0.065	0.13227
1563	0.46455	0.33849	0.065	0.13197
1564	0.46455	0.33849	0.065	0.13197
1565	0.46455	0.33849	0.065	0.13197
1566	0.465	0.33834	0.06485	0.13182
1567	0.46561	0.33788	0.06485	0.13167
1568	0.4653	0.33788	0.06485	0.13197
1569	0.46545	0.33773	0.06485	0.13197
1570	0.46546	0.33804	0.06485	0.13167
1571	0.46561	0.33788	0.065	0.13152
1572	0.465	0.33772	0.06515	0.13213
1573	0.465	0.33712	0.06515	0.13273
1574	0.46424	0.33712	0.06561	0.13303
1575	0.465	0.33712	0.06546	0.13243
1576	0.4644	0.33712	0.06546	0.13303
1577	0.4644	0.33682	0.06576	0.13303
1578	0.46409	0.33667	0.06576	0.13349
1579	0.46424	0.33652	0.06606	0.13318
1580	0.4644	0.33636	0.06606	0.13318
1581	0.46485	0.33606	0.06606	0.13303
1582	0.4641	0.33591	0.06606	0.13394
1583	0.46425	0.33591	0.06606	0.13379
1584	0.4641	0.33591	0.06621	0.13379
1585	0.46364	0.33591	0.06652	0.13394
1586	0.4638	0.33591	0.06652	0.13379
1587	0.46395	0.33546	0.06666	0.13394
1588	0.4641	0.33515	0.06666	0.13409
1589	0.46365	0.33515	0.06651	0.1347
1590	0.4638	0.33531	0.06651	0.13439
1591	0.4644	0.3347	0.06666	0.13424
1592	0.46439	0.33409	0.06681	0.1347
1593	0.4647	0.33409	0.06696	0.13424
1594	0.46515	0.33379	0.06696	0.13409
1595	0.46469	0.33394	0.06696	0.13439
1596	0.46469	0.33394	0.06696	0.13439
1597	0.4647	0.33379	0.06712	0.13439
1598	0.46499	0.33364	0.06712	0.13424
1599	0.4653	0.33334	0.06712	0.13424
1600	0.46575	0.33319	0.06696	0.13409
1601	0.4659	0.33303	0.06696	0.13409
1602	0.46605	0.33303	0.06696	0.13394
1603	0.4659	0.33319	0.06696	0.13394
1604	0.46605	0.33288	0.06696	0.13409
1605	0.46621	0.33288	0.06681	0.13409
1606	0.46606	0.33273	0.06696	0.13424
1607	0.46606	0.33258	0.06696	0.13439
1608	0.4659	0.33243	0.06727	0.1344
1609	0.46591	0.33258	0.06727	0.13424
1610	0.46606	0.33258	0.06712	0.13424
1611	0.46636	0.33258	0.06727	0.13379
1612	0.46621	0.33273	0.06727	0.13379
1613	0.46621	0.33228	0.06742	0.13409
1614	0.46621	0.33228	0.06742	0.13409
1615	0.46621	0.33198	0.06742	0.13439
1616	0.46666	0.33198	0.06757	0.13379
1617	0.46727	0.33152	0.06742	0.13379
1618	0.46742	0.33152	0.06742	0.13363
1619	0.46727	0.33167	0.06757	0.13348
1620	0.46757	0.33137	0.06757	0.13348
1621	0.46757	0.33137	0.06757	0.13349
1622	0.46803	0.33122	0.06757	0.13319
1623	0.46802	0.33137	0.06757	0.13303
1624	0.46802	0.33167	0.06757	0.13273
1625	0.46802	0.33152	0.06757	0.13288
1626	0.46803	0.33167	0.06757	0.13273
1627	0.46818	0.33152	0.06772	0.13258
1628	0.46818	0.33152	0.06772	0.13258
1629	0.46803	0.33122	0.06772	0.13303
1630	0.46802	0.33122	0.06802	0.13273
1631	0.46802	0.33106	0.06833	0.13258
1632	0.46818	0.33107	0.06833	0.13243
1633	0.46863	0.33107	0.06818	0.13212
1634	0.46818	0.33107	0.06833	0.13243
1635	0.46848	0.33122	0.06833	0.13197
1636	0.46879	0.33137	0.06833	0.13152
1637	0.46908	0.33137	0.06833	0.13122
1638	0.46954	0.33122	0.06833	0.13091
1639	0.46939	0.33092	0.06833	0.13136
1640	0.46954	0.33107	0.06834	0.13106
1641	0.46924	0.33092	0.06864	0.13121
1642	0.46939	0.33076	0.06864	0.13121
1643	0.46939	0.33076	0.06864	0.13121
1644	0.46939	0.33046	0.06894	0.13121
1645	0.46955	0.33031	0.06894	0.13121
1646	0.46924	0.33046	0.06879	0.13151
1647	0.46924	0.33016	0.06879	0.13181
1648	0.46939	0.32985	0.06894	0.13181
1649	0.46924	0.3294	0.06894	0.13242
1650	0.46939	0.32925	0.06894	0.13242
1651	0.46984	0.3291	0.06894	0.13212
1652	0.46984	0.32864	0.06909	0.13242
1653	0.46969	0.32818	0.06939	0.13272
1654	0.46924	0.32818	0.06939	0.13318
1655	0.46909	0.32818	0.06939	0.13333
1656	0.46909	0.32818	0.06939	0.13334
1657	0.46894	0.32803	0.06969	0.13334
1658	0.46924	0.32788	0.06969	0.13318
1659	0.46969	0.32788	0.06954	0.13287
1660	0.47	0.32758	0.06954	0.13287
1661	0.4697	0.32758	0.06954	0.13318
1662	0.46985	0.32758	0.06954	0.13303
1663	0.46984	0.32758	0.06954	0.13303
1664	0.46969	0.32697	0.06954	0.13379
1665	0.46969	0.32682	0.06954	0.13394
1666	0.46999	0.32667	0.06954	0.13379
1667	0.47045	0.32667	0.06954	0.13333
1668	0.47045	0.32606	0.06954	0.13394
1669	0.47015	0.32621	0.06954	0.13409
1670	0.46984	0.32621	0.0697	0.13424
1671	0.47015	0.32621	0.0697	0.13394
1672	0.4703	0.32606	0.0697	0.13394
1673	0.47045	0.32606	0.0697	0.13379
1674	0.47014	0.32576	0.06985	0.13424
1675	0.4703	0.32561	0.06985	0.13424
1676	0.47014	0.32546	0.0697	0.13469
1677	0.46969	0.32561	0.0697	0.13499
1678	0.47014	0.32561	0.0697	0.13455
1679	0.47045	0.32546	0.06985	0.13424
1680	0.4703	0.32531	0.06985	0.13454
1681	0.47046	0.32531	0.06985	0.13439
1682	0.47015	0.32516	0.07	0.13469
1683	0.47091	0.32516	0.07	0.13394
1684	0.47061	0.325	0.07	0.13439
1685	0.47061	0.325	0.07015	0.13424
1686	0.47061	0.3247	0.07045	0.13424
1687	0.47106	0.32455	0.07061	0.13379
1688	0.47136	0.32454	0.07061	0.13349
1689	0.47167	0.32484	0.07045	0.13303
1690	0.47212	0.32454	0.07045	0.13288
1691	0.47167	0.32454	0.07076	0.13303
1692	0.47136	0.32454	0.07076	0.13333
1693	0.47136	0.32469	0.07076	0.13318
1694	0.47136	0.32454	0.07076	0.13333
1695	0.47182	0.32439	0.07076	0.13303
1696	0.47212	0.32409	0.07091	0.13288
1697	0.47212	0.32409	0.07076	0.13303
1698	0.47182	0.32424	0.07076	0.13318
1699	0.47182	0.32424	0.07061	0.13333
1700	0.47167	0.32424	0.07061	0.13349
1701	0.47227	0.32409	0.07061	0.13303
1702	0.47227	0.32424	0.07061	0.13288
1703	0.47257	0.32439	0.07061	0.13243
1704	0.47258	0.32454	0.07076	0.13212
1705	0.47257	0.32439	0.07076	0.13228
1706	0.47334	0.32424	0.07076	0.13166
1707	0.47364	0.32409	0.07076	0.13151
1708	0.47394	0.32378	0.07076	0.13151
1709	0.47454	0.32363	0.07076	0.13106
1710	0.475	0.32348	0.07061	0.13091
1711	0.4747	0.32333	0.07076	0.13121
1712	0.47485	0.32288	0.07076	0.13151
1713	0.47515	0.32288	0.07076	0.13121
1714	0.47484	0.32288	0.07106	0.13121
1715	0.47515	0.32257	0.07091	0.13136
1716	0.47575	0.32242	0.07091	0.13091
1717	0.47531	0.32227	0.07091	0.13151
1718	0.47561	0.32197	0.07106	0.13136
1719	0.47622	0.32197	0.07107	0.13076
1720	0.47651	0.32197	0.07107	0.13045
1721	0.47651	0.32197	0.07107	0.13045
1722	0.47636	0.32197	0.07091	0.13076
1723	0.47621	0.32182	0.07091	0.13106
1724	0.47606	0.32182	0.07107	0.13107
1725	0.47621	0.32182	0.07122	0.13076
1726	0.47651	0.32166	0.07122	0.13061
1727	0.47742	0.32151	0.07122	0.12984
1728	0.47773	0.32136	0.07122	0.12969
1729	0.47803	0.32136	0.07122	0.12939
1730	0.47788	0.32136	0.07152	0.12924
1731	0.47788	0.3212	0.07152	0.12939
1732	0.47774	0.3212	0.07136	0.12969
1733	0.47789	0.32151	0.07136	0.12924
1734	0.47773	0.32136	0.07136	0.12954
1735	0.47758	0.3212	0.07136	0.12984
1736	0.47789	0.3209	0.07151	0.1297
1737	0.47849	0.32075	0.07151	0.12924
1738	0.47758	0.3209	0.07151	0.13
1739	0.47727	0.32075	0.07151	0.13046
1740	0.47697	0.32075	0.07181	0.13046
1741	0.47758	0.32014	0.07181	0.13046
1742	0.47727	0.32014	0.07181	0.13076
1743	0.47682	0.32014	0.07181	0.13121
1744	0.47758	0.31984	0.07181	0.13076
1745	0.47712	0.31954	0.07181	0.13152
1746	0.47727	0.31924	0.07181	0.13167
1747	0.47742	0.31924	0.07197	0.13137
1748	0.47773	0.31909	0.07197	0.13122
1749	0.47773	0.31909	0.07197	0.13122
1750	0.47803	0.31893	0.07197	0.13106
1751	0.47803	0.31893	0.07197	0.13106
1752	0.47833	0.31878	0.07197	0.13091
1753	0.47818	0.31848	0.07212	0.13121
1754	0.47803	0.31848	0.07212	0.13137
1755	0.47818	0.31848	0.07212	0.13122
1756	0.47834	0.31833	0.07227	0.13106
1757	0.47864	0.31818	0.07227	0.1309
1758	0.47894	0.31802	0.07212	0.13091
1759	0.47909	0.31772	0.07212	0.13106
1760	0.47894	0.31772	0.07212	0.13121
1761	0.47924	0.31742	0.07212	0.13121
1762	0.47879	0.31757	0.07212	0.13151
1763	0.47864	0.31712	0.07257	0.13166
1764	0.47909	0.31666	0.07272	0.13151
1765	0.47939	0.31651	0.07288	0.13121
1766	0.47879	0.31651	0.07304	0.13167
1767	0.47879	0.31651	0.07304	0.13167
1768	0.47864	0.31667	0.07319	0.13152
1769	0.4794	0.31636	0.07319	0.13106
1770	0.4794	0.31636	0.07334	0.1309
1771	0.47955	0.31636	0.07334	0.13076
1772	0.4797	0.31621	0.07334	0.13076
1773	0.48	0.31606	0.07334	0.1306
1774	0.47985	0.3159	0.07334	0.1309
1775	0.4797	0.3159	0.07334	0.13106
1776	0.47909	0.3159	0.07364	0.13136
1777	0.47818	0.31606	0.07379	0.13197
1778	0.47788	0.31621	0.07379	0.13212
1779	0.47758	0.31666	0.07379	0.13197
1780	0.47773	0.31651	0.07379	0.13197
1781	0.47818	0.31651	0.07379	0.13151
1782	0.47818	0.31651	0.07379	0.13151
1783	0.47863	0.31636	0.07364	0.13136
1784	0.47818	0.31621	0.0741	0.13152
1785	0.47802	0.31591	0.0741	0.13197
1786	0.47787	0.31591	0.0741	0.13212
1787	0.47788	0.31576	0.0741	0.13227
1788	0.47743	0.3156	0.07425	0.13273
1789	0.47773	0.31561	0.07425	0.13242
1790	0.47788	0.31576	0.07425	0.13212
1791	0.47818	0.31576	0.07425	0.13182
1792	0.47849	0.31561	0.07425	0.13167
1793	0.47833	0.31545	0.0744	0.13182
1794	0.47742	0.31561	0.07455	0.13242
1795	0.47727	0.31591	0.07455	0.13227
1796	0.47772	0.31591	0.0747	0.13166
1797	0.47773	0.31591	0.0747	0.13166
1798	0.47788	0.31591	0.07485	0.13136
1799	0.47697	0.31591	0.07485	0.13227
1800	0.47652	0.31591	0.075	0.13258
1801	0.47621	0.31576	0.07516	0.13287
1802	0.47591	0.31576	0.07516	0.13318
1803	0.47561	0.31561	0.075	0.13379
1804	0.47516	0.31545	0.07546	0.13394
1805	0.47516	0.31545	0.07561	0.13379
1806	0.47531	0.31545	0.07546	0.13379
1807	0.47546	0.3153	0.07561	0.13364
1808	0.47501	0.31546	0.07576	0.13379
1809	0.47501	0.3153	0.07561	0.13409
1810	0.47501	0.31514	0.07576	0.13409
1811	0.47515	0.31515	0.07576	0.13394
1812	0.475	0.31515	0.07576	0.13409
1813	0.47515	0.31514	0.07576	0.13394
1814	0.475	0.31499	0.07576	0.13424
1815	0.475	0.31499	0.07576	0.13424
1816	0.47515	0.31469	0.07591	0.13424
1817	0.4753	0.31484	0.07607	0.13379
1818	0.47576	0.31469	0.07607	0.13349
1819	0.47591	0.31454	0.07607	0.13349
1820	0.47561	0.31439	0.07607	0.13394
1821	0.47576	0.31439	0.07607	0.13379
1822	0.47591	0.31439	0.07607	0.13364
1823	0.47546	0.31423	0.07607	0.13424
1824	0.47531	0.31408	0.07607	0.13455
1825	0.475	0.31393	0.07607	0.135
1826	0.47485	0.31408	0.07607	0.135
1827	0.4747	0.31393	0.07607	0.1353
1828	0.4744	0.31393	0.07607	0.1356
1829	0.47424	0.31393	0.07607	0.13576
1830	0.47455	0.31393	0.07622	0.1353
1831	0.47515	0.31363	0.07622	0.135
1832	0.475	0.31363	0.07637	0.135
1833	0.475	0.31363	0.07622	0.13515
1834	0.4756	0.31333	0.07622	0.13485
1835	0.47606	0.31318	0.07637	0.13439
1836	0.47651	0.31318	0.07637	0.13394
1837	0.47666	0.31318	0.07652	0.13363
1838	0.47666	0.31333	0.07652	0.13348
1839	0.47697	0.31287	0.07682	0.13333
1840	0.47727	0.31287	0.07682	0.13303
1841	0.47788	0.31272	0.07667	0.13273
1842	0.47742	0.31272	0.07682	0.13303
1843	0.47682	0.31303	0.07697	0.13318
1844	0.47743	0.31272	0.07697	0.13288
1845	0.47728	0.31242	0.07713	0.13318
1846	0.47728	0.31257	0.07713	0.13303
1847	0.47728	0.31257	0.07713	0.13303
1848	0.47697	0.31257	0.07713	0.13333
1849	0.47697	0.31257	0.07713	0.13333
1850	0.47743	0.31197	0.07728	0.13333
1851	0.47819	0.31182	0.07728	0.13273
1852	0.47894	0.31151	0.07728	0.13227
1853	0.47879	0.31166	0.07743	0.13212
1854	0.47925	0.31166	0.07743	0.13167
1855	0.47955	0.31151	0.07758	0.13136
1856	0.4797	0.31136	0.07758	0.13136
1857	0.4797	0.31151	0.07743	0.13137
1858	0.47985	0.31151	0.07743	0.13121
1859	0.48001	0.31136	0.07758	0.13106
1860	0.47985	0.31121	0.07773	0.13122
1861	0.48015	0.31106	0.07758	0.13121
1862	0.48076	0.31076	0.07773	0.13076
1863	0.48076	0.31076	0.07758	0.13091
1864	0.48061	0.3106	0.07743	0.13136
1865	0.48122	0.3106	0.07743	0.13075
1866	0.48152	0.3106	0.07743	0.13045
1867	0.48167	0.31045	0.07742	0.13045
1868	0.48167	0.3103	0.07742	0.1306
1869	0.48182	0.31015	0.07742	0.13061
1870	0.48197	0.30985	0.07742	0.13076
1871	0.48228	0.3097	0.07742	0.13061
1872	0.48213	0.30954	0.07757	0.13076
1873	0.48228	0.30955	0.07772	0.13046
1874	0.48167	0.30955	0.07818	0.13061
1875	0.48197	0.30924	0.07818	0.13061
1876	0.48152	0.30924	0.07818	0.13106
1877	0.48167	0.30909	0.07818	0.13106
1878	0.48227	0.30909	0.07818	0.13046
1879	0.48257	0.30864	0.07833	0.13045
1880	0.48288	0.30848	0.07848	0.13015
1881	0.48227	0.30849	0.07863	0.1306
1882	0.48212	0.30849	0.07863	0.13075
1883	0.48181	0.30864	0.07863	0.1309
1884	0.48166	0.30849	0.07863	0.13121
1885	0.48076	0.30864	0.07894	0.13167
1886	0.48091	0.30849	0.07924	0.13136
1887	0.48076	0.30849	0.07924	0.13151
1888	0.48091	0.30834	0.07924	0.13152
1889	0.48106	0.30803	0.07939	0.13152
1890	0.48181	0.30803	0.07924	0.1309
1891	0.48181	0.30788	0.07924	0.13106
1892	0.48198	0.30788	0.07924	0.1309
1893	0.48151	0.30773	0.07954	0.13121
1894	0.48167	0.30758	0.07969	0.13106
1895	0.48167	0.30728	0.07969	0.13136
1896	0.48167	0.30712	0.07984	0.13136
1897	0.48152	0.30712	0.07969	0.13166
1898	0.48197	0.30712	0.07969	0.13121
1899	0.48212	0.30682	0.07969	0.13136
1900	0.48212	0.30682	0.07969	0.13136
1901	0.48258	0.30666	0.07969	0.13105
1902	0.48288	0.30651	0.07969	0.1309
1903	0.48349	0.30606	0.07969	0.13075
1904	0.48333	0.30606	0.07969	0.13091
1905	0.48348	0.30591	0.07969	0.13091
1906	0.48318	0.30591	0.07954	0.13136
1907	0.48273	0.30591	0.07969	0.13166
1908	0.48258	0.30575	0.07969	0.13197
1909	0.48258	0.30591	0.07969	0.13182
1910	0.48227	0.30591	0.07969	0.13212
1911	0.48228	0.30591	0.07954	0.13227
1912	0.48227	0.30606	0.07939	0.13227
1913	0.48228	0.30621	0.07939	0.13212
1914	0.48243	0.30606	0.07939	0.13212
1915	0.48243	0.30591	0.07939	0.13227
1916	0.48228	0.30636	0.07939	0.13196
1917	0.48197	0.30636	0.07954	0.13212
1918	0.48243	0.30621	0.07969	0.13167
1919	0.48243	0.30621	0.07969	0.13166
1920	0.48243	0.30621	0.07954	0.13182
1921	0.48228	0.30606	0.07954	0.13212
1922	0.48228	0.30606	0.07954	0.13212
1923	0.48243	0.30621	0.07939	0.13197
1924	0.48228	0.30621	0.07939	0.13212
1925	0.48228	0.30621	0.07939	0.13212
1926	0.48228	0.30621	0.07939	0.13212
1927	0.48182	0.30621	0.07939	0.13257
1928	0.48198	0.30606	0.07939	0.13257
1929	0.48152	0.30591	0.07939	0.13317
1930	0.48198	0.3056	0.07939	0.13302
1931	0.48197	0.3056	0.07939	0.13302
1932	0.48136	0.3056	0.07954	0.13348
1933	0.48121	0.30545	0.07954	0.13379
1934	0.48091	0.30515	0.07969	0.13424
1935	0.48091	0.30515	0.07969	0.13424
1936	0.48121	0.30515	0.07969	0.13394
1937	0.48136	0.30515	0.07954	0.13394
1938	0.48182	0.30485	0.07954	0.13378
1939	0.48212	0.30485	0.07909	0.13393
1940	0.48197	0.30485	0.07924	0.13393
1941	0.48197	0.30485	0.07939	0.13378
1942	0.48167	0.3047	0.07924	0.1344
1943	0.48167	0.30485	0.07924	0.13424
1944	0.48152	0.30485	0.07939	0.13424
1945	0.48167	0.3047	0.07939	0.13424
1946	0.48197	0.30455	0.07939	0.13409
1947	0.48197	0.30439	0.07939	0.13424
1948	0.48213	0.30424	0.07954	0.13409
1949	0.48228	0.30394	0.07954	0.13424
1950	0.48197	0.30409	0.07954	0.13439
1951	0.48228	0.30409	0.07954	0.13409
1952	0.48243	0.30394	0.07969	0.13394
1953	0.48213	0.30379	0.07969	0.1344
1954	0.48228	0.30394	0.07969	0.13409
1955	0.48182	0.30379	0.07985	0.13455
1956	0.48167	0.30394	0.07985	0.13455
1957	0.48107	0.30394	0.08015	0.13485
1958	0.48107	0.30409	0.08015	0.13469
1959	0.48076	0.30409	0.0803	0.13484
1960	0.48046	0.30424	0.0803	0.135
1961	0.48076	0.30424	0.0803	0.1347
1962	0.48076	0.30439	0.0803	0.13455
1963	0.48061	0.30439	0.0803	0.1347
1964	0.48091	0.30424	0.08015	0.1347
1965	0.48076	0.30424	0.08015	0.13485
1966	0.48046	0.30394	0.0803	0.1353
1967	0.4806	0.30394	0.0803	0.13515
1968	0.48151	0.30349	0.0803	0.13469
1969	0.48136	0.30349	0.0803	0.13484
1970	0.48151	0.30303	0.08045	0.13499
1971	0.48151	0.30288	0.08045	0.13514
1972	0.48197	0.30288	0.08045	0.1347
1973	0.48227	0.30303	0.0803	0.13439
1974	0.48197	0.30318	0.0803	0.13454
1975	0.48257	0.30318	0.08045	0.13378
1976	0.48318	0.30273	0.0803	0.13378
1977	0.48333	0.30273	0.0803	0.13363
1978	0.48424	0.30258	0.0803	0.13288
1979	0.48424	0.30258	0.0803	0.13288
1980	0.48425	0.30243	0.0803	0.13303
1981	0.4847	0.30243	0.0803	0.13257
1982	0.48531	0.30212	0.08045	0.13211
1983	0.48516	0.30212	0.08045	0.13226
1984	0.48531	0.30227	0.0806	0.13181
1985	0.48515	0.30212	0.08076	0.13197
1986	0.485	0.30212	0.0806	0.13227
1987	0.48545	0.30212	0.08045	0.13197
1988	0.4856	0.30212	0.08045	0.13182
1989	0.4856	0.30212	0.0806	0.13167
1990	0.48591	0.30227	0.0803	0.13151
1991	0.48621	0.30197	0.0803	0.13151
1992	0.48636	0.30182	0.0803	0.13151
1993	0.48607	0.30197	0.0803	0.13166
1994	0.48622	0.30197	0.0803	0.13151
1995	0.48607	0.30212	0.0803	0.13151
1996	0.48637	0.30212	0.0803	0.1312
1997	0.48667	0.30197	0.0803	0.13105
1998	0.48637	0.30197	0.0803	0.13135
1999	0.48622	0.30167	0.0803	0.13182
2000	0.48577	0.30181	0.0803	0.13212
2001	0.48561	0.30166	0.0803	0.13242
2002	0.48561	0.30151	0.08015	0.13273
2003	0.4853	0.30151	0.08015	0.13304
2004	0.4853	0.30136	0.08015	0.13319
2005	0.485	0.30136	0.08015	0.13349
2006	0.48515	0.30136	0.08	0.13349
2007	0.4856	0.30121	0.08015	0.13304
2008	0.48561	0.30105	0.08015	0.13319
2009	0.48591	0.3009	0.08015	0.13304
2010	0.48561	0.3009	0.08015	0.13334
2011	0.48545	0.3009	0.08015	0.13349
2012	0.48499	0.3009	0.0803	0.13379
2013	0.48514	0.30075	0.0803	0.1338
2014	0.48514	0.30075	0.0803	0.1338
2015	0.4853	0.30075	0.0803	0.13363
2016	0.48484	0.30075	0.08045	0.13395
2017	0.48514	0.3006	0.0806	0.13363
2018	0.48545	0.30045	0.0806	0.13348
2019	0.4853	0.30045	0.08076	0.13348
2020	0.4853	0.30015	0.0806	0.13394
2021	0.4853	0.30015	0.0806	0.13394
2022	0.48545	0.3003	0.0806	0.13364
2023	0.4853	0.3003	0.0806	0.13379
2024	0.48484	0.30045	0.0806	0.13409
2025	0.48439	0.3006	0.0806	0.13439
2026	0.48424	0.30045	0.08076	0.13455
2027	0.48424	0.30045	0.08091	0.13439
2028	0.48439	0.3003	0.08091	0.13439
2029	0.48394	0.30015	0.08121	0.1347
2030	0.48348	0.3	0.08121	0.1353
2031	0.48348	0.29985	0.08106	0.13561
2032	0.48394	0.29939	0.08091	0.13576
2033	0.48349	0.29969	0.08091	0.13591
2034	0.48394	0.29969	0.08091	0.13546
2035	0.48424	0.29924	0.08121	0.13531
2036	0.48409	0.29924	0.08121	0.13546
2037	0.48424	0.29909	0.08121	0.13546
2038	0.48379	0.29909	0.08136	0.13577
2039	0.48424	0.29894	0.08136	0.13545
2040	0.48424	0.29909	0.08136	0.13531
2041	0.48424	0.29894	0.08136	0.13546
2042	0.48394	0.29924	0.08136	0.13546
2043	0.48409	0.29909	0.08136	0.13546
2044	0.48439	0.29909	0.08136	0.13515
2045	0.48424	0.29878	0.08121	0.13576
2046	0.48515	0.29848	0.08121	0.13515
2047	0.485	0.29848	0.08121	0.1353
2048	0.4856	0.29833	0.08121	0.13485
2049	0.48545	0.29818	0.08121	0.13515
2050	0.4853	0.29818	0.08121	0.1353
2051	0.48576	0.29803	0.08121	0.135
2052	0.48576	0.29803	0.08121	0.135
2053	0.48591	0.29788	0.08121	0.135
2054	0.48652	0.29788	0.08121	0.13439
2055	0.48667	0.29788	0.08121	0.13424
2056	0.48667	0.29788	0.08121	0.13424
2057	0.48712	0.29772	0.08136	0.13378
2058	0.48743	0.29757	0.08136	0.13363
2059	0.48773	0.29742	0.08136	0.13348
2060	0.48788	0.29742	0.08136	0.13333
2061	0.48773	0.29727	0.08151	0.13348
2062	0.48758	0.29727	0.08151	0.13363
2063	0.48727	0.29727	0.08151	0.13393
2064	0.48727	0.29727	0.08136	0.13409
2065	0.48697	0.29712	0.08167	0.13424
2066	0.48682	0.29712	0.08182	0.13424
2067	0.48742	0.29697	0.08197	0.13363
2068	0.48757	0.29682	0.08212	0.13348
2069	0.48742	0.29682	0.08227	0.13349
2070	0.48772	0.29682	0.08227	0.13318
2071	0.48772	0.29652	0.08227	0.13348
2072	0.48802	0.29652	0.08227	0.13318
2073	0.48848	0.29621	0.08227	0.13303
2074	0.48878	0.29591	0.08243	0.13288
2075	0.48909	0.29561	0.08227	0.13303
2076	0.48939	0.29546	0.08227	0.13288
2077	0.48924	0.29515	0.08227	0.13333
2078	0.48893	0.29515	0.08212	0.13379
2079	0.48863	0.29531	0.08227	0.13379
2080	0.48878	0.29531	0.08212	0.13379
2081	0.48894	0.29531	0.08212	0.13364
2082	0.48939	0.29531	0.08197	0.13333
2083	0.48909	0.29515	0.08212	0.13364
2084	0.48954	0.295	0.08212	0.13333
2085	0.49	0.29485	0.08227	0.13288
2086	0.4903	0.29485	0.08228	0.13257
2087	0.4903	0.29484	0.08197	0.13288
2088	0.49091	0.29484	0.08197	0.13227
2089	0.49121	0.29454	0.08182	0.13242
2090	0.49212	0.29424	0.08182	0.13182
2091	0.49242	0.29424	0.08182	0.13152
2092	0.49242	0.29393	0.08182	0.13182
2093	0.49227	0.29378	0.08182	0.13212
2094	0.49182	0.29409	0.08197	0.13212
2095	0.49197	0.29393	0.08182	0.13227
2096	0.49167	0.29378	0.08212	0.13242
2097	0.49151	0.29378	0.08212	0.13257
2098	0.49151	0.29363	0.08212	0.13273
2099	0.49167	0.29363	0.08212	0.13257
2100	0.49212	0.29348	0.08197	0.13242
2101	0.49197	0.29333	0.08212	0.13258
2102	0.49151	0.29333	0.08212	0.13303
2103	0.49182	0.29333	0.08197	0.13288
2104	0.49227	0.29318	0.08197	0.13258
2105	0.49257	0.29333	0.08182	0.13227
2106	0.49303	0.29333	0.08182	0.13181
2107	0.49333	0.29333	0.08182	0.13151
2108	0.49318	0.29333	0.08167	0.13181
2109	0.49317	0.29333	0.08167	0.13181
2110	0.49302	0.29333	0.08152	0.13211
2111	0.49348	0.29333	0.08152	0.13166
2112	0.49393	0.29302	0.08167	0.13136
2113	0.49393	0.29302	0.08182	0.13121
2114	0.49378	0.29257	0.08197	0.13166
2115	0.49409	0.29257	0.08197	0.13136
2116	0.49439	0.29242	0.08213	0.13106
2117	0.49485	0.29242	0.08197	0.13076
2118	0.49515	0.29227	0.08197	0.13061
2119	0.495	0.29227	0.08197	0.13076
2120	0.49485	0.29227	0.08197	0.13091
2121	0.49515	0.29212	0.08213	0.1306
2122	0.49576	0.29151	0.08228	0.13045
2123	0.49561	0.29151	0.08228	0.1306
2124	0.49651	0.29136	0.08213	0.12999
2125	0.49636	0.29136	0.08228	0.12999
2126	0.49636	0.29136	0.08228	0.13
2127	0.49621	0.29121	0.08243	0.13015
2128	0.49621	0.2909	0.08243	0.13046
2129	0.49591	0.29075	0.08243	0.13092
2130	0.49651	0.2903	0.08243	0.13075
2131	0.49621	0.2903	0.08243	0.13106
2132	0.49561	0.2903	0.08288	0.13121
2133	0.4956	0.2903	0.08288	0.13121
2134	0.4956	0.2903	0.08288	0.13121
2135	0.49636	0.29	0.08303	0.1306
2136	0.49636	0.29	0.08334	0.1303
2137	0.49621	0.28985	0.08349	0.13045
2138	0.49697	0.28954	0.08364	0.12985
2139	0.49727	0.28909	0.08364	0.13
2140	0.49727	0.28894	0.08364	0.13015
2141	0.49712	0.28863	0.08379	0.13045
2142	0.49727	0.28863	0.08364	0.13045
2143	0.49772	0.28848	0.08364	0.13015
2144	0.49787	0.28803	0.08379	0.1303
2145	0.49787	0.28818	0.08379	0.13015
2146	0.49772	0.28818	0.08394	0.13015
2147	0.49742	0.28833	0.08394	0.1303
2148	0.49757	0.28833	0.08394	0.13015
2149	0.49773	0.28818	0.08409	0.13
2150	0.49788	0.28818	0.08409	0.12985
2151	0.49758	0.28833	0.0844	0.1297
2152	0.49773	0.28803	0.0844	0.12985
2153	0.49849	0.28742	0.0844	0.12969
2154	0.49864	0.28742	0.0844	0.12954
2155	0.49833	0.28742	0.08455	0.12969
2156	0.49803	0.28742	0.08485	0.12969
2157	0.49879	0.28712	0.08485	0.12924
2158	0.49909	0.28666	0.085	0.12924
2159	0.49894	0.28666	0.08516	0.12924
2160	0.49848	0.28651	0.08531	0.12969
2161	0.49878	0.28621	0.08531	0.12969
2162	0.49878	0.28621	0.08531	0.12969
2163	0.49909	0.28621	0.08531	0.12939
2164	0.49939	0.28621	0.08531	0.12909
2165	0.49878	0.28606	0.08546	0.12969
2166	0.49818	0.28621	0.08546	0.13015
2167	0.49893	0.28575	0.08561	0.12969
2168	0.49848	0.28575	0.08561	0.13015
2169	0.49772	0.2856	0.08561	0.13105
2170	0.49803	0.28545	0.08561	0.1309
2171	0.49757	0.2856	0.08546	0.13136
2172	0.49757	0.28515	0.08546	0.13181
2173	0.49757	0.2853	0.08561	0.13151
2174	0.49757	0.2853	0.08561	0.13151
2175	0.49742	0.2856	0.08561	0.13136
2176	0.49773	0.2856	0.08546	0.13121
2177	0.49788	0.28545	0.08561	0.13106
2178	0.49788	0.28515	0.08561	0.13136
2179	0.49788	0.28515	0.08561	0.13136
2180	0.49818	0.285	0.08576	0.13106
2181	0.49818	0.28469	0.08576	0.13136
2182	0.49818	0.28485	0.08576	0.13121
2183	0.49848	0.28485	0.08591	0.13076
2184	0.49848	0.28469	0.08606	0.13076
2185	0.49848	0.2847	0.08622	0.13061
2186	0.49833	0.2847	0.08637	0.13061
2187	0.49894	0.28454	0.08637	0.13014
2188	0.49954	0.28439	0.08622	0.12984
2189	0.49894	0.28439	0.08637	0.1303
2190	0.49894	0.28439	0.08637	0.1303
2191	0.49909	0.28424	0.08652	0.13015
2192	0.49939	0.28424	0.08637	0.13
2193	0.49909	0.28439	0.08637	0.13015
2194	0.49864	0.28454	0.08637	0.13045
2195	0.49818	0.28454	0.08652	0.13075
2196	0.49833	0.28454	0.08652	0.1306
2197	0.49848	0.28439	0.08652	0.1306
2198	0.49893	0.28409	0.08652	0.13046
2199	0.49878	0.28409	0.08652	0.13061
2200	0.49863	0.28409	0.08652	0.13076
2201	0.49863	0.28409	0.08637	0.13091
2202	0.49863	0.28409	0.08637	0.13091
2203	0.49848	0.28409	0.08637	0.13106
2204	0.49848	0.28409	0.08652	0.13091
2205	0.49787	0.28409	0.08667	0.13137
2206	0.49772	0.28424	0.08652	0.13152
2207	0.49772	0.28424	0.08652	0.13152
2208	0.49803	0.28394	0.08652	0.13152
2209	0.49818	0.28394	0.08652	0.13136
2210	0.49803	0.28379	0.08652	0.13167
2211	0.49803	0.28364	0.08682	0.13151
2212	0.49787	0.28364	0.08682	0.13166
2213	0.49772	0.28349	0.08682	0.13197
2214	0.49757	0.28349	0.08682	0.13212
2215	0.49757	0.28349	0.08667	0.13227
2216	0.49757	0.28303	0.08667	0.13272
2217	0.49727	0.28303	0.08682	0.13287
2218	0.49727	0.28288	0.08728	0.13257
2219	0.49712	0.28258	0.08743	0.13287
2220	0.49727	0.28242	0.08743	0.13287
2221	0.49727	0.28212	0.08743	0.13318
2222	0.49727	0.28197	0.08743	0.13333
2223	0.49712	0.28197	0.08743	0.13348
2224	0.49682	0.28227	0.08728	0.13363
2225	0.49621	0.28227	0.08728	0.13424
2226	0.49652	0.28227	0.08728	0.13394
2227	0.49697	0.28227	0.08728	0.13349
2228	0.49712	0.28227	0.08728	0.13334
2229	0.49697	0.28227	0.08728	0.13349
2230	0.49697	0.28227	0.08728	0.13349
2231	0.49682	0.28212	0.08758	0.13348
2232	0.49712	0.28197	0.08773	0.13318
2233	0.49697	0.28212	0.08758	0.13333
2234	0.49712	0.28227	0.08728	0.13333
2235	0.49712	0.28227	0.08728	0.13333
2236	0.49682	0.28212	0.08728	0.13379
2237	0.49682	0.28197	0.08743	0.13379
2238	0.49682	0.28197	0.08743	0.13379
2239	0.49651	0.28182	0.08743	0.13424
2240	0.49667	0.28167	0.08743	0.13425
2241	0.49667	0.28167	0.08743	0.13425
2242	0.49636	0.28167	0.08743	0.13455
2243	0.49606	0.28167	0.08743	0.13484
2244	0.49621	0.28167	0.08728	0.13485
2245	0.49576	0.28182	0.08713	0.13531
2246	0.49545	0.28167	0.08728	0.13561
2247	0.4953	0.28167	0.08713	0.1359
2248	0.49485	0.28167	0.08713	0.13636
2249	0.49485	0.28151	0.08728	0.13636
2250	0.49439	0.28151	0.08728	0.13682
2251	0.49393	0.28151	0.08743	0.13713
2252	0.49333	0.28151	0.08758	0.13758
2253	0.49348	0.28151	0.08743	0.13758
2254	0.49378	0.28151	0.08713	0.13758
2255	0.49363	0.28136	0.08713	0.13787
2256	0.49363	0.28121	0.08713	0.13803
2257	0.49393	0.28106	0.08697	0.13803
2258	0.49424	0.28106	0.08697	0.13773
2259	0.49363	0.28091	0.08697	0.13849
2260	0.49363	0.28091	0.08697	0.13848
2261	0.49333	0.28045	0.08743	0.13879
2262	0.49348	0.28045	0.08758	0.13849
2263	0.49393	0.2803	0.08758	0.13819
2264	0.49439	0.2803	0.08758	0.13773
2265	0.49394	0.28045	0.08758	0.13803
2266	0.49409	0.28045	0.08757	0.13788
2267	0.49424	0.2803	0.08772	0.13773
2268	0.495	0.28045	0.08757	0.13697
2269	0.495	0.2803	0.08757	0.13713
2270	0.49485	0.28	0.08772	0.13743
2271	0.4947	0.28015	0.08787	0.13728
2272	0.49455	0.27985	0.08787	0.13773
2273	0.49439	0.2797	0.08803	0.13788
2274	0.49485	0.2797	0.08803	0.13742
2275	0.4953	0.27955	0.08803	0.13712
2276	0.49576	0.27939	0.08803	0.13682
2277	0.49576	0.27939	0.08803	0.13682
2278	0.49515	0.27924	0.08818	0.13743
2279	0.495	0.27924	0.08833	0.13743
2280	0.49561	0.27894	0.08833	0.13712
2281	0.4953	0.27894	0.08848	0.13727
2282	0.49545	0.27909	0.08863	0.13682
2283	0.49515	0.27939	0.08848	0.13697
2284	0.49515	0.27955	0.08848	0.13682
2285	0.495	0.27939	0.08833	0.13727
2286	0.4947	0.27924	0.08848	0.13758
2287	0.49424	0.27955	0.08848	0.13773
2288	0.49439	0.27939	0.08848	0.13773
2289	0.49393	0.27939	0.08863	0.13803
2290	0.49499	0.27894	0.08863	0.13742
2291	0.49515	0.27879	0.08878	0.13727
2292	0.4953	0.27879	0.08848	0.13742
2293	0.4953	0.27879	0.08848	0.13742
2294	0.4953	0.27879	0.08848	0.13742
2295	0.4956	0.27879	0.08848	0.13712
2296	0.49591	0.27864	0.08833	0.13712
2297	0.49621	0.27849	0.08833	0.13697
2298	0.49682	0.27803	0.08833	0.13682
2299	0.49743	0.27788	0.08848	0.13621
2300	0.49727	0.27758	0.08848	0.13667
2301	0.49697	0.27773	0.08848	0.13682
2302	0.49652	0.27758	0.08863	0.13728
2303	0.49652	0.27758	0.08863	0.13728
2304	0.49666	0.27742	0.08878	0.13712
2305	0.49666	0.27727	0.08893	0.13712
2306	0.49651	0.27697	0.08924	0.13728
2307	0.49666	0.27682	0.08939	0.13712
2308	0.49681	0.27667	0.08939	0.13712
2309	0.49696	0.27636	0.08939	0.13728
2310	0.49651	0.27652	0.08954	0.13743
2311	0.49696	0.27591	0.08939	0.13773
2312	0.49696	0.27591	0.08924	0.13788
2313	0.49696	0.27591	0.08924	0.13788
2314	0.49727	0.27591	0.08924	0.13758
2315	0.49787	0.27576	0.08924	0.13713
2316	0.49802	0.27576	0.08924	0.13697
2317	0.49788	0.27561	0.08909	0.13742
2318	0.49758	0.27546	0.08893	0.13803
2319	0.49697	0.2753	0.08893	0.13879
2320	0.49697	0.27515	0.08909	0.13879
2321	0.49652	0.275	0.08924	0.13924
2322	0.49636	0.275	0.08939	0.13924
2323	0.49682	0.275	0.08939	0.13879
2324	0.49636	0.275	0.08954	0.13909
2325	0.49621	0.27515	0.08954	0.13909
2326	0.49667	0.27515	0.08939	0.13879
2327	0.49697	0.275	0.08924	0.13879
2328	0.49712	0.275	0.08924	0.13864
2329	0.49742	0.275	0.08924	0.13833
2330	0.49727	0.27455	0.08954	0.13864
2331	0.49727	0.27455	0.08969	0.13849
2332	0.49742	0.27424	0.08969	0.13864
2333	0.49742	0.27394	0.08969	0.13894
2334	0.49757	0.27394	0.08969	0.13879
2335	0.49787	0.27379	0.08969	0.13864
2336	0.49817	0.27364	0.08969	0.13849
2337	0.49864	0.27349	0.08969	0.13818
2338	0.49894	0.27318	0.08984	0.13803
2339	0.49864	0.27303	0.08984	0.13849
2340	0.49818	0.27303	0.08984	0.13894
2341	0.49878	0.27258	0.08984	0.13879
2342	0.49848	0.27258	0.08969	0.13924
2343	0.49878	0.27228	0.08954	0.13939
2344	0.49863	0.27228	0.08954	0.13954
2345	0.49818	0.27197	0.08969	0.14015
2346	0.49773	0.27197	0.08969	0.1406
2347	0.49788	0.27182	0.08969	0.1406
2348	0.49758	0.27182	0.08984	0.14075
2349	0.49803	0.27167	0.08984	0.14045
2350	0.49818	0.27152	0.09	0.1403
2351	0.49848	0.27122	0.09015	0.14015
2352	0.49864	0.27122	0.09015	0.14
2353	0.49849	0.27122	0.0903	0.14
2354	0.49894	0.27106	0.0903	0.13969
2355	0.49909	0.27106	0.09015	0.13969
2356	0.49848	0.27122	0.09015	0.14015
2357	0.49848	0.27122	0.09	0.1403
2358	0.49894	0.27091	0.09	0.14015
2359	0.49833	0.27091	0.09	0.14075
2360	0.49833	0.27076	0.09015	0.14075
2361	0.49833	0.27076	0.09015	0.14075
2362	0.49864	0.27061	0.09	0.14076
2363	0.49879	0.27031	0.09	0.14091
2364	0.49848	0.27031	0.09	0.14121
2365	0.49833	0.27046	0.09	0.14121
2366	0.49864	0.27046	0.08984	0.14105
2367	0.49879	0.27046	0.09	0.14075
2368	0.49864	0.27046	0.09	0.1409
2369	0.49849	0.27061	0.08984	0.14106
2370	0.49833	0.27031	0.08984	0.14152
2371	0.49833	0.27031	0.08969	0.14167
2372	0.49848	0.27031	0.08969	0.14152
2373	0.49848	0.27031	0.08969	0.14152
2374	0.49878	0.27016	0.09015	0.1409
2375	0.49878	0.27016	0.09015	0.1409
2376	0.49848	0.27016	0.0903	0.14106
2377	0.49863	0.27	0.0903	0.14106
2378	0.49848	0.27	0.09045	0.14106
2379	0.49818	0.27	0.09045	0.14137
2380	0.49803	0.27	0.0906	0.14137
2381	0.49833	0.27	0.0906	0.14105
2382	0.49848	0.26985	0.0906	0.14106
2383	0.49848	0.2697	0.0906	0.14121
2384	0.49788	0.2694	0.0906	0.14212
2385	0.49818	0.2691	0.09045	0.14227
2386	0.49833	0.2691	0.0906	0.14196
2387	0.49833	0.2691	0.0906	0.14196
2388	0.49803	0.26925	0.0906	0.14212
2389	0.49818	0.26925	0.0906	0.14196
2390	0.49848	0.26925	0.0906	0.14166
2391	0.49909	0.26894	0.0906	0.14136
2392	0.49909	0.26879	0.09045	0.14167
2393	0.49909	0.26894	0.09045	0.14152
2394	0.49863	0.26879	0.0906	0.14197
2395	0.49879	0.26864	0.0909	0.14167
2396	0.49909	0.26879	0.0909	0.14121
2397	0.49924	0.26879	0.0909	0.14106
2398	0.49894	0.26864	0.09121	0.14121
2399	0.49909	0.26849	0.09121	0.14121
2400	0.49939	0.26819	0.09121	0.14121
2401	0.49939	0.26804	0.09136	0.14121
2402	0.5	0.26788	0.09136	0.14076
2403	0.50076	0.26758	0.09136	0.14031
2404	0.5003	0.26773	0.09151	0.14046
2405	0.5003	0.26743	0.09151	0.14076
2406	0.5003	0.26713	0.09181	0.14076
2407	0.5006	0.26713	0.09166	0.14061
2408	0.5006	0.26713	0.09166	0.14061
2409	0.50045	0.26697	0.09166	0.14091
2410	0.50015	0.26713	0.09166	0.14106
2411	0.50045	0.26682	0.09151	0.14121
2412	0.5003	0.26697	0.09121	0.14151
2413	0.50076	0.26728	0.09121	0.14076
2414	0.50091	0.26743	0.09106	0.14061
2415	0.50136	0.26743	0.09121	0.14
2416	0.50075	0.26758	0.09121	0.14045
2417	0.50105	0.26758	0.09121	0.14015
2418	0.50136	0.26697	0.09121	0.14046
2419	0.50136	0.26697	0.09121	0.14046
2420	0.50136	0.26682	0.09121	0.14061
2421	0.50105	0.26682	0.09121	0.14091
2422	0.50106	0.26666	0.09151	0.14076
2423	0.50091	0.26651	0.09151	0.14106
2424	0.50076	0.26651	0.09136	0.14137
2425	0.50046	0.26666	0.09136	0.14152
2426	0.50031	0.26666	0.09136	0.14167
2427	0.50106	0.26621	0.09136	0.14136
2428	0.50152	0.26606	0.09136	0.14106
2429	0.50137	0.26636	0.09136	0.14091
2430	0.50136	0.26621	0.09136	0.14106
2431	0.50181	0.26606	0.09136	0.14075
2432	0.50212	0.26591	0.09151	0.14045
2433	0.50197	0.26591	0.09151	0.1406
2434	0.50197	0.26591	0.09166	0.14045
2435	0.50182	0.26591	0.09197	0.1403
2436	0.50166	0.26591	0.09197	0.14045
2437	0.50227	0.26575	0.09181	0.14015
2438	0.50211	0.26575	0.09181	0.1403
2439	0.50211	0.2656	0.09197	0.1403
2440	0.50181	0.2656	0.09197	0.1406
2441	0.50181	0.26545	0.09212	0.1406
2442	0.50136	0.26545	0.09212	0.14105
2443	0.50151	0.26515	0.09212	0.1412
2444	0.50136	0.265	0.09227	0.14136
2445	0.50151	0.265	0.09227	0.1412
2446	0.50106	0.26469	0.09257	0.14166
2447	0.50106	0.26469	0.09272	0.14151
2448	0.50121	0.26454	0.09272	0.14151
2449	0.5009	0.26469	0.09272	0.14166
2450	0.50136	0.26484	0.09287	0.1409
2451	0.50166	0.26484	0.09287	0.1406
2452	0.50181	0.26484	0.09272	0.1406
2453	0.50166	0.26469	0.09287	0.14075
2454	0.50121	0.26454	0.09287	0.14135
2455	0.50106	0.26454	0.09287	0.14151
2456	0.5009	0.26454	0.09287	0.14166
2457	0.50106	0.26454	0.09287	0.14152
2458	0.50136	0.26454	0.09287	0.14121
2459	0.50197	0.26424	0.09287	0.14091
2460	0.50151	0.26454	0.09303	0.14091
2461	0.50151	0.26454	0.09318	0.14076
2462	0.50106	0.26454	0.09318	0.14121
2463	0.50121	0.26454	0.09303	0.14121
2464	0.50075	0.26469	0.09318	0.14136
2465	0.50121	0.26469	0.09303	0.14106
2466	0.50121	0.26484	0.09303	0.14091
2467	0.50091	0.26484	0.09318	0.14106
2468	0.50106	0.26469	0.09287	0.14136
2469	0.50136	0.26484	0.09272	0.14106
2470	0.50121	0.26484	0.09272	0.14121
2471	0.50075	0.26515	0.09287	0.14121
2472	0.5006	0.265	0.09318	0.14121
2473	0.5006	0.265	0.09303	0.14136
2474	0.5003	0.26484	0.09303	0.14181
2475	0.50105	0.26469	0.09303	0.14122
2476	0.50045	0.26469	0.09303	0.14182
2477	0.50075	0.26469	0.09303	0.14152
2478	0.50121	0.26469	0.09303	0.14107
2479	0.50121	0.26454	0.09318	0.14107
2480	0.50167	0.26424	0.09303	0.14107
2481	0.50167	0.26439	0.09303	0.14092
2482	0.50151	0.26394	0.09318	0.14137
2483	0.50196	0.26379	0.09318	0.14107
2484	0.50166	0.26394	0.09303	0.14137
2485	0.50166	0.26394	0.09303	0.14137
2486	0.50166	0.26409	0.09303	0.14122
2487	0.50196	0.26409	0.09303	0.14092
2488	0.50181	0.26409	0.09303	0.14107
2489	0.50151	0.26394	0.09333	0.14122
2490	0.50181	0.26394	0.09303	0.14122
2491	0.50196	0.26379	0.09303	0.14122
2492	0.50212	0.26379	0.09287	0.14122
2493	0.50151	0.26379	0.09287	0.14183
2494	0.50151	0.26363	0.09303	0.14183
2495	0.50151	0.26348	0.09318	0.14183
2496	0.50151	0.26363	0.09318	0.14167
2497	0.50121	0.26363	0.09303	0.14213
2498	0.50106	0.26363	0.09303	0.14228
2499	0.50121	0.26333	0.09318	0.14228
2500	0.50151	0.26318	0.09318	0.14213
2501	0.50166	0.26303	0.09318	0.14213
2502	0.50212	0.26288	0.09333	0.14167
2503	0.50227	0.26273	0.09318	0.14182
2504	0.50151	0.26303	0.09318	0.14228
2505	0.50167	0.26288	0.09287	0.14258
2506	0.50091	0.26288	0.09303	0.14319
2507	0.50061	0.26257	0.09303	0.14379
2508	0.5003	0.26227	0.09303	0.14439
2509	0.5003	0.26212	0.09303	0.14454
2510	0.50045	0.26212	0.09319	0.14424
2511	0.50136	0.26197	0.09303	0.14364
2512	0.50121	0.26212	0.09319	0.14349
2513	0.50181	0.26166	0.09334	0.14319
2514	0.50166	0.26182	0.09334	0.14319
2515	0.5009	0.26182	0.09334	0.14394
2516	0.5006	0.26197	0.09319	0.14424
2517	0.5003	0.26197	0.09319	0.14455
2518	0.5006	0.26182	0.09319	0.1444
2519	0.50105	0.26197	0.09319	0.14379
2520	0.50151	0.26182	0.09303	0.14364
2521	0.50121	0.26151	0.09303	0.14425
2522	0.5009	0.26151	0.09303	0.14455
2523	0.5006	0.26136	0.09303	0.145
2524	0.5003	0.26136	0.09303	0.14531
2525	0.5003	0.26121	0.09303	0.14546
2526	0.5003	0.26121	0.09303	0.14546
2527	0.5003	0.26106	0.09319	0.14546
2528	0.5003	0.26106	0.09319	0.14546
2529	0.5003	0.26091	0.09319	0.14561
2530	0.5003	0.26091	0.09334	0.14546
2531	0.49969	0.26106	0.09319	0.14607
2532	0.5	0.26091	0.09319	0.14592
2533	0.5	0.2606	0.09349	0.14592
2534	0.49969	0.2606	0.09364	0.14607
2535	0.49924	0.2606	0.09364	0.14652
2536	0.49954	0.2606	0.09364	0.14622
2537	0.49969	0.2606	0.09379	0.14592
2538	0.49939	0.2606	0.09394	0.14607
2539	0.49924	0.2603	0.09409	0.14637
2540	0.49954	0.26015	0.09409	0.14622
2541	0.49954	0.26015	0.09409	0.14622
2542	0.49954	0.26	0.09425	0.14622
2543	0.5003	0.26	0.09455	0.14515
2544	0.50076	0.25985	0.09455	0.14485
2545	0.50106	0.25985	0.09455	0.14455
2546	0.50075	0.25985	0.09455	0.14485
2547	0.50045	0.25985	0.0944	0.14531
2548	0.5003	0.25969	0.0944	0.14561
2549	0.50015	0.25985	0.09455	0.14546
2550	0.5003	0.26	0.09455	0.14516
2551	0.49985	0.25985	0.09455	0.14576
2552	0.49924	0.26	0.09455	0.14622
2553	0.49924	0.25985	0.09455	0.14637
2554	0.49879	0.25985	0.09455	0.14682
2555	0.49894	0.26015	0.09439	0.14652
2556	0.49864	0.26	0.09439	0.14697
2557	0.49894	0.25969	0.09484	0.14651
2558	0.49894	0.25969	0.09484	0.14651
2559	0.49848	0.25969	0.09484	0.14696
2560	0.49803	0.25969	0.09484	0.14742
2561	0.49833	0.25969	0.09469	0.14727
2562	0.49879	0.25954	0.09454	0.14712
2563	0.49864	0.25939	0.09454	0.14742
2564	0.49833	0.25939	0.09454	0.14772
2565	0.49833	0.25924	0.09454	0.14787
2566	0.49818	0.25894	0.09469	0.14817
2567	0.49894	0.25863	0.09469	0.14772
2568	0.4997	0.25848	0.09484	0.14696
2569	0.5003	0.25833	0.095	0.14636
2570	0.50015	0.25818	0.0953	0.14636
2571	0.49985	0.25833	0.09545	0.14636
2572	0.4997	0.25803	0.09545	0.14681
2573	0.5	0.25803	0.09515	0.14681
2574	0.5003	0.25863	0.09484	0.14621
2575	0.50015	0.25863	0.095	0.1462
2576	0.50061	0.25833	0.09484	0.14621
2577	0.50046	0.25803	0.09484	0.14667
2578	0.5003	0.25803	0.09484	0.14682
2579	0.50046	0.25818	0.09484	0.14651
2580	0.50061	0.25833	0.09469	0.14636
2581	0.50061	0.25818	0.09454	0.14667
2582	0.5003	0.25818	0.09454	0.14698
2583	0.49985	0.25833	0.09439	0.14743
2584	0.49985	0.25833	0.09439	0.14743
2585	0.50015	0.25803	0.09439	0.14743
2586	0.5	0.25788	0.09454	0.14758
2587	0.4997	0.25773	0.09484	0.14773
2588	0.49955	0.25773	0.095	0.14773
2589	0.4997	0.25758	0.09515	0.14758
2590	0.4997	0.25758	0.09515	0.14757
2591	0.49955	0.25758	0.095	0.14787
2592	0.49909	0.25742	0.095	0.14848
2593	0.49879	0.25742	0.09515	0.14863
2594	0.49909	0.25727	0.09515	0.14848
2595	0.4994	0.25727	0.09515	0.14818
2596	0.4994	0.25697	0.09515	0.14848
2597	0.49955	0.25712	0.09515	0.14818
2598	0.49985	0.25682	0.0953	0.14802
2599	0.5003	0.25697	0.0953	0.14742
2600	0.5003	0.25697	0.09545	0.14727
2601	0.5003	0.25697	0.09545	0.14726
2602	0.5003	0.25667	0.09575	0.14726
2603	0.50015	0.25682	0.09575	0.14726
2604	0.5	0.25697	0.09575	0.14726
2605	0.5003	0.25651	0.09575	0.14742
2606	0.50015	0.25636	0.09575	0.14773
2607	0.50015	0.25651	0.09606	0.14727
2608	0.50015	0.25651	0.09606	0.14727
2609	0.50061	0.25667	0.09606	0.14666
2610	0.50045	0.25667	0.09621	0.14666
2611	0.4997	0.25682	0.09636	0.14712
2612	0.4997	0.25667	0.09636	0.14727
2613	0.49954	0.25682	0.09621	0.14742
2614	0.49954	0.25667	0.09636	0.14742
2615	0.49954	0.25636	0.09636	0.14773
2616	0.49954	0.25636	0.09636	0.14773
2617	0.4997	0.25606	0.09666	0.14757
2618	0.5	0.25606	0.09666	0.14727
2619	0.49985	0.25591	0.09681	0.14742
2620	0.49985	0.25561	0.09681	0.14772
2621	0.4997	0.25561	0.09697	0.14773
2622	0.49985	0.25561	0.09697	0.14757
2623	0.4994	0.25561	0.09697	0.14803
2624	0.50015	0.25545	0.09697	0.14743
2625	0.50015	0.2553	0.09682	0.14773
2626	0.4994	0.25515	0.09727	0.14818
2627	0.49909	0.25515	0.09727	0.14848
2628	0.49894	0.2553	0.09742	0.14833
2629	0.49879	0.25546	0.09742	0.14833
2630	0.49925	0.25546	0.09712	0.14817
2631	0.49909	0.25546	0.09712	0.14833
2632	0.4994	0.25546	0.09712	0.14802
2633	0.4994	0.25515	0.09712	0.14833
2634	0.4997	0.25515	0.09712	0.14802
2635	0.49985	0.255	0.09712	0.14803
2636	0.5	0.25485	0.09712	0.14803
2637	0.50061	0.2547	0.09697	0.14772
2638	0.50091	0.25439	0.09712	0.14757
2639	0.50106	0.25424	0.09712	0.14757
2640	0.50076	0.25409	0.09712	0.14803
2641	0.50046	0.25379	0.09712	0.14863
2642	0.5	0.25379	0.09712	0.14909
2643	0.49985	0.25364	0.09727	0.14924
2644	0.4997	0.25349	0.09742	0.14939
2645	0.4997	0.25333	0.09742	0.14954
2646	0.49955	0.25318	0.09742	0.14984
2647	0.5	0.25318	0.09742	0.14939
2648	0.5006	0.25288	0.09727	0.14924
2649	0.50091	0.25288	0.09712	0.14908
2650	0.50091	0.25303	0.09727	0.14878
2651	0.50106	0.25303	0.09727	0.14863
2652	0.50151	0.25288	0.09712	0.14848
2653	0.50136	0.25318	0.09697	0.14848
2654	0.50136	0.25303	0.09712	0.14848
2655	0.50106	0.25303	0.09712	0.14879
2656	0.50075	0.25303	0.09727	0.14894
2657	0.5009	0.25288	0.09712	0.14909
2658	0.50106	0.25288	0.09712	0.14893
2659	0.50106	0.25273	0.09727	0.14893
2660	0.50121	0.25273	0.09712	0.14893
2661	0.50136	0.25273	0.09712	0.14878
2662	0.50166	0.25288	0.09712	0.14833
2663	0.50136	0.25303	0.09712	0.14848
2664	0.50166	0.25303	0.09712	0.14818
2665	0.50151	0.25303	0.09712	0.14833
2666	0.50136	0.25303	0.09697	0.14863
2667	0.50196	0.25303	0.09682	0.14818
2668	0.50196	0.25303	0.09682	0.14818
2669	0.50121	0.25303	0.09682	0.14894
2670	0.50151	0.25288	0.09682	0.14879
2671	0.50136	0.25288	0.09651	0.14924
2672	0.50181	0.25273	0.09651	0.14894
2673	0.50151	0.25273	0.09651	0.14924
2674	0.50136	0.25288	0.09636	0.14939
2675	0.50151	0.25288	0.09621	0.14939
2676	0.50167	0.25273	0.09636	0.14924
2677	0.50182	0.25273	0.09636	0.14909
2678	0.50152	0.25273	0.09636	0.14939
2679	0.50136	0.25288	0.09651	0.14924
2680	0.50136	0.25288	0.09651	0.14924
2681	0.50166	0.25257	0.09666	0.14909
2682	0.50226	0.25257	0.09651	0.14864
2683	0.50302	0.25272	0.09651	0.14772
2684	0.50348	0.25257	0.09651	0.14743
2685	0.50333	0.25257	0.09651	0.14757
2686	0.50393	0.25242	0.09651	0.14712
2687	0.50424	0.25242	0.09636	0.14697
2688	0.50424	0.25242	0.09636	0.14697
2689	0.50408	0.25227	0.09636	0.14727
2690	0.50378	0.25227	0.09621	0.14772
2691	0.50363	0.25212	0.09621	0.14803
2692	0.50424	0.25212	0.09606	0.14757
2693	0.50484	0.25197	0.09606	0.14712
2694	0.50454	0.25181	0.09621	0.14742
2695	0.50424	0.25197	0.09621	0.14757
2696	0.50439	0.25197	0.09621	0.14742
2697	0.50454	0.25197	0.09621	0.14727
2698	0.50469	0.25181	0.09636	0.14712
2699	0.50454	0.25181	0.09636	0.14727
2700	0.50409	0.25166	0.09666	0.14757
2701	0.50439	0.25166	0.09651	0.14742
2702	0.50393	0.25166	0.09651	0.14787
2703	0.50378	0.25166	0.09651	0.14802
2704	0.50394	0.25166	0.09666	0.14772
2705	0.50469	0.25151	0.09666	0.14712
2706	0.505	0.25181	0.09651	0.14666
2707	0.50485	0.25166	0.09651	0.14696
2708	0.5056	0.25166	0.09651	0.14621
2709	0.5059	0.25166	0.09651	0.14591
2710	0.50605	0.25181	0.09651	0.1456
2711	0.50621	0.25181	0.09666	0.1453
2712	0.50606	0.25197	0.09666	0.1453
2713	0.50636	0.25197	0.09651	0.14515
2714	0.50636	0.25227	0.09651	0.14485
2715	0.50636	0.25212	0.09651	0.14499
2716	0.50606	0.25212	0.09651	0.1453
2717	0.50621	0.25212	0.09636	0.1453
2718	0.50591	0.25212	0.09636	0.14561
2719	0.50636	0.25166	0.09651	0.14546
2720	0.50591	0.25166	0.09666	0.14576
2721	0.50591	0.25166	0.09681	0.14561
2722	0.5056	0.25197	0.09681	0.14561
2723	0.5056	0.25166	0.09697	0.14576
2724	0.5056	0.25181	0.09712	0.14546
2725	0.5056	0.25166	0.09757	0.14515
2726	0.50545	0.25181	0.09757	0.14515
2727	0.50576	0.25181	0.09757	0.14485
2728	0.50606	0.25181	0.09742	0.1447
2729	0.50606	0.25181	0.09742	0.1447
2730	0.50621	0.25181	0.09727	0.1447
2731	0.50606	0.25181	0.09727	0.14485
2732	0.50621	0.25166	0.09757	0.14454
2733	0.50499	0.25181	0.09757	0.1456
2734	0.50575	0.25151	0.09742	0.1453
2735	0.5059	0.25136	0.09757	0.14515
2736	0.50575	0.25106	0.09757	0.14561
2737	0.50575	0.25106	0.09742	0.14576
2738	0.50605	0.25106	0.09742	0.14545
2739	0.50605	0.25106	0.09742	0.14546
2740	0.50636	0.25106	0.09727	0.1453
2741	0.50651	0.25106	0.09712	0.1453
2742	0.50681	0.2509	0.09712	0.14515
2743	0.50696	0.25075	0.09697	0.1453
2744	0.50711	0.25075	0.09697	0.14515
2745	0.50651	0.25075	0.09742	0.14531
2746	0.5062	0.2506	0.09757	0.1456
2747	0.50636	0.2506	0.09772	0.1453
2748	0.50651	0.2506	0.09788	0.145
2749	0.50651	0.25045	0.09788	0.14515
2750	0.50681	0.2503	0.09788	0.145
2751	0.50711	0.25015	0.09788	0.14484
2752	0.50727	0.2503	0.09788	0.14454
2753	0.50711	0.2503	0.09772	0.14484
2754	0.50711	0.2503	0.09772	0.14484
2755	0.50711	0.25045	0.09772	0.14469
2756	0.50711	0.25045	0.09757	0.14484
2757	0.50742	0.25015	0.09772	0.1447
2758	0.50711	0.25	0.09772	0.14515
2759	0.50711	0.25	0.09772	0.14515
2760	0.50757	0.24939	0.09772	0.14531
2761	0.50772	0.24939	0.09757	0.1453
2762	0.50787	0.24939	0.09757	0.14515
2763	0.50803	0.24939	0.09757	0.145
2764	0.50803	0.24939	0.09772	0.14484
2765	0.50787	0.24939	0.09772	0.145
2766	0.50787	0.24924	0.09772	0.14515
2767	0.50742	0.24924	0.09772	0.14561
2768	0.50742	0.24924	0.09788	0.14545
2769	0.50727	0.24909	0.09788	0.14576
2770	0.50742	0.24909	0.09788	0.14561
2771	0.50757	0.24894	0.09772	0.14576
2772	0.50772	0.24894	0.09772	0.1456
2773	0.50803	0.24894	0.09757	0.14545
2774	0.50787	0.24894	0.09772	0.14545
2775	0.50833	0.24878	0.09772	0.14516
2776	0.50893	0.24863	0.09772	0.14469
2777	0.50802	0.24848	0.09772	0.14576
2778	0.50833	0.24848	0.09757	0.14561
2779	0.50802	0.24848	0.09757	0.14591
2780	0.50818	0.24863	0.09742	0.14576
2781	0.50787	0.24863	0.09757	0.14591
2782	0.50772	0.24863	0.09757	0.14606
2783	0.50772	0.24833	0.09788	0.14606
2784	0.50848	0.24818	0.09788	0.14546
2785	0.50848	0.24818	0.09818	0.14515
2786	0.50817	0.24833	0.09833	0.14515
2787	0.50802	0.24848	0.09833	0.14515
2788	0.50832	0.24833	0.09848	0.14485
2789	0.50833	0.24848	0.09848	0.14469
2790	0.50787	0.24833	0.09848	0.1453
2791	0.50757	0.24818	0.09848	0.14575
2792	0.50742	0.24818	0.09848	0.1459
2793	0.50772	0.24818	0.09848	0.1456
2794	0.50772	0.24803	0.09848	0.14576
2795	0.50802	0.24788	0.09848	0.1456
2796	0.50817	0.24788	0.09833	0.14561
2797	0.50878	0.24788	0.09833	0.145
2798	0.50893	0.24788	0.09833	0.14485
2799	0.50864	0.24788	0.09863	0.14485
2800	0.50832	0.24788	0.09909	0.14469
2801	0.50864	0.24772	0.09894	0.14469
2802	0.50848	0.24757	0.09878	0.14515
2803	0.50848	0.24772	0.09878	0.145
2804	0.50864	0.24757	0.09878	0.14499
2805	0.50848	0.24788	0.09894	0.1447
2806	0.50848	0.24788	0.09894	0.1447
2807	0.50909	0.24788	0.09894	0.14409
2808	0.50894	0.24772	0.09878	0.14454
2809	0.50894	0.24742	0.09878	0.14485
2810	0.50788	0.24712	0.09894	0.14606
2811	0.50833	0.24697	0.09894	0.14575
2812	0.50879	0.24682	0.09894	0.14545
2813	0.50939	0.24636	0.09863	0.1456
2814	0.5097	0.24606	0.09878	0.14545
2815	0.50955	0.24591	0.09894	0.14561
2816	0.50909	0.24591	0.09894	0.14606
2817	0.50939	0.24591	0.09894	0.14576
2818	0.50955	0.24545	0.09909	0.14591
2819	0.50955	0.2456	0.09894	0.14591
2820	0.5097	0.2456	0.09909	0.14561
2821	0.50985	0.2453	0.09924	0.1456
2822	0.51015	0.24515	0.09924	0.14545
2823	0.51	0.24515	0.09954	0.1453
2824	0.50985	0.245	0.09954	0.14561
2825	0.51015	0.24515	0.09954	0.14515
2826	0.5103	0.2453	0.09969	0.1447
2827	0.51015	0.2453	0.09985	0.1447
2828	0.50985	0.245	0.1003	0.14485
2829	0.50985	0.245	0.10015	0.145
2830	0.50985	0.24515	0.1	0.145
2831	0.51	0.245	0.1	0.145
2832	0.50985	0.245	0.1	0.14515
2833	0.50955	0.24485	0.1	0.14561
2834	0.50925	0.245	0.1	0.14576
2835	0.50925	0.24485	0.1	0.14591
2836	0.50924	0.24454	0.1	0.14621
2837	0.50954	0.24454	0.10015	0.14576
2838	0.50954	0.24439	0.10015	0.14591
2839	0.50969	0.24439	0.10015	0.14576
2840	0.50999	0.24439	0.10015	0.14546
2841	0.50985	0.24439	0.1003	0.14546
2842	0.50984	0.24439	0.1003	0.14545
2843	0.50984	0.24439	0.1003	0.14545
2844	0.50999	0.24409	0.10045	0.14545
2845	0.50984	0.24409	0.10045	0.14561
2846	0.50984	0.24424	0.10045	0.14545
2847	0.51015	0.24454	0.1003	0.145
2848	0.50999	0.24439	0.10045	0.14515
2849	0.51015	0.24454	0.10045	0.14485
2850	0.51046	0.24454	0.10045	0.14454
2851	0.51121	0.24409	0.10045	0.14424
2852	0.51091	0.24424	0.1003	0.14455
2853	0.5103	0.24439	0.10045	0.14485
2854	0.51076	0.24439	0.10045	0.1444
2855	0.51076	0.24439	0.10045	0.14439
2856	0.51046	0.24439	0.10045	0.1447
2857	0.51015	0.24439	0.1006	0.14485
2858	0.51	0.24409	0.1006	0.1453
2859	0.50985	0.24394	0.10076	0.14546
2860	0.5094	0.24394	0.10076	0.14591
2861	0.50925	0.24394	0.10076	0.14606
2862	0.50894	0.24394	0.10076	0.14636
2863	0.50894	0.24378	0.10106	0.14621
2864	0.50833	0.24378	0.10136	0.14651
2865	0.50863	0.24363	0.10136	0.14636
2866	0.50878	0.24348	0.10136	0.14636
2867	0.50848	0.24348	0.10136	0.14667
2868	0.50833	0.24333	0.10151	0.14681
2869	0.50863	0.24318	0.10151	0.14666
2870	0.50818	0.24318	0.10136	0.14727
2871	0.50787	0.24318	0.10121	0.14773
2872	0.50787	0.24318	0.10121	0.14773
2873	0.50787	0.24318	0.10121	0.14773
2874	0.50772	0.24272	0.10182	0.14773
2875	0.50802	0.24288	0.10167	0.14743
2876	0.50833	0.24288	0.10167	0.14712
2877	0.50833	0.24272	0.10182	0.14712
2878	0.50833	0.24257	0.10167	0.14742
2879	0.50803	0.24257	0.10167	0.14773
2880	0.50833	0.24257	0.10136	0.14773
2881	0.50848	0.24257	0.10136	0.14758
2882	0.50894	0.24257	0.10136	0.14712
2883	0.50848	0.24257	0.10151	0.14743
2884	0.50848	0.24272	0.10151	0.14728
2885	0.50818	0.24272	0.10151	0.14758
2886	0.50833	0.24272	0.10167	0.14727
2887	0.50833	0.24257	0.10167	0.14742
2888	0.50879	0.24257	0.10136	0.14727
2889	0.50894	0.24242	0.10136	0.14727
2890	0.50894	0.24227	0.10136	0.14742
2891	0.50894	0.24212	0.10151	0.14742
2892	0.50833	0.24212	0.10182	0.14773
2893	0.50848	0.24212	0.10182	0.14758
2894	0.50803	0.24227	0.10197	0.14773
2895	0.50879	0.24227	0.10182	0.14712
2896	0.50924	0.24197	0.10182	0.14697
2897	0.50985	0.24182	0.10182	0.14651
2898	0.5103	0.24167	0.10167	0.14636
2899	0.5103	0.24136	0.10151	0.14682
2900	0.5103	0.24136	0.10167	0.14667
2901	0.51045	0.24136	0.10167	0.14651
2902	0.51045	0.24091	0.10167	0.14697
2903	0.51	0.24106	0.10182	0.14712
2904	0.5103	0.24091	0.10197	0.14682
2905	0.50985	0.24076	0.10197	0.14742
2906	0.5103	0.24045	0.10167	0.14757
2907	0.51075	0.24045	0.10151	0.14727
2908	0.51091	0.24045	0.10151	0.14712
2909	0.51181	0.24045	0.10151	0.14622
2910	0.51212	0.2403	0.10136	0.14622
2911	0.51257	0.2403	0.10136	0.14575
2912	0.51257	0.24	0.10136	0.14606
2913	0.51242	0.23985	0.10167	0.14606
2914	0.51212	0.2397	0.10167	0.14652
2915	0.51227	0.2397	0.10167	0.14637
2916	0.51212	0.2397	0.10167	0.14652
2917	0.51257	0.23955	0.10167	0.14622
2918	0.51287	0.23924	0.10167	0.14621
2919	0.51333	0.23909	0.10167	0.14591
2920	0.51348	0.23894	0.10167	0.14591
2921	0.51363	0.23894	0.10182	0.14561
2922	0.51394	0.23894	0.10182	0.14531
2923	0.51439	0.23879	0.10182	0.145
2924	0.51484	0.23879	0.10182	0.14455
2925	0.51484	0.23879	0.10182	0.14455
2926	0.51484	0.23879	0.10182	0.14455
2927	0.51499	0.23879	0.10182	0.1444
2928	0.51515	0.23879	0.10182	0.14425
2929	0.5153	0.23864	0.10182	0.14424
2930	0.51469	0.23864	0.10182	0.14485
2931	0.51514	0.23818	0.10167	0.145
2932	0.5159	0.23803	0.10182	0.14425
2933	0.51575	0.23788	0.10182	0.14455
2934	0.51545	0.23803	0.10182	0.1447
2935	0.5159	0.23803	0.10197	0.14409
2936	0.51575	0.23803	0.10212	0.14409
2937	0.51575	0.23803	0.10227	0.14394
2938	0.5159	0.23818	0.10227	0.14364
2939	0.5153	0.23803	0.10273	0.14394
2940	0.5153	0.23803	0.10257	0.14409
2941	0.5153	0.23803	0.10257	0.14409
2942	0.51514	0.23803	0.10257	0.14424
2943	0.5156	0.23818	0.10257	0.14363
2944	0.5159	0.23818	0.10257	0.14333
2945	0.51575	0.23818	0.10257	0.14348
2946	0.5159	0.23803	0.10257	0.14348
2947	0.51605	0.23803	0.10257	0.14333
2948	0.51682	0.23818	0.10242	0.14258
2949	0.51682	0.23818	0.10242	0.14258
2950	0.51697	0.23803	0.10242	0.14258
2951	0.51651	0.23803	0.10242	0.14303
2952	0.51636	0.23803	0.10227	0.14333
2953	0.51636	0.23803	0.10227	0.14333
2954	0.5159	0.23788	0.10257	0.14364
2955	0.51545	0.23773	0.10273	0.14409
2956	0.51575	0.23758	0.10288	0.14379
2957	0.51545	0.23742	0.10288	0.14424
2958	0.5156	0.23727	0.10318	0.14394
2959	0.5156	0.23727	0.10363	0.14348
2960	0.51605	0.23712	0.10379	0.14303
2961	0.51575	0.23712	0.10379	0.14333
2962	0.5156	0.23712	0.10379	0.14348
2963	0.5153	0.23712	0.10363	0.14394
2964	0.5153	0.23727	0.10348	0.14394
2965	0.51515	0.23727	0.10348	0.14409
2966	0.51515	0.23773	0.10348	0.14364
2967	0.5153	0.23742	0.10348	0.14379
2968	0.51514	0.23742	0.10348	0.14394
2969	0.51546	0.23742	0.10348	0.14363
2970	0.51561	0.23742	0.10363	0.14333
2971	0.51591	0.23712	0.10363	0.14333
2972	0.51576	0.23712	0.10363	0.14349
2973	0.51591	0.23712	0.10363	0.14333
2974	0.51591	0.23682	0.10363	0.14364
2975	0.51545	0.23667	0.10363	0.14424
2976	0.51561	0.23667	0.10379	0.14394
2977	0.51576	0.23652	0.10394	0.14379
2978	0.51545	0.23652	0.10394	0.14409
2979	0.51576	0.23652	0.10394	0.14379
2980	0.51576	0.23621	0.10394	0.14409
2981	0.51545	0.23621	0.10379	0.14454
2982	0.515	0.23636	0.10394	0.1447
2983	0.515	0.23652	0.10394	0.14455
2984	0.515	0.23667	0.10394	0.1444
2985	0.515	0.23667	0.10409	0.14424
2986	0.515	0.23682	0.10409	0.14408
2987	0.51515	0.23667	0.10409	0.14409
2988	0.51515	0.23667	0.10409	0.14409
2989	0.51515	0.23652	0.10394	0.14439
2990	0.51545	0.23636	0.10394	0.14424
2991	0.51576	0.23636	0.10394	0.14394
2992	0.51545	0.23652	0.10394	0.14409
2993	0.5156	0.23652	0.10379	0.14409
2994	0.51621	0.23667	0.10348	0.14364
2995	0.51666	0.23652	0.10348	0.14334
2996	0.51666	0.23636	0.10379	0.14318
2997	0.51681	0.23621	0.10409	0.14288
2998	0.51651	0.23621	0.10439	0.14288
2999	0.51651	0.23606	0.1047	0.14272
				
