0	0.01492	0.01492	0.10445	0.20817	0.32859	0.46365	0.60384	0.96867	0.7723	0.47376	0.21688	0	0.006	0.22188	0.47876	0.7783	0.97367	0.60884	0.46865	0.33359	0.21317	0.10945	0.01992	0.01992
1	0.01396	0.01396	0.10191	0.20416	0.32332	0.45733	0.59684	0.97492	0.77224	0.47325	0.21695	0	0.006	0.22195	0.47825	0.77824	0.97992	0.60184	0.46233	0.32832	0.20916	0.10691	0.01896	0.01896
2	0.01306	0.01306	0.09945	0.20024	0.31813	0.45109	0.5899	0.98144	0.77203	0.47271	0.21699	0	0.006	0.22199	0.47771	0.77803	0.98644	0.5949	0.45609	0.32313	0.20524	0.10445	0.01806	0.01806
3	0.01222	0.01222	0.09712	0.19651	0.31319	0.44515	0.58327	0.98811	0.7717	0.47217	0.21698	0	0.006	0.22198	0.47717	0.7777	0.99311	0.58827	0.45015	0.31819	0.20151	0.10212	0.01722	0.01722
4	0.01144	0.01144	0.09497	0.19308	0.30864	0.43968	0.57718	0.99478	0.77098	0.47163	0.21692	0	0.006	0.22192	0.47663	0.77698	0.99978	0.58218	0.44468	0.31364	0.19808	0.09997	0.01644	0.01644
5	0.01072	0.01072	0.09305	0.19003	0.30461	0.43486	0.57182	1.00129	0.77077	0.4711	0.21682	0	0.006	0.22182	0.4761	0.77677	1.00629	0.57682	0.43986	0.30961	0.19503	0.09805	0.01572	0.01572
6	0.01007	0.01007	0.0914	0.18744	0.30121	0.43081	0.56733	1.00747	0.77001	0.4706	0.21665	0	0.006	0.22165	0.4756	0.77601	1.01247	0.57233	0.43581	0.30621	0.19244	0.0964	0.01507	0.01507
7	0.0095	0.0095	0.09006	0.18537	0.29851	0.42762	0.56383	1.01314	0.76908	0.4701	0.21644	0	0.006	0.22144	0.4751	0.77508	1.01814	0.56883	0.43262	0.30351	0.19037	0.09506	0.0145	0.0145
8	0.00902	0.00902	0.08905	0.18384	0.29656	0.42533	0.56134	1.01811	0.768	0.46959	0.21616	0	0.006	0.22116	0.47459	0.774	1.02311	0.56634	0.43033	0.30156	0.18884	0.09405	0.01402	0.01402
9	0.00863	0.00863	0.08838	0.18289	0.29536	0.42394	0.55984	1.02223	0.76679	0.46904	0.21584	0	0.006	0.22084	0.47404	0.77279	1.02723	0.56484	0.42894	0.30036	0.18789	0.09338	0.01363	0.01363
10	0.00835	0.00835	0.08807	0.1825	0.29489	0.42342	0.55927	1.02534	0.76548	0.46845	0.21547	0	0.006	0.22047	0.47345	0.77148	1.03034	0.56427	0.42842	0.29989	0.1875	0.09307	0.01335	0.01335
11	0.0082	0.0082	0.08811	0.18266	0.29511	0.42367	0.5595	1.02729	0.76398	0.46778	0.21506	0	0.006	0.22006	0.47278	0.76998	1.03229	0.5645	0.42867	0.30011	0.18766	0.09311	0.0132	0.0132
13	0.00824	0.00824	0.08857	0.18342	0.29608	0.42474	0.56046	1.02781	0.76262	0.46701	0.21462	0	0.006	0.21962	0.47201	0.76862	1.03281	0.56546	0.42974	0.30108	0.18842	0.09357	0.01324	0.01324
14	0.00838	0.00838	0.08927	0.18452	0.29743	0.42619	0.56181	1.02717	0.76119	0.4662	0.21416	0	0.006	0.21916	0.4712	0.76719	1.03217	0.56681	0.43119	0.30243	0.18952	0.09427	0.01338	0.01338
15	0.00868	0.00868	0.09026	0.186	0.29918	0.42802	0.56341	1.02513	0.7596	0.46531	0.21368	0	0.006	0.21868	0.47031	0.7656	1.03013	0.56841	0.43302	0.30418	0.191	0.09526	0.01368	0.01368
16	0.00916	0.00916	0.09152	0.18779	0.30124	0.43008	0.56509	1.02167	0.75843	0.46438	0.2132	0	0.006	0.2182	0.46938	0.76443	1.02667	0.57009	0.43508	0.30624	0.19279	0.09652	0.01416	0.01416
17	0.0098	0.0098	0.09301	0.18981	0.30348	0.4322	0.56665	1.0168	0.7566	0.46343	0.21273	0	0.006	0.21773	0.46843	0.7626	1.0218	0.57165	0.4372	0.30848	0.19481	0.09801	0.0148	0.0148
18	0.01061	0.01061	0.09468	0.192	0.3058	0.43426	0.56793	1.01057	0.75525	0.46249	0.21229	0	0.006	0.21729	0.46749	0.76125	1.01557	0.57293	0.43926	0.3108	0.197	0.09968	0.01561	0.01561
19	0.01158	0.01158	0.09651	0.19428	0.3081	0.43613	0.56878	1.00305	0.75401	0.46159	0.21187	0	0.006	0.21687	0.46659	0.76001	1.00805	0.57378	0.44113	0.3131	0.19928	0.10151	0.01658	0.01658
20	0.0127	0.0127	0.09845	0.19659	0.31029	0.43772	0.56912	0.99435	0.75293	0.46078	0.2115	0	0.006	0.2165	0.46578	0.75893	0.99935	0.57412	0.44272	0.31529	0.20159	0.10345	0.0177	0.0177
21	0.01394	0.01394	0.10045	0.19885	0.3123	0.43894	0.56889	0.98462	0.75203	0.46008	0.21118	0	0.006	0.21618	0.46508	0.75803	0.98962	0.57389	0.44394	0.3173	0.20385	0.10545	0.01894	0.01894
22	0.01528	0.01528	0.10247	0.20103	0.31408	0.43976	0.56805	0.97401	0.75135	0.45952	0.21092	0	0.006	0.21592	0.46452	0.75735	0.97901	0.57305	0.44476	0.31908	0.20603	0.10747	0.02028	0.02028
23	0.01669	0.01669	0.10447	0.20307	0.31558	0.44016	0.56665	0.96274	0.75081	0.45912	0.21072	0	0.006	0.21572	0.46412	0.75681	0.96774	0.57165	0.44516	0.32058	0.20807	0.10947	0.02169	0.02169
24	0.01814	0.01814	0.1064	0.20492	0.31678	0.44014	0.56471	0.95103	0.75057	0.45889	0.21059	0	0.006	0.21559	0.46389	0.75657	0.95603	0.56971	0.44514	0.32178	0.20992	0.1114	0.02314	0.02314
25	0.0196	0.0196	0.10823	0.20656	0.31767	0.43972	0.56234	0.93913	0.75059	0.45883	0.21052	0	0.006	0.21552	0.46383	0.75659	0.94413	0.56734	0.44472	0.32267	0.21156	0.11323	0.0246	0.0246
26	0.02102	0.02102	0.10989	0.20794	0.31823	0.43893	0.55962	0.9273	0.75095	0.45894	0.21053	0	0.006	0.21553	0.46394	0.75695	0.9323	0.56462	0.44393	0.32323	0.21294	0.11489	0.02602	0.02602
27	0.02238	0.02238	0.11137	0.20904	0.31847	0.43784	0.55668	0.91581	0.75133	0.45918	0.2106	0	0.006	0.2156	0.46418	0.75733	0.92081	0.56168	0.44284	0.32347	0.21404	0.11637	0.02738	0.02738
28	0.02362	0.02362	0.1126	0.20983	0.31838	0.43647	0.55361	0.90495	0.7519	0.45956	0.21073	0	0.006	0.21573	0.46456	0.7579	0.90995	0.55861	0.44147	0.32338	0.21483	0.1176	0.02862	0.02862
29	0.02471	0.02471	0.11356	0.21028	0.31797	0.43489	0.55053	0.89496	0.75263	0.46003	0.21091	0	0.006	0.21591	0.46503	0.75863	0.89996	0.55553	0.43989	0.32297	0.21528	0.11856	0.02971	0.02971
30	0.02562	0.02562	0.11421	0.21037	0.31724	0.43312	0.54753	0.88611	0.75347	0.46057	0.21114	0	0.006	0.21614	0.46557	0.75947	0.89111	0.55253	0.43812	0.32224	0.21537	0.11921	0.03062	0.03062
31	0.02632	0.02632	0.11452	0.21009	0.31619	0.4312	0.54468	0.8786	0.75439	0.46116	0.2114	0	0.006	0.2164	0.46616	0.76039	0.8836	0.54968	0.4362	0.32119	0.21509	0.11952	0.03132	0.03132
32	0.02679	0.02679	0.11446	0.20941	0.31483	0.42916	0.54203	0.87262	0.75537	0.46178	0.21169	0	0.006	0.21669	0.46678	0.76137	0.87762	0.54703	0.43416	0.31983	0.21441	0.11946	0.03179	0.03179
34	0.02704	0.02704	0.11412	0.20844	0.31328	0.42713	0.53968	0.86814	0.75635	0.46236	0.212	0	0.006	0.217	0.46736	0.76235	0.87314	0.54468	0.43213	0.31828	0.21344	0.11912	0.03204	0.03204
35	0.02699	0.02699	0.1133	0.20695	0.31127	0.42484	0.53745	0.86557	0.75741	0.46296	0.21231	0	0.006	0.21731	0.46796	0.76341	0.87057	0.54245	0.42984	0.31627	0.21195	0.1183	0.03199	0.03199
36	0.02667	0.02667	0.1121	0.20505	0.30894	0.42241	0.5354	0.86479	0.75839	0.46353	0.21262	0	0.006	0.21762	0.46853	0.76439	0.86979	0.5404	0.42741	0.31394	0.21005	0.1171	0.03167	0.03167
37	0.0261	0.0261	0.11054	0.20275	0.30628	0.41982	0.53347	0.86578	0.75975	0.46406	0.21292	0	0.006	0.21792	0.46906	0.76575	0.87078	0.53847	0.42482	0.31128	0.20775	0.11554	0.0311	0.0311
38	0.02529	0.02529	0.10863	0.20009	0.30329	0.41704	0.53159	0.86845	0.7605	0.46455	0.21321	0	0.006	0.21821	0.46955	0.7665	0.87345	0.53659	0.42204	0.30829	0.20509	0.11363	0.03029	0.03029
39	0.02426	0.02426	0.10642	0.19708	0.3	0.41405	0.52967	0.8727	0.76117	0.46499	0.21347	0	0.006	0.21847	0.46999	0.76717	0.8777	0.53467	0.41905	0.305	0.20208	0.11142	0.02926	0.02926
40	0.02306	0.02306	0.10393	0.19376	0.2964	0.41083	0.52764	0.87835	0.76173	0.46537	0.21371	0	0.006	0.21871	0.47037	0.76773	0.88335	0.53264	0.41583	0.3014	0.19876	0.10893	0.02806	0.02806
41	0.02171	0.02171	0.10123	0.19017	0.29254	0.40736	0.52542	0.88521	0.76217	0.4657	0.21391	0	0.006	0.21891	0.4707	0.76817	0.89021	0.53042	0.41236	0.29754	0.19517	0.10623	0.02671	0.02671
42	0.02026	0.02026	0.09837	0.18638	0.28843	0.40364	0.52294	0.89308	0.7625	0.46597	0.21408	0	0.006	0.21908	0.47097	0.7685	0.89808	0.52794	0.40864	0.29343	0.19138	0.10337	0.02526	0.02526
43	0.01876	0.01876	0.0954	0.18244	0.28414	0.39967	0.52016	0.90171	0.7627	0.46617	0.21422	0	0.006	0.21922	0.47117	0.7687	0.90671	0.52516	0.40467	0.28914	0.18744	0.1004	0.02376	0.02376
44	0.01723	0.01723	0.09238	0.17841	0.27969	0.39548	0.51706	0.91087	0.76275	0.4663	0.21432	0	0.006	0.21932	0.4713	0.76875	0.91587	0.52206	0.40048	0.28469	0.18341	0.09738	0.02223	0.02223
45	0.01573	0.01573	0.08937	0.17435	0.27516	0.39112	0.51364	0.92034	0.76269	0.46635	0.21438	0	0.006	0.21938	0.47135	0.76869	0.92534	0.51864	0.39612	0.28016	0.17935	0.09437	0.02073	0.02073
46	0.01428	0.01428	0.08643	0.17033	0.27062	0.38664	0.50995	0.92991	0.76248	0.46633	0.21441	0	0.006	0.21941	0.47133	0.76848	0.93491	0.51495	0.39164	0.27562	0.17533	0.09143	0.01928	0.01928
47	0.01291	0.01291	0.08359	0.16641	0.26612	0.38212	0.50604	0.93938	0.76213	0.46621	0.21439	0	0.006	0.21939	0.47121	0.76813	0.94438	0.51104	0.38712	0.27112	0.17141	0.08859	0.01791	0.01791
48	0.01165	0.01165	0.08091	0.16266	0.26176	0.37763	0.50201	0.94857	0.76117	0.46602	0.21434	0	0.006	0.21934	0.47102	0.76717	0.95357	0.50701	0.38263	0.26676	0.16766	0.08591	0.01665	0.01665
49	0.01051	0.01051	0.07842	0.15913	0.2576	0.37328	0.49797	0.95735	0.76063	0.46573	0.21425	0	0.006	0.21925	0.47073	0.76663	0.96235	0.50297	0.37828	0.2626	0.16413	0.08342	0.01551	0.01551
50	0.0095	0.0095	0.07616	0.15588	0.25374	0.36917	0.49404	0.96557	0.75998	0.46537	0.21412	0	0.006	0.21912	0.47037	0.76598	0.97057	0.49904	0.37417	0.25874	0.16088	0.08116	0.0145	0.0145
51	0.00861	0.00861	0.07414	0.15297	0.25023	0.36541	0.49037	0.97315	0.75925	0.46494	0.21397	0	0.006	0.21897	0.46994	0.76525	0.97815	0.49537	0.37041	0.25523	0.15797	0.07914	0.01361	0.01361
52	0.00786	0.00786	0.0724	0.15043	0.24717	0.36209	0.48709	0.97999	0.75843	0.46445	0.21378	0	0.006	0.21878	0.46945	0.76443	0.98499	0.49209	0.36709	0.25217	0.15543	0.0774	0.01286	0.01286
53	0.00725	0.00725	0.07095	0.1483	0.2446	0.3593	0.48431	0.98601	0.75756	0.46391	0.21357	0	0.006	0.21857	0.46891	0.76356	0.99101	0.48931	0.3643	0.2496	0.1533	0.07595	0.01225	0.01225
55	0.0068	0.0068	0.06988	0.14674	0.24272	0.35726	0.48223	0.99097	0.75665	0.46332	0.21335	0	0.006	0.21835	0.46832	0.76265	0.99597	0.48723	0.36226	0.24772	0.15174	0.07488	0.0118	0.0118
56	0.00643	0.00643	0.06905	0.14555	0.2413	0.35575	0.48075	0.99514	0.75574	0.46276	0.21312	0	0.006	0.21812	0.46776	0.76174	1.00014	0.48575	0.36075	0.2463	0.15055	0.07405	0.01143	0.01143
57	0.0062	0.0062	0.06854	0.14485	0.2405	0.35495	0.48002	0.9983	0.75485	0.46221	0.21288	0	0.006	0.21788	0.46721	0.76085	1.0033	0.48502	0.35995	0.2455	0.14985	0.07354	0.0112	0.0112
58	0.00608	0.00608	0.06837	0.14465	0.24035	0.35487	0.48005	1.00036	0.75401	0.46169	0.21265	0	0.006	0.21765	0.46669	0.76001	1.00536	0.48505	0.35987	0.24535	0.14965	0.07337	0.01108	0.01108
59	0.0061	0.0061	0.06854	0.14498	0.24083	0.35551	0.48081	1.00127	0.75324	0.46124	0.21244	0	0.006	0.21744	0.46624	0.75924	1.00627	0.48581	0.36051	0.24583	0.14998	0.07354	0.0111	0.0111
60	0.00627	0.00627	0.06905	0.14581	0.24193	0.35682	0.48226	1.00094	0.75259	0.46086	0.21226	0	0.006	0.21726	0.46586	0.75859	1.00594	0.48726	0.36182	0.24693	0.15081	0.07405	0.01127	0.01127
61	0.00658	0.00658	0.0699	0.14713	0.24362	0.35876	0.4843	0.99932	0.75207	0.46057	0.21211	0	0.006	0.21711	0.46557	0.75807	1.00432	0.4893	0.36376	0.24862	0.15213	0.0749	0.01158	0.01158
62	0.00704	0.00704	0.07109	0.14892	0.24585	0.36124	0.48682	0.99636	0.75173	0.46039	0.212	0	0.006	0.217	0.46539	0.75773	1.00136	0.49182	0.36624	0.25085	0.15392	0.07609	0.01204	0.01204
63	0.00768	0.00768	0.07261	0.15115	0.24855	0.36417	0.48969	0.99201	0.75157	0.46032	0.21194	0	0.006	0.21694	0.46532	0.75757	0.99701	0.49469	0.36917	0.25355	0.15615	0.07761	0.01268	0.01268
64	0.00848	0.00848	0.07444	0.15378	0.25166	0.36745	0.49278	0.98626	0.75161	0.46036	0.21193	0	0.006	0.21693	0.46536	0.75761	0.99126	0.49778	0.37245	0.25666	0.15878	0.07944	0.01348	0.01348
65	0.00945	0.00945	0.07656	0.15675	0.25511	0.37098	0.49593	0.97914	0.75186	0.46052	0.21198	0	0.006	0.21698	0.46552	0.75786	0.98414	0.50093	0.37598	0.26011	0.16175	0.08156	0.01445	0.01445
66	0.0106	0.0106	0.07894	0.16001	0.2588	0.37463	0.49902	0.9707	0.75233	0.46079	0.21208	0	0.006	0.21708	0.46579	0.75833	0.9757	0.50402	0.37963	0.2638	0.16501	0.08394	0.0156	0.0156
67	0.01191	0.01191	0.08154	0.16349	0.26265	0.37831	0.50193	0.96104	0.75299	0.46117	0.21223	0	0.006	0.21723	0.46617	0.75899	0.96604	0.50693	0.38331	0.26765	0.16849	0.08654	0.01691	0.01691
68	0.01336	0.01336	0.08432	0.16713	0.26657	0.38193	0.50457	0.95032	0.75384	0.46165	0.21243	0	0.006	0.21743	0.46665	0.75984	0.95532	0.50957	0.38693	0.27157	0.17213	0.08932	0.01836	0.01836
69	0.01493	0.01493	0.08722	0.17085	0.2705	0.3854	0.50686	0.93873	0.75428	0.46221	0.21268	0	0.006	0.21768	0.46721	0.76028	0.94373	0.51186	0.3904	0.2755	0.17585	0.09222	0.01993	0.01993
70	0.01661	0.01661	0.0902	0.17459	0.27435	0.38867	0.50877	0.92651	0.75544	0.46284	0.21296	0	0.006	0.21796	0.46784	0.76144	0.93151	0.51377	0.39367	0.27935	0.17959	0.0952	0.02161	0.02161
71	0.01834	0.01834	0.09319	0.17828	0.27806	0.39169	0.5103	0.91396	0.75667	0.46353	0.21327	0	0.006	0.21827	0.46853	0.76267	0.91896	0.5153	0.39669	0.28306	0.18328	0.09819	0.02334	0.02334
72	0.02011	0.02011	0.09613	0.18185	0.28157	0.39443	0.51146	0.90137	0.75793	0.46426	0.21359	0	0.006	0.21859	0.46926	0.76393	0.90637	0.51646	0.39943	0.28657	0.18685	0.10113	0.02511	0.02511
73	0.02185	0.02185	0.09897	0.18523	0.28483	0.39687	0.51229	0.8891	0.75916	0.46501	0.21393	0	0.006	0.21893	0.47001	0.76516	0.8941	0.51729	0.40187	0.28983	0.19023	0.10397	0.02685	0.02685
74	0.02354	0.02354	0.10164	0.18836	0.2878	0.39901	0.51286	0.87747	0.76039	0.46576	0.21427	0	0.006	0.21927	0.47076	0.76639	0.88247	0.51786	0.40401	0.2928	0.19336	0.10664	0.02854	0.02854
76	0.02516	0.02516	0.10416	0.19129	0.29057	0.40099	0.51332	0.86666	0.76152	0.46648	0.21462	0	0.006	0.21962	0.47148	0.76752	0.87166	0.51832	0.40599	0.29557	0.19629	0.10916	0.03016	0.03016
77	0.02659	0.02659	0.10631	0.19375	0.29284	0.40255	0.51358	0.85733	0.76258	0.46719	0.21494	0	0.006	0.21994	0.47219	0.76858	0.86233	0.51858	0.40755	0.29784	0.19875	0.11131	0.03159	0.03159
78	0.02783	0.02783	0.10811	0.19579	0.29471	0.40383	0.51379	0.84959	0.76357	0.46786	0.21525	0	0.006	0.22025	0.47286	0.76957	0.85459	0.51879	0.40883	0.29971	0.20079	0.11311	0.03283	0.03283
79	0.02882	0.02882	0.10953	0.19738	0.29617	0.40484	0.51399	0.84365	0.76447	0.46848	0.21553	0	0.006	0.22053	0.47348	0.77047	0.84865	0.51899	0.40984	0.30117	0.20238	0.11453	0.03382	0.03382
80	0.02956	0.02956	0.11053	0.19848	0.29719	0.40558	0.51422	0.83971	0.76527	0.46903	0.21579	0	0.006	0.22079	0.47403	0.77127	0.84471	0.51922	0.41058	0.30219	0.20348	0.11553	0.03456	0.03456
81	0.03	0.03	0.11106	0.19906	0.29776	0.40605	0.51451	0.83784	0.76649	0.4695	0.21601	0	0.006	0.22101	0.4745	0.77249	0.84284	0.51951	0.41105	0.30276	0.20406	0.11606	0.035	0.035
82	0.03012	0.03012	0.11113	0.19912	0.29785	0.40623	0.51484	0.8381	0.76701	0.46989	0.2162	0	0.006	0.2212	0.47489	0.77301	0.8431	0.51984	0.41123	0.30285	0.20412	0.11613	0.03512	0.03512
83	0.02993	0.02993	0.11072	0.19863	0.29746	0.4061	0.51518	0.84044	0.76764	0.47018	0.21636	0	0.006	0.22136	0.47518	0.77364	0.84544	0.52018	0.4111	0.30246	0.20363	0.11572	0.03493	0.03493
84	0.02942	0.02942	0.10985	0.19762	0.29659	0.40566	0.5155	0.84475	0.76787	0.47039	0.21648	0	0.006	0.22148	0.47539	0.77387	0.84975	0.5205	0.41066	0.30159	0.20262	0.11485	0.03442	0.03442
85	0.02862	0.02862	0.10853	0.19611	0.29524	0.40488	0.51573	0.85086	0.76801	0.4705	0.21657	0	0.006	0.22157	0.4755	0.77401	0.85586	0.52073	0.40988	0.30024	0.20111	0.11353	0.03362	0.03362
86	0.02755	0.02755	0.10681	0.19412	0.29345	0.40375	0.51582	0.85855	0.768	0.47051	0.21662	0	0.006	0.22162	0.47551	0.774	0.86355	0.52082	0.40875	0.29845	0.19912	0.11181	0.03255	0.03255
87	0.02626	0.02626	0.10474	0.19172	0.29123	0.40227	0.5157	0.86758	0.76787	0.47043	0.21663	0	0.006	0.22163	0.47543	0.77387	0.87258	0.5207	0.40727	0.29623	0.19672	0.10974	0.03126	0.03126
88	0.02478	0.02478	0.10238	0.18896	0.28864	0.40044	0.51534	0.87766	0.7676	0.47026	0.2166	0	0.006	0.2216	0.47526	0.7736	0.88266	0.52034	0.40544	0.29364	0.19396	0.10738	0.02978	0.02978
89	0.0232	0.0232	0.09982	0.18593	0.28573	0.3983	0.51468	0.88849	0.76714	0.47001	0.21654	0	0.006	0.22154	0.47501	0.77314	0.89349	0.51968	0.4033	0.29073	0.19093	0.10482	0.0282	0.0282
90	0.02155	0.02155	0.09713	0.1827	0.28259	0.39587	0.51372	0.8998	0.76652	0.46967	0.21643	0	0.006	0.22143	0.47467	0.77252	0.9048	0.51872	0.40087	0.28759	0.1877	0.10213	0.02655	0.02655
91	0.01992	0.01992	0.09439	0.17938	0.27928	0.39322	0.51247	0.91131	0.76576	0.46927	0.2163	0	0.006	0.2213	0.47427	0.77176	0.91631	0.51747	0.39822	0.28428	0.18438	0.09939	0.02492	0.02492
92	0.01835	0.01835	0.0917	0.17604	0.2759	0.39041	0.51095	0.92276	0.76488	0.46879	0.21613	0	0.006	0.22113	0.47379	0.77088	0.92776	0.51595	0.39541	0.2809	0.18104	0.0967	0.02335	0.02335
93	0.0169	0.0169	0.08912	0.17279	0.27253	0.38752	0.50921	0.93393	0.76388	0.46827	0.21593	0	0.006	0.22093	0.47327	0.76988	0.93893	0.51421	0.39252	0.27753	0.17779	0.09412	0.0219	0.0219
94	0.01561	0.01561	0.08672	0.16971	0.26928	0.38464	0.50733	0.94464	0.76258	0.4677	0.21571	0	0.006	0.22071	0.4727	0.76858	0.94964	0.51233	0.38964	0.27428	0.17471	0.09172	0.02061	0.02061
95	0.01451	0.01451	0.08454	0.16686	0.26622	0.38185	0.50539	0.95473	0.7615	0.4671	0.21547	0	0.006	0.22047	0.4721	0.7675	0.95973	0.51039	0.38685	0.27122	0.17186	0.08954	0.01951	0.01951
97	0.01364	0.01364	0.08273	0.16442	0.26356	0.37939	0.50357	0.96389	0.7604	0.46645	0.21522	0	0.006	0.22022	0.47145	0.7664	0.96889	0.50857	0.38439	0.26856	0.16942	0.08773	0.01864	0.01864
98	0.01291	0.01291	0.08111	0.1622	0.26111	0.37706	0.5018	0.97237	0.75929	0.46584	0.21496	0	0.006	0.21996	0.47084	0.76529	0.97737	0.5068	0.38206	0.26611	0.1672	0.08611	0.01791	0.01791
99	0.01236	0.01236	0.07979	0.16036	0.25904	0.37507	0.50026	0.97993	0.75824	0.46523	0.21471	0	0.006	0.21971	0.47023	0.76424	0.98493	0.50526	0.38007	0.26404	0.16536	0.08479	0.01736	0.01736
100	0.01196	0.01196	0.07875	0.1589	0.25739	0.37349	0.49905	0.98649	0.75724	0.46466	0.21446	0	0.006	0.21946	0.46966	0.76324	0.99149	0.50405	0.37849	0.26239	0.1639	0.08375	0.01696	0.01696
101	0.01167	0.01167	0.078	0.15783	0.25621	0.37237	0.49823	0.992	0.75635	0.46413	0.21422	0	0.006	0.21922	0.46913	0.76235	0.997	0.50323	0.37737	0.26121	0.16283	0.083	0.01667	0.01667
102	0.01147	0.01147	0.0775	0.15717	0.2555	0.37175	0.49786	0.99643	0.75556	0.46366	0.21401	0	0.006	0.21901	0.46866	0.76156	1.00143	0.50286	0.37675	0.2605	0.16217	0.0825	0.01647	0.01647
103	0.01134	0.01134	0.07726	0.1569	0.25528	0.37166	0.498	0.99973	0.7549	0.46327	0.21383	0	0.006	0.21883	0.46827	0.7609	1.00473	0.503	0.37666	0.26028	0.1619	0.08226	0.01634	0.01634
104	0.01126	0.01126	0.07727	0.15704	0.25557	0.37212	0.49866	1.00188	0.7544	0.46295	0.21369	0	0.006	0.21869	0.46795	0.7604	1.00688	0.50366	0.37712	0.26057	0.16204	0.08227	0.01626	0.01626
105	0.01125	0.01125	0.07755	0.1576	0.25639	0.37314	0.49987	1.00285	0.75406	0.46273	0.21358	0	0.006	0.21858	0.46773	0.76006	1.00785	0.50487	0.37814	0.26139	0.1626	0.08255	0.01625	0.01625
106	0.01135	0.01135	0.07812	0.15861	0.25774	0.37475	0.50162	1.00262	0.7539	0.4626	0.21351	0	0.006	0.21851	0.4676	0.7599	1.00762	0.50662	0.37975	0.26274	0.16361	0.08312	0.01635	0.01635
107	0.0116	0.0116	0.07903	0.16009	0.25966	0.37694	0.5039	1.0012	0.75391	0.46257	0.21348	0	0.006	0.21848	0.46757	0.75991	1.0062	0.5089	0.38194	0.26466	0.16509	0.08403	0.0166	0.0166
108	0.01209	0.01209	0.08034	0.16211	0.26217	0.37972	0.5067	0.9986	0.75407	0.46264	0.21349	0	0.006	0.21849	0.46764	0.76007	1.0036	0.5117	0.38472	0.26717	0.16711	0.08534	0.01709	0.01709
109	0.0129	0.0129	0.08213	0.1647	0.26531	0.3831	0.50997	0.99486	0.75439	0.46279	0.21354	0	0.006	0.21854	0.46779	0.76039	0.99986	0.51497	0.3881	0.27031	0.1697	0.08713	0.0179	0.0179
110	0.01413	0.01413	0.08448	0.16794	0.2691	0.38707	0.5137	0.99005	0.75485	0.46303	0.21363	0	0.006	0.21863	0.46803	0.76085	0.99505	0.5187	0.39207	0.2741	0.17294	0.08948	0.01913	0.01913
111	0.01589	0.01589	0.08745	0.17185	0.27356	0.39163	0.51784	0.98426	0.75543	0.46334	0.21374	0	0.006	0.21874	0.46834	0.76143	0.98926	0.52284	0.39663	0.27856	0.17685	0.09245	0.02089	0.02089
112	0.01824	0.01824	0.09112	0.17649	0.2787	0.39676	0.52234	0.97763	0.7561	0.4637	0.21387	0	0.006	0.21887	0.4687	0.7621	0.98263	0.52734	0.40176	0.2837	0.18149	0.09612	0.02324	0.02324
113	0.02126	0.02126	0.0955	0.18185	0.2845	0.40243	0.52715	0.9703	0.75683	0.4641	0.21402	0	0.006	0.21902	0.4691	0.76283	0.9753	0.53215	0.40743	0.2895	0.18685	0.1005	0.02626	0.02626
114	0.02497	0.02497	0.10061	0.18791	0.29094	0.40859	0.53222	0.96245	0.75759	0.46453	0.21418	0	0.006	0.21918	0.46953	0.76359	0.96745	0.53722	0.41359	0.29594	0.19291	0.10561	0.02997	0.02997
115	0.02936	0.02936	0.10641	0.19462	0.29792	0.41515	0.53748	0.95429	0.75828	0.46497	0.21435	0	0.006	0.21935	0.46997	0.76428	0.95929	0.54248	0.42015	0.30292	0.19962	0.11141	0.03436	0.03436
116	0.03436	0.03436	0.1128	0.20186	0.30536	0.42202	0.54285	0.94601	0.75853	0.4654	0.21451	0	0.006	0.21951	0.4704	0.76453	0.95101	0.54785	0.42702	0.31036	0.20686	0.1178	0.03936	0.03936
118	0.03991	0.03991	0.11973	0.20962	0.31324	0.42921	0.54832	0.93767	0.75899	0.46579	0.21467	0	0.006	0.21967	0.47079	0.76499	0.94267	0.55332	0.43421	0.31824	0.21462	0.12473	0.04491	0.04491
119	0.04575	0.04575	0.12686	0.21747	0.32111	0.43631	0.55364	0.92982	0.75977	0.46616	0.21482	0	0.006	0.21982	0.47116	0.76577	0.93482	0.55864	0.44131	0.32611	0.22247	0.13186	0.05075	0.05075
120	0.05173	0.05173	0.13406	0.22532	0.32891	0.44329	0.55879	0.92249	0.7607	0.4665	0.21494	0	0.006	0.21994	0.4715	0.7667	0.92749	0.56379	0.44829	0.33391	0.23032	0.13906	0.05673	0.05673
121	0.05761	0.05761	0.14107	0.23292	0.33643	0.44997	0.56366	0.91589	0.76172	0.46677	0.21505	0	0.006	0.22005	0.47177	0.76772	0.92089	0.56866	0.45497	0.34143	0.23792	0.14607	0.06261	0.06261
122	0.06315	0.06315	0.14764	0.24002	0.34345	0.45618	0.56817	0.91016	0.76251	0.46699	0.21513	0	0.006	0.22013	0.47199	0.76851	0.91516	0.57317	0.46118	0.34845	0.24502	0.15264	0.06815	0.06815
123	0.0681	0.0681	0.15352	0.24639	0.34974	0.46176	0.5722	0.90545	0.76296	0.46713	0.21518	0	0.006	0.22018	0.47213	0.76896	0.91045	0.5772	0.46676	0.35474	0.25139	0.15852	0.0731	0.0731
124	0.07222	0.07222	0.15846	0.25178	0.35511	0.46655	0.5757	0.90188	0.76325	0.46719	0.2152	0	0.006	0.2202	0.47219	0.76925	0.90688	0.5807	0.47155	0.36011	0.25678	0.16346	0.07722	0.07722
125	0.07532	0.07532	0.16228	0.25602	0.35941	0.47044	0.57859	0.89951	0.76355	0.46717	0.2152	0	0.006	0.2202	0.47217	0.76955	0.90451	0.58359	0.47544	0.36441	0.26102	0.16728	0.08032	0.08032
126	0.07723	0.07723	0.16481	0.25897	0.3625	0.47333	0.58084	0.89839	0.76357	0.46707	0.21516	0	0.006	0.22016	0.47207	0.76957	0.90339	0.58584	0.47833	0.3675	0.26397	0.16981	0.08223	0.08223
127	0.07788	0.07788	0.16596	0.26054	0.36432	0.47519	0.58244	0.89854	0.76356	0.46689	0.21508	0	0.006	0.22008	0.47189	0.76956	0.90354	0.58744	0.48019	0.36932	0.26554	0.17096	0.08288	0.08288
128	0.07724	0.07724	0.16572	0.26071	0.36486	0.47602	0.58341	0.89995	0.76391	0.46662	0.21498	0	0.006	0.21998	0.47162	0.76991	0.90495	0.58841	0.48102	0.36986	0.26571	0.17072	0.08224	0.08224
129	0.07534	0.07534	0.16411	0.25952	0.36417	0.47585	0.58378	0.90256	0.76359	0.46627	0.21484	0	0.006	0.21984	0.47127	0.76959	0.90756	0.58878	0.48085	0.36917	0.26452	0.16911	0.08034	0.08034
130	0.07229	0.07229	0.16127	0.2571	0.36235	0.47478	0.58363	0.90633	0.76273	0.46584	0.21467	0	0.006	0.21967	0.47084	0.76873	0.91133	0.58863	0.47978	0.36735	0.2621	0.16627	0.07729	0.07729
131	0.06827	0.06827	0.15735	0.25359	0.35954	0.47292	0.58303	0.91114	0.76152	0.46534	0.21447	0	0.006	0.21947	0.47034	0.76752	0.91614	0.58803	0.47792	0.36454	0.25859	0.16235	0.07327	0.07327
132	0.06347	0.06347	0.15257	0.24921	0.35593	0.47044	0.58209	0.91689	0.76001	0.46477	0.21425	0	0.006	0.21925	0.46977	0.76601	0.92189	0.58709	0.47544	0.36093	0.25421	0.15757	0.06847	0.06847
133	0.05815	0.05815	0.14717	0.24419	0.35173	0.46749	0.58092	0.92346	0.75851	0.46416	0.21401	0	0.006	0.21901	0.46916	0.76451	0.92846	0.58592	0.47249	0.35673	0.24919	0.15217	0.06315	0.06315
134	0.05256	0.05256	0.14142	0.23878	0.34716	0.46425	0.57961	0.93069	0.75714	0.46349	0.21374	0	0.006	0.21874	0.46849	0.76314	0.93569	0.58461	0.46925	0.35216	0.24378	0.14642	0.05756	0.05756
135	0.04695	0.04695	0.13557	0.23322	0.34244	0.4609	0.57828	0.93841	0.75578	0.4628	0.21347	0	0.006	0.21847	0.4678	0.76178	0.94341	0.58328	0.4659	0.34744	0.23822	0.14057	0.05195	0.05195
136	0.04154	0.04154	0.12986	0.22776	0.33777	0.45758	0.577	0.94647	0.7549	0.4621	0.21319	0	0.006	0.21819	0.4671	0.7609	0.95147	0.582	0.46258	0.34277	0.23276	0.13486	0.04654	0.04654
137	0.03654	0.03654	0.1245	0.22258	0.33332	0.45443	0.57586	0.95467	0.75349	0.46139	0.2129	0	0.006	0.2179	0.46639	0.75949	0.95967	0.58086	0.45943	0.33832	0.22758	0.1295	0.04154	0.04154
139	0.03214	0.03214	0.11973	0.21796	0.32939	0.45171	0.57497	0.96266	0.75208	0.46067	0.21263	0	0.006	0.21763	0.46567	0.75808	0.96766	0.57997	0.45671	0.33439	0.22296	0.12473	0.03714	0.03714
140	0.02835	0.02835	0.1155	0.2138	0.3258	0.44921	0.57423	0.97061	0.75065	0.46002	0.21237	0	0.006	0.21737	0.46502	0.75665	0.97561	0.57923	0.45421	0.3308	0.2188	0.1205	0.03335	0.03335
141	0.02525	0.02525	0.11196	0.21026	0.32274	0.44712	0.57373	0.97817	0.7496	0.45942	0.21213	0	0.006	0.21713	0.46442	0.7556	0.98317	0.57873	0.45212	0.32774	0.21526	0.11696	0.03025	0.03025
142	0.02286	0.02286	0.10912	0.20739	0.32026	0.44546	0.57347	0.98517	0.74867	0.45888	0.21191	0	0.006	0.21691	0.46388	0.75467	0.99017	0.57847	0.45046	0.32526	0.21239	0.11412	0.02786	0.02786
143	0.02113	0.02113	0.10695	0.20516	0.31834	0.44424	0.57344	0.99146	0.74788	0.45842	0.21173	0	0.006	0.21673	0.46342	0.75388	0.99646	0.57844	0.44924	0.32334	0.21016	0.11195	0.02613	0.02613
144	0.01997	0.01997	0.10541	0.20355	0.31697	0.44343	0.57364	0.99691	0.74725	0.45805	0.21158	0	0.006	0.21658	0.46305	0.75325	1.00191	0.57864	0.44843	0.32197	0.20855	0.11041	0.02497	0.02497
145	0.01931	0.01931	0.10441	0.20248	0.31609	0.443	0.57405	1.00142	0.74679	0.45778	0.21148	0	0.006	0.21648	0.46278	0.75279	1.00642	0.57905	0.448	0.32109	0.20748	0.10941	0.02431	0.02431
146	0.01902	0.01902	0.10387	0.20189	0.31566	0.44294	0.57466	1.0049	0.74651	0.4576	0.21141	0	0.006	0.21641	0.4626	0.75251	1.0099	0.57966	0.44794	0.32066	0.20689	0.10887	0.02402	0.02402
147	0.01901	0.01901	0.1037	0.20171	0.31563	0.44321	0.57547	1.0073	0.74638	0.45753	0.21139	0	0.006	0.21639	0.46253	0.75238	1.0123	0.58047	0.44821	0.32063	0.20671	0.1087	0.02401	0.02401
148	0.01919	0.01919	0.10381	0.20189	0.31596	0.4438	0.57648	1.00859	0.74577	0.45755	0.21141	0	0.006	0.21641	0.46255	0.75177	1.01359	0.58148	0.4488	0.32096	0.20689	0.10881	0.02419	0.02419
149	0.0195	0.0195	0.10417	0.20237	0.31662	0.44469	0.57769	1.00877	0.74602	0.45768	0.21147	0	0.006	0.21647	0.46268	0.75202	1.01377	0.58269	0.44969	0.32162	0.20737	0.10917	0.0245	0.0245
150	0.01989	0.01989	0.10473	0.20313	0.31759	0.44588	0.57911	1.00786	0.74641	0.45789	0.21156	0	0.006	0.21656	0.46289	0.75241	1.01286	0.58411	0.45088	0.32259	0.20813	0.10973	0.02489	0.02489
151	0.02035	0.02035	0.10547	0.20417	0.31888	0.44738	0.58077	1.00589	0.74693	0.45818	0.21169	0	0.006	0.21669	0.46318	0.75293	1.01089	0.58577	0.45238	0.32388	0.20917	0.11047	0.02535	0.02535
152	0.02089	0.02089	0.10642	0.20549	0.3205	0.44919	0.58265	1.00291	0.74756	0.45853	0.21185	0	0.006	0.21685	0.46353	0.75356	1.00791	0.58765	0.45419	0.3255	0.21049	0.11142	0.02589	0.02589
153	0.02154	0.02154	0.10759	0.20712	0.32246	0.45134	0.58478	0.99899	0.74828	0.45895	0.21203	0	0.006	0.21703	0.46395	0.75428	1.00399	0.58978	0.45634	0.32746	0.21212	0.11259	0.02654	0.02654
154	0.02233	0.02233	0.10901	0.20907	0.32478	0.45382	0.58713	0.99421	0.74903	0.45941	0.21223	0	0.006	0.21723	0.46441	0.75503	0.99921	0.59213	0.45882	0.32978	0.21407	0.11401	0.02733	0.02733
155	0.02332	0.02332	0.11073	0.21138	0.32747	0.45663	0.58969	0.98863	0.74956	0.45989	0.21243	0	0.006	0.21743	0.46489	0.75556	0.99363	0.59469	0.46163	0.33247	0.21638	0.11573	0.02832	0.02832
156	0.02454	0.02454	0.11277	0.21405	0.33052	0.45975	0.59242	0.98236	0.75046	0.46039	0.21264	0	0.006	0.21764	0.46539	0.75646	0.98736	0.59742	0.46475	0.33552	0.21905	0.11777	0.02954	0.02954
157	0.02602	0.02602	0.11514	0.2171	0.33393	0.46316	0.59527	0.97547	0.75134	0.4609	0.21285	0	0.006	0.21785	0.4659	0.75734	0.98047	0.60027	0.46816	0.33893	0.2221	0.12014	0.03102	0.03102
158	0.02777	0.02777	0.11785	0.2205	0.33767	0.46679	0.59817	0.96809	0.75221	0.4614	0.21305	0	0.006	0.21805	0.4664	0.75821	0.97309	0.60317	0.47179	0.34267	0.2255	0.12285	0.03277	0.03277
160	0.02982	0.02982	0.12095	0.22433	0.3418	0.47073	0.60112	0.96015	0.75303	0.46184	0.21324	0	0.006	0.21824	0.46684	0.75903	0.96515	0.60612	0.47573	0.3468	0.22933	0.12595	0.03482	0.03482
161	0.03206	0.03206	0.12423	0.22828	0.346	0.47462	0.6039	0.95211	0.75379	0.46229	0.21341	0	0.006	0.21841	0.46729	0.75979	0.95711	0.6089	0.47962	0.351	0.23328	0.12923	0.03706	0.03706
162	0.03446	0.03446	0.12769	0.23241	0.35029	0.4785	0.60649	0.94396	0.75446	0.46269	0.21357	0	0.006	0.21857	0.46769	0.76046	0.94896	0.61149	0.4835	0.35529	0.23741	0.13269	0.03946	0.03946
163	0.03695	0.03695	0.13124	0.23659	0.3546	0.48229	0.60883	0.93585	0.75501	0.46304	0.2137	0	0.006	0.2187	0.46804	0.76101	0.94085	0.61383	0.48729	0.3596	0.24159	0.13624	0.04195	0.04195
164	0.03943	0.03943	0.13477	0.24074	0.3588	0.4859	0.61087	0.92796	0.75544	0.46334	0.2138	0	0.006	0.2188	0.46834	0.76144	0.93296	0.61587	0.4909	0.3638	0.24574	0.13977	0.04443	0.04443
165	0.0418	0.0418	0.13818	0.24472	0.3628	0.48924	0.61257	0.92046	0.75585	0.46358	0.21388	0	0.006	0.21888	0.46858	0.76185	0.92546	0.61757	0.49424	0.3678	0.24972	0.14318	0.0468	0.0468
166	0.04396	0.04396	0.14134	0.24842	0.3665	0.49225	0.6139	0.91356	0.75628	0.46374	0.21393	0	0.006	0.21893	0.46874	0.76228	0.91856	0.6189	0.49725	0.3715	0.25342	0.14634	0.04896	0.04896
167	0.04582	0.04582	0.14415	0.25175	0.3698	0.49487	0.61489	0.90747	0.7569	0.46384	0.21396	0	0.006	0.21896	0.46884	0.7629	0.91247	0.61989	0.49987	0.3748	0.25675	0.14915	0.05082	0.05082
168	0.04727	0.04727	0.14651	0.2546	0.37265	0.49708	0.61556	0.90236	0.75705	0.46385	0.21395	0	0.006	0.21895	0.46885	0.76305	0.90736	0.62056	0.50208	0.37765	0.2596	0.15151	0.05227	0.05227
169	0.04827	0.04827	0.14834	0.25691	0.37498	0.49887	0.61597	0.89843	0.75706	0.4638	0.21391	0	0.006	0.21891	0.4688	0.76306	0.90343	0.62097	0.50387	0.37998	0.26191	0.15334	0.05327	0.05327
170	0.04875	0.04875	0.1496	0.25863	0.37677	0.50023	0.61618	0.89583	0.75701	0.46367	0.21385	0	0.006	0.21885	0.46867	0.76301	0.90083	0.62118	0.50523	0.38177	0.26363	0.1546	0.05375	0.05375
171	0.04871	0.04871	0.15026	0.25973	0.37801	0.5012	0.61627	0.89469	0.75681	0.46346	0.21375	0	0.006	0.21875	0.46846	0.76281	0.89969	0.62127	0.5062	0.38301	0.26473	0.15526	0.05371	0.05371
172	0.04814	0.04814	0.1503	0.26022	0.37872	0.50182	0.61633	0.8951	0.75639	0.46319	0.21363	0	0.006	0.21863	0.46819	0.76239	0.9001	0.62133	0.50682	0.38372	0.26522	0.1553	0.05314	0.05314
173	0.04708	0.04708	0.14975	0.26011	0.37892	0.50213	0.61643	0.89709	0.75587	0.46286	0.21349	0	0.006	0.21849	0.46786	0.76187	0.90209	0.62143	0.50713	0.38392	0.26511	0.15475	0.05208	0.05208
174	0.04556	0.04556	0.14866	0.25944	0.37865	0.50218	0.61664	0.90064	0.75529	0.46247	0.21333	0	0.006	0.21833	0.46747	0.76129	0.90564	0.62164	0.50718	0.38365	0.26444	0.15366	0.05056	0.05056
175	0.04366	0.04366	0.14707	0.25827	0.37797	0.50201	0.61701	0.90568	0.75465	0.46203	0.21315	0	0.006	0.21815	0.46703	0.76065	0.91068	0.62201	0.50701	0.38297	0.26327	0.15207	0.04866	0.04866
176	0.04144	0.04144	0.14506	0.25666	0.37692	0.50168	0.61755	0.9121	0.75386	0.46156	0.21296	0	0.006	0.21796	0.46656	0.75986	0.9171	0.62255	0.50668	0.38192	0.26166	0.15006	0.04644	0.04644
177	0.039	0.039	0.14272	0.25468	0.37556	0.5012	0.61828	0.91972	0.75294	0.46107	0.21277	0	0.006	0.21777	0.46607	0.75894	0.92472	0.62328	0.5062	0.38056	0.25968	0.14772	0.044	0.044
178	0.03641	0.03641	0.14011	0.2524	0.37394	0.5006	0.61916	0.92832	0.75209	0.46057	0.21257	0	0.006	0.21757	0.46557	0.75809	0.93332	0.62416	0.5056	0.37894	0.2574	0.14511	0.04141	0.04141
179	0.03376	0.03376	0.13733	0.24989	0.37211	0.49989	0.62015	0.93767	0.75112	0.46008	0.21237	0	0.006	0.21737	0.46508	0.75712	0.94267	0.62515	0.50489	0.37711	0.25489	0.14233	0.03876	0.03876
181	0.03117	0.03117	0.13454	0.24733	0.37024	0.4992	0.62126	0.94733	0.7502	0.45958	0.2122	0	0.006	0.2172	0.46458	0.7562	0.95233	0.62626	0.5042	0.37524	0.25233	0.13954	0.03617	0.03617
182	0.02862	0.02862	0.13164	0.24454	0.36809	0.49824	0.62227	0.95738	0.74929	0.45914	0.21203	0	0.006	0.21703	0.46414	0.75529	0.96238	0.62727	0.50324	0.37309	0.24954	0.13664	0.03362	0.03362
183	0.0262	0.0262	0.12876	0.2417	0.36581	0.49714	0.62315	0.96737	0.74849	0.45875	0.21188	0	0.006	0.21688	0.46375	0.75449	0.97237	0.62815	0.50214	0.37081	0.2467	0.13376	0.0312	0.0312
184	0.02395	0.02395	0.12597	0.23885	0.36345	0.49587	0.62385	0.97707	0.7479	0.45842	0.21176	0	0.006	0.21676	0.46342	0.7539	0.98207	0.62885	0.50087	0.36845	0.24385	0.13097	0.02895	0.02895
185	0.02192	0.02192	0.1233	0.23602	0.361	0.49442	0.62428	0.98623	0.74745	0.45815	0.21166	0	0.006	0.21666	0.46315	0.75345	0.99123	0.62928	0.49942	0.366	0.24102	0.1283	0.02692	0.02692
186	0.0201	0.0201	0.12077	0.23325	0.3585	0.4928	0.6244	0.99467	0.74713	0.45796	0.21159	0	0.006	0.21659	0.46296	0.75313	0.99967	0.6294	0.4978	0.3635	0.23825	0.12577	0.0251	0.0251
187	0.01851	0.01851	0.11842	0.23056	0.35596	0.49099	0.62417	1.00225	0.74697	0.45785	0.21156	0	0.006	0.21656	0.46285	0.75297	1.00725	0.62917	0.49599	0.36096	0.23556	0.12342	0.02351	0.02351
188	0.01715	0.01715	0.11624	0.22798	0.35342	0.48902	0.6236	1.00884	0.74694	0.45781	0.21156	0	0.006	0.21656	0.46281	0.75294	1.01384	0.6286	0.49402	0.35842	0.23298	0.12124	0.02215	0.02215
189	0.01599	0.01599	0.11426	0.22553	0.3509	0.48693	0.62271	1.01437	0.74704	0.45784	0.21159	0	0.006	0.21659	0.46284	0.75304	1.01937	0.62771	0.49193	0.3559	0.23053	0.11926	0.02099	0.02099
190	0.01504	0.01504	0.11248	0.22322	0.34844	0.48477	0.62154	1.01881	0.74714	0.45795	0.21164	0	0.006	0.21664	0.46295	0.75314	1.02381	0.62654	0.48977	0.35344	0.22822	0.11748	0.02004	0.02004
191	0.01426	0.01426	0.11089	0.2211	0.34609	0.48258	0.62017	1.02215	0.74749	0.45812	0.21173	0	0.006	0.21673	0.46312	0.75349	1.02715	0.62517	0.48758	0.35109	0.2261	0.11589	0.01926	0.01926
192	0.01363	0.01363	0.10951	0.21917	0.34389	0.48046	0.6187	1.02441	0.74793	0.45835	0.21183	0	0.006	0.21683	0.46335	0.75393	1.02941	0.6237	0.48546	0.34889	0.22417	0.11451	0.01863	0.01863
193	0.01314	0.01314	0.10832	0.21748	0.3419	0.47847	0.61721	1.02564	0.74844	0.45862	0.21195	0	0.006	0.21695	0.46362	0.75444	1.03064	0.62221	0.48347	0.3469	0.22248	0.11332	0.01814	0.01814
194	0.01278	0.01278	0.10735	0.21604	0.34017	0.4767	0.61582	1.02588	0.749	0.45893	0.21207	0	0.006	0.21707	0.46393	0.755	1.03088	0.62082	0.4817	0.34517	0.22104	0.11235	0.01778	0.01778
195	0.01252	0.01252	0.10658	0.21487	0.33875	0.47521	0.61463	1.0252	0.74959	0.45925	0.21221	0	0.006	0.21721	0.46425	0.75559	1.0302	0.61963	0.48021	0.34375	0.21987	0.11158	0.01752	0.01752
196	0.01235	0.01235	0.10603	0.21402	0.33768	0.47408	0.61371	1.02366	0.75019	0.45959	0.21235	0	0.006	0.21735	0.46459	0.75619	1.02866	0.61871	0.47908	0.34268	0.21902	0.11103	0.01735	0.01735
197	0.01228	0.01228	0.10571	0.21349	0.33701	0.47336	0.61312	1.02131	0.75077	0.45992	0.21248	0	0.006	0.21748	0.46492	0.75677	1.02631	0.61812	0.47836	0.34201	0.21849	0.11071	0.01728	0.01728
198	0.0123	0.0123	0.10562	0.2133	0.33674	0.47307	0.61291	1.01821	0.75131	0.46025	0.2126	0	0.006	0.2176	0.46525	0.75731	1.02321	0.61791	0.47807	0.34174	0.2183	0.11062	0.0173	0.0173
199	0.01242	0.01242	0.10577	0.21347	0.3369	0.47323	0.61308	1.01439	0.75182	0.46055	0.21271	0	0.006	0.21771	0.46555	0.75782	1.01939	0.61808	0.47823	0.3419	0.21847	0.11077	0.01742	0.01742
200	0.01264	0.01264	0.10616	0.21398	0.33748	0.47382	0.6136	1.00989	0.75227	0.46082	0.21281	0	0.006	0.21781	0.46582	0.75827	1.01489	0.6186	0.47882	0.34248	0.21898	0.11116	0.01764	0.01764
202	0.01302	0.01302	0.1069	0.21497	0.3386	0.47495	0.6145	1.00456	0.75259	0.46103	0.21289	0	0.006	0.21789	0.46603	0.75859	1.00956	0.6195	0.47995	0.3436	0.21997	0.1119	0.01802	0.01802
203	0.01348	0.01348	0.10779	0.21616	0.33994	0.47628	0.61552	0.99879	0.75242	0.46122	0.21295	0	0.006	0.21795	0.46622	0.75842	1.00379	0.62052	0.48128	0.34494	0.22116	0.11279	0.01848	0.01848
204	0.01406	0.01406	0.10892	0.21766	0.3416	0.47787	0.61664	0.99243	0.75268	0.46136	0.21298	0	0.006	0.21798	0.46636	0.75868	0.99743	0.62164	0.48287	0.3466	0.22266	0.11392	0.01906	0.01906
205	0.01477	0.01477	0.11028	0.21942	0.3435	0.47963	0.61775	0.98551	0.75286	0.46144	0.21299	0	0.006	0.21799	0.46644	0.75886	0.99051	0.62275	0.48463	0.3485	0.22442	0.11528	0.01977	0.01977
206	0.01561	0.01561	0.11184	0.2214	0.34559	0.48145	0.6187	0.97807	0.75296	0.46147	0.21297	0	0.006	0.21797	0.46647	0.75896	0.98307	0.6237	0.48645	0.35059	0.2264	0.11684	0.02061	0.02061
207	0.01658	0.01658	0.11357	0.22355	0.34777	0.48324	0.61938	0.97019	0.75296	0.46143	0.21292	0	0.006	0.21792	0.46643	0.75896	0.97519	0.62438	0.48824	0.35277	0.22855	0.11857	0.02158	0.02158
208	0.01766	0.01766	0.11545	0.22581	0.34998	0.4849	0.61968	0.96194	0.75285	0.46133	0.21285	0	0.006	0.21785	0.46633	0.75885	0.96694	0.62468	0.4899	0.35498	0.23081	0.12045	0.02266	0.02266
209	0.01884	0.01884	0.11742	0.22811	0.35212	0.48632	0.61951	0.95341	0.75265	0.46116	0.21275	0	0.006	0.21775	0.46616	0.75865	0.95841	0.62451	0.49132	0.35712	0.23311	0.12242	0.02384	0.02384
210	0.02009	0.02009	0.11945	0.2304	0.35413	0.48745	0.6188	0.94472	0.75234	0.46093	0.21261	0	0.006	0.21761	0.46593	0.75834	0.94972	0.6238	0.49245	0.35913	0.2354	0.12445	0.02509	0.02509
211	0.02138	0.02138	0.12147	0.2326	0.35594	0.48822	0.61754	0.93602	0.75193	0.46062	0.21245	0	0.006	0.21745	0.46562	0.75793	0.94102	0.62254	0.49322	0.36094	0.2376	0.12647	0.02638	0.02638
212	0.02268	0.02268	0.12344	0.23466	0.3575	0.48859	0.61573	0.92746	0.751	0.46026	0.21226	0	0.006	0.21726	0.46526	0.757	0.93246	0.62073	0.49359	0.3625	0.23966	0.12844	0.02768	0.02768
213	0.02394	0.02394	0.1253	0.23652	0.35875	0.48855	0.61341	0.91921	0.75053	0.45984	0.21205	0	0.006	0.21705	0.46484	0.75653	0.92421	0.61841	0.49355	0.36375	0.24152	0.1303	0.02894	0.02894
214	0.02513	0.02513	0.12699	0.23813	0.35967	0.48812	0.61067	0.91147	0.75028	0.45936	0.21181	0	0.006	0.21681	0.46436	0.75628	0.91647	0.61567	0.49312	0.36467	0.24313	0.13199	0.03013	0.03013
215	0.02621	0.02621	0.12848	0.23945	0.36025	0.48733	0.6076	0.90442	0.74952	0.45884	0.21156	0	0.006	0.21656	0.46384	0.75552	0.90942	0.6126	0.49233	0.36525	0.24445	0.13348	0.03121	0.03121
216	0.02714	0.02714	0.12971	0.24044	0.36048	0.48621	0.60435	0.89825	0.74848	0.45827	0.21129	0	0.006	0.21629	0.46327	0.75448	0.90325	0.60935	0.49121	0.36548	0.24544	0.13471	0.03214	0.03214
217	0.02788	0.02788	0.13064	0.24108	0.36037	0.48484	0.60103	0.89314	0.74749	0.45769	0.21101	0	0.006	0.21601	0.46269	0.75349	0.89814	0.60603	0.48984	0.36537	0.24608	0.13564	0.03288	0.03288
218	0.0284	0.0284	0.13124	0.24136	0.35993	0.48327	0.59779	0.88924	0.74649	0.45708	0.21072	0	0.006	0.21572	0.46208	0.75249	0.89424	0.60279	0.48827	0.36493	0.24636	0.13624	0.0334	0.0334
219	0.02869	0.02869	0.1315	0.24126	0.35918	0.48156	0.59476	0.88669	0.74548	0.45648	0.21044	0	0.006	0.21544	0.46148	0.75148	0.89169	0.59976	0.48656	0.36418	0.24626	0.1365	0.03369	0.03369
220	0.02873	0.02873	0.1314	0.24079	0.35814	0.47978	0.59203	0.88557	0.74446	0.45588	0.21016	0	0.006	0.21516	0.46088	0.75046	0.89057	0.59703	0.48478	0.36314	0.24579	0.1364	0.03373	0.03373
221	0.02852	0.02852	0.13093	0.23994	0.35684	0.47797	0.5897	0.88595	0.74351	0.45531	0.2099	0	0.006	0.2149	0.46031	0.74951	0.89095	0.5947	0.48297	0.36184	0.24494	0.13593	0.03352	0.03352
223	0.0281	0.0281	0.13018	0.23884	0.35541	0.47628	0.58787	0.88766	0.7426	0.45474	0.20966	0	0.006	0.21466	0.45974	0.7486	0.89266	0.59287	0.48128	0.36041	0.24384	0.13518	0.0331	0.0331
224	0.0274	0.0274	0.129	0.23727	0.35361	0.47446	0.58639	0.89098	0.74217	0.45425	0.20944	0	0.006	0.21444	0.45925	0.74817	0.89598	0.59139	0.47946	0.35861	0.24227	0.134	0.0324	0.0324
225	0.02649	0.02649	0.12749	0.23536	0.35157	0.47262	0.58531	0.89566	0.74135	0.45381	0.20924	0	0.006	0.21424	0.45881	0.74735	0.90066	0.59031	0.47762	0.35657	0.24036	0.13249	0.03149	0.03149
226	0.02539	0.02539	0.12567	0.23313	0.34928	0.47074	0.58455	0.90154	0.74073	0.45344	0.20907	0	0.006	0.21407	0.45844	0.74673	0.90654	0.58955	0.47574	0.35428	0.23813	0.13067	0.03039	0.03039
227	0.02413	0.02413	0.12358	0.23059	0.34675	0.46878	0.584	0.90843	0.74013	0.45313	0.20894	0	0.006	0.21394	0.45813	0.74613	0.91343	0.589	0.47378	0.35175	0.23559	0.12858	0.02913	0.02913
228	0.02275	0.02275	0.12126	0.22777	0.34395	0.46666	0.58354	0.91612	0.73986	0.45289	0.20884	0	0.006	0.21384	0.45789	0.74586	0.92112	0.58854	0.47166	0.34895	0.23277	0.12626	0.02775	0.02775
229	0.02129	0.02129	0.11873	0.22468	0.34088	0.46433	0.58303	0.92433	0.73961	0.45272	0.20877	0	0.006	0.21377	0.45772	0.74561	0.92933	0.58803	0.46933	0.34588	0.22968	0.12373	0.02629	0.02629
230	0.01979	0.01979	0.11605	0.22135	0.33754	0.46173	0.58232	0.9328	0.73949	0.45261	0.20872	0	0.006	0.21372	0.45761	0.74549	0.9378	0.58732	0.46673	0.34254	0.22635	0.12105	0.02479	0.02479
231	0.01828	0.01828	0.11324	0.21781	0.33391	0.4588	0.58128	0.94127	0.74025	0.45256	0.20871	0	0.006	0.21371	0.45756	0.74625	0.94627	0.58628	0.4638	0.33891	0.22281	0.11824	0.02328	0.02328
232	0.01679	0.01679	0.11037	0.2141	0.33001	0.45551	0.5798	0.94946	0.74029	0.45257	0.20871	0	0.006	0.21371	0.45757	0.74629	0.95446	0.5848	0.46051	0.33501	0.2191	0.11537	0.02179	0.02179
233	0.01537	0.01537	0.10745	0.21025	0.32587	0.45184	0.57781	0.95713	0.74037	0.45262	0.20874	0	0.006	0.21374	0.45762	0.74637	0.96213	0.58281	0.45684	0.33087	0.21525	0.11245	0.02037	0.02037
234	0.01402	0.01402	0.10455	0.20631	0.32151	0.4478	0.57526	0.96408	0.74054	0.45271	0.20878	0	0.006	0.21378	0.45771	0.74654	0.96908	0.58026	0.4528	0.32651	0.21131	0.10955	0.01902	0.01902
235	0.01277	0.01277	0.1017	0.20234	0.31699	0.44343	0.57216	0.97013	0.74072	0.45282	0.20882	0	0.006	0.21382	0.45782	0.74672	0.97513	0.57716	0.44843	0.32199	0.20734	0.1067	0.01777	0.01777
236	0.01163	0.01163	0.09894	0.19839	0.31238	0.43881	0.56857	0.97518	0.74093	0.45295	0.20887	0	0.006	0.21387	0.45795	0.74693	0.98018	0.57357	0.44381	0.31738	0.20339	0.10394	0.01663	0.01663
237	0.01062	0.01062	0.0963	0.19453	0.30776	0.43403	0.56459	0.97914	0.74113	0.45309	0.20892	0	0.006	0.21392	0.45809	0.74713	0.98414	0.56959	0.43903	0.31276	0.19953	0.1013	0.01562	0.01562
238	0.00972	0.00972	0.09384	0.19083	0.30324	0.42921	0.56035	0.982	0.74132	0.45322	0.20897	0	0.006	0.21397	0.45822	0.74732	0.987	0.56535	0.43421	0.30824	0.19583	0.09884	0.01472	0.01472
239	0.00896	0.00896	0.09157	0.18736	0.29891	0.42449	0.55601	0.98376	0.74149	0.45334	0.209	0	0.006	0.214	0.45834	0.74749	0.98876	0.56101	0.42949	0.30391	0.19236	0.09657	0.01396	0.01396
240	0.00831	0.00831	0.08955	0.18418	0.29489	0.42001	0.55177	0.9845	0.7416	0.45344	0.20902	0	0.006	0.21402	0.45844	0.7476	0.9895	0.55677	0.42501	0.29989	0.18918	0.09455	0.01331	0.01331
241	0.00779	0.00779	0.08778	0.18137	0.29127	0.41594	0.54781	0.98429	0.74162	0.45351	0.20903	0	0.006	0.21403	0.45851	0.74762	0.98929	0.55281	0.42094	0.29627	0.18637	0.09278	0.01279	0.01279
242	0.00738	0.00738	0.08632	0.17898	0.28817	0.4124	0.54432	0.98324	0.7408	0.45354	0.20901	0	0.006	0.21401	0.45854	0.7468	0.98824	0.54932	0.4174	0.29317	0.18398	0.09132	0.01238	0.01238
244	0.00713	0.00713	0.08525	0.17719	0.2858	0.40966	0.54154	0.98127	0.74074	0.45351	0.20899	0	0.006	0.21399	0.45851	0.74674	0.98627	0.54654	0.41466	0.2908	0.18219	0.09025	0.01213	0.01213
245	0.00695	0.00695	0.08444	0.17581	0.28397	0.40754	0.53944	0.97883	0.74062	0.45346	0.20894	0	0.006	0.21394	0.45846	0.74662	0.98383	0.54444	0.41254	0.28897	0.18081	0.08944	0.01195	0.01195
246	0.00688	0.00688	0.08398	0.17498	0.28284	0.40624	0.53819	0.97582	0.74041	0.45336	0.20886	0	0.006	0.21386	0.45836	0.74641	0.98082	0.54319	0.41124	0.28784	0.17998	0.08898	0.01188	0.01188
247	0.00692	0.00692	0.08388	0.17472	0.28246	0.40581	0.53782	0.97232	0.74014	0.4532	0.20876	0	0.006	0.21376	0.4582	0.74614	0.97732	0.54282	0.41081	0.28746	0.17972	0.08888	0.01192	0.01192
248	0.00709	0.00709	0.08414	0.17503	0.28281	0.40622	0.53833	0.96835	0.73959	0.453	0.20864	0	0.006	0.21364	0.458	0.74559	0.97335	0.54333	0.41122	0.28781	0.18003	0.08914	0.01209	0.01209
249	0.00738	0.00738	0.08477	0.1759	0.28386	0.40744	0.53964	0.96392	0.73924	0.45273	0.2085	0	0.006	0.2135	0.45773	0.74524	0.96892	0.54464	0.41244	0.28886	0.1809	0.08977	0.01238	0.01238
250	0.00782	0.00782	0.08575	0.1773	0.28556	0.40937	0.54165	0.95904	0.73881	0.45242	0.20832	0	0.006	0.21332	0.45742	0.74481	0.96404	0.54665	0.41437	0.29056	0.1823	0.09075	0.01282	0.01282
251	0.00839	0.00839	0.08708	0.17918	0.28784	0.41192	0.54421	0.95366	0.73829	0.45205	0.20813	0	0.006	0.21313	0.45705	0.74429	0.95866	0.54921	0.41692	0.29284	0.18418	0.09208	0.01339	0.01339
252	0.00912	0.00912	0.08871	0.18148	0.2906	0.41493	0.54712	0.94775	0.7377	0.45163	0.20791	0	0.006	0.21291	0.45663	0.7437	0.95275	0.55212	0.41993	0.2956	0.18648	0.09371	0.01412	0.01412
253	0.01	0.01	0.09064	0.18415	0.29373	0.41826	0.5502	0.94128	0.73703	0.45117	0.20767	0	0.006	0.21267	0.45617	0.74303	0.94628	0.5552	0.42326	0.29873	0.18915	0.09564	0.015	0.015
254	0.01103	0.01103	0.09281	0.1871	0.29712	0.42175	0.55324	0.93423	0.73631	0.45068	0.20741	0	0.006	0.21241	0.45568	0.74231	0.93923	0.55824	0.42675	0.30212	0.1921	0.09781	0.01603	0.01603
255	0.0122	0.0122	0.09518	0.19025	0.30065	0.42526	0.55605	0.9266	0.73553	0.45015	0.20714	0	0.006	0.21214	0.45515	0.74153	0.9316	0.56105	0.43026	0.30565	0.19525	0.10018	0.0172	0.0172
256	0.01351	0.01351	0.09772	0.19353	0.30421	0.42862	0.55847	0.91842	0.73471	0.44961	0.20685	0	0.006	0.21185	0.45461	0.74071	0.92342	0.56347	0.43362	0.30921	0.19853	0.10272	0.01851	0.01851
257	0.01493	0.01493	0.10037	0.19686	0.3077	0.43172	0.56036	0.90978	0.7339	0.44905	0.20656	0	0.006	0.21156	0.45405	0.7399	0.91478	0.56536	0.43672	0.3127	0.20186	0.10537	0.01993	0.01993
258	0.01644	0.01644	0.10306	0.20016	0.31102	0.43446	0.56163	0.9008	0.73307	0.44851	0.20627	0	0.006	0.21127	0.45351	0.73907	0.9058	0.56663	0.43946	0.31602	0.20516	0.10806	0.02144	0.02144
259	0.01801	0.01801	0.10576	0.20335	0.31409	0.43677	0.56223	0.89163	0.73249	0.44798	0.20599	0	0.006	0.21099	0.45298	0.73849	0.89663	0.56723	0.44177	0.31909	0.20835	0.11076	0.02301	0.02301
260	0.01961	0.01961	0.10839	0.20637	0.31686	0.43861	0.56217	0.88248	0.73168	0.44748	0.20573	0	0.006	0.21073	0.45248	0.73768	0.88748	0.56717	0.44361	0.32186	0.21137	0.11339	0.02461	0.02461
261	0.0212	0.0212	0.11091	0.20917	0.31927	0.43997	0.56149	0.87358	0.73092	0.44704	0.20549	0	0.006	0.21049	0.45204	0.73692	0.87858	0.56649	0.44497	0.32427	0.21417	0.11591	0.0262	0.0262
262	0.02274	0.02274	0.11326	0.21168	0.32131	0.44086	0.56027	0.86518	0.73012	0.44665	0.20527	0	0.006	0.21027	0.45165	0.73612	0.87018	0.56527	0.44586	0.32631	0.21668	0.11826	0.02774	0.02774
263	0.02419	0.02419	0.11539	0.21388	0.32296	0.44131	0.55863	0.85754	0.72967	0.44633	0.20509	0	0.006	0.21009	0.45133	0.73567	0.86254	0.56363	0.44631	0.32796	0.21888	0.12039	0.02919	0.02919
265	0.02556	0.02556	0.11734	0.21583	0.32435	0.44152	0.55677	0.85076	0.72937	0.44606	0.20496	0	0.006	0.20996	0.45106	0.73537	0.85576	0.56177	0.44652	0.32935	0.22083	0.12234	0.03056	0.03056
266	0.02671	0.02671	0.1189	0.21729	0.32522	0.44127	0.55469	0.8454	0.72924	0.44591	0.20487	0	0.006	0.20987	0.45091	0.73524	0.8504	0.55969	0.44627	0.33022	0.22229	0.1239	0.03171	0.03171
267	0.02767	0.02767	0.12011	0.21835	0.3257	0.44075	0.55259	0.84148	0.7296	0.44585	0.20482	0	0.006	0.20982	0.45085	0.7356	0.84648	0.55759	0.44575	0.3307	0.22335	0.12511	0.03267	0.03267
268	0.02841	0.02841	0.12096	0.21898	0.32582	0.44003	0.5506	0.83917	0.72971	0.44589	0.20483	0	0.006	0.20983	0.45089	0.73571	0.84417	0.5556	0.44503	0.33082	0.22398	0.12596	0.03341	0.03341
269	0.0289	0.0289	0.12141	0.21919	0.32558	0.43914	0.5488	0.83855	0.72998	0.44602	0.20488	0	0.006	0.20988	0.45102	0.73598	0.84355	0.5538	0.44414	0.33058	0.22419	0.12641	0.0339	0.0339
270	0.02914	0.02914	0.12146	0.21896	0.32499	0.43812	0.54727	0.83966	0.73039	0.44624	0.20497	0	0.006	0.20997	0.45124	0.73639	0.84466	0.55227	0.44312	0.32999	0.22396	0.12646	0.03414	0.03414
271	0.02912	0.02912	0.12111	0.21829	0.32406	0.43698	0.54603	0.84245	0.73093	0.44654	0.20511	0	0.006	0.21011	0.45154	0.73693	0.84745	0.55103	0.44198	0.32906	0.22329	0.12611	0.03412	0.03412
272	0.02884	0.02884	0.12036	0.21719	0.32278	0.43571	0.54507	0.84684	0.73158	0.44691	0.20529	0	0.006	0.21029	0.45191	0.73758	0.85184	0.55007	0.44071	0.32778	0.22219	0.12536	0.03384	0.03384
273	0.02832	0.02832	0.11922	0.21567	0.32115	0.4343	0.54434	0.85268	0.73235	0.44734	0.20549	0	0.006	0.21049	0.45234	0.73835	0.85768	0.54934	0.4393	0.32615	0.22067	0.12422	0.03332	0.03332
274	0.02758	0.02758	0.11771	0.21374	0.31917	0.43271	0.54378	0.85975	0.73332	0.44782	0.20572	0	0.006	0.21072	0.45282	0.73932	0.86475	0.54878	0.43771	0.32417	0.21874	0.12271	0.03258	0.03258
275	0.02664	0.02664	0.11587	0.21142	0.31684	0.43091	0.5433	0.86784	0.7341	0.44833	0.20597	0	0.006	0.21097	0.45333	0.7401	0.87284	0.5483	0.43591	0.32184	0.21642	0.12087	0.03164	0.03164
276	0.02553	0.02553	0.11374	0.20874	0.31417	0.42886	0.54279	0.87668	0.7349	0.44885	0.20623	0	0.006	0.21123	0.45385	0.7409	0.88168	0.54779	0.43386	0.31917	0.21374	0.11874	0.03053	0.03053
277	0.0243	0.0243	0.11136	0.20574	0.31116	0.42653	0.54214	0.88601	0.73566	0.44939	0.20649	0	0.006	0.21149	0.45439	0.74166	0.89101	0.54714	0.43153	0.31616	0.21074	0.11636	0.0293	0.0293
278	0.02299	0.02299	0.10878	0.20248	0.30783	0.42389	0.54126	0.89556	0.73606	0.44992	0.20675	0	0.006	0.21175	0.45492	0.74206	0.90056	0.54626	0.42889	0.31283	0.20748	0.11378	0.02799	0.02799
279	0.02163	0.02163	0.10608	0.199	0.30424	0.42094	0.54007	0.90509	0.73683	0.45044	0.20701	0	0.006	0.21201	0.45544	0.74283	0.91009	0.54507	0.42594	0.30924	0.204	0.11108	0.02663	0.02663
280	0.02027	0.02027	0.10329	0.19536	0.30041	0.41769	0.53853	0.91438	0.73755	0.45093	0.20725	0	0.006	0.21225	0.45593	0.74355	0.91938	0.54353	0.42269	0.30541	0.20036	0.10829	0.02527	0.02527
281	0.01895	0.01895	0.1005	0.19165	0.29643	0.41418	0.53662	0.92324	0.73822	0.4514	0.20749	0	0.006	0.21249	0.4564	0.74422	0.92824	0.54162	0.41918	0.30143	0.19665	0.1055	0.02395	0.02395
282	0.01771	0.01771	0.09777	0.18794	0.29235	0.41046	0.53435	0.93152	0.73882	0.45183	0.2077	0	0.006	0.2127	0.45683	0.74482	0.93652	0.53935	0.41546	0.29735	0.19294	0.10277	0.02271	0.02271
283	0.01658	0.01658	0.09514	0.1843	0.28827	0.40662	0.53178	0.93912	0.73938	0.45223	0.2079	0	0.006	0.2129	0.45723	0.74538	0.94412	0.53678	0.41162	0.29327	0.1893	0.10014	0.02158	0.02158
284	0.01559	0.01559	0.09269	0.18081	0.28427	0.40275	0.52899	0.94597	0.73989	0.45259	0.20809	0	0.006	0.21309	0.45759	0.74589	0.95097	0.53399	0.40775	0.28927	0.18581	0.09769	0.02059	0.02059
286	0.0148	0.0148	0.09054	0.17766	0.28059	0.39909	0.52616	0.95185	0.74034	0.45288	0.20826	0	0.006	0.21326	0.45788	0.74634	0.95685	0.53116	0.40409	0.28559	0.18266	0.09554	0.0198	0.0198
287	0.01413	0.01413	0.08855	0.17469	0.27704	0.39547	0.52326	0.9571	0.74075	0.45317	0.2084	0	0.006	0.2134	0.45817	0.74675	0.9621	0.52826	0.40047	0.28204	0.17969	0.09355	0.01913	0.01913
288	0.01362	0.01362	0.08685	0.17206	0.27385	0.39216	0.5205	0.96158	0.74111	0.45342	0.20853	0	0.006	0.21353	0.45842	0.74711	0.96658	0.5255	0.39716	0.27885	0.17706	0.09185	0.01862	0.01862
289	0.01327	0.01327	0.08545	0.16983	0.27109	0.38925	0.51802	0.96529	0.74143	0.45363	0.20864	0	0.006	0.21364	0.45863	0.74743	0.97029	0.52302	0.39425	0.27609	0.17483	0.09045	0.01827	0.01827
290	0.01306	0.01306	0.08436	0.16803	0.26881	0.38683	0.51593	0.96829	0.7417	0.45381	0.20873	0	0.006	0.21373	0.45881	0.7477	0.97329	0.52093	0.39183	0.27381	0.17303	0.08936	0.01806	0.01806
291	0.01299	0.01299	0.08358	0.16667	0.26708	0.38497	0.51433	0.97062	0.74193	0.45394	0.20881	0	0.006	0.21381	0.45894	0.74793	0.97562	0.51933	0.38997	0.27208	0.17167	0.08858	0.01799	0.01799
292	0.01302	0.01302	0.0831	0.16576	0.2659	0.38372	0.5133	0.9723	0.74211	0.45405	0.20887	0	0.006	0.21387	0.45905	0.74811	0.9773	0.5183	0.38872	0.2709	0.17076	0.0881	0.01802	0.01802
293	0.01313	0.01313	0.0829	0.1653	0.26528	0.38311	0.51287	0.97338	0.74223	0.45412	0.20892	0	0.006	0.21392	0.45912	0.74823	0.97838	0.51787	0.38811	0.27028	0.1703	0.0879	0.01813	0.01813
294	0.01331	0.01331	0.08297	0.16527	0.26522	0.38311	0.51306	0.97386	0.74229	0.45415	0.20895	0	0.006	0.21395	0.45915	0.74829	0.97886	0.51806	0.38811	0.27022	0.17027	0.08797	0.01831	0.01831
295	0.01353	0.01353	0.08328	0.16565	0.26569	0.38372	0.51383	0.97378	0.7423	0.45416	0.20896	0	0.006	0.21396	0.45916	0.7483	0.97878	0.51883	0.38872	0.27069	0.17065	0.08828	0.01853	0.01853
296	0.0138	0.0138	0.08383	0.16641	0.26664	0.38487	0.51512	0.97313	0.74225	0.45415	0.20897	0	0.006	0.21397	0.45915	0.74825	0.97813	0.52012	0.38987	0.27164	0.17141	0.08883	0.0188	0.0188
297	0.01412	0.01412	0.0846	0.16752	0.26804	0.3865	0.51685	0.97191	0.74216	0.45412	0.20897	0	0.006	0.21397	0.45912	0.74816	0.97691	0.52185	0.3915	0.27304	0.17252	0.0896	0.01912	0.01912
298	0.0145	0.0145	0.08558	0.16897	0.26983	0.38853	0.51891	0.97011	0.74205	0.45408	0.20897	0	0.006	0.21397	0.45908	0.74805	0.97511	0.52391	0.39353	0.27483	0.17397	0.09058	0.0195	0.0195
299	0.01497	0.01497	0.08679	0.17072	0.27196	0.39088	0.52117	0.96775	0.74193	0.45405	0.20897	0	0.006	0.21397	0.45905	0.74793	0.97275	0.52617	0.39588	0.27696	0.17572	0.09179	0.01997	0.01997
300	0.01557	0.01557	0.08822	0.17275	0.27437	0.39344	0.52351	0.96483	0.74181	0.45402	0.20897	0	0.006	0.21397	0.45902	0.74781	0.96983	0.52851	0.39844	0.27937	0.17775	0.09322	0.02057	0.02057
301	0.01633	0.01633	0.0899	0.17506	0.27703	0.39615	0.52581	0.96136	0.74173	0.45402	0.20899	0	0.006	0.21399	0.45902	0.74773	0.96636	0.53081	0.40115	0.28203	0.18006	0.0949	0.02133	0.02133
302	0.01731	0.01731	0.09185	0.17764	0.27989	0.39894	0.52796	0.95737	0.74169	0.45406	0.20902	0	0.006	0.21402	0.45906	0.74769	0.96237	0.53296	0.40394	0.28489	0.18264	0.09685	0.02231	0.02231
303	0.01856	0.01856	0.09411	0.18049	0.28292	0.40172	0.52987	0.9529	0.74173	0.45414	0.20907	0	0.006	0.21407	0.45914	0.74773	0.9579	0.53487	0.40672	0.28792	0.18549	0.09911	0.02356	0.02356
304	0.02015	0.02015	0.09669	0.18361	0.2861	0.40447	0.53147	0.94801	0.74186	0.45427	0.20915	0	0.006	0.21415	0.45927	0.74786	0.95301	0.53647	0.40947	0.2911	0.18861	0.10169	0.02515	0.02515
305	0.0221	0.0221	0.09961	0.18699	0.28941	0.40715	0.53272	0.94277	0.7421	0.45447	0.20925	0	0.006	0.21425	0.45947	0.7481	0.94777	0.53772	0.41215	0.29441	0.19199	0.10461	0.0271	0.0271
307	0.0245	0.0245	0.10298	0.19075	0.29296	0.40986	0.53367	0.93709	0.74246	0.4547	0.2094	0	0.006	0.2144	0.4597	0.74846	0.94209	0.53867	0.41486	0.29796	0.19575	0.10798	0.0295	0.0295
308	0.02728	0.02728	0.1066	0.19462	0.29647	0.41232	0.53417	0.93142	0.74294	0.45504	0.20956	0	0.006	0.21456	0.46004	0.74894	0.93642	0.53917	0.41732	0.30147	0.19962	0.1116	0.03228	0.03228
309	0.03046	0.03046	0.11055	0.19871	0.30003	0.41466	0.53433	0.92569	0.74351	0.45544	0.20976	0	0.006	0.21476	0.46044	0.74951	0.93069	0.53933	0.41966	0.30503	0.20371	0.11555	0.03546	0.03546
310	0.03403	0.03403	0.11478	0.20296	0.30362	0.41687	0.53419	0.92001	0.74413	0.4559	0.20999	0	0.006	0.21499	0.4609	0.75013	0.92501	0.53919	0.42187	0.30862	0.20796	0.11978	0.03903	0.03903
311	0.03792	0.03792	0.11921	0.2073	0.30719	0.41894	0.53379	0.91449	0.74479	0.45641	0.21025	0	0.006	0.21525	0.46141	0.75079	0.91949	0.53879	0.42394	0.31219	0.2123	0.12421	0.04292	0.04292
312	0.04204	0.04204	0.12376	0.21165	0.31068	0.42086	0.53319	0.90925	0.74555	0.45697	0.21053	0	0.006	0.21553	0.46197	0.75155	0.91425	0.53819	0.42586	0.31568	0.21665	0.12876	0.04704	0.04704
313	0.04629	0.04629	0.12831	0.2159	0.31402	0.42261	0.53244	0.90439	0.74634	0.45757	0.21083	0	0.006	0.21583	0.46257	0.75234	0.90939	0.53744	0.42761	0.31902	0.2209	0.13331	0.05129	0.05129
314	0.05054	0.05054	0.13273	0.21995	0.31712	0.42414	0.53158	0.89999	0.7472	0.45819	0.21114	0	0.006	0.21614	0.46319	0.7532	0.90499	0.53658	0.42914	0.32212	0.22495	0.13773	0.05554	0.05554
315	0.05465	0.05465	0.13688	0.22365	0.31988	0.42542	0.53066	0.89615	0.74816	0.45881	0.21146	0	0.006	0.21646	0.46381	0.75416	0.90115	0.53566	0.43042	0.32488	0.22865	0.14188	0.05965	0.05965
316	0.05846	0.05846	0.14059	0.22688	0.32221	0.42639	0.52969	0.89294	0.74899	0.45943	0.21177	0	0.006	0.21677	0.46443	0.75499	0.89794	0.53469	0.43139	0.32721	0.23188	0.14559	0.06346	0.06346
317	0.06182	0.06182	0.14373	0.2295	0.32399	0.427	0.52867	0.89039	0.74968	0.46003	0.21208	0	0.006	0.21708	0.46503	0.75568	0.89539	0.53367	0.432	0.32899	0.2345	0.14873	0.06682	0.06682
318	0.06459	0.06459	0.14617	0.23139	0.32514	0.42718	0.52759	0.88854	0.75035	0.4606	0.21238	0	0.006	0.21738	0.4656	0.75635	0.89354	0.53259	0.43218	0.33014	0.23639	0.15117	0.06959	0.06959
319	0.06664	0.06664	0.14778	0.23246	0.32557	0.42687	0.52644	0.88742	0.75093	0.46113	0.21266	0	0.006	0.21766	0.46613	0.75693	0.89242	0.53144	0.43187	0.33057	0.23746	0.15278	0.07164	0.07164
320	0.06789	0.06789	0.14848	0.23262	0.32522	0.42603	0.5252	0.88703	0.75145	0.46162	0.21292	0	0.006	0.21792	0.46662	0.75745	0.89203	0.5302	0.43103	0.33022	0.23762	0.15348	0.07289	0.07289
321	0.06827	0.06827	0.14822	0.23183	0.32404	0.42463	0.52383	0.88735	0.75198	0.46204	0.21315	0	0.006	0.21815	0.46704	0.75798	0.89235	0.52883	0.42963	0.32904	0.23683	0.15322	0.07327	0.07327
322	0.06776	0.06776	0.14699	0.2301	0.32204	0.42266	0.52231	0.88836	0.75252	0.46241	0.21336	0	0.006	0.21836	0.46741	0.75852	0.89336	0.52731	0.42766	0.32704	0.2351	0.15199	0.07276	0.07276
323	0.06639	0.06639	0.14483	0.22745	0.31925	0.42012	0.52063	0.89004	0.75298	0.46271	0.21353	0	0.006	0.21853	0.46771	0.75898	0.89504	0.52563	0.42512	0.32425	0.23245	0.14983	0.07139	0.07139
324	0.06423	0.06423	0.14182	0.22396	0.31572	0.41707	0.51878	0.89233	0.75338	0.46294	0.21367	0	0.006	0.21867	0.46794	0.75938	0.89733	0.52378	0.42207	0.32072	0.22896	0.14682	0.06923	0.06923
325	0.06137	0.06137	0.13806	0.21976	0.31157	0.41356	0.51677	0.89519	0.75363	0.4631	0.21378	0	0.006	0.21878	0.4681	0.75963	0.90019	0.52177	0.41856	0.31657	0.22476	0.14306	0.06637	0.06637
326	0.05796	0.05796	0.13372	0.21498	0.30692	0.40969	0.51465	0.89857	0.75369	0.46319	0.21386	0	0.006	0.21886	0.46819	0.75969	0.90357	0.51965	0.41469	0.31192	0.21998	0.13872	0.06296	0.06296
328	0.05422	0.05422	0.12906	0.20992	0.30206	0.40571	0.51252	0.90223	0.75377	0.46318	0.21392	0	0.006	0.21892	0.46818	0.75977	0.90723	0.51752	0.41071	0.30706	0.21492	0.13406	0.05922	0.05922
329	0.05022	0.05022	0.1241	0.20454	0.29688	0.40147	0.51029	0.90647	0.75382	0.46312	0.21393	0	0.006	0.21893	0.46812	0.75982	0.91147	0.51529	0.40647	0.30188	0.20954	0.1291	0.05522	0.05522
330	0.04619	0.04619	0.11911	0.19914	0.2917	0.39724	0.5081	0.91104	0.75374	0.46298	0.21391	0	0.006	0.21891	0.46798	0.75974	0.91604	0.5131	0.40224	0.2967	0.20414	0.12411	0.05119	0.05119
331	0.0423	0.0423	0.11428	0.19391	0.28668	0.39317	0.50604	0.91587	0.75357	0.46278	0.21387	0	0.006	0.21887	0.46778	0.75957	0.92087	0.51104	0.39817	0.29168	0.19891	0.11928	0.0473	0.0473
332	0.03871	0.03871	0.10977	0.18901	0.28197	0.38937	0.50418	0.92088	0.75329	0.46251	0.21379	0	0.006	0.21879	0.46751	0.75929	0.92588	0.50918	0.39437	0.28697	0.19401	0.11477	0.04371	0.04371
333	0.03552	0.03552	0.10571	0.18456	0.27771	0.38595	0.50259	0.92599	0.75285	0.46217	0.21369	0	0.006	0.21869	0.46717	0.75885	0.93099	0.50759	0.39095	0.28271	0.18956	0.11071	0.04052	0.04052
334	0.0328	0.0328	0.10219	0.18068	0.27399	0.38301	0.50131	0.93111	0.75224	0.46177	0.21356	0	0.006	0.21856	0.46677	0.75824	0.93611	0.50631	0.38801	0.27899	0.18568	0.10719	0.0378	0.0378
335	0.0306	0.0306	0.09924	0.17741	0.27086	0.38059	0.5004	0.93614	0.75148	0.46132	0.21341	0	0.006	0.21841	0.46632	0.75748	0.94114	0.5054	0.38559	0.27586	0.18241	0.10424	0.0356	0.0356
336	0.0289	0.0289	0.09689	0.17477	0.26836	0.37872	0.49988	0.94099	0.75061	0.46083	0.21323	0	0.006	0.21823	0.46583	0.75661	0.94599	0.50488	0.38372	0.27336	0.17977	0.10189	0.0339	0.0339
337	0.02765	0.02765	0.09508	0.17273	0.26647	0.3774	0.49975	0.94556	0.74966	0.4603	0.21304	0	0.006	0.21804	0.4653	0.75566	0.95056	0.50475	0.3824	0.27147	0.17773	0.10008	0.03265	0.03265
338	0.02677	0.02677	0.09376	0.17125	0.26515	0.37661	0.5	0.94975	0.74864	0.45974	0.21284	0	0.006	0.21784	0.46474	0.75464	0.95475	0.505	0.38161	0.27015	0.17625	0.09876	0.03177	0.03177
339	0.02617	0.02617	0.09284	0.17024	0.26434	0.3763	0.5006	0.95346	0.74759	0.45918	0.21263	0	0.006	0.21763	0.46418	0.75359	0.95846	0.5056	0.3813	0.26934	0.17524	0.09784	0.03117	0.03117
340	0.02573	0.02573	0.09222	0.16964	0.26397	0.37641	0.50152	0.95661	0.74651	0.45862	0.21242	0	0.006	0.21742	0.46362	0.75251	0.96161	0.50652	0.38141	0.26897	0.17464	0.09722	0.03073	0.03073
341	0.02537	0.02537	0.09182	0.16935	0.26398	0.37691	0.50272	0.95912	0.74546	0.45808	0.21221	0	0.006	0.21721	0.46308	0.75146	0.96412	0.50772	0.38191	0.26898	0.17435	0.09682	0.03037	0.03037
342	0.02502	0.02502	0.09158	0.16934	0.26432	0.37774	0.50417	0.96095	0.74445	0.45757	0.21202	0	0.006	0.21702	0.46257	0.75045	0.96595	0.50917	0.38274	0.26932	0.17434	0.09658	0.03002	0.03002
343	0.02464	0.02464	0.09146	0.16956	0.26497	0.37887	0.50585	0.96206	0.74352	0.45711	0.21185	0	0.006	0.21685	0.46211	0.74952	0.96706	0.51085	0.38387	0.26997	0.17456	0.09646	0.02964	0.02964
344	0.02425	0.02425	0.09148	0.17004	0.26592	0.38032	0.50775	0.96244	0.7427	0.45671	0.2117	0	0.006	0.2167	0.46171	0.7487	0.96744	0.51275	0.38532	0.27092	0.17504	0.09648	0.02925	0.02925
345	0.0239	0.0239	0.0917	0.17082	0.26723	0.3821	0.50987	0.96209	0.74202	0.45638	0.21158	0	0.006	0.21658	0.46138	0.74802	0.96709	0.51487	0.3871	0.27223	0.17582	0.0967	0.0289	0.0289
346	0.0237	0.0237	0.09222	0.17199	0.26897	0.38428	0.51226	0.96107	0.74151	0.45613	0.2115	0	0.006	0.2165	0.46113	0.74751	0.96607	0.51726	0.38928	0.27397	0.17699	0.09722	0.0287	0.0287
347	0.0238	0.0238	0.09319	0.17369	0.27125	0.38694	0.51494	0.95941	0.74116	0.45598	0.21146	0	0.006	0.21646	0.46098	0.74716	0.96441	0.51994	0.39194	0.27625	0.17869	0.09819	0.0288	0.0288
349	0.02444	0.02444	0.09486	0.1762	0.27434	0.39031	0.51806	0.95703	0.74101	0.45589	0.21147	0	0.006	0.21647	0.46089	0.74701	0.96203	0.52306	0.39531	0.27934	0.1812	0.09986	0.02944	0.02944
350	0.02571	0.02571	0.09724	0.17942	0.2781	0.39422	0.52152	0.95435	0.74105	0.45593	0.21152	0	0.006	0.21652	0.46093	0.74705	0.95935	0.52652	0.39922	0.2831	0.18442	0.10224	0.03071	0.03071
351	0.02785	0.02785	0.10059	0.18365	0.28279	0.39891	0.52545	0.95128	0.74128	0.45606	0.2116	0	0.006	0.2166	0.46106	0.74728	0.95628	0.53045	0.40391	0.28779	0.18865	0.10559	0.03285	0.03285
352	0.03103	0.03103	0.10506	0.189	0.28853	0.40444	0.52988	0.9479	0.74169	0.45629	0.21173	0	0.006	0.21673	0.46129	0.74769	0.9529	0.53488	0.40944	0.29353	0.194	0.11006	0.03603	0.03603
353	0.03537	0.03537	0.11074	0.19555	0.29538	0.41088	0.53483	0.94431	0.74226	0.4566	0.21189	0	0.006	0.21689	0.4616	0.74826	0.94931	0.53983	0.41588	0.30038	0.20055	0.11574	0.04037	0.04037
354	0.04091	0.04091	0.11767	0.20332	0.30332	0.41819	0.54028	0.94056	0.74299	0.45698	0.21208	0	0.006	0.21708	0.46198	0.74899	0.94556	0.54528	0.42319	0.30832	0.20832	0.12267	0.04591	0.04591
355	0.04763	0.04763	0.12581	0.21225	0.31231	0.42633	0.54618	0.93672	0.74381	0.45742	0.2123	0	0.006	0.2173	0.46242	0.74981	0.94172	0.55118	0.43133	0.31731	0.21725	0.13081	0.05263	0.05263
356	0.05541	0.05541	0.135	0.2222	0.3222	0.43516	0.55243	0.93282	0.74471	0.45791	0.21253	0	0.006	0.21753	0.46291	0.75071	0.93782	0.55743	0.44016	0.3272	0.2272	0.14	0.06041	0.06041
357	0.06405	0.06405	0.14504	0.23293	0.33277	0.4445	0.55889	0.92889	0.74565	0.45842	0.21276	0	0.006	0.21776	0.46342	0.75165	0.93389	0.56389	0.4495	0.33777	0.23793	0.15004	0.06905	0.06905
358	0.07326	0.07326	0.15561	0.24415	0.34375	0.45411	0.56541	0.92496	0.7466	0.45895	0.213	0	0.006	0.218	0.46395	0.7526	0.92996	0.57041	0.45911	0.34875	0.24915	0.16061	0.07826	0.07826
359	0.08268	0.08268	0.16635	0.25548	0.35479	0.46371	0.57179	0.92102	0.74753	0.45946	0.21324	0	0.006	0.21824	0.46446	0.75353	0.92602	0.57679	0.46871	0.35979	0.26048	0.17135	0.08768	0.08768
360	0.09191	0.09191	0.17683	0.26652	0.36553	0.473	0.57784	0.91709	0.74839	0.45996	0.21345	0	0.006	0.21845	0.46496	0.75439	0.92209	0.58284	0.478	0.37053	0.27152	0.18183	0.09691	0.09691
361	0.10051	0.10051	0.18661	0.27684	0.37556	0.48165	0.58337	0.91321	0.74918	0.46041	0.21365	0	0.006	0.21865	0.46541	0.75518	0.91821	0.58837	0.48665	0.38056	0.28184	0.19161	0.10551	0.10551
362	0.10806	0.10806	0.19526	0.28603	0.38453	0.48937	0.58819	0.90938	0.74987	0.46081	0.21383	0	0.006	0.21883	0.46581	0.75587	0.91438	0.59319	0.49437	0.38953	0.29103	0.20026	0.11306	0.11306
363	0.11417	0.11417	0.20239	0.29369	0.39208	0.49589	0.59217	0.90569	0.75046	0.46116	0.21398	0	0.006	0.21898	0.46616	0.75646	0.91069	0.59717	0.50089	0.39708	0.29869	0.20739	0.11917	0.11917
364	0.11851	0.11851	0.20766	0.29952	0.39793	0.50098	0.59521	0.90218	0.7509	0.46143	0.2141	0	0.006	0.2191	0.46643	0.7569	0.90718	0.60021	0.50598	0.40293	0.30452	0.21266	0.12351	0.12351
365	0.12084	0.12084	0.21082	0.30327	0.40189	0.50452	0.59727	0.89896	0.75121	0.46163	0.21418	0	0.006	0.21918	0.46663	0.75721	0.90396	0.60227	0.50952	0.40689	0.30827	0.21582	0.12584	0.12584
366	0.12101	0.12101	0.21174	0.30483	0.40384	0.50644	0.59836	0.89615	0.75132	0.46174	0.21423	0	0.006	0.21923	0.46674	0.75732	0.90115	0.60336	0.51144	0.40884	0.30983	0.21674	0.12601	0.12601
367	0.11901	0.11901	0.21039	0.30417	0.40378	0.50675	0.59855	0.89386	0.75147	0.46178	0.21425	0	0.006	0.21925	0.46678	0.75747	0.89886	0.60355	0.51175	0.40878	0.30917	0.21539	0.12401	0.12401
368	0.11493	0.11493	0.20686	0.30138	0.4018	0.50555	0.59797	0.89224	0.75163	0.46174	0.21423	0	0.006	0.21923	0.46674	0.75763	0.89724	0.60297	0.51055	0.4068	0.30638	0.21186	0.11993	0.11993
370	0.10902	0.10902	0.20145	0.29677	0.39823	0.50317	0.59687	0.89123	0.75145	0.4616	0.21418	0	0.006	0.21918	0.4666	0.75745	0.89623	0.60187	0.50817	0.40323	0.30177	0.20645	0.11402	0.11402
371	0.10148	0.10148	0.19428	0.29041	0.39306	0.49957	0.59528	0.89131	0.75114	0.46141	0.2141	0	0.006	0.2191	0.46641	0.75714	0.89631	0.60028	0.50457	0.39806	0.29541	0.19928	0.10648	0.10648
372	0.09273	0.09273	0.1858	0.28276	0.38675	0.49516	0.5935	0.89237	0.75073	0.46116	0.21398	0	0.006	0.21898	0.46616	0.75673	0.89737	0.5985	0.50016	0.39175	0.28776	0.1908	0.09773	0.09773
373	0.08319	0.08319	0.17643	0.27422	0.37967	0.49024	0.59173	0.89449	0.75021	0.46084	0.21384	0	0.006	0.21884	0.46584	0.75621	0.89949	0.59673	0.49524	0.38467	0.27922	0.18143	0.08819	0.08819
374	0.07328	0.07328	0.16661	0.26521	0.3722	0.48512	0.59018	0.89768	0.74957	0.46047	0.21368	0	0.006	0.21868	0.46547	0.75557	0.90268	0.59518	0.49012	0.3772	0.27021	0.17161	0.07828	0.07828
375	0.06344	0.06344	0.15677	0.25613	0.36468	0.48008	0.58899	0.9019	0.74883	0.46005	0.21349	0	0.006	0.21849	0.46505	0.75483	0.9069	0.59399	0.48508	0.36968	0.26113	0.16177	0.06844	0.06844
376	0.05405	0.05405	0.14729	0.24736	0.35745	0.47538	0.5883	0.90707	0.74802	0.45959	0.21328	0	0.006	0.21828	0.46459	0.75402	0.91207	0.5933	0.48038	0.36245	0.25236	0.15229	0.05905	0.05905
377	0.04543	0.04543	0.1385	0.23921	0.35078	0.4712	0.58816	0.91308	0.74758	0.4591	0.21307	0	0.006	0.21807	0.4641	0.75358	0.91808	0.59316	0.4762	0.35578	0.24421	0.1435	0.05043	0.05043
378	0.03783	0.03783	0.13066	0.23191	0.34488	0.4677	0.58862	0.91977	0.74669	0.45859	0.21284	0	0.006	0.21784	0.46359	0.75269	0.92477	0.59362	0.4727	0.34988	0.23691	0.13566	0.04283	0.04283
379	0.0314	0.0314	0.12393	0.22564	0.33987	0.46495	0.58963	0.92695	0.74561	0.45806	0.21262	0	0.006	0.21762	0.46306	0.75161	0.93195	0.59463	0.46995	0.34487	0.23064	0.12893	0.0364	0.0364
380	0.0262	0.0262	0.11839	0.22047	0.33584	0.46297	0.59116	0.93442	0.74441	0.45755	0.2124	0	0.006	0.2174	0.46255	0.75041	0.93942	0.59616	0.46797	0.34084	0.22547	0.12339	0.0312	0.0312
381	0.02223	0.02223	0.11405	0.21642	0.33278	0.46175	0.59312	0.94197	0.74346	0.45705	0.21219	0	0.006	0.21719	0.46205	0.74946	0.94697	0.59812	0.46675	0.33778	0.22142	0.11905	0.02723	0.02723
382	0.01939	0.01939	0.11083	0.21342	0.33063	0.46121	0.59541	0.94941	0.74259	0.4566	0.21201	0	0.006	0.21701	0.4616	0.74859	0.95441	0.60041	0.46621	0.33563	0.21842	0.11583	0.02439	0.02439
383	0.01754	0.01754	0.10862	0.21137	0.32931	0.46128	0.59794	0.95653	0.74182	0.4562	0.21185	0	0.006	0.21685	0.4612	0.74782	0.96153	0.60294	0.46628	0.33431	0.21637	0.11362	0.02254	0.02254
384	0.0165	0.0165	0.10725	0.21014	0.3287	0.46186	0.60061	0.9632	0.7412	0.45587	0.21173	0	0.006	0.21673	0.46087	0.7472	0.9682	0.60561	0.46686	0.3337	0.21514	0.11225	0.0215	0.0215
385	0.01605	0.01605	0.10654	0.20957	0.32868	0.46285	0.60336	0.96928	0.74074	0.45564	0.21165	0	0.006	0.21665	0.46064	0.74674	0.97428	0.60836	0.46785	0.33368	0.21457	0.11154	0.02105	0.02105
386	0.01601	0.01601	0.10634	0.20953	0.32913	0.46417	0.60614	0.97466	0.74047	0.45551	0.21162	0	0.006	0.21662	0.46051	0.74647	0.97966	0.61114	0.46917	0.33413	0.21453	0.11134	0.02101	0.02101
387	0.01621	0.01621	0.10649	0.20989	0.32997	0.46577	0.60894	0.97928	0.74041	0.45551	0.21164	0	0.006	0.21664	0.46051	0.74641	0.98428	0.61394	0.47077	0.33497	0.21489	0.11149	0.02121	0.02121
388	0.01649	0.01649	0.10685	0.21056	0.33113	0.46761	0.61175	0.98308	0.74014	0.45563	0.21171	0	0.006	0.21671	0.46063	0.74614	0.98808	0.61675	0.47261	0.33613	0.21556	0.11185	0.02149	0.02149
389	0.01676	0.01676	0.10737	0.21146	0.33256	0.46967	0.6146	0.98603	0.74055	0.45589	0.21183	0	0.006	0.21683	0.46089	0.74655	0.99103	0.6196	0.47467	0.33756	0.21646	0.11237	0.02176	0.02176
391	0.01701	0.01701	0.10806	0.2127	0.33438	0.47211	0.61759	0.98792	0.74118	0.45625	0.21202	0	0.006	0.21702	0.46125	0.74718	0.99292	0.62259	0.47711	0.33938	0.2177	0.11306	0.02201	0.02201
392	0.01713	0.01713	0.10877	0.21403	0.33634	0.47465	0.62058	0.98906	0.74203	0.45677	0.21225	0	0.006	0.21725	0.46177	0.74803	0.99406	0.62558	0.47965	0.34134	0.21903	0.11377	0.02213	0.02213
393	0.0172	0.0172	0.1096	0.21561	0.33861	0.47746	0.62366	0.98923	0.74307	0.4574	0.21252	0	0.006	0.21752	0.4624	0.74907	0.99423	0.62866	0.48246	0.34361	0.22061	0.1146	0.0222	0.0222
394	0.01727	0.01727	0.1106	0.21748	0.3412	0.48056	0.62683	0.98837	0.7443	0.45813	0.21284	0	0.006	0.21784	0.46313	0.7503	0.99337	0.63183	0.48556	0.3462	0.22248	0.1156	0.02227	0.02227
395	0.01741	0.01741	0.11184	0.21968	0.34415	0.48395	0.63003	0.9864	0.74567	0.45895	0.21318	0	0.006	0.21818	0.46395	0.75167	0.9914	0.63503	0.48895	0.34915	0.22468	0.11684	0.02241	0.02241
396	0.0177	0.0177	0.11337	0.22225	0.34747	0.4876	0.6332	0.98323	0.74713	0.45981	0.21354	0	0.006	0.21854	0.46481	0.75313	0.98823	0.6382	0.4926	0.35247	0.22725	0.11837	0.0227	0.0227
397	0.01822	0.01822	0.11525	0.22523	0.35116	0.49147	0.63623	0.97876	0.74767	0.46071	0.21391	0	0.006	0.21891	0.46571	0.75367	0.98376	0.64123	0.49647	0.35616	0.23023	0.12025	0.02322	0.02322
398	0.01901	0.01901	0.11751	0.22862	0.3552	0.4955	0.63902	0.97292	0.74928	0.46162	0.21429	0	0.006	0.21929	0.46662	0.75528	0.97792	0.64402	0.5005	0.3602	0.23362	0.12251	0.02401	0.02401
399	0.02011	0.02011	0.12016	0.23239	0.35954	0.49961	0.64141	0.96564	0.7509	0.4625	0.21466	0	0.006	0.21966	0.4675	0.7569	0.97064	0.64641	0.50461	0.36454	0.23739	0.12516	0.02511	0.02511
400	0.02153	0.02153	0.12318	0.2365	0.36409	0.50368	0.64329	0.95688	0.75248	0.46335	0.21501	0	0.006	0.22001	0.46835	0.75848	0.96188	0.64829	0.50868	0.36909	0.2415	0.12818	0.02653	0.02653
401	0.02326	0.02326	0.12651	0.24088	0.36878	0.50763	0.64453	0.94667	0.75381	0.46414	0.21534	0	0.006	0.22034	0.46914	0.75981	0.95167	0.64953	0.51263	0.37378	0.24588	0.13151	0.02826	0.02826
402	0.02523	0.02523	0.13009	0.24543	0.37349	0.51134	0.64506	0.93507	0.75524	0.46485	0.21563	0	0.006	0.22063	0.46985	0.76124	0.94007	0.65006	0.51634	0.37849	0.25043	0.13509	0.03023	0.03023
403	0.02739	0.02739	0.13382	0.25006	0.37813	0.51472	0.64483	0.92224	0.75653	0.46548	0.21589	0	0.006	0.22089	0.47048	0.76253	0.92724	0.64983	0.51972	0.38313	0.25506	0.13882	0.03239	0.03239
404	0.02965	0.02965	0.1376	0.25464	0.3826	0.51773	0.64385	0.9084	0.75767	0.466	0.21611	0	0.006	0.22111	0.471	0.76367	0.9134	0.64885	0.52273	0.3876	0.25964	0.1426	0.03465	0.03465
405	0.03191	0.03191	0.14131	0.25907	0.3868	0.52031	0.6422	0.89384	0.75864	0.46642	0.21628	0	0.006	0.22128	0.47142	0.76464	0.89884	0.6472	0.52531	0.3918	0.26407	0.14631	0.03691	0.03691
406	0.03409	0.03409	0.14485	0.26324	0.39067	0.52248	0.64001	0.87893	0.7594	0.46673	0.21641	0	0.006	0.22141	0.47173	0.7654	0.88393	0.64501	0.52748	0.39567	0.26824	0.14985	0.03909	0.03909
407	0.03607	0.03607	0.1481	0.26706	0.39416	0.52426	0.63745	0.86406	0.75997	0.46692	0.21649	0	0.006	0.22149	0.47192	0.76597	0.86906	0.64245	0.52926	0.39916	0.27206	0.1531	0.04107	0.04107
408	0.03779	0.03779	0.15098	0.27047	0.39724	0.52571	0.63476	0.84969	0.76108	0.46701	0.21652	0	0.006	0.22152	0.47201	0.76708	0.85469	0.63976	0.53071	0.40224	0.27547	0.15598	0.04279	0.04279
409	0.03917	0.03917	0.15343	0.27341	0.3999	0.52692	0.63218	0.83626	0.76122	0.46698	0.21651	0	0.006	0.22151	0.47198	0.76722	0.84126	0.63718	0.53192	0.4049	0.27841	0.15843	0.04417	0.04417
410	0.04015	0.04015	0.15537	0.27583	0.40217	0.52799	0.62999	0.82421	0.76092	0.46685	0.21644	0	0.006	0.22144	0.47185	0.76692	0.82921	0.63499	0.53299	0.40717	0.28083	0.16037	0.04515	0.04515
412	0.04075	0.04075	0.15687	0.27786	0.4042	0.52916	0.6285	0.81379	0.7607	0.46659	0.21634	0	0.006	0.22134	0.47159	0.7667	0.81879	0.6335	0.53416	0.4092	0.28286	0.16187	0.04575	0.04575
413	0.04086	0.04086	0.15773	0.27925	0.40575	0.53025	0.62778	0.80567	0.76062	0.46626	0.21618	0	0.006	0.22118	0.47126	0.76662	0.81067	0.63278	0.53525	0.41075	0.28425	0.16273	0.04586	0.04586
414	0.04052	0.04052	0.15804	0.28013	0.40699	0.53149	0.62808	0.79994	0.76021	0.46585	0.21598	0	0.006	0.22098	0.47085	0.76621	0.80494	0.63308	0.53649	0.41199	0.28513	0.16304	0.04552	0.04552
415	0.03975	0.03975	0.15783	0.28052	0.40797	0.53293	0.62952	0.79679	0.75966	0.46537	0.21574	0	0.006	0.22074	0.47037	0.76566	0.80179	0.63452	0.53793	0.41297	0.28552	0.16283	0.04475	0.04475
416	0.03858	0.03858	0.15712	0.28046	0.40871	0.5346	0.63215	0.79629	0.75896	0.46482	0.21546	0	0.006	0.22046	0.46982	0.76496	0.80129	0.63715	0.5396	0.41371	0.28546	0.16212	0.04358	0.04358
417	0.03705	0.03705	0.15595	0.27998	0.40924	0.5365	0.63592	0.79839	0.7581	0.46423	0.21514	0	0.006	0.22014	0.46923	0.7641	0.80339	0.64092	0.5415	0.41424	0.28498	0.16095	0.04205	0.04205
418	0.03521	0.03521	0.15438	0.27911	0.40955	0.5386	0.64073	0.80298	0.75715	0.4636	0.21479	0	0.006	0.21979	0.4686	0.76315	0.80798	0.64573	0.5436	0.41455	0.28411	0.15938	0.04021	0.04021
419	0.03313	0.03313	0.15245	0.2779	0.40966	0.54084	0.64643	0.80983	0.75688	0.46296	0.21443	0	0.006	0.21943	0.46796	0.76288	0.81483	0.65143	0.54584	0.41466	0.2829	0.15745	0.03813	0.03813
420	0.03087	0.03087	0.15023	0.27639	0.40956	0.54313	0.65279	0.81865	0.75601	0.46232	0.21404	0	0.006	0.21904	0.46732	0.76201	0.82365	0.65779	0.54813	0.41456	0.28139	0.15523	0.03587	0.03587
421	0.02848	0.02848	0.14779	0.27461	0.40924	0.54538	0.65957	0.82909	0.75485	0.4617	0.21365	0	0.006	0.21865	0.4667	0.76085	0.83409	0.66457	0.55038	0.41424	0.27961	0.15279	0.03348	0.03348
422	0.02605	0.02605	0.1452	0.27261	0.4087	0.54749	0.6665	0.84078	0.75392	0.46111	0.21326	0	0.006	0.21826	0.46611	0.75992	0.84578	0.6715	0.55249	0.4137	0.27761	0.1502	0.03105	0.03105
423	0.02364	0.02364	0.14251	0.27045	0.40794	0.54938	0.67332	0.85331	0.75274	0.46055	0.21289	0	0.006	0.21789	0.46555	0.75874	0.85831	0.67832	0.55438	0.41294	0.27545	0.14751	0.02864	0.02864
424	0.0213	0.0213	0.13981	0.26817	0.40697	0.55096	0.67979	0.8663	0.75184	0.46005	0.21254	0	0.006	0.21754	0.46505	0.75784	0.8713	0.68479	0.55596	0.41197	0.27317	0.14481	0.0263	0.0263
425	0.01909	0.01909	0.13715	0.26582	0.4058	0.55219	0.68572	0.87938	0.75065	0.45961	0.21222	0	0.006	0.21722	0.46461	0.75665	0.88438	0.69072	0.55719	0.4108	0.27082	0.14215	0.02409	0.02409
426	0.01707	0.01707	0.1346	0.26348	0.40448	0.55304	0.69096	0.89224	0.74958	0.45923	0.21194	0	0.006	0.21694	0.46423	0.75558	0.89724	0.69596	0.55804	0.40948	0.26848	0.1396	0.02207	0.02207
427	0.01525	0.01525	0.13221	0.26118	0.40304	0.55351	0.69542	0.90459	0.74868	0.45891	0.21171	0	0.006	0.21671	0.46391	0.75468	0.90959	0.70042	0.55851	0.40804	0.26618	0.13721	0.02025	0.02025
428	0.01368	0.01368	0.13003	0.259	0.40154	0.55364	0.69907	0.91621	0.74801	0.45865	0.21154	0	0.006	0.21654	0.46365	0.75401	0.92121	0.70407	0.55864	0.40654	0.264	0.13503	0.01868	0.01868
429	0.01237	0.01237	0.12809	0.25698	0.40005	0.55349	0.70194	0.92692	0.74754	0.45846	0.21143	0	0.006	0.21643	0.46346	0.75354	0.93192	0.70694	0.55849	0.40505	0.26198	0.13309	0.01737	0.01737
430	0.0113	0.0113	0.12642	0.25518	0.39863	0.55314	0.7041	0.9366	0.74655	0.45834	0.21138	0	0.006	0.21638	0.46334	0.75255	0.9416	0.7091	0.55814	0.40363	0.26018	0.13142	0.0163	0.0163
431	0.01048	0.01048	0.12503	0.25364	0.39735	0.55269	0.70568	0.94516	0.74656	0.45829	0.21139	0	0.006	0.21639	0.46329	0.75256	0.95016	0.71068	0.55769	0.40235	0.25864	0.13003	0.01548	0.01548
433	0.00993	0.00993	0.12403	0.2525	0.39641	0.55238	0.70689	0.95236	0.74679	0.45828	0.21147	0	0.006	0.21647	0.46328	0.75279	0.95736	0.71189	0.55738	0.40141	0.2575	0.12903	0.01493	0.01493
434	0.00953	0.00953	0.12324	0.25157	0.39561	0.55203	0.70772	0.95853	0.74723	0.45838	0.21159	0	0.006	0.21659	0.46338	0.75323	0.96353	0.71272	0.55703	0.40061	0.25657	0.12824	0.01453	0.01453
435	0.0093	0.0093	0.12273	0.25098	0.39513	0.55188	0.70841	0.96346	0.74784	0.45857	0.21176	0	0.006	0.21676	0.46357	0.75384	0.96846	0.71341	0.55688	0.40013	0.25598	0.12773	0.0143	0.0143
436	0.00922	0.00922	0.12249	0.25074	0.395	0.55199	0.70908	0.96714	0.74826	0.45885	0.21196	0	0.006	0.21696	0.46385	0.75426	0.97214	0.71408	0.55699	0.4	0.25574	0.12749	0.01422	0.01422
437	0.00925	0.00925	0.12252	0.25085	0.39525	0.55243	0.70982	0.96953	0.74915	0.45922	0.21219	0	0.006	0.21719	0.46422	0.75515	0.97453	0.71482	0.55743	0.40025	0.25585	0.12752	0.01425	0.01425
438	0.00939	0.00939	0.12281	0.25131	0.39589	0.55322	0.71069	0.97062	0.7501	0.4597	0.21244	0	0.006	0.21744	0.4647	0.7561	0.97562	0.71569	0.55822	0.40089	0.25631	0.12781	0.01439	0.01439
439	0.00963	0.00963	0.12334	0.25212	0.39692	0.55437	0.71171	0.97035	0.75108	0.46026	0.21269	0	0.006	0.21769	0.46526	0.75708	0.97535	0.71671	0.55937	0.40192	0.25712	0.12834	0.01463	0.01463
440	0.00997	0.00997	0.12412	0.25326	0.39832	0.55584	0.71284	0.96867	0.75205	0.46091	0.21294	0	0.006	0.21794	0.46591	0.75805	0.97367	0.71784	0.56084	0.40332	0.25826	0.12912	0.01497	0.01497
441	0.01042	0.01042	0.12514	0.25473	0.40005	0.55759	0.714	0.96552	0.75297	0.46162	0.21317	0	0.006	0.21817	0.46662	0.75897	0.97052	0.719	0.56259	0.40505	0.25973	0.13014	0.01542	0.01542
442	0.01101	0.01101	0.12641	0.2565	0.40209	0.55955	0.7151	0.96086	0.75377	0.46235	0.21338	0	0.006	0.21838	0.46735	0.75977	0.96586	0.7201	0.56455	0.40709	0.2615	0.13141	0.01601	0.01601
443	0.01175	0.01175	0.12793	0.25855	0.40438	0.56164	0.716	0.95465	0.754	0.46308	0.21355	0	0.006	0.21855	0.46808	0.76	0.95965	0.721	0.56664	0.40938	0.26355	0.13293	0.01675	0.01675
444	0.01268	0.01268	0.12971	0.26087	0.40687	0.56378	0.71656	0.94686	0.75468	0.46373	0.2137	0	0.006	0.2187	0.46873	0.76068	0.95186	0.72156	0.56878	0.41187	0.26587	0.13471	0.01768	0.01768
445	0.01381	0.01381	0.13174	0.26343	0.40951	0.56586	0.71664	0.93751	0.75522	0.46427	0.2138	0	0.006	0.2188	0.46927	0.76122	0.94251	0.72164	0.57086	0.41451	0.26843	0.13674	0.01881	0.01881
446	0.01518	0.01518	0.13403	0.2662	0.41224	0.5678	0.71612	0.92665	0.75564	0.46463	0.21386	0	0.006	0.21886	0.46963	0.76164	0.93165	0.72112	0.5728	0.41724	0.2712	0.13903	0.02018	0.02018
447	0.01677	0.01677	0.13655	0.26914	0.415	0.56953	0.7149	0.9144	0.75487	0.46475	0.21388	0	0.006	0.21888	0.46975	0.76087	0.9194	0.7199	0.57453	0.42	0.27414	0.14155	0.02177	0.02177
448	0.01859	0.01859	0.13928	0.2722	0.41774	0.57098	0.71293	0.9009	0.75502	0.46458	0.21385	0	0.006	0.21885	0.46958	0.76102	0.9059	0.71793	0.57598	0.42274	0.2772	0.14428	0.02359	0.02359
449	0.0206	0.0206	0.14218	0.27535	0.42042	0.57212	0.71019	0.88637	0.75503	0.46408	0.21378	0	0.006	0.21878	0.46908	0.76103	0.89137	0.71519	0.57712	0.42542	0.28035	0.14718	0.0256	0.0256
450	0.02278	0.02278	0.14519	0.27852	0.42298	0.57293	0.70675	0.87107	0.7549	0.46322	0.21367	0	0.006	0.21867	0.46822	0.7609	0.87607	0.71175	0.57793	0.42798	0.28352	0.15019	0.02778	0.02778
451	0.02506	0.02506	0.14826	0.28166	0.42539	0.57341	0.70268	0.85534	0.75464	0.462	0.21352	0	0.006	0.21852	0.467	0.76064	0.86034	0.70768	0.57841	0.43039	0.28666	0.15326	0.03006	0.03006
452	0.02738	0.02738	0.15131	0.28472	0.42763	0.57361	0.69814	0.83953	0.75422	0.46044	0.21332	0	0.006	0.21832	0.46544	0.76022	0.84453	0.70314	0.57861	0.43263	0.28972	0.15631	0.03238	0.03238
454	0.02971	0.02971	0.15434	0.28773	0.42981	0.5737	0.6934	0.82386	0.75358	0.45853	0.21309	0	0.006	0.21809	0.46353	0.75958	0.82886	0.6984	0.5787	0.43481	0.29273	0.15934	0.03471	0.03471
455	0.03188	0.03188	0.15712	0.29043	0.43163	0.57348	0.68852	0.80909	0.75342	0.45641	0.21282	0	0.006	0.21782	0.46141	0.75942	0.81409	0.69352	0.57848	0.43663	0.29543	0.16212	0.03688	0.03688
456	0.03384	0.03384	0.15964	0.29285	0.43324	0.57317	0.68383	0.79547	0.75177	0.45411	0.2125	0	0.006	0.2175	0.45911	0.75777	0.80047	0.68883	0.57817	0.43824	0.29785	0.16464	0.03884	0.03884
457	0.03553	0.03553	0.16183	0.29497	0.43464	0.57285	0.67958	0.78339	0.74975	0.45174	0.21216	0	0.006	0.21716	0.45674	0.75575	0.78839	0.68458	0.57785	0.43964	0.29997	0.16683	0.04053	0.04053
458	0.03688	0.03688	0.16363	0.29674	0.43582	0.57262	0.67601	0.77324	0.74805	0.44938	0.21178	0	0.006	0.21678	0.45438	0.75405	0.77824	0.68101	0.57762	0.44082	0.30174	0.16863	0.04188	0.04188
459	0.03784	0.03784	0.165	0.29812	0.4368	0.57255	0.67333	0.76534	0.74778	0.44715	0.21137	0	0.006	0.21637	0.45215	0.75378	0.77034	0.67833	0.57755	0.4418	0.30312	0.17	0.04284	0.04284
460	0.03837	0.03837	0.16589	0.2991	0.43759	0.5727	0.67172	0.75994	0.7464	0.44513	0.21094	0	0.006	0.21594	0.45013	0.7524	0.76494	0.67672	0.5777	0.44259	0.3041	0.17089	0.04337	0.04337
461	0.03846	0.03846	0.16628	0.29967	0.4382	0.57312	0.67131	0.75725	0.74502	0.44343	0.21051	0	0.006	0.21551	0.44843	0.75102	0.76225	0.67631	0.57812	0.4432	0.30467	0.17128	0.04346	0.04346
462	0.0381	0.0381	0.16618	0.29982	0.43863	0.57384	0.67215	0.75737	0.74359	0.44211	0.21007	0	0.006	0.21507	0.44711	0.74959	0.76237	0.67715	0.57884	0.44363	0.30482	0.17118	0.0431	0.0431
463	0.03731	0.03731	0.16559	0.29957	0.43888	0.57485	0.67425	0.76032	0.74214	0.44122	0.20963	0	0.006	0.21463	0.44622	0.74814	0.76532	0.67925	0.57985	0.44388	0.30457	0.17059	0.04231	0.04231
464	0.03613	0.03613	0.16454	0.29892	0.43895	0.57611	0.67753	0.76605	0.74073	0.44079	0.20922	0	0.006	0.21422	0.44579	0.74673	0.77105	0.68253	0.58111	0.44395	0.30392	0.16954	0.04113	0.04113
465	0.03461	0.03461	0.16307	0.29791	0.43883	0.57758	0.68188	0.77439	0.73973	0.44081	0.20885	0	0.006	0.21385	0.44581	0.74573	0.77939	0.68688	0.58258	0.44383	0.30291	0.16807	0.03961	0.03961
466	0.03281	0.03281	0.16124	0.29654	0.43852	0.57919	0.68711	0.78513	0.73848	0.44125	0.20852	0	0.006	0.21352	0.44625	0.74448	0.79013	0.69211	0.58419	0.44352	0.30154	0.16624	0.03781	0.03781
467	0.03079	0.03079	0.1591	0.29487	0.43799	0.58083	0.693	0.79798	0.73819	0.44209	0.20825	0	0.006	0.21325	0.44709	0.74419	0.80298	0.698	0.58583	0.44299	0.29987	0.1641	0.03579	0.03579
468	0.02863	0.02863	0.15671	0.29292	0.43724	0.58242	0.69929	0.81261	0.73835	0.44324	0.20805	0	0.006	0.21305	0.44824	0.74435	0.81761	0.70429	0.58742	0.44224	0.29792	0.16171	0.03363	0.03363
469	0.0264	0.0264	0.15414	0.29074	0.43625	0.58385	0.70571	0.82864	0.73831	0.44465	0.20793	0	0.006	0.21293	0.44965	0.74431	0.83364	0.71071	0.58885	0.44125	0.29574	0.15914	0.0314	0.0314
470	0.02417	0.02417	0.15147	0.28836	0.43502	0.58503	0.71201	0.84567	0.73809	0.44622	0.2079	0	0.006	0.2129	0.45122	0.74409	0.85067	0.71701	0.59003	0.44002	0.29336	0.15647	0.02917	0.02917
471	0.02201	0.02201	0.14875	0.28584	0.43355	0.58588	0.71794	0.86333	0.73948	0.44789	0.20796	0	0.006	0.21296	0.45289	0.74548	0.86833	0.72294	0.59088	0.43855	0.29084	0.15375	0.02701	0.02701
472	0.01998	0.01998	0.14604	0.28322	0.43186	0.58634	0.72331	0.88121	0.73969	0.44958	0.20811	0	0.006	0.21311	0.45458	0.74569	0.88621	0.72831	0.59134	0.43686	0.28822	0.15104	0.02498	0.02498
473	0.01812	0.01812	0.14342	0.28056	0.42996	0.58637	0.72793	0.89898	0.74019	0.45123	0.20835	0	0.006	0.21335	0.45623	0.74619	0.90398	0.73293	0.59137	0.43496	0.28556	0.14842	0.02312	0.02312
475	0.01652	0.01652	0.14101	0.27802	0.42802	0.58612	0.7318	0.91612	0.74099	0.45277	0.20868	0	0.006	0.21368	0.45777	0.74699	0.92112	0.7368	0.59112	0.43302	0.28302	0.14601	0.02152	0.02152
476	0.01512	0.01512	0.13869	0.27542	0.42583	0.58531	0.7347	0.9327	0.74206	0.45422	0.20907	0	0.006	0.21407	0.45922	0.74806	0.9377	0.7397	0.59031	0.43083	0.28042	0.14369	0.02012	0.02012
477	0.01396	0.01396	0.13658	0.27292	0.42356	0.58414	0.73672	0.94832	0.74318	0.45554	0.20953	0	0.006	0.21453	0.46054	0.74918	0.95332	0.74172	0.58914	0.42856	0.27792	0.14158	0.01896	0.01896
478	0.01307	0.01307	0.13471	0.27057	0.42127	0.58268	0.73792	0.96278	0.74472	0.45673	0.21003	0	0.006	0.21503	0.46173	0.75072	0.96778	0.74292	0.58768	0.42627	0.27557	0.13971	0.01807	0.01807
479	0.01241	0.01241	0.13308	0.26841	0.41905	0.58102	0.7384	0.97593	0.74639	0.45781	0.21056	0	0.006	0.21556	0.46281	0.75239	0.98093	0.7434	0.58602	0.42405	0.27341	0.13808	0.01741	0.01741
480	0.01198	0.01198	0.13172	0.26648	0.41694	0.57925	0.73831	0.98765	0.74817	0.45878	0.21112	0	0.006	0.21612	0.46378	0.75417	0.99265	0.74331	0.58425	0.42194	0.27148	0.13672	0.01698	0.01698
481	0.01173	0.01173	0.1306	0.26481	0.41502	0.5775	0.73782	0.99788	0.74998	0.45967	0.21167	0	0.006	0.21667	0.46467	0.75598	1.00288	0.74282	0.5825	0.42002	0.26981	0.1356	0.01673	0.01673
482	0.01164	0.01164	0.12974	0.26341	0.41334	0.57585	0.73709	1.00655	0.75173	0.4605	0.21222	0	0.006	0.21722	0.4655	0.75773	1.01155	0.74209	0.58085	0.41834	0.26841	0.13474	0.01664	0.01664
483	0.01167	0.01167	0.1291	0.26231	0.41195	0.57443	0.73629	1.01364	0.75207	0.4613	0.21274	0	0.006	0.21774	0.4663	0.75807	1.01864	0.74129	0.57943	0.41695	0.26731	0.1341	0.01667	0.01667
484	0.01177	0.01177	0.12869	0.26151	0.4109	0.5733	0.73559	1.01911	0.75373	0.46208	0.21323	0	0.006	0.21823	0.46708	0.75973	1.02411	0.74059	0.5783	0.4159	0.26651	0.13369	0.01677	0.01677
485	0.01193	0.01193	0.12848	0.26102	0.41023	0.57254	0.73509	1.02296	0.75526	0.46284	0.21367	0	0.006	0.21867	0.46784	0.76126	1.02796	0.74009	0.57754	0.41523	0.26602	0.13348	0.01693	0.01693
486	0.01212	0.01212	0.12847	0.26085	0.40995	0.57221	0.73489	1.02518	0.75664	0.46358	0.21406	0	0.006	0.21906	0.46858	0.76264	1.03018	0.73989	0.57721	0.41495	0.26585	0.13347	0.01712	0.01712
487	0.01233	0.01233	0.12865	0.26101	0.41007	0.57232	0.73504	1.02576	0.75786	0.46429	0.2144	0	0.006	0.2194	0.46929	0.76386	1.03076	0.74004	0.57732	0.41507	0.26601	0.13365	0.01733	0.01733
488	0.01255	0.01255	0.12902	0.26148	0.41062	0.57289	0.73555	1.02472	0.75889	0.46497	0.21468	0	0.006	0.21968	0.46997	0.76489	1.02972	0.74055	0.57789	0.41562	0.26648	0.13402	0.01755	0.01755
489	0.01281	0.01281	0.12959	0.26229	0.41157	0.5739	0.73638	1.02204	0.75975	0.46558	0.2149	0	0.006	0.2199	0.47058	0.76575	1.02704	0.74138	0.5789	0.41657	0.26729	0.13459	0.01781	0.01781
490	0.01314	0.01314	0.13039	0.26344	0.41293	0.57533	0.73747	1.01776	0.76042	0.46612	0.21507	0	0.006	0.22007	0.47112	0.76642	1.02276	0.74247	0.58033	0.41793	0.26844	0.13539	0.01814	0.01814
491	0.01357	0.01357	0.13145	0.26493	0.41468	0.57712	0.73873	1.01189	0.76092	0.46655	0.21517	0	0.006	0.22017	0.47155	0.76692	1.01689	0.74373	0.58212	0.41968	0.26993	0.13645	0.01857	0.01857
492	0.01414	0.01414	0.13277	0.26677	0.4168	0.57923	0.74004	1.00449	0.76125	0.46686	0.21522	0	0.006	0.22022	0.47186	0.76725	1.00949	0.74504	0.58423	0.4218	0.27177	0.13777	0.01914	0.01914
493	0.01491	0.01491	0.13441	0.26897	0.41926	0.58159	0.74129	0.99563	0.76125	0.46704	0.21522	0	0.006	0.22022	0.47204	0.76725	1.00063	0.74629	0.58659	0.42426	0.27397	0.13941	0.01991	0.01991
494	0.01593	0.01593	0.13637	0.27152	0.42204	0.58414	0.74237	0.98539	0.7613	0.46708	0.21516	0	0.006	0.22016	0.47208	0.7673	0.99039	0.74737	0.58914	0.42704	0.27652	0.14137	0.02093	0.02093
496	0.01727	0.01727	0.13876	0.27453	0.42524	0.58695	0.74323	0.97373	0.76118	0.46695	0.21506	0	0.006	0.22006	0.47195	0.76718	0.97873	0.74823	0.59195	0.43024	0.27953	0.14376	0.02227	0.02227
497	0.01887	0.01887	0.14141	0.27775	0.42853	0.58968	0.74364	0.96115	0.76089	0.46671	0.2149	0	0.006	0.2199	0.47171	0.76689	0.96615	0.74864	0.59468	0.43353	0.28275	0.14641	0.02387	0.02387
498	0.02078	0.02078	0.14439	0.28125	0.43202	0.59241	0.74363	0.94768	0.75961	0.46634	0.2147	0	0.006	0.2197	0.47134	0.76561	0.95268	0.74863	0.59741	0.43702	0.28625	0.14939	0.02578	0.02578
499	0.023	0.023	0.14766	0.285	0.43564	0.59508	0.74317	0.93353	0.75906	0.46587	0.21446	0	0.006	0.21946	0.47087	0.76506	0.93853	0.74817	0.60008	0.44064	0.29	0.15266	0.028	0.028
500	0.02547	0.02547	0.15118	0.28893	0.43934	0.59766	0.74227	0.91896	0.75836	0.4653	0.21419	0	0.006	0.21919	0.4703	0.76436	0.92396	0.74727	0.60266	0.44434	0.29393	0.15618	0.03047	0.03047
501	0.02816	0.02816	0.15486	0.29296	0.44305	0.60011	0.74098	0.90424	0.75752	0.46467	0.21388	0	0.006	0.21888	0.46967	0.76352	0.90924	0.74598	0.60511	0.44805	0.29796	0.15986	0.03316	0.03316
502	0.03098	0.03098	0.15863	0.29701	0.4467	0.6024	0.73938	0.8897	0.75655	0.464	0.21355	0	0.006	0.21855	0.469	0.76255	0.8947	0.74438	0.6074	0.4517	0.30201	0.16363	0.03598	0.03598
503	0.03385	0.03385	0.16238	0.30098	0.45022	0.60452	0.73759	0.87564	0.75535	0.46331	0.21321	0	0.006	0.21821	0.46831	0.76135	0.88064	0.74259	0.60952	0.45522	0.30598	0.16738	0.03885	0.03885
504	0.03666	0.03666	0.166	0.30477	0.45354	0.60645	0.73573	0.86239	0.75425	0.46264	0.21287	0	0.006	0.21787	0.46764	0.76025	0.86739	0.74073	0.61145	0.45854	0.30977	0.171	0.04166	0.04166
505	0.03932	0.03932	0.16938	0.30828	0.45659	0.6082	0.73395	0.8503	0.75309	0.46199	0.21254	0	0.006	0.21754	0.46699	0.75909	0.8553	0.73895	0.6132	0.46159	0.31328	0.17438	0.04432	0.04432
506	0.04172	0.04172	0.17242	0.31143	0.45932	0.60976	0.73239	0.83966	0.75197	0.46141	0.21223	0	0.006	0.21723	0.46641	0.75797	0.84466	0.73739	0.61476	0.46432	0.31643	0.17742	0.04672	0.04672
507	0.04377	0.04377	0.17501	0.31412	0.46166	0.61115	0.73119	0.83079	0.75096	0.46091	0.21197	0	0.006	0.21697	0.46591	0.75696	0.83579	0.73619	0.61615	0.46666	0.31912	0.18001	0.04877	0.04877
508	0.04541	0.04541	0.17708	0.31628	0.46358	0.61235	0.73047	0.82394	0.7501	0.4605	0.21176	0	0.006	0.21676	0.4655	0.7561	0.82894	0.73547	0.61735	0.46858	0.32128	0.18208	0.05041	0.05041
509	0.04656	0.04656	0.17856	0.31785	0.46502	0.61338	0.73031	0.81933	0.7503	0.46022	0.21161	0	0.006	0.21661	0.46522	0.7563	0.82433	0.73531	0.61838	0.47002	0.32285	0.18356	0.05156	0.05156
510	0.04719	0.04719	0.17941	0.3188	0.46597	0.61423	0.73076	0.81714	0.74989	0.46008	0.21154	0	0.006	0.21654	0.46508	0.75589	0.82214	0.73576	0.61923	0.47097	0.3238	0.18441	0.05219	0.05219
511	0.0473	0.0473	0.17961	0.31909	0.4664	0.61488	0.73184	0.81745	0.74976	0.46009	0.21156	0	0.006	0.21656	0.46509	0.75576	0.82245	0.73684	0.61988	0.4714	0.32409	0.18461	0.0523	0.0523
512	0.04688	0.04688	0.17916	0.31873	0.4663	0.61531	0.73351	0.82032	0.74994	0.46026	0.21167	0	0.006	0.21667	0.46526	0.75594	0.82532	0.73851	0.62031	0.4713	0.32373	0.18416	0.05188	0.05188
513	0.04597	0.04597	0.17807	0.31772	0.46565	0.61548	0.73567	0.82571	0.75049	0.4606	0.21188	0	0.006	0.21688	0.4656	0.75649	0.83071	0.74067	0.62048	0.47065	0.32272	0.18307	0.05097	0.05097
514	0.0446	0.0446	0.17638	0.31607	0.46445	0.61535	0.7382	0.8335	0.7519	0.46111	0.21218	0	0.006	0.21718	0.46611	0.7579	0.8385	0.7432	0.62035	0.46945	0.32107	0.18138	0.0496	0.0496
515	0.04285	0.04285	0.17416	0.31383	0.46271	0.61486	0.74094	0.84352	0.75299	0.46179	0.21257	0	0.006	0.21757	0.46679	0.75899	0.84852	0.74594	0.61986	0.46771	0.31883	0.17916	0.04785	0.04785
517	0.04082	0.04082	0.17153	0.31115	0.46056	0.61409	0.74378	0.85536	0.75458	0.46259	0.21304	0	0.006	0.21804	0.46759	0.76058	0.86036	0.74878	0.61909	0.46556	0.31615	0.17653	0.04582	0.04582
518	0.03849	0.03849	0.16841	0.30785	0.45773	0.61271	0.74635	0.86906	0.75692	0.46356	0.21358	0	0.006	0.21858	0.46856	0.76292	0.87406	0.75135	0.61771	0.46273	0.31285	0.17341	0.04349	0.04349
519	0.03598	0.03598	0.16496	0.3041	0.45439	0.61079	0.74852	0.88412	0.75873	0.46465	0.21417	0	0.006	0.21917	0.46965	0.76473	0.88912	0.75352	0.61579	0.45939	0.3091	0.16996	0.04098	0.04098
520	0.03338	0.03338	0.16125	0.29996	0.45056	0.60831	0.75011	0.90016	0.76071	0.46583	0.21481	0	0.006	0.21981	0.47083	0.76671	0.90516	0.75511	0.61331	0.45556	0.30496	0.16625	0.03838	0.03838
521	0.03076	0.03076	0.15737	0.29552	0.44628	0.60523	0.75094	0.91681	0.76272	0.46708	0.21547	0	0.006	0.22047	0.47208	0.76872	0.92181	0.75594	0.61023	0.45128	0.30052	0.16237	0.03576	0.03576
522	0.02819	0.02819	0.1534	0.29084	0.44161	0.60156	0.7509	0.93368	0.76476	0.46836	0.21613	0	0.006	0.22113	0.47336	0.77076	0.93868	0.7559	0.60656	0.44661	0.29584	0.1584	0.03319	0.03319
523	0.02573	0.02573	0.14942	0.28601	0.43661	0.59732	0.74991	0.95041	0.76678	0.46964	0.21679	0	0.006	0.22179	0.47464	0.77278	0.95541	0.75491	0.60232	0.44161	0.29101	0.15442	0.03073	0.03073
524	0.02345	0.02345	0.14552	0.28111	0.43136	0.59258	0.74796	0.96665	0.76873	0.47089	0.21743	0	0.006	0.22243	0.47589	0.77473	0.97165	0.75296	0.59758	0.43636	0.28611	0.15052	0.02845	0.02845
525	0.02138	0.02138	0.14178	0.27625	0.42597	0.58742	0.74509	0.98212	0.77056	0.47208	0.21803	0	0.006	0.22303	0.47708	0.77656	0.98712	0.75009	0.59242	0.43097	0.28125	0.14678	0.02638	0.02638
526	0.01957	0.01957	0.13825	0.27152	0.42055	0.58197	0.74141	0.99654	0.77183	0.47319	0.21858	0	0.006	0.22358	0.47819	0.77783	1.00154	0.74641	0.58697	0.42555	0.27652	0.14325	0.02457	0.02457
527	0.01804	0.01804	0.13501	0.26701	0.41521	0.57637	0.73708	1.00971	0.77341	0.4742	0.21909	0	0.006	0.22409	0.4792	0.77941	1.01471	0.74208	0.58137	0.42021	0.27201	0.14001	0.02304	0.02304
528	0.01681	0.01681	0.1321	0.2628	0.41007	0.57076	0.73229	1.02146	0.77478	0.47508	0.21953	0	0.006	0.22453	0.48008	0.78078	1.02646	0.73729	0.57576	0.41507	0.2678	0.1371	0.02181	0.02181
529	0.01589	0.01589	0.12957	0.25897	0.40526	0.56533	0.72727	1.03166	0.77524	0.47585	0.21991	0	0.006	0.22491	0.48085	0.78124	1.03666	0.73227	0.57033	0.41026	0.26397	0.13457	0.02089	0.02089
530	0.01525	0.01525	0.12744	0.2556	0.40089	0.56023	0.72226	1.04023	0.77621	0.47647	0.22023	0	0.006	0.22523	0.48147	0.78221	1.04523	0.72726	0.56523	0.40589	0.2606	0.13244	0.02025	0.02025
531	0.01487	0.01487	0.12572	0.25272	0.39704	0.55561	0.71752	1.04711	0.77694	0.47696	0.22047	0	0.006	0.22547	0.48196	0.78294	1.05211	0.72252	0.56061	0.40204	0.25772	0.13072	0.01987	0.01987
532	0.01469	0.01469	0.12439	0.25037	0.39379	0.55161	0.71325	1.05224	0.77748	0.47732	0.22066	0	0.006	0.22566	0.48232	0.78348	1.05724	0.71825	0.55661	0.39879	0.25537	0.12939	0.01969	0.01969
533	0.01468	0.01468	0.12343	0.24855	0.39119	0.54833	0.70964	1.05561	0.77781	0.47754	0.22077	0	0.006	0.22577	0.48254	0.78381	1.06061	0.71464	0.55333	0.39619	0.25355	0.12843	0.01968	0.01968
534	0.01475	0.01475	0.12281	0.24726	0.38927	0.54584	0.70684	1.05719	0.77793	0.47762	0.22082	0	0.006	0.22582	0.48262	0.78393	1.06219	0.71184	0.55084	0.39427	0.25226	0.12781	0.01975	0.01975
535	0.01486	0.01486	0.12246	0.24646	0.38802	0.54418	0.70494	1.05696	0.77784	0.47757	0.2208	0	0.006	0.2258	0.48257	0.78384	1.06196	0.70994	0.54918	0.39302	0.25146	0.12746	0.01986	0.01986
536	0.01494	0.01494	0.12236	0.24613	0.38744	0.54336	0.70398	1.0549	0.77756	0.47739	0.22072	0	0.006	0.22572	0.48239	0.78356	1.0599	0.70898	0.54836	0.39244	0.25113	0.12736	0.01994	0.01994
538	0.01499	0.01499	0.12254	0.24635	0.38763	0.54348	0.70401	1.05082	0.77706	0.47705	0.22057	0	0.006	0.22557	0.48205	0.78306	1.05582	0.70901	0.54848	0.39263	0.25135	0.12754	0.01999	0.01999
539	0.01489	0.01489	0.1228	0.24685	0.38827	0.54423	0.70483	1.04508	0.77637	0.47661	0.22035	0	0.006	0.22535	0.48161	0.78237	1.05008	0.70983	0.54923	0.39327	0.25185	0.1278	0.01989	0.01989
540	0.01471	0.01471	0.12321	0.24772	0.38947	0.54568	0.70639	1.0375	0.77547	0.47604	0.22007	0	0.006	0.22507	0.48104	0.78147	1.0425	0.71139	0.55068	0.39447	0.25272	0.12821	0.01971	0.01971
541	0.01447	0.01447	0.12381	0.24895	0.39118	0.54777	0.70856	1.02812	0.77436	0.47535	0.21973	0	0.006	0.22473	0.48035	0.78036	1.03312	0.71356	0.55277	0.39618	0.25395	0.12881	0.01947	0.01947
542	0.01425	0.01425	0.12463	0.25057	0.3934	0.55042	0.71121	1.01703	0.77306	0.47454	0.21934	0	0.006	0.22434	0.47954	0.77906	1.02203	0.71621	0.55542	0.3984	0.25557	0.12963	0.01925	0.01925
543	0.01415	0.01415	0.12574	0.25261	0.39612	0.55359	0.71418	1.00431	0.77157	0.47364	0.21889	0	0.006	0.22389	0.47864	0.77757	1.00931	0.71918	0.55859	0.40112	0.25761	0.13074	0.01915	0.01915
544	0.01431	0.01431	0.12726	0.25514	0.39935	0.55723	0.71734	0.99015	0.76921	0.47265	0.2184	0	0.006	0.2234	0.47765	0.77521	0.99515	0.72234	0.56223	0.40435	0.26014	0.13226	0.01931	0.01931
545	0.01488	0.01488	0.12929	0.25823	0.40314	0.56132	0.72058	0.97473	0.76742	0.4716	0.21789	0	0.006	0.22289	0.4766	0.77342	0.97973	0.72558	0.56632	0.40814	0.26323	0.13429	0.01988	0.01988
546	0.01604	0.01604	0.13197	0.26197	0.40751	0.56584	0.7238	0.95833	0.76191	0.47051	0.21736	0	0.006	0.22236	0.47551	0.76791	0.96333	0.7288	0.57084	0.41251	0.26697	0.13697	0.02104	0.02104
547	0.01794	0.01794	0.13542	0.26645	0.41253	0.57081	0.72695	0.94123	0.76008	0.46943	0.21682	0	0.006	0.22182	0.47443	0.76608	0.94623	0.73195	0.57581	0.41753	0.27145	0.14042	0.02294	0.02294
548	0.02073	0.02073	0.13975	0.27174	0.41823	0.57622	0.73001	0.92378	0.75826	0.46837	0.21631	0	0.006	0.22131	0.47337	0.76426	0.92878	0.73501	0.58122	0.42323	0.27674	0.14475	0.02573	0.02573
549	0.02451	0.02451	0.14503	0.27789	0.42463	0.58208	0.73298	0.90633	0.75655	0.46739	0.21583	0	0.006	0.22083	0.47239	0.76255	0.91133	0.73798	0.58708	0.42963	0.28289	0.15003	0.02951	0.02951
550	0.02934	0.02934	0.15128	0.28489	0.43172	0.58837	0.73587	0.88927	0.75497	0.46651	0.2154	0	0.006	0.2204	0.47151	0.76097	0.89427	0.74087	0.59337	0.43672	0.28989	0.15628	0.03434	0.03434
551	0.03521	0.03521	0.15847	0.2927	0.43945	0.59507	0.73873	0.87295	0.75361	0.46577	0.21503	0	0.006	0.22003	0.47077	0.75961	0.87795	0.74373	0.60007	0.44445	0.2977	0.16347	0.04021	0.04021
552	0.04204	0.04204	0.1665	0.30121	0.44773	0.60209	0.74158	0.85772	0.75248	0.4652	0.21476	0	0.006	0.21976	0.4702	0.75848	0.86272	0.74658	0.60709	0.45273	0.30621	0.1715	0.04704	0.04704
553	0.04967	0.04967	0.1752	0.31026	0.4564	0.60936	0.74446	0.84391	0.75173	0.46481	0.21457	0	0.006	0.21957	0.46981	0.75773	0.84891	0.74946	0.61436	0.4614	0.31526	0.1802	0.05467	0.05467
554	0.05788	0.05788	0.18434	0.31962	0.46527	0.61671	0.74736	0.83177	0.75134	0.46463	0.21449	0	0.006	0.21949	0.46963	0.75734	0.83677	0.75236	0.62171	0.47027	0.32462	0.18934	0.06288	0.06288
555	0.06639	0.06639	0.19362	0.32901	0.4741	0.62399	0.75029	0.82153	0.75202	0.46465	0.21451	0	0.006	0.21951	0.46965	0.75802	0.82653	0.75529	0.62899	0.4791	0.33401	0.19862	0.07139	0.07139
556	0.07484	0.07484	0.20271	0.33812	0.48261	0.63098	0.7532	0.81334	0.75237	0.46487	0.21464	0	0.006	0.21964	0.46987	0.75837	0.81834	0.7582	0.63598	0.48761	0.34312	0.20771	0.07984	0.07984
557	0.0829	0.0829	0.21124	0.34661	0.49051	0.63747	0.75603	0.80728	0.75671	0.46529	0.21487	0	0.006	0.21987	0.47029	0.76271	0.81228	0.76103	0.64247	0.49551	0.35161	0.21624	0.0879	0.0879
559	0.09022	0.09022	0.21895	0.35426	0.49763	0.64336	0.75879	0.80323	0.75765	0.46586	0.2152	0	0.006	0.2202	0.47086	0.76365	0.80823	0.76379	0.64836	0.50263	0.35926	0.22395	0.09522	0.09522
560	0.09638	0.09638	0.22531	0.3605	0.5034	0.64814	0.76121	0.8015	0.75888	0.46661	0.21561	0	0.006	0.22061	0.47161	0.76488	0.8065	0.76621	0.65314	0.5084	0.3655	0.23031	0.10138	0.10138
561	0.10112	0.10112	0.23012	0.36517	0.50773	0.65176	0.76326	0.80185	0.76034	0.46749	0.21608	0	0.006	0.22108	0.47249	0.76634	0.80685	0.76826	0.65676	0.51273	0.37017	0.23512	0.10612	0.10612
562	0.10419	0.10419	0.23314	0.36806	0.5104	0.65404	0.76483	0.80417	0.76196	0.46846	0.21661	0	0.006	0.22161	0.47346	0.76796	0.80917	0.76983	0.65904	0.5154	0.37306	0.23814	0.10919	0.10919
563	0.10543	0.10543	0.23421	0.36902	0.51127	0.65487	0.76584	0.80831	0.76372	0.4695	0.21717	0	0.006	0.22217	0.4745	0.76972	0.81331	0.77084	0.65987	0.51627	0.37402	0.23921	0.11043	0.11043
564	0.10478	0.10478	0.23327	0.36798	0.5103	0.65418	0.76618	0.81413	0.76555	0.47058	0.21775	0	0.006	0.22275	0.47558	0.77155	0.81913	0.77118	0.65918	0.5153	0.37298	0.23827	0.10978	0.10978
565	0.10227	0.10227	0.23036	0.36498	0.5075	0.65197	0.76581	0.82144	0.76732	0.47167	0.21833	0	0.006	0.22333	0.47667	0.77332	0.82644	0.77081	0.65697	0.5125	0.36998	0.23536	0.10727	0.10727
566	0.09802	0.09802	0.22561	0.36014	0.50297	0.6483	0.7647	0.83007	0.76907	0.47274	0.21889	0	0.006	0.22389	0.47774	0.77507	0.83507	0.7697	0.6533	0.50797	0.36514	0.23061	0.10302	0.10302
567	0.09225	0.09225	0.21923	0.35366	0.49688	0.64329	0.76283	0.83983	0.77074	0.47378	0.21943	0	0.006	0.22443	0.47878	0.77674	0.84483	0.76783	0.64829	0.50188	0.35866	0.22423	0.09725	0.09725
568	0.08525	0.08525	0.2115	0.3458	0.48947	0.63712	0.76024	0.85055	0.77343	0.47475	0.21993	0	0.006	0.22493	0.47975	0.77943	0.85555	0.76524	0.64212	0.49447	0.3508	0.2165	0.09025	0.09025
569	0.07734	0.07734	0.20277	0.3369	0.48103	0.63001	0.75699	0.86203	0.77473	0.47564	0.22038	0	0.006	0.22538	0.48064	0.78073	0.86703	0.76199	0.63501	0.48603	0.3419	0.20777	0.08234	0.08234
570	0.0689	0.0689	0.19341	0.32731	0.47186	0.62218	0.75316	0.87409	0.77594	0.47644	0.22078	0	0.006	0.22578	0.48144	0.78194	0.87909	0.75816	0.62718	0.47686	0.33231	0.19841	0.0739	0.0739
571	0.0603	0.0603	0.18379	0.31737	0.46229	0.6139	0.74884	0.88655	0.77685	0.47713	0.22113	0	0.006	0.22613	0.48213	0.78285	0.89155	0.75384	0.6189	0.46729	0.32237	0.18879	0.0653	0.0653
572	0.05188	0.05188	0.17428	0.30745	0.45264	0.60543	0.74415	0.89921	0.77756	0.47769	0.22141	0	0.006	0.22641	0.48269	0.78356	0.90421	0.74915	0.61043	0.45764	0.31245	0.17928	0.05688	0.05688
573	0.04396	0.04396	0.16518	0.29786	0.4432	0.597	0.7392	0.91188	0.77806	0.47811	0.22163	0	0.006	0.22663	0.48311	0.78406	0.91688	0.7442	0.602	0.4482	0.30286	0.17018	0.04896	0.04896
574	0.03679	0.03679	0.15678	0.28887	0.43421	0.58882	0.73412	0.92437	0.77835	0.47838	0.22178	0	0.006	0.22678	0.48338	0.78435	0.92937	0.73912	0.59382	0.43921	0.29387	0.16178	0.04179	0.04179
575	0.03055	0.03055	0.14927	0.28067	0.42588	0.58107	0.72901	0.93646	0.77845	0.4785	0.22187	0	0.006	0.22687	0.4835	0.78445	0.94146	0.73401	0.58607	0.43088	0.28567	0.15427	0.03555	0.03555
576	0.02534	0.02534	0.14279	0.27343	0.41836	0.57391	0.724	0.94796	0.77832	0.47845	0.22188	0	0.006	0.22688	0.48345	0.78432	0.95296	0.729	0.57891	0.42336	0.27843	0.14779	0.03034	0.03034
577	0.0212	0.0212	0.13738	0.26721	0.41174	0.56742	0.71919	0.95866	0.77795	0.47824	0.22183	0	0.006	0.22683	0.48324	0.78395	0.96366	0.72419	0.57242	0.41674	0.27221	0.14238	0.0262	0.0262
578	0.01809	0.01809	0.13305	0.26202	0.40607	0.56168	0.71466	0.96839	0.77735	0.47786	0.2217	0	0.006	0.2267	0.48286	0.78335	0.97339	0.71966	0.56668	0.41107	0.26702	0.13805	0.02309	0.02309
580	0.01595	0.01595	0.12979	0.25796	0.40146	0.55686	0.71059	0.9768	0.77536	0.4773	0.22151	0	0.006	0.22651	0.4823	0.78136	0.9818	0.71559	0.56186	0.40646	0.26296	0.13479	0.02095	0.02095
581	0.01456	0.01456	0.12734	0.2547	0.39762	0.55269	0.70689	0.98408	0.77439	0.47662	0.22123	0	0.006	0.22623	0.48162	0.78039	0.98908	0.71189	0.55769	0.40262	0.2597	0.13234	0.01956	0.01956
582	0.01377	0.01377	0.12564	0.25226	0.3946	0.54929	0.70372	0.98995	0.7731	0.4758	0.22088	0	0.006	0.22588	0.4808	0.7791	0.99495	0.70872	0.55429	0.3996	0.25726	0.13064	0.01877	0.01877
583	0.01341	0.01341	0.12452	0.25051	0.39234	0.54664	0.70113	0.9943	0.77169	0.47487	0.22046	0	0.006	0.22546	0.47987	0.77769	0.9993	0.70613	0.55164	0.39734	0.25551	0.12952	0.01841	0.01841
584	0.0133	0.0133	0.12383	0.24933	0.39074	0.54471	0.69918	0.9971	0.77007	0.47385	0.21997	0	0.006	0.22497	0.47885	0.77607	1.0021	0.70418	0.54971	0.39574	0.25433	0.12883	0.0183	0.0183
585	0.01329	0.01329	0.12344	0.24861	0.38973	0.54348	0.6979	0.99831	0.76826	0.47276	0.21942	0	0.006	0.22442	0.47776	0.77426	1.00331	0.7029	0.54848	0.39473	0.25361	0.12844	0.01829	0.01829
586	0.01324	0.01324	0.12324	0.24827	0.38926	0.5429	0.69734	0.99796	0.76628	0.47164	0.21883	0	0.006	0.22383	0.47664	0.77228	1.00296	0.70234	0.5479	0.39426	0.25327	0.12824	0.01824	0.01824
587	0.01308	0.01308	0.12316	0.24824	0.38928	0.54298	0.69749	0.99606	0.76418	0.47049	0.2182	0	0.006	0.2232	0.47549	0.77018	1.00106	0.70249	0.54798	0.39428	0.25324	0.12816	0.01808	0.01808
588	0.01278	0.01278	0.12316	0.2485	0.38977	0.54368	0.69835	0.9927	0.76203	0.46935	0.21755	0	0.006	0.22255	0.47435	0.76803	0.9977	0.70335	0.54868	0.39477	0.2535	0.12816	0.01778	0.01778
589	0.01233	0.01233	0.12324	0.24905	0.39072	0.54501	0.69988	0.98795	0.75987	0.46824	0.21691	0	0.006	0.22191	0.47324	0.76587	0.99295	0.70488	0.55001	0.39572	0.25405	0.12824	0.01733	0.01733
590	0.0118	0.0118	0.12345	0.24991	0.39216	0.54695	0.70204	0.98191	0.75777	0.46719	0.2163	0	0.006	0.2213	0.47219	0.76377	0.98691	0.70704	0.55195	0.39716	0.25491	0.12845	0.0168	0.0168
591	0.01126	0.01126	0.12385	0.25114	0.3941	0.54949	0.70473	0.97469	0.75583	0.46619	0.21573	0	0.006	0.22073	0.47119	0.76183	0.97969	0.70973	0.55449	0.3991	0.25614	0.12885	0.01626	0.01626
592	0.01082	0.01082	0.12454	0.25279	0.39657	0.55262	0.70784	0.96639	0.75333	0.46527	0.21522	0	0.006	0.22022	0.47027	0.75933	0.97139	0.71284	0.55762	0.40157	0.25779	0.12954	0.01582	0.01582
593	0.01063	0.01063	0.12562	0.25495	0.39961	0.5563	0.71127	0.95712	0.75192	0.46444	0.2148	0	0.006	0.2198	0.46944	0.75792	0.96212	0.71627	0.5613	0.40461	0.25995	0.13062	0.01563	0.01563
594	0.01079	0.01079	0.12718	0.25766	0.40324	0.5605	0.71486	0.947	0.75086	0.4637	0.21449	0	0.006	0.21949	0.4687	0.75686	0.952	0.71986	0.5655	0.40824	0.26266	0.13218	0.01579	0.01579
595	0.01144	0.01144	0.12932	0.26099	0.40745	0.56517	0.71846	0.93614	0.74995	0.46306	0.21429	0	0.006	0.21929	0.46806	0.75595	0.94114	0.72346	0.57017	0.41245	0.26599	0.13432	0.01644	0.01644
596	0.01267	0.01267	0.1321	0.26497	0.41225	0.57024	0.72194	0.92466	0.74978	0.46253	0.21422	0	0.006	0.21922	0.46753	0.75578	0.92966	0.72694	0.57524	0.41725	0.26997	0.1371	0.01767	0.01767
597	0.01455	0.01455	0.13556	0.26959	0.4176	0.57564	0.72516	0.91267	0.75007	0.46211	0.21427	0	0.006	0.21927	0.46711	0.75607	0.91767	0.73016	0.58064	0.4226	0.27459	0.14056	0.01955	0.01955
598	0.01712	0.01712	0.1397	0.27484	0.42344	0.58128	0.728	0.90032	0.75079	0.46182	0.21445	0	0.006	0.21945	0.46682	0.75679	0.90532	0.733	0.58628	0.42844	0.27984	0.1447	0.02212	0.02212
599	0.02037	0.02037	0.1445	0.28066	0.4297	0.58707	0.73037	0.88775	0.75194	0.46166	0.21476	0	0.006	0.21976	0.46666	0.75794	0.89275	0.73537	0.59207	0.4347	0.28566	0.1495	0.02537	0.02537
601	0.02429	0.02429	0.14996	0.28707	0.43642	0.59305	0.73232	0.87495	0.75154	0.46163	0.21517	0	0.006	0.22017	0.46663	0.75754	0.87995	0.73732	0.59805	0.44142	0.29207	0.15496	0.02929	0.02929
602	0.02872	0.02872	0.1558	0.29372	0.4432	0.59886	0.73367	0.86244	0.75002	0.46178	0.21568	0	0.006	0.22068	0.46678	0.75602	0.86744	0.73867	0.60386	0.4482	0.29872	0.1608	0.03372	0.03372
603	0.03357	0.03357	0.16197	0.30058	0.45006	0.60455	0.73453	0.85025	0.74871	0.46211	0.21626	0	0.006	0.22126	0.46711	0.75471	0.85525	0.73953	0.60955	0.45506	0.30558	0.16697	0.03857	0.03857
604	0.03867	0.03867	0.1683	0.30749	0.45685	0.61002	0.73496	0.83861	0.7464	0.46262	0.2169	0	0.006	0.2219	0.46762	0.7524	0.84361	0.73996	0.61502	0.46185	0.31249	0.1733	0.04367	0.04367
605	0.04385	0.04385	0.17459	0.31427	0.46341	0.6152	0.73508	0.82772	0.7436	0.46332	0.21757	0	0.006	0.22257	0.46832	0.7496	0.83272	0.74008	0.6202	0.46841	0.31927	0.17959	0.04885	0.04885
606	0.04891	0.04891	0.18063	0.32072	0.46962	0.62001	0.735	0.81782	0.74219	0.46422	0.21825	0	0.006	0.22325	0.46922	0.74819	0.82282	0.74	0.62501	0.47462	0.32572	0.18563	0.05391	0.05391
607	0.05364	0.05364	0.18623	0.32667	0.47531	0.62441	0.73488	0.80913	0.74009	0.46531	0.21893	0	0.006	0.22393	0.47031	0.74609	0.81413	0.73988	0.62941	0.48031	0.33167	0.19123	0.05864	0.05864
608	0.05785	0.05785	0.19119	0.33194	0.48036	0.62833	0.73485	0.80186	0.73723	0.46657	0.21959	0	0.006	0.22459	0.47157	0.74323	0.80686	0.73985	0.63333	0.48536	0.33694	0.19619	0.06285	0.06285
609	0.06136	0.06136	0.19533	0.33635	0.48464	0.63173	0.73504	0.79621	0.73436	0.46799	0.22022	0	0.006	0.22522	0.47299	0.74036	0.80121	0.74004	0.63673	0.48964	0.34135	0.20033	0.06636	0.06636
610	0.06402	0.06402	0.19849	0.33979	0.48806	0.63458	0.73559	0.79231	0.73128	0.46952	0.22079	0	0.006	0.22579	0.47452	0.73728	0.79731	0.74059	0.63958	0.49306	0.34479	0.20349	0.06902	0.06902
611	0.0657	0.0657	0.20056	0.34214	0.49053	0.63683	0.73655	0.7903	0.72818	0.47114	0.22131	0	0.006	0.22631	0.47614	0.73418	0.7953	0.74155	0.64183	0.49553	0.34714	0.20556	0.0707	0.0707
612	0.06632	0.06632	0.20147	0.34334	0.49199	0.63847	0.73799	0.79024	0.72787	0.47279	0.22177	0	0.006	0.22677	0.47779	0.73387	0.79524	0.74299	0.64347	0.49699	0.34834	0.20647	0.07132	0.07132
613	0.06587	0.06587	0.20117	0.34335	0.49243	0.63947	0.73989	0.79213	0.72981	0.47443	0.22215	0	0.006	0.22715	0.47943	0.73581	0.79713	0.74489	0.64447	0.49743	0.34835	0.20617	0.07087	0.07087
614	0.06435	0.06435	0.19969	0.34219	0.49185	0.63982	0.74221	0.79595	0.73357	0.476	0.22247	0	0.006	0.22747	0.481	0.73957	0.80095	0.74721	0.64482	0.49685	0.34719	0.20469	0.06935	0.06935
615	0.06183	0.06183	0.19708	0.3399	0.49026	0.6395	0.74486	0.80159	0.73962	0.47744	0.22272	0	0.006	0.22772	0.48244	0.74562	0.80659	0.74986	0.6445	0.49526	0.3449	0.20208	0.06683	0.06683
616	0.05842	0.05842	0.19346	0.33657	0.48773	0.63853	0.74773	0.80891	0.74537	0.47871	0.2229	0	0.006	0.2279	0.48371	0.75137	0.81391	0.75273	0.64353	0.49273	0.34157	0.19846	0.06342	0.06342
617	0.05426	0.05426	0.18896	0.33233	0.48434	0.63692	0.75065	0.81773	0.74959	0.47977	0.22301	0	0.006	0.22801	0.48477	0.75559	0.82273	0.75565	0.64192	0.48934	0.33733	0.19396	0.05926	0.05926
618	0.04953	0.04953	0.18377	0.32733	0.4802	0.63468	0.75346	0.82783	0.75504	0.48058	0.22305	0	0.006	0.22805	0.48558	0.76104	0.83283	0.75846	0.63968	0.4852	0.33233	0.18877	0.05453	0.05453
619	0.04443	0.04443	0.17807	0.32174	0.47543	0.63186	0.75599	0.83894	0.76009	0.48111	0.22302	0	0.006	0.22802	0.48611	0.76609	0.84394	0.76099	0.63686	0.48043	0.32674	0.18307	0.04943	0.04943
620	0.03916	0.03916	0.17207	0.31574	0.47018	0.6285	0.75809	0.85081	0.76482	0.48136	0.22292	0	0.006	0.22792	0.48636	0.77082	0.85581	0.76309	0.6335	0.47518	0.32074	0.17707	0.04416	0.04416
622	0.03397	0.03397	0.16606	0.30964	0.46471	0.62481	0.7597	0.86299	0.76939	0.4813	0.22276	0	0.006	0.22776	0.4863	0.77539	0.86799	0.7647	0.62981	0.46971	0.31464	0.17106	0.03897	0.03897
623	0.02895	0.02895	0.16007	0.30338	0.45892	0.6206	0.76056	0.87556	0.77418	0.481	0.22253	0	0.006	0.22753	0.486	0.78018	0.88056	0.76556	0.6256	0.46392	0.30838	0.16507	0.03395	0.03395
624	0.02431	0.02431	0.15435	0.29726	0.45308	0.61608	0.76069	0.8881	0.77705	0.48045	0.22222	0	0.006	0.22722	0.48545	0.78305	0.8931	0.76569	0.62108	0.45808	0.30226	0.15935	0.02931	0.02931
625	0.02017	0.02017	0.14906	0.29143	0.44732	0.61137	0.76007	0.90038	0.77869	0.47969	0.22186	0	0.006	0.22686	0.48469	0.78469	0.90538	0.76507	0.61637	0.45232	0.29643	0.15406	0.02517	0.02517
626	0.01662	0.01662	0.14429	0.28599	0.44178	0.60656	0.75875	0.91221	0.77816	0.47876	0.22144	0	0.006	0.22644	0.48376	0.78416	0.91721	0.76375	0.61156	0.44678	0.29099	0.14929	0.02162	0.02162
627	0.01371	0.01371	0.14012	0.28105	0.43656	0.60178	0.75679	0.92341	0.77689	0.47771	0.22097	0	0.006	0.22597	0.48271	0.78289	0.92841	0.76179	0.60678	0.44156	0.28605	0.14512	0.01871	0.01871
628	0.01143	0.01143	0.13659	0.27668	0.43175	0.59712	0.75431	0.93385	0.77536	0.47658	0.22047	0	0.006	0.22547	0.48158	0.78136	0.93885	0.75931	0.60212	0.43675	0.28168	0.14159	0.01643	0.01643
629	0.00975	0.00975	0.13368	0.27289	0.42741	0.59271	0.75148	0.94343	0.77374	0.47542	0.21994	0	0.006	0.22494	0.48042	0.77974	0.94843	0.75648	0.59771	0.43241	0.27789	0.13868	0.01475	0.01475
630	0.00859	0.00859	0.13137	0.26969	0.4236	0.58864	0.74846	0.95208	0.77154	0.47429	0.2194	0	0.006	0.2244	0.47929	0.77754	0.95708	0.75346	0.59364	0.4286	0.27469	0.13637	0.01359	0.01359
631	0.00786	0.00786	0.12958	0.26707	0.42034	0.58501	0.74543	0.95975	0.7699	0.47322	0.21888	0	0.006	0.22388	0.47822	0.7759	0.96475	0.75043	0.59001	0.42534	0.27207	0.13458	0.01286	0.01286
632	0.00744	0.00744	0.12825	0.26498	0.41766	0.58189	0.74258	0.96641	0.76834	0.47226	0.21839	0	0.006	0.22339	0.47726	0.77434	0.97141	0.74758	0.58689	0.42266	0.26998	0.13325	0.01244	0.01244
633	0.00721	0.00721	0.12728	0.2634	0.41555	0.57937	0.74007	0.97206	0.76692	0.47145	0.21794	0	0.006	0.22294	0.47645	0.77292	0.97706	0.74507	0.58437	0.42055	0.2684	0.13228	0.01221	0.01221
634	0.00707	0.00707	0.1266	0.26226	0.41402	0.57748	0.73805	0.97667	0.76512	0.4708	0.21756	0	0.006	0.22256	0.4758	0.77112	0.98167	0.74305	0.58248	0.41902	0.26726	0.1316	0.01207	0.01207
635	0.00693	0.00693	0.12614	0.26153	0.41306	0.57626	0.73661	0.98026	0.76421	0.47034	0.21727	0	0.006	0.22227	0.47534	0.77021	0.98526	0.74161	0.58126	0.41806	0.26653	0.13114	0.01193	0.01193
636	0.00672	0.00672	0.12585	0.26119	0.41266	0.57576	0.73584	0.98279	0.76363	0.47008	0.21707	0	0.006	0.22207	0.47508	0.76963	0.98779	0.74084	0.58076	0.41766	0.26619	0.13085	0.01172	0.01172
637	0.00642	0.00642	0.12571	0.26122	0.41284	0.57597	0.73576	0.98427	0.76342	0.47004	0.21698	0	0.006	0.22198	0.47504	0.76942	0.98927	0.74076	0.58097	0.41784	0.26622	0.13071	0.01142	0.01142
638	0.00604	0.00604	0.12574	0.26164	0.41358	0.5769	0.73635	0.98466	0.76361	0.47021	0.217	0	0.006	0.222	0.47521	0.76961	0.98966	0.74135	0.5819	0.41858	0.26664	0.13074	0.01104	0.01104
639	0.00562	0.00562	0.12598	0.26247	0.41491	0.57853	0.73758	0.98394	0.76419	0.47058	0.21714	0	0.006	0.22214	0.47558	0.77019	0.98894	0.74258	0.58353	0.41991	0.26747	0.13098	0.01062	0.01062
640	0.00527	0.00527	0.12649	0.26376	0.41685	0.58083	0.73934	0.98206	0.76502	0.47114	0.21738	0	0.006	0.22238	0.47614	0.77102	0.98706	0.74434	0.58583	0.42185	0.26876	0.13149	0.01027	0.01027
641	0.00508	0.00508	0.12737	0.26557	0.41941	0.58379	0.74154	0.97898	0.76637	0.47188	0.21772	0	0.006	0.22272	0.47688	0.77237	0.98398	0.74654	0.58879	0.42441	0.27057	0.13237	0.01008	0.01008
643	0.00525	0.00525	0.12881	0.26808	0.42275	0.58748	0.7441	0.97451	0.76804	0.47275	0.21815	0	0.006	0.22315	0.47775	0.77404	0.97951	0.7491	0.59248	0.42775	0.27308	0.13381	0.01025	0.01025
644	0.00583	0.00583	0.13074	0.27113	0.4266	0.59158	0.74675	0.96896	0.76996	0.47377	0.21864	0	0.006	0.22364	0.47877	0.77596	0.97396	0.75175	0.59658	0.4316	0.27613	0.13574	0.01083	0.01083
645	0.007	0.007	0.13336	0.27489	0.43112	0.59617	0.7494	0.96216	0.77206	0.47488	0.21919	0	0.006	0.22419	0.47988	0.77806	0.96716	0.7544	0.60117	0.43612	0.27989	0.13836	0.012	0.012
646	0.00889	0.00889	0.13675	0.2794	0.43628	0.60117	0.75194	0.95413	0.77425	0.47606	0.21976	0	0.006	0.22476	0.48106	0.78025	0.95913	0.75694	0.60617	0.44128	0.2844	0.14175	0.01389	0.01389
647	0.01159	0.01159	0.14096	0.28467	0.44206	0.60651	0.75424	0.94493	0.77467	0.47727	0.22034	0	0.006	0.22534	0.48227	0.78067	0.94993	0.75924	0.61151	0.44706	0.28967	0.14596	0.01659	0.01659
648	0.01515	0.01515	0.14601	0.29067	0.44838	0.61209	0.75621	0.93463	0.77688	0.47846	0.22092	0	0.006	0.22592	0.48346	0.78288	0.93963	0.76121	0.61709	0.45338	0.29567	0.15101	0.02015	0.02015
649	0.01959	0.01959	0.15187	0.29734	0.45517	0.61781	0.75777	0.92338	0.77873	0.47962	0.22146	0	0.006	0.22646	0.48462	0.78473	0.92838	0.76277	0.62281	0.46017	0.30234	0.15687	0.02459	0.02459
650	0.02484	0.02484	0.15844	0.30458	0.46231	0.62357	0.7589	0.91135	0.77871	0.4807	0.22197	0	0.006	0.22697	0.4857	0.78471	0.91635	0.7639	0.62857	0.46731	0.30958	0.16344	0.02984	0.02984
651	0.03079	0.03079	0.1656	0.31224	0.46965	0.62925	0.75957	0.89873	0.77725	0.48168	0.22242	0	0.006	0.22742	0.48668	0.78325	0.90373	0.76457	0.63425	0.47465	0.31724	0.1706	0.03579	0.03579
652	0.03729	0.03729	0.17317	0.32013	0.47703	0.63473	0.75981	0.88577	0.77524	0.48253	0.22281	0	0.006	0.22781	0.48753	0.78124	0.89077	0.76481	0.63973	0.48203	0.32513	0.17817	0.04229	0.04229
653	0.04412	0.04412	0.18091	0.32804	0.48424	0.63989	0.75964	0.87275	0.77275	0.48324	0.22313	0	0.006	0.22813	0.48824	0.77875	0.87775	0.76464	0.64489	0.48924	0.33304	0.18591	0.04912	0.04912
654	0.05103	0.05103	0.18857	0.33571	0.4911	0.64461	0.75912	0.85995	0.77049	0.4838	0.22337	0	0.006	0.22837	0.4888	0.77649	0.86495	0.76412	0.64961	0.4961	0.34071	0.19357	0.05603	0.05603
655	0.05775	0.05775	0.19588	0.3429	0.4974	0.64877	0.75833	0.84768	0.76813	0.48419	0.22355	0	0.006	0.22855	0.48919	0.77413	0.85268	0.76333	0.65377	0.5024	0.3479	0.20088	0.06275	0.06275
656	0.06399	0.06399	0.20255	0.34936	0.50293	0.65228	0.75733	0.83622	0.76725	0.48443	0.22365	0	0.006	0.22865	0.48943	0.77325	0.84122	0.76233	0.65728	0.50793	0.35436	0.20755	0.06899	0.06899
657	0.06949	0.06949	0.20832	0.35484	0.50751	0.65502	0.75622	0.82587	0.76442	0.48451	0.22369	0	0.006	0.22869	0.48951	0.77042	0.83087	0.76122	0.66002	0.51251	0.35984	0.21332	0.07449	0.07449
658	0.07399	0.07399	0.21295	0.35914	0.51098	0.65694	0.75505	0.8169	0.76251	0.48445	0.22366	0	0.006	0.22866	0.48945	0.76851	0.8219	0.76005	0.66194	0.51598	0.36414	0.21795	0.07899	0.07899
659	0.07728	0.07728	0.21624	0.36208	0.51323	0.65798	0.7539	0.80951	0.75822	0.48425	0.22356	0	0.006	0.22856	0.48925	0.76422	0.81451	0.7589	0.66298	0.51823	0.36708	0.22124	0.08228	0.08228
660	0.0792	0.0792	0.21805	0.36356	0.51416	0.65811	0.75281	0.80391	0.75393	0.48394	0.22341	0	0.006	0.22841	0.48894	0.75993	0.80891	0.75781	0.66311	0.51916	0.36856	0.22305	0.0842	0.0842
661	0.07967	0.07967	0.21829	0.36351	0.51375	0.65733	0.75183	0.80023	0.75199	0.48353	0.2232	0	0.006	0.2282	0.48853	0.75799	0.80523	0.75683	0.66233	0.51875	0.36851	0.22329	0.08467	0.08467
662	0.07867	0.07867	0.21698	0.36194	0.51202	0.65568	0.75099	0.79856	0.75201	0.48303	0.22293	0	0.006	0.22793	0.48803	0.75801	0.80356	0.75599	0.66068	0.51702	0.36694	0.22198	0.08367	0.08367
664	0.0763	0.0763	0.21425	0.35903	0.50916	0.65333	0.75036	0.79875	0.75395	0.48241	0.22261	0	0.006	0.22761	0.48741	0.75995	0.80375	0.75536	0.65833	0.51416	0.36403	0.21925	0.0813	0.0813
665	0.07259	0.07259	0.21006	0.35468	0.50503	0.65011	0.74979	0.80113	0.75668	0.48175	0.22224	0	0.006	0.22724	0.48675	0.76268	0.80613	0.75479	0.65511	0.51003	0.35968	0.21506	0.07759	0.07759
666	0.06777	0.06777	0.2047	0.3492	0.49992	0.64625	0.74933	0.80545	0.75887	0.48103	0.22181	0	0.006	0.22681	0.48603	0.76487	0.81045	0.75433	0.65125	0.50492	0.3542	0.2097	0.07277	0.07277
667	0.06208	0.06208	0.1984	0.34281	0.49402	0.64187	0.74896	0.8116	0.76075	0.48024	0.22134	0	0.006	0.22634	0.48524	0.76675	0.8166	0.75396	0.64687	0.49902	0.34781	0.2034	0.06708	0.06708
668	0.0558	0.0558	0.19143	0.33576	0.48755	0.6371	0.74864	0.81942	0.76078	0.4794	0.22083	0	0.006	0.22583	0.4844	0.76678	0.82442	0.75364	0.6421	0.49255	0.34076	0.19643	0.0608	0.0608
669	0.0492	0.0492	0.1841	0.32832	0.48073	0.63208	0.74833	0.82872	0.7625	0.4785	0.22028	0	0.006	0.22528	0.4835	0.7685	0.83372	0.75333	0.63708	0.48573	0.33332	0.1891	0.0542	0.0542
670	0.04259	0.04259	0.17669	0.32078	0.47379	0.62696	0.748	0.83928	0.76157	0.47756	0.21971	0	0.006	0.22471	0.48256	0.76757	0.84428	0.753	0.63196	0.47879	0.32578	0.18169	0.04759	0.04759
671	0.03623	0.03623	0.16948	0.31338	0.46693	0.62185	0.7476	0.85089	0.76404	0.47658	0.21913	0	0.006	0.22413	0.48158	0.77004	0.85589	0.7526	0.62685	0.47193	0.31838	0.17448	0.04123	0.04123
672	0.03035	0.03035	0.1627	0.30634	0.46035	0.61688	0.7471	0.86328	0.76657	0.47558	0.21854	0	0.006	0.22354	0.48058	0.77257	0.86828	0.7521	0.62188	0.46535	0.31134	0.1677	0.03535	0.03535
673	0.02516	0.02516	0.15655	0.29986	0.45421	0.61214	0.74647	0.87622	0.76831	0.47459	0.21798	0	0.006	0.22298	0.47959	0.77431	0.88122	0.75147	0.61714	0.45921	0.30486	0.16155	0.03016	0.03016
674	0.02076	0.02076	0.15118	0.29408	0.44862	0.60771	0.74571	0.88947	0.77023	0.47362	0.21744	0	0.006	0.22244	0.47862	0.77623	0.89447	0.75071	0.61271	0.45362	0.29908	0.15618	0.02576	0.02576
675	0.01725	0.01725	0.14666	0.28907	0.44365	0.60364	0.74479	0.90278	0.76958	0.47272	0.21695	0	0.006	0.22195	0.47772	0.77558	0.90778	0.74979	0.60864	0.44865	0.29407	0.15166	0.02225	0.02225
676	0.01461	0.01461	0.14302	0.28486	0.43935	0.59996	0.7437	0.91591	0.76822	0.4719	0.21653	0	0.006	0.22153	0.4769	0.77422	0.92091	0.7487	0.60496	0.44435	0.28986	0.14802	0.01961	0.01961
677	0.0128	0.0128	0.14022	0.28145	0.43571	0.59667	0.74247	0.92865	0.76701	0.47121	0.21619	0	0.006	0.22119	0.47621	0.77301	0.93365	0.74747	0.60167	0.44071	0.28645	0.14522	0.0178	0.0178
678	0.01171	0.01171	0.13818	0.27877	0.4327	0.59377	0.74109	0.94079	0.76607	0.47067	0.21594	0	0.006	0.22094	0.47567	0.77207	0.94579	0.74609	0.59877	0.4377	0.28377	0.14318	0.01671	0.01671
679	0.01121	0.01121	0.13679	0.27673	0.43024	0.59122	0.7396	0.95214	0.76544	0.47031	0.21579	0	0.006	0.22079	0.47531	0.77144	0.95714	0.7446	0.59622	0.43524	0.28173	0.14179	0.01621	0.01621
680	0.01115	0.01115	0.13591	0.27522	0.42826	0.589	0.738	0.96251	0.76509	0.47016	0.21574	0	0.006	0.22074	0.47516	0.77109	0.96751	0.743	0.594	0.43326	0.28022	0.14091	0.01615	0.01615
681	0.01135	0.01135	0.1354	0.27413	0.42669	0.58707	0.73635	0.97173	0.76831	0.47022	0.21581	0	0.006	0.22081	0.47522	0.77431	0.97673	0.74135	0.59207	0.43169	0.27913	0.1404	0.01635	0.01635
682	0.01168	0.01168	0.13513	0.27334	0.42544	0.58539	0.73465	0.97967	0.76878	0.47049	0.21597	0	0.006	0.22097	0.47549	0.77478	0.98467	0.73965	0.59039	0.43044	0.27834	0.14013	0.01668	0.01668
683	0.012	0.012	0.13499	0.27278	0.42446	0.58394	0.73296	0.98619	0.76957	0.47097	0.21623	0	0.006	0.22123	0.47597	0.77557	0.99119	0.73796	0.58894	0.42946	0.27778	0.13999	0.017	0.017
685	0.01229	0.01229	0.13499	0.2725	0.42383	0.58284	0.73139	0.99102	0.77066	0.47162	0.21659	0	0.006	0.22159	0.47662	0.77666	0.99602	0.73639	0.58784	0.42883	0.2775	0.13999	0.01729	0.01729
686	0.01241	0.01241	0.13494	0.27224	0.42327	0.58182	0.72982	0.99442	0.77101	0.47245	0.217	0	0.006	0.222	0.47745	0.77701	0.99942	0.73482	0.58682	0.42827	0.27724	0.13994	0.01741	0.01741
687	0.01241	0.01241	0.13492	0.27212	0.42293	0.58103	0.72834	0.99614	0.77264	0.47342	0.21748	0	0.006	0.22248	0.47842	0.77864	1.00114	0.73334	0.58603	0.42793	0.27712	0.13992	0.01741	0.01741
688	0.01237	0.01237	0.135	0.27219	0.42283	0.58049	0.727	0.99616	0.7744	0.47448	0.21798	0	0.006	0.22298	0.47948	0.7804	1.00116	0.732	0.58549	0.42783	0.27719	0.14	0.01737	0.01737
689	0.01239	0.01239	0.13525	0.27253	0.42303	0.58023	0.72581	0.99446	0.77581	0.47559	0.21851	0	0.006	0.22351	0.48059	0.78181	0.99946	0.73081	0.58523	0.42803	0.27753	0.14025	0.01739	0.01739
690	0.0126	0.0126	0.13581	0.27323	0.42361	0.58031	0.72477	0.99107	0.77772	0.47671	0.21904	0	0.006	0.22404	0.48171	0.78372	0.99607	0.72977	0.58531	0.42861	0.27823	0.14081	0.0176	0.0176
691	0.01315	0.01315	0.1368	0.27439	0.42463	0.58074	0.7239	0.98602	0.77958	0.47781	0.21956	0	0.006	0.22456	0.48281	0.78558	0.99102	0.7289	0.58574	0.42963	0.27939	0.1418	0.01815	0.01815
692	0.01421	0.01421	0.13836	0.27612	0.42616	0.58156	0.72319	0.97939	0.78136	0.47885	0.22004	0	0.006	0.22504	0.48385	0.78736	0.98439	0.72819	0.58656	0.43116	0.28112	0.14336	0.01921	0.01921
693	0.01591	0.01591	0.1406	0.27851	0.42826	0.58278	0.72259	0.97127	0.78297	0.4798	0.22049	0	0.006	0.22549	0.4848	0.78897	0.97627	0.72759	0.58778	0.43326	0.28351	0.1456	0.02091	0.02091
694	0.01838	0.01838	0.1436	0.2816	0.43094	0.58439	0.72209	0.96181	0.78433	0.48066	0.22089	0	0.006	0.22589	0.48566	0.79033	0.96681	0.72709	0.58939	0.43594	0.2866	0.1486	0.02338	0.02338
695	0.02167	0.02167	0.14742	0.28542	0.43419	0.58637	0.72164	0.95114	0.78332	0.48141	0.22123	0	0.006	0.22623	0.48641	0.78932	0.95614	0.72664	0.59137	0.43919	0.29042	0.15242	0.02667	0.02667
696	0.02583	0.02583	0.15205	0.28993	0.43798	0.58864	0.72117	0.93944	0.78443	0.48204	0.22151	0	0.006	0.22651	0.48704	0.79043	0.94444	0.72617	0.59364	0.44298	0.29493	0.15705	0.03083	0.03083
697	0.03079	0.03079	0.15741	0.29506	0.4422	0.59112	0.72061	0.9269	0.78531	0.48256	0.22173	0	0.006	0.22673	0.48756	0.79131	0.9319	0.72561	0.59612	0.4472	0.30006	0.16241	0.03579	0.03579
698	0.03645	0.03645	0.1634	0.30067	0.44674	0.5937	0.71991	0.91375	0.78595	0.48296	0.22189	0	0.006	0.22689	0.48796	0.79195	0.91875	0.72491	0.5987	0.45174	0.30567	0.1684	0.04145	0.04145
699	0.04266	0.04266	0.16982	0.30659	0.45142	0.59626	0.71899	0.9002	0.78629	0.48325	0.22198	0	0.006	0.22698	0.48825	0.79229	0.9052	0.72399	0.60126	0.45642	0.31159	0.17482	0.04766	0.04766
700	0.04919	0.04919	0.17647	0.31261	0.45606	0.59864	0.71779	0.88649	0.78679	0.48343	0.22202	0	0.006	0.22702	0.48843	0.79279	0.89149	0.72279	0.60364	0.46106	0.31761	0.18147	0.05419	0.05419
701	0.0558	0.0558	0.18307	0.31847	0.46044	0.60069	0.71624	0.87288	0.78661	0.48351	0.222	0	0.006	0.227	0.48851	0.79261	0.87788	0.72124	0.60569	0.46544	0.32347	0.18807	0.0608	0.0608
702	0.0622	0.0622	0.18936	0.32392	0.46436	0.60228	0.71432	0.85961	0.78628	0.48347	0.22193	0	0.006	0.22693	0.48847	0.79228	0.86461	0.71932	0.60728	0.46936	0.32892	0.19436	0.0672	0.0672
703	0.06811	0.06811	0.19505	0.32872	0.46761	0.60326	0.71201	0.84695	0.78549	0.48333	0.2218	0	0.006	0.2268	0.48833	0.79149	0.85195	0.71701	0.60826	0.47261	0.33372	0.20005	0.07311	0.07311
704	0.07326	0.07326	0.19989	0.33262	0.47001	0.60353	0.70929	0.83515	0.78439	0.48307	0.22162	0	0.006	0.22662	0.48807	0.79039	0.84015	0.71429	0.60853	0.47501	0.33762	0.20489	0.07826	0.07826
706	0.07746	0.07746	0.20373	0.33555	0.47154	0.60315	0.70628	0.82428	0.78343	0.48266	0.22139	0	0.006	0.22639	0.48766	0.78943	0.82928	0.71128	0.60815	0.47654	0.34055	0.20873	0.08246	0.08246
707	0.08042	0.08042	0.20621	0.33712	0.47182	0.60179	0.70286	0.81491	0.78299	0.48215	0.22111	0	0.006	0.22611	0.48715	0.78899	0.81991	0.70786	0.60679	0.47682	0.34212	0.21121	0.08542	0.08542
708	0.08205	0.08205	0.2073	0.33735	0.47092	0.5996	0.69917	0.80708	0.78003	0.48152	0.22077	0	0.006	0.22577	0.48652	0.78603	0.81208	0.70417	0.6046	0.47592	0.34235	0.2123	0.08705	0.08705
709	0.08227	0.08227	0.20694	0.3362	0.46886	0.59659	0.69531	0.80098	0.77701	0.48076	0.22039	0	0.006	0.22539	0.48576	0.78301	0.80598	0.70031	0.60159	0.47386	0.3412	0.21194	0.08727	0.08727
710	0.0811	0.0811	0.20515	0.33371	0.46566	0.59285	0.69136	0.79675	0.77428	0.47988	0.21997	0	0.006	0.22497	0.48488	0.78028	0.80175	0.69636	0.59785	0.47066	0.33871	0.21015	0.0861	0.0861
711	0.07859	0.07859	0.20199	0.32995	0.46144	0.58848	0.68743	0.79451	0.7718	0.4789	0.21951	0	0.006	0.22451	0.4839	0.7778	0.79951	0.69243	0.59348	0.46644	0.33495	0.20699	0.08359	0.08359
712	0.07488	0.07488	0.19762	0.32508	0.45634	0.5836	0.68362	0.79432	0.77051	0.47785	0.21902	0	0.006	0.22402	0.48285	0.77651	0.79932	0.68862	0.5886	0.46134	0.33008	0.20262	0.07988	0.07988
713	0.07016	0.07016	0.19222	0.31929	0.45051	0.57835	0.68002	0.79622	0.76916	0.47675	0.21851	0	0.006	0.22351	0.48175	0.77516	0.80122	0.68502	0.58335	0.45551	0.32429	0.19722	0.07516	0.07516
714	0.06467	0.06467	0.18603	0.31279	0.44418	0.5729	0.67671	0.80016	0.76772	0.47564	0.21799	0	0.006	0.22299	0.48064	0.77372	0.80516	0.68171	0.5779	0.44918	0.31779	0.19103	0.06967	0.06967
715	0.05865	0.05865	0.17931	0.30583	0.43752	0.56738	0.67375	0.80607	0.76658	0.47456	0.21748	0	0.006	0.22248	0.47956	0.77258	0.81107	0.67875	0.57238	0.44252	0.31083	0.18431	0.06365	0.06365
716	0.05238	0.05238	0.17231	0.29864	0.43076	0.56193	0.67116	0.8138	0.76563	0.47355	0.217	0	0.006	0.222	0.47855	0.77163	0.8188	0.67616	0.56693	0.43576	0.30364	0.17731	0.05738	0.05738
717	0.04611	0.04611	0.16529	0.29145	0.42408	0.55667	0.66897	0.8232	0.76557	0.47264	0.21655	0	0.006	0.22155	0.47764	0.77157	0.8282	0.67397	0.56167	0.42908	0.29645	0.17029	0.05111	0.05111
718	0.04008	0.04008	0.15849	0.28449	0.41763	0.5517	0.66715	0.83402	0.7661	0.47186	0.21616	0	0.006	0.22116	0.47686	0.7721	0.83902	0.67215	0.5567	0.42263	0.28949	0.16349	0.04508	0.04508
719	0.03449	0.03449	0.15209	0.27791	0.41156	0.54708	0.66566	0.84603	0.76687	0.47125	0.21584	0	0.006	0.22084	0.47625	0.77287	0.85103	0.67066	0.55208	0.41656	0.28291	0.15709	0.03949	0.03949
720	0.02949	0.02949	0.14626	0.27186	0.40597	0.54285	0.66445	0.85893	0.76782	0.47081	0.2156	0	0.006	0.2206	0.47581	0.77382	0.86393	0.66945	0.54785	0.41097	0.27686	0.15126	0.03449	0.03449
721	0.02519	0.02519	0.1411	0.26643	0.4009	0.53902	0.66343	0.87243	0.76866	0.47056	0.21545	0	0.006	0.22045	0.47556	0.77466	0.87743	0.66843	0.54402	0.4059	0.27143	0.1461	0.03019	0.03019
722	0.02165	0.02165	0.13667	0.26166	0.39639	0.53557	0.66255	0.88624	0.7699	0.47051	0.2154	0	0.006	0.2204	0.47551	0.7759	0.89124	0.66755	0.54057	0.40139	0.26666	0.14167	0.02665	0.02665
723	0.01887	0.01887	0.13297	0.25756	0.39244	0.53248	0.66172	0.90005	0.76969	0.47063	0.21546	0	0.006	0.22046	0.47563	0.77569	0.90505	0.66672	0.53748	0.39744	0.26256	0.13797	0.02387	0.02387
724	0.0168	0.0168	0.12998	0.25411	0.38901	0.52971	0.66087	0.91359	0.7702	0.47093	0.21562	0	0.006	0.22062	0.47593	0.7762	0.91859	0.66587	0.53471	0.39401	0.25911	0.13498	0.0218	0.0218
725	0.01537	0.01537	0.12764	0.25124	0.38605	0.52722	0.65996	0.92661	0.7709	0.47138	0.21588	0	0.006	0.22088	0.47638	0.7769	0.93161	0.66496	0.53222	0.39105	0.25624	0.13264	0.02037	0.02037
727	0.01453	0.01453	0.12593	0.24901	0.38364	0.52509	0.65903	0.93869	0.77193	0.47194	0.21624	0	0.006	0.22124	0.47694	0.77793	0.94369	0.66403	0.53009	0.38864	0.25401	0.13093	0.01953	0.01953
728	0.01405	0.01405	0.12458	0.24709	0.38145	0.52302	0.65791	0.94999	0.77323	0.47264	0.21668	0	0.006	0.22168	0.47764	0.77923	0.95499	0.66291	0.52802	0.38645	0.25209	0.12958	0.01905	0.01905
729	0.01387	0.01387	0.12359	0.24552	0.37956	0.52111	0.6567	0.96018	0.77377	0.47345	0.21718	0	0.006	0.22218	0.47845	0.77977	0.96518	0.6617	0.52611	0.38456	0.25052	0.12859	0.01887	0.01887
730	0.01388	0.01388	0.12286	0.24424	0.37793	0.51937	0.65542	0.9691	0.77555	0.47434	0.21773	0	0.006	0.22273	0.47934	0.78155	0.9741	0.66042	0.52437	0.38293	0.24924	0.12786	0.01888	0.01888
731	0.01399	0.01399	0.12232	0.24319	0.37651	0.51778	0.65411	0.97668	0.77746	0.47531	0.21833	0	0.006	0.22333	0.48031	0.78346	0.98168	0.65911	0.52278	0.38151	0.24819	0.12732	0.01899	0.01899
732	0.01412	0.01412	0.1219	0.24233	0.37531	0.51637	0.65283	0.98281	0.77943	0.47636	0.21894	0	0.006	0.22394	0.48136	0.78543	0.98781	0.65783	0.52137	0.38031	0.24733	0.1269	0.01912	0.01912
733	0.01424	0.01424	0.12158	0.24164	0.37432	0.51515	0.65162	0.98745	0.78139	0.47748	0.21956	0	0.006	0.22456	0.48248	0.78739	0.99245	0.65662	0.52015	0.37932	0.24664	0.12658	0.01924	0.01924
734	0.01433	0.01433	0.12136	0.24113	0.37355	0.51415	0.65054	0.99053	0.78288	0.47865	0.22016	0	0.006	0.22516	0.48365	0.78888	0.99553	0.65554	0.51915	0.37855	0.24613	0.12636	0.01933	0.01933
735	0.01442	0.01442	0.12126	0.24083	0.37301	0.51338	0.6496	0.99202	0.78499	0.47988	0.22074	0	0.006	0.22574	0.48488	0.79099	0.99702	0.6546	0.51838	0.37801	0.24583	0.12626	0.01942	0.01942
736	0.01454	0.01454	0.12132	0.24075	0.37275	0.51287	0.64881	0.99188	0.78659	0.48115	0.22129	0	0.006	0.22629	0.48615	0.79259	0.99688	0.65381	0.51787	0.37775	0.24575	0.12632	0.01954	0.01954
737	0.01477	0.01477	0.12159	0.24096	0.37278	0.51262	0.64817	0.99007	0.7882	0.48242	0.22179	0	0.006	0.22679	0.48742	0.7942	0.99507	0.65317	0.51762	0.37778	0.24596	0.12659	0.01977	0.01977
738	0.01517	0.01517	0.12213	0.24147	0.37312	0.51262	0.64763	0.98656	0.78962	0.48366	0.22223	0	0.006	0.22723	0.48866	0.79562	0.99156	0.65263	0.51762	0.37812	0.24647	0.12713	0.02017	0.02017
739	0.01581	0.01581	0.123	0.24234	0.37378	0.51284	0.64713	0.98133	0.79087	0.48483	0.22262	0	0.006	0.22762	0.48983	0.79687	0.98633	0.65213	0.51784	0.37878	0.24734	0.128	0.02081	0.02081
740	0.01677	0.01677	0.12424	0.24359	0.37474	0.51324	0.64659	0.97436	0.79192	0.48588	0.22295	0	0.006	0.22795	0.49088	0.79792	0.97936	0.65159	0.51824	0.37974	0.24859	0.12924	0.02177	0.02177
741	0.01809	0.01809	0.12589	0.24521	0.376	0.51377	0.64591	0.96565	0.79275	0.48673	0.22322	0	0.006	0.22822	0.49173	0.79875	0.97065	0.65091	0.51877	0.381	0.25021	0.13089	0.02309	0.02309
742	0.01982	0.01982	0.12796	0.2472	0.3775	0.51436	0.64498	0.95524	0.79221	0.48731	0.22343	0	0.006	0.22843	0.49231	0.79821	0.96024	0.64998	0.51936	0.3825	0.2522	0.13296	0.02482	0.02482
743	0.02195	0.02195	0.13044	0.24952	0.37919	0.51492	0.64371	0.94318	0.79269	0.48757	0.22356	0	0.006	0.22856	0.49257	0.79869	0.94818	0.64871	0.51992	0.38419	0.25452	0.13544	0.02695	0.02695
744	0.02447	0.02447	0.13329	0.25212	0.38101	0.51539	0.64202	0.9296	0.79297	0.48743	0.22364	0	0.006	0.22864	0.49243	0.79897	0.9346	0.64702	0.52039	0.38601	0.25712	0.13829	0.02947	0.02947
745	0.02733	0.02733	0.13643	0.25493	0.38288	0.51568	0.63982	0.91464	0.79309	0.48685	0.22365	0	0.006	0.22865	0.49185	0.79909	0.91964	0.64482	0.52068	0.38788	0.25993	0.14143	0.03233	0.03233
746	0.03045	0.03045	0.13979	0.25785	0.38471	0.51573	0.6371	0.89854	0.79176	0.48578	0.22359	0	0.006	0.22859	0.49078	0.79776	0.90354	0.6421	0.52073	0.38971	0.26285	0.14479	0.03545	0.03545
748	0.03377	0.03377	0.14334	0.26089	0.38656	0.51564	0.63394	0.88138	0.78925	0.48419	0.22348	0	0.006	0.22848	0.48919	0.79525	0.88638	0.63894	0.52064	0.39156	0.26589	0.14834	0.03877	0.03877
749	0.03709	0.03709	0.14679	0.26373	0.38808	0.51509	0.6302	0.86386	0.78575	0.48215	0.2233	0	0.006	0.2283	0.48715	0.79175	0.86886	0.6352	0.52009	0.39308	0.26873	0.15179	0.04209	0.04209
750	0.04033	0.04033	0.15009	0.26635	0.38934	0.51421	0.62605	0.84617	0.78126	0.47967	0.22306	0	0.006	0.22806	0.48467	0.78726	0.85117	0.63105	0.51921	0.39434	0.27135	0.15509	0.04533	0.04533
751	0.04335	0.04335	0.15312	0.26868	0.39028	0.51302	0.62161	0.82875	0.77612	0.47682	0.22276	0	0.006	0.22776	0.48182	0.78212	0.83375	0.62661	0.51802	0.39528	0.27368	0.15812	0.04835	0.04835
752	0.04602	0.04602	0.15576	0.2706	0.39085	0.51155	0.61701	0.81205	0.77031	0.47369	0.2224	0	0.006	0.2274	0.47869	0.77631	0.81705	0.62201	0.51655	0.39585	0.2756	0.16076	0.05102	0.05102
753	0.04822	0.04822	0.15789	0.27205	0.39104	0.50985	0.61241	0.79653	0.76449	0.47042	0.222	0	0.006	0.227	0.47542	0.77049	0.80153	0.61741	0.51485	0.39604	0.27705	0.16289	0.05322	0.05322
754	0.04986	0.04986	0.15943	0.27296	0.39084	0.50798	0.608	0.78266	0.75888	0.46712	0.22157	0	0.006	0.22657	0.47212	0.76488	0.78766	0.613	0.51298	0.39584	0.27796	0.16443	0.05486	0.05486
755	0.05086	0.05086	0.16031	0.2733	0.39025	0.50603	0.60393	0.77087	0.75274	0.46396	0.2211	0	0.006	0.2261	0.46896	0.75874	0.77587	0.60893	0.51103	0.39525	0.2783	0.16531	0.05586	0.05586
756	0.05116	0.05116	0.16049	0.27305	0.38929	0.50406	0.60038	0.76155	0.74724	0.46107	0.22062	0	0.006	0.22562	0.46607	0.75324	0.76655	0.60538	0.50906	0.39429	0.27805	0.16549	0.05616	0.05616
757	0.05076	0.05076	0.15996	0.27222	0.38801	0.50215	0.59748	0.75503	0.74259	0.4586	0.22014	0	0.006	0.22514	0.4636	0.74859	0.76003	0.60248	0.50715	0.39301	0.27722	0.16496	0.05576	0.05576
758	0.04966	0.04966	0.15874	0.27084	0.38644	0.50037	0.59534	0.75156	0.74063	0.45666	0.21967	0	0.006	0.22467	0.46166	0.74663	0.75656	0.60034	0.50537	0.39144	0.27584	0.16374	0.05466	0.05466
759	0.04792	0.04792	0.15688	0.26894	0.38463	0.49877	0.59402	0.7513	0.74111	0.45535	0.21923	0	0.006	0.22423	0.46035	0.74711	0.7563	0.59902	0.50377	0.38963	0.27394	0.16188	0.05292	0.05292
760	0.04559	0.04559	0.15443	0.2666	0.38263	0.49739	0.59354	0.75432	0.74261	0.45473	0.21884	0	0.006	0.22384	0.45973	0.74861	0.75932	0.59854	0.50239	0.38763	0.2716	0.15943	0.05059	0.05059
761	0.04277	0.04277	0.15148	0.26388	0.3805	0.49624	0.59388	0.76057	0.74505	0.45482	0.21851	0	0.006	0.22351	0.45982	0.75105	0.76557	0.59888	0.50124	0.3855	0.26888	0.15648	0.04777	0.04777
762	0.03958	0.03958	0.14815	0.26087	0.37827	0.49533	0.59498	0.7699	0.74815	0.45561	0.21826	0	0.006	0.22326	0.46061	0.75415	0.7749	0.59998	0.50033	0.38327	0.26587	0.15315	0.04458	0.04458
763	0.03613	0.03613	0.14453	0.25765	0.376	0.49463	0.59674	0.78207	0.75198	0.45705	0.21809	0	0.006	0.22309	0.46205	0.75798	0.78707	0.60174	0.49963	0.381	0.26265	0.14953	0.04113	0.04113
764	0.03255	0.03255	0.14075	0.2543	0.37371	0.49412	0.59903	0.79677	0.75648	0.45905	0.21801	0	0.006	0.22301	0.46405	0.76248	0.80177	0.60403	0.49912	0.37871	0.2593	0.14575	0.03755	0.03755
765	0.02896	0.02896	0.13691	0.25091	0.37145	0.49375	0.60169	0.81359	0.76155	0.4615	0.21803	0	0.006	0.22303	0.4665	0.76755	0.81859	0.60669	0.49875	0.37645	0.25591	0.14191	0.03396	0.03396
766	0.02548	0.02548	0.13313	0.24754	0.36922	0.49347	0.60456	0.83208	0.76614	0.46426	0.21815	0	0.006	0.22315	0.46926	0.77214	0.83708	0.60956	0.49847	0.37422	0.25254	0.13813	0.03048	0.03048
767	0.0222	0.0222	0.12948	0.24428	0.36706	0.49323	0.60749	0.85177	0.77033	0.46719	0.21836	0	0.006	0.22336	0.47219	0.77633	0.85677	0.61249	0.49823	0.37206	0.24928	0.13448	0.0272	0.0272
769	0.01926	0.01926	0.12615	0.24128	0.36511	0.49312	0.61041	0.87196	0.77397	0.4701	0.21868	0	0.006	0.22368	0.4751	0.77997	0.87696	0.61541	0.49812	0.37011	0.24628	0.13115	0.02426	0.02426
770	0.01662	0.01662	0.12302	0.23837	0.36312	0.49282	0.61303	0.89252	0.77631	0.47293	0.21906	0	0.006	0.22406	0.47793	0.78231	0.89752	0.61803	0.49782	0.36812	0.24337	0.12802	0.02162	0.02162
771	0.01436	0.01436	0.12021	0.23569	0.36123	0.49245	0.61535	0.9128	0.77748	0.47553	0.21951	0	0.006	0.22451	0.48053	0.78348	0.9178	0.62035	0.49745	0.36623	0.24069	0.12521	0.01936	0.01936
772	0.0125	0.0125	0.11776	0.23328	0.35946	0.492	0.61731	0.93237	0.77872	0.4778	0.22002	0	0.006	0.22502	0.4828	0.78472	0.93737	0.62231	0.497	0.36446	0.23828	0.12276	0.0175	0.0175
773	0.01104	0.01104	0.11567	0.23115	0.35784	0.49148	0.6189	0.95083	0.78009	0.47969	0.22056	0	0.006	0.22556	0.48469	0.78609	0.95583	0.6239	0.49648	0.36284	0.23615	0.12067	0.01604	0.01604
774	0.00994	0.00994	0.11395	0.22931	0.35638	0.49093	0.62014	0.96786	0.78172	0.48119	0.22112	0	0.006	0.22612	0.48619	0.78772	0.97286	0.62514	0.49593	0.36138	0.23431	0.11895	0.01494	0.01494
775	0.00917	0.00917	0.11257	0.22777	0.35511	0.49038	0.62108	0.98319	0.78319	0.48229	0.22169	0	0.006	0.22669	0.48729	0.78919	0.98819	0.62608	0.49538	0.36011	0.23277	0.11757	0.01417	0.01417
776	0.00868	0.00868	0.11151	0.22654	0.35406	0.4899	0.62181	0.99662	0.7841	0.48305	0.22225	0	0.006	0.22725	0.48805	0.7901	1.00162	0.62681	0.4949	0.35906	0.23154	0.11651	0.01368	0.01368
777	0.00843	0.00843	0.11076	0.22561	0.35326	0.48954	0.62244	1.00799	0.78549	0.48354	0.22278	0	0.006	0.22778	0.48854	0.79149	1.01299	0.62744	0.49454	0.35826	0.23061	0.11576	0.01343	0.01343
778	0.00835	0.00835	0.11028	0.22499	0.35276	0.4894	0.62306	1.01722	0.78677	0.48384	0.22328	0	0.006	0.22828	0.48884	0.79277	1.02222	0.62806	0.4944	0.35776	0.22999	0.11528	0.01335	0.01335
779	0.00842	0.00842	0.11005	0.22469	0.35257	0.48952	0.62379	1.02424	0.78791	0.48403	0.22373	0	0.006	0.22873	0.48903	0.79391	1.02924	0.62879	0.49452	0.35757	0.22969	0.11505	0.01342	0.01342
780	0.00858	0.00858	0.11005	0.2247	0.35273	0.48996	0.62473	1.02904	0.7889	0.48422	0.22412	0	0.006	0.22912	0.48922	0.7949	1.03404	0.62973	0.49496	0.35773	0.2297	0.11505	0.01358	0.01358
781	0.00882	0.00882	0.11028	0.22503	0.35326	0.49078	0.62593	1.03161	0.78972	0.48447	0.22446	0	0.006	0.22946	0.48947	0.79572	1.03661	0.63093	0.49578	0.35826	0.23003	0.11528	0.01382	0.01382
782	0.00912	0.00912	0.11072	0.22567	0.35417	0.49198	0.62744	1.03197	0.79036	0.48483	0.22473	0	0.006	0.22973	0.48983	0.79636	1.03697	0.63244	0.49698	0.35917	0.23067	0.11572	0.01412	0.01412
783	0.00948	0.00948	0.11137	0.22664	0.35546	0.49357	0.62924	1.03014	0.7908	0.48533	0.22492	0	0.006	0.22992	0.49033	0.7968	1.03514	0.63424	0.49857	0.36046	0.23164	0.11637	0.01448	0.01448
784	0.00991	0.00991	0.11223	0.22792	0.3571	0.49551	0.6313	1.02615	0.79098	0.48594	0.22505	0	0.006	0.23005	0.49094	0.79698	1.03115	0.6363	0.50051	0.3621	0.23292	0.11723	0.01491	0.01491
785	0.01042	0.01042	0.11332	0.2295	0.35908	0.49775	0.63352	1.02003	0.79088	0.48662	0.22511	0	0.006	0.23011	0.49162	0.79688	1.02503	0.63852	0.50275	0.36408	0.2345	0.11832	0.01542	0.01542
786	0.01103	0.01103	0.11463	0.23136	0.36134	0.50021	0.63578	1.01179	0.79079	0.48728	0.22509	0	0.006	0.23009	0.49228	0.79679	1.01679	0.64078	0.50521	0.36634	0.23636	0.11963	0.01603	0.01603
787	0.01176	0.01176	0.11616	0.23348	0.36383	0.5028	0.63795	1.00148	0.79052	0.48782	0.22499	0	0.006	0.22999	0.49282	0.79652	1.00648	0.64295	0.5078	0.36883	0.23848	0.12116	0.01676	0.01676
788	0.01263	0.01263	0.11791	0.23583	0.36648	0.5054	0.63985	0.98916	0.79005	0.48811	0.22483	0	0.006	0.22983	0.49311	0.79605	0.99416	0.64485	0.5104	0.37148	0.24083	0.12291	0.01763	0.01763
790	0.0137	0.0137	0.11996	0.23849	0.36936	0.50804	0.64141	0.97473	0.7894	0.48799	0.22459	0	0.006	0.22959	0.49299	0.7954	0.97973	0.64641	0.51304	0.37436	0.24349	0.12496	0.0187	0.0187
791	0.01489	0.01489	0.12211	0.24117	0.37212	0.51034	0.6423	0.95865	0.78766	0.48739	0.22428	0	0.006	0.22928	0.49239	0.79366	0.96365	0.6473	0.51534	0.37712	0.24617	0.12711	0.01989	0.01989
792	0.01623	0.01623	0.12442	0.24394	0.37482	0.51233	0.64249	0.94091	0.78664	0.48618	0.2239	0	0.006	0.2289	0.49118	0.79264	0.94591	0.64749	0.51733	0.37982	0.24894	0.12942	0.02123	0.02123
793	0.01771	0.01771	0.12687	0.24676	0.37741	0.51394	0.64189	0.92174	0.78543	0.48427	0.22345	0	0.006	0.22845	0.48927	0.79143	0.92674	0.64689	0.51894	0.38241	0.25176	0.13187	0.02271	0.02271
794	0.0193	0.0193	0.1294	0.24958	0.37983	0.51513	0.64045	0.9014	0.7839	0.48163	0.22294	0	0.006	0.22794	0.48663	0.7899	0.9064	0.64545	0.52013	0.38483	0.25458	0.1344	0.0243	0.0243
795	0.02097	0.02097	0.13198	0.25234	0.38204	0.51588	0.6382	0.88025	0.78051	0.47828	0.22238	0	0.006	0.22738	0.48328	0.78651	0.88525	0.6432	0.52088	0.38704	0.25734	0.13698	0.02597	0.02597
796	0.02268	0.02268	0.13455	0.25502	0.38403	0.5162	0.63521	0.85868	0.77602	0.47427	0.22178	0	0.006	0.22678	0.47927	0.78202	0.86368	0.64021	0.5212	0.38903	0.26002	0.13955	0.02768	0.02768
797	0.02438	0.02438	0.13706	0.25757	0.3858	0.51615	0.63163	0.83716	0.77031	0.46972	0.22115	0	0.006	0.22615	0.47472	0.77631	0.84216	0.63663	0.52115	0.3908	0.26257	0.14206	0.02938	0.02938
798	0.02601	0.02601	0.13946	0.25997	0.38737	0.51583	0.62764	0.81618	0.76415	0.46478	0.2205	0	0.006	0.2255	0.46978	0.77015	0.82118	0.63264	0.52083	0.39237	0.26497	0.14446	0.03101	0.03101
799	0.02752	0.02752	0.14172	0.2622	0.38877	0.51533	0.62346	0.79627	0.75856	0.45965	0.21985	0	0.006	0.22485	0.46465	0.76456	0.80127	0.62846	0.52033	0.39377	0.2672	0.14672	0.03252	0.03252
800	0.02887	0.02887	0.14377	0.26425	0.39003	0.51478	0.61936	0.77798	0.7523	0.45454	0.21922	0	0.006	0.22422	0.45954	0.7583	0.78298	0.62436	0.51978	0.39503	0.26925	0.14877	0.03387	0.03387
801	0.03	0.03	0.14559	0.26612	0.39122	0.51433	0.6156	0.76182	0.74548	0.44969	0.21862	0	0.006	0.22362	0.45469	0.75148	0.76682	0.6206	0.51933	0.39622	0.27112	0.15059	0.035	0.035
802	0.03088	0.03088	0.14714	0.26778	0.39238	0.51409	0.61245	0.74828	0.74084	0.44533	0.21808	0	0.006	0.22308	0.45033	0.74684	0.75328	0.61745	0.51909	0.39738	0.27278	0.15214	0.03588	0.03588
803	0.03148	0.03148	0.1484	0.26926	0.39355	0.51419	0.61013	0.73778	0.73624	0.44166	0.21761	0	0.006	0.22261	0.44666	0.74224	0.74278	0.61513	0.51919	0.39855	0.27426	0.1534	0.03648	0.03648
804	0.03177	0.03177	0.14934	0.27054	0.39476	0.51473	0.60884	0.73066	0.73334	0.43887	0.21722	0	0.006	0.22222	0.44387	0.73934	0.73566	0.61384	0.51973	0.39976	0.27554	0.15434	0.03677	0.03677
805	0.03174	0.03174	0.14995	0.27161	0.39604	0.51576	0.60873	0.72716	0.73212	0.43709	0.21692	0	0.006	0.22192	0.44209	0.73812	0.73216	0.61373	0.52076	0.40104	0.27661	0.15495	0.03674	0.03674
806	0.03138	0.03138	0.15022	0.27248	0.39739	0.5173	0.60987	0.72741	0.73321	0.4364	0.21673	0	0.006	0.22173	0.4414	0.73921	0.73241	0.61487	0.5223	0.40239	0.27748	0.15522	0.03638	0.03638
807	0.0307	0.0307	0.15014	0.27312	0.39879	0.51936	0.61226	0.73141	0.73568	0.43682	0.21665	0	0.006	0.22165	0.44182	0.74168	0.73641	0.61726	0.52436	0.40379	0.27812	0.15514	0.0357	0.0357
808	0.02971	0.02971	0.14971	0.27352	0.4002	0.52187	0.61584	0.73904	0.73948	0.43831	0.21669	0	0.006	0.22169	0.44331	0.74548	0.74404	0.62084	0.52687	0.4052	0.27852	0.15471	0.03471	0.03471
809	0.02843	0.02843	0.14895	0.27367	0.40158	0.52474	0.62048	0.75007	0.74398	0.44079	0.21683	0	0.006	0.22183	0.44579	0.74998	0.75507	0.62548	0.52974	0.40658	0.27867	0.15395	0.03343	0.03343
811	0.02695	0.02695	0.14794	0.27366	0.40301	0.52801	0.62608	0.76398	0.7482	0.44408	0.21708	0	0.006	0.22208	0.44908	0.7542	0.76898	0.63108	0.53301	0.40801	0.27866	0.15294	0.03195	0.03195
812	0.02521	0.02521	0.14655	0.27325	0.40415	0.53127	0.63226	0.78067	0.75552	0.44806	0.21741	0	0.006	0.22241	0.45306	0.76152	0.78567	0.63726	0.53627	0.40915	0.27825	0.15155	0.03021	0.03021
813	0.0233	0.0233	0.14489	0.27255	0.40507	0.53451	0.63884	0.79947	0.76155	0.4525	0.21783	0	0.006	0.22283	0.4575	0.76755	0.80447	0.64384	0.53951	0.41007	0.27755	0.14989	0.0283	0.0283
814	0.02127	0.02127	0.143	0.27157	0.40572	0.53759	0.64556	0.81981	0.76661	0.45717	0.2183	0	0.006	0.2233	0.46217	0.77261	0.82481	0.65056	0.54259	0.41072	0.27657	0.148	0.02627	0.02627
815	0.01918	0.01918	0.14092	0.27031	0.40606	0.54039	0.65218	0.84113	0.77105	0.46187	0.21883	0	0.006	0.22383	0.46687	0.77705	0.84613	0.65718	0.54539	0.41106	0.27531	0.14592	0.02418	0.02418
816	0.01709	0.01709	0.13871	0.26881	0.40606	0.54281	0.65847	0.86283	0.7741	0.46639	0.21938	0	0.006	0.22438	0.47139	0.7801	0.86783	0.66347	0.54781	0.41106	0.27381	0.14371	0.02209	0.02209
817	0.01505	0.01505	0.13642	0.26709	0.40573	0.54479	0.66425	0.88438	0.77627	0.47056	0.21994	0	0.006	0.22494	0.47556	0.78227	0.88938	0.66925	0.54979	0.41073	0.27209	0.14142	0.02005	0.02005
818	0.01313	0.01313	0.13413	0.26523	0.40508	0.54628	0.6694	0.90526	0.77776	0.47423	0.22049	0	0.006	0.22549	0.47923	0.78376	0.91026	0.6744	0.55128	0.41008	0.27023	0.13913	0.01813	0.01813
819	0.01137	0.01137	0.13189	0.26327	0.40416	0.54729	0.67382	0.92503	0.7792	0.47731	0.22102	0	0.006	0.22602	0.48231	0.7852	0.93003	0.67882	0.55229	0.40916	0.26827	0.13689	0.01637	0.01637
820	0.0098	0.0098	0.12976	0.26129	0.40303	0.54787	0.67752	0.94332	0.78052	0.47975	0.22152	0	0.006	0.22652	0.48475	0.78652	0.94832	0.68252	0.55287	0.40803	0.26629	0.13476	0.0148	0.0148
821	0.00848	0.00848	0.12781	0.25936	0.40178	0.54809	0.68053	0.95983	0.78173	0.48153	0.22197	0	0.006	0.22697	0.48653	0.78773	0.96483	0.68553	0.55309	0.40678	0.26436	0.13281	0.01348	0.01348
822	0.00741	0.00741	0.12609	0.25756	0.4005	0.54804	0.68295	0.97436	0.78276	0.48268	0.22237	0	0.006	0.22737	0.48768	0.78876	0.97936	0.68795	0.55304	0.4055	0.26256	0.13109	0.01241	0.01241
823	0.0066	0.0066	0.12463	0.25596	0.39928	0.54786	0.6849	0.98679	0.78152	0.48328	0.2227	0	0.006	0.2277	0.48828	0.78752	0.99179	0.6899	0.55286	0.40428	0.26096	0.12963	0.0116	0.0116
824	0.00606	0.00606	0.12347	0.25462	0.39823	0.54766	0.68653	0.99704	0.78225	0.48341	0.22297	0	0.006	0.22797	0.48841	0.78825	1.00204	0.69153	0.55266	0.40323	0.25962	0.12847	0.01106	0.01106
825	0.00576	0.00576	0.12262	0.2536	0.39743	0.54758	0.68802	1.00512	0.7828	0.48319	0.22317	0	0.006	0.22817	0.48819	0.7888	1.01012	0.69302	0.55258	0.40243	0.2586	0.12762	0.01076	0.01076
826	0.00567	0.00567	0.12208	0.25293	0.39696	0.54775	0.68952	1.01108	0.78317	0.48272	0.2233	0	0.006	0.2283	0.48772	0.78917	1.01608	0.69452	0.55275	0.40196	0.25793	0.12708	0.01067	0.01067
827	0.00578	0.00578	0.12186	0.25263	0.39688	0.54825	0.69118	1.01502	0.78336	0.48213	0.22337	0	0.006	0.22837	0.48713	0.78936	1.02002	0.69618	0.55325	0.40188	0.25763	0.12686	0.01078	0.01078
828	0.00604	0.00604	0.12193	0.25273	0.39724	0.54917	0.69312	1.01702	0.78302	0.48151	0.22336	0	0.006	0.22836	0.48651	0.78902	1.02202	0.69812	0.55417	0.40224	0.25773	0.12693	0.01104	0.01104
829	0.00641	0.00641	0.12228	0.25323	0.39806	0.55055	0.69541	1.01721	0.78287	0.48095	0.22329	0	0.006	0.22829	0.48595	0.78887	1.02221	0.70041	0.55555	0.40306	0.25823	0.12728	0.01141	0.01141
830	0.00687	0.00687	0.12289	0.2541	0.39933	0.55242	0.69807	1.01571	0.78255	0.4805	0.22315	0	0.006	0.22815	0.4855	0.78855	1.02071	0.70307	0.55742	0.40433	0.2591	0.12789	0.01187	0.01187
832	0.00743	0.00743	0.12381	0.25544	0.40118	0.55488	0.70117	1.01243	0.7821	0.48017	0.22296	0	0.006	0.22796	0.48517	0.7881	1.01743	0.70617	0.55988	0.40618	0.26044	0.12881	0.01243	0.01243
833	0.00799	0.00799	0.12486	0.257	0.40329	0.55761	0.70448	1.00782	0.78149	0.48001	0.22271	0	0.006	0.22771	0.48501	0.78749	1.01282	0.70948	0.56261	0.40829	0.262	0.12986	0.01299	0.01299
834	0.00859	0.00859	0.12611	0.25887	0.40576	0.56069	0.70795	1.00176	0.78074	0.47997	0.2224	0	0.006	0.2274	0.48497	0.78674	1.00676	0.71295	0.56569	0.41076	0.26387	0.13111	0.01359	0.01359
835	0.00925	0.00925	0.12754	0.261	0.40852	0.564	0.71145	0.99432	0.77986	0.47999	0.22205	0	0.006	0.22705	0.48499	0.78586	0.99932	0.71645	0.569	0.41352	0.266	0.13254	0.01425	0.01425
836	0.00997	0.00997	0.12917	0.26338	0.41151	0.56743	0.71479	0.98552	0.7788	0.48001	0.22165	0	0.006	0.22665	0.48501	0.7848	0.99052	0.71979	0.57243	0.41651	0.26838	0.13417	0.01497	0.01497
837	0.01079	0.01079	0.13098	0.26597	0.41466	0.57088	0.71778	0.97542	0.77627	0.47994	0.22122	0	0.006	0.22622	0.48494	0.78227	0.98042	0.72278	0.57588	0.41966	0.27097	0.13598	0.01579	0.01579
838	0.01174	0.01174	0.13299	0.26874	0.4179	0.57421	0.72024	0.96404	0.77514	0.47968	0.22076	0	0.006	0.22576	0.48468	0.78114	0.96904	0.72524	0.57921	0.4229	0.27374	0.13799	0.01674	0.01674
839	0.01285	0.01285	0.13521	0.27168	0.42117	0.57731	0.72198	0.95144	0.77397	0.47915	0.22028	0	0.006	0.22528	0.48415	0.77997	0.95644	0.72698	0.58231	0.42617	0.27668	0.14021	0.01785	0.01785
840	0.01416	0.01416	0.13763	0.27475	0.42442	0.58009	0.72286	0.93769	0.77279	0.47829	0.2198	0	0.006	0.2248	0.48329	0.77879	0.94269	0.72786	0.58509	0.42942	0.27975	0.14263	0.01916	0.01916
841	0.01568	0.01568	0.14027	0.27794	0.42759	0.58246	0.72277	0.9229	0.77048	0.47702	0.21932	0	0.006	0.22432	0.48202	0.77648	0.9279	0.72777	0.58746	0.43259	0.28294	0.14527	0.02068	0.02068
842	0.01745	0.01745	0.1431	0.28122	0.43064	0.58437	0.72163	0.90722	0.7694	0.47532	0.21886	0	0.006	0.22386	0.48032	0.7754	0.91222	0.72663	0.58937	0.43564	0.28622	0.1481	0.02245	0.02245
843	0.01944	0.01944	0.14613	0.28456	0.43354	0.58578	0.71946	0.89083	0.76841	0.47319	0.21844	0	0.006	0.22344	0.47819	0.77441	0.89583	0.72446	0.59078	0.43854	0.28956	0.15113	0.02444	0.02444
844	0.02166	0.02166	0.14931	0.28793	0.43626	0.5867	0.71629	0.87398	0.76755	0.47067	0.21805	0	0.006	0.22305	0.47567	0.77355	0.87898	0.72129	0.5917	0.44126	0.29293	0.15431	0.02666	0.02666
845	0.02406	0.02406	0.1526	0.29129	0.4388	0.58714	0.71223	0.85695	0.76684	0.4678	0.21773	0	0.006	0.22273	0.4728	0.77284	0.86195	0.71723	0.59214	0.4438	0.29629	0.1576	0.02906	0.02906
846	0.0266	0.0266	0.15595	0.29461	0.44114	0.58717	0.70744	0.84007	0.76597	0.46471	0.21748	0	0.006	0.22248	0.46971	0.77197	0.84507	0.71244	0.59217	0.44614	0.29961	0.16095	0.0316	0.0316
847	0.02921	0.02921	0.15929	0.29783	0.44328	0.58686	0.70215	0.82373	0.76492	0.4615	0.2173	0	0.006	0.2223	0.4665	0.77092	0.82873	0.70715	0.59186	0.44828	0.30283	0.16429	0.03421	0.03421
848	0.03183	0.03183	0.16256	0.3009	0.44523	0.58629	0.69658	0.80831	0.7647	0.45832	0.21721	0	0.006	0.22221	0.46332	0.7707	0.81331	0.70158	0.59129	0.45023	0.3059	0.16756	0.03683	0.03683
849	0.03436	0.03436	0.16566	0.30379	0.44698	0.58557	0.69101	0.79423	0.76307	0.45532	0.21721	0	0.006	0.22221	0.46032	0.76907	0.79923	0.69601	0.59057	0.45198	0.30879	0.17066	0.03936	0.03936
850	0.03673	0.03673	0.16853	0.30642	0.44854	0.5848	0.68572	0.78189	0.762	0.45267	0.21731	0	0.006	0.22231	0.45767	0.768	0.78689	0.69072	0.5898	0.45354	0.31142	0.17353	0.04173	0.04173
851	0.03886	0.03886	0.17108	0.30876	0.44992	0.58409	0.68097	0.77169	0.76122	0.45051	0.21749	0	0.006	0.22249	0.45551	0.76722	0.77669	0.68597	0.58909	0.45492	0.31376	0.17608	0.04386	0.04386
853	0.04071	0.04071	0.17331	0.31086	0.45126	0.58366	0.67709	0.76379	0.7627	0.44895	0.21777	0	0.006	0.22277	0.45395	0.7687	0.76879	0.68209	0.58866	0.45626	0.31586	0.17831	0.04571	0.04571
854	0.04212	0.04212	0.175	0.31245	0.45226	0.58331	0.67412	0.75883	0.76398	0.44815	0.21812	0	0.006	0.22312	0.45315	0.76998	0.76383	0.67912	0.58831	0.45726	0.31745	0.18	0.04712	0.04712
855	0.04308	0.04308	0.17617	0.3136	0.45307	0.58322	0.67229	0.75686	0.76549	0.44814	0.21854	0	0.006	0.22354	0.45314	0.77149	0.76186	0.67729	0.58822	0.45807	0.3186	0.18117	0.04808	0.04808
856	0.04356	0.04356	0.17678	0.31427	0.45366	0.58341	0.67169	0.758	0.76717	0.44896	0.21902	0	0.006	0.22402	0.45396	0.77317	0.763	0.67669	0.58841	0.45866	0.31927	0.18178	0.04856	0.04856
857	0.04353	0.04353	0.1768	0.31444	0.454	0.58387	0.67234	0.76228	0.76898	0.45058	0.21955	0	0.006	0.22455	0.45558	0.77498	0.76728	0.67734	0.58887	0.459	0.31944	0.1818	0.04853	0.04853
858	0.043	0.043	0.17622	0.31407	0.45407	0.58458	0.67419	0.76963	0.77124	0.45296	0.2201	0	0.006	0.2251	0.45796	0.77724	0.77463	0.67919	0.58958	0.45907	0.31907	0.18122	0.048	0.048
859	0.04197	0.04197	0.17505	0.31317	0.45382	0.58544	0.67712	0.77988	0.774	0.45598	0.22068	0	0.006	0.22568	0.46098	0.78	0.78488	0.68212	0.59044	0.45882	0.31817	0.18005	0.04697	0.04697
860	0.04048	0.04048	0.17331	0.31173	0.45322	0.58639	0.68096	0.79276	0.77757	0.45951	0.22125	0	0.006	0.22625	0.46451	0.78357	0.79776	0.68596	0.59139	0.45822	0.31673	0.17831	0.04548	0.04548
861	0.03858	0.03858	0.17104	0.30976	0.45224	0.5873	0.68548	0.80792	0.78314	0.4634	0.22182	0	0.006	0.22682	0.4684	0.78914	0.81292	0.69048	0.5923	0.45724	0.31476	0.17604	0.04358	0.04358
862	0.03634	0.03634	0.1683	0.3073	0.45086	0.58807	0.69042	0.82492	0.78645	0.46747	0.22236	0	0.006	0.22736	0.47247	0.79245	0.82992	0.69542	0.59307	0.45586	0.3123	0.1733	0.04134	0.04134
863	0.03384	0.03384	0.16516	0.30437	0.44904	0.58859	0.69552	0.8433	0.78961	0.47154	0.22287	0	0.006	0.22787	0.47654	0.79561	0.8483	0.70052	0.59359	0.45404	0.30937	0.17016	0.03884	0.03884
864	0.03116	0.03116	0.16171	0.30105	0.4468	0.58876	0.70052	0.86253	0.79177	0.47544	0.22334	0	0.006	0.22834	0.48044	0.79777	0.86753	0.70552	0.59376	0.4518	0.30605	0.16671	0.03616	0.03616
865	0.0284	0.0284	0.15803	0.29739	0.44415	0.58849	0.70515	0.88211	0.794	0.47903	0.22376	0	0.006	0.22876	0.48403	0.8	0.88711	0.71015	0.59349	0.44915	0.30239	0.16303	0.0334	0.0334
866	0.02564	0.02564	0.15424	0.29348	0.44112	0.58773	0.70922	0.90154	0.79503	0.48218	0.22412	0	0.006	0.22912	0.48718	0.80103	0.90654	0.71422	0.59273	0.44612	0.29848	0.15924	0.03064	0.03064
867	0.02298	0.02298	0.15042	0.28941	0.43777	0.58647	0.71257	0.92035	0.79586	0.4848	0.22443	0	0.006	0.22943	0.4898	0.80186	0.92535	0.71757	0.59147	0.44277	0.29441	0.15542	0.02798	0.02798
868	0.02051	0.02051	0.14668	0.28527	0.43416	0.58473	0.7151	0.93813	0.7965	0.48684	0.22466	0	0.006	0.22966	0.49184	0.8025	0.94313	0.7201	0.58973	0.43916	0.29027	0.15168	0.02551	0.02551
869	0.01827	0.01827	0.14312	0.28117	0.43041	0.58254	0.71677	0.95455	0.79694	0.48828	0.22484	0	0.006	0.22984	0.49328	0.80294	0.95955	0.72177	0.58754	0.43541	0.28617	0.14812	0.02327	0.02327
870	0.01634	0.01634	0.13981	0.27721	0.42659	0.58001	0.71763	0.96935	0.79718	0.48916	0.22495	0	0.006	0.22995	0.49416	0.80318	0.97435	0.72263	0.58501	0.43159	0.28221	0.14481	0.02134	0.02134
871	0.01474	0.01474	0.13682	0.27348	0.42283	0.57723	0.71776	0.98234	0.79722	0.48951	0.22499	0	0.006	0.22999	0.49451	0.80322	0.98734	0.72276	0.58223	0.42783	0.27848	0.14182	0.01974	0.01974
872	0.01348	0.01348	0.13419	0.27006	0.41923	0.57435	0.7173	0.99343	0.79522	0.48943	0.22497	0	0.006	0.22997	0.49443	0.80122	0.99843	0.7223	0.57935	0.42423	0.27506	0.13919	0.01848	0.01848
874	0.0126	0.0126	0.13205	0.26713	0.41604	0.57165	0.71652	1.00241	0.79494	0.48896	0.22489	0	0.006	0.22989	0.49396	0.80094	1.00741	0.72152	0.57665	0.42104	0.27213	0.13705	0.0176	0.0176
875	0.01198	0.01198	0.13022	0.26451	0.41308	0.56899	0.71544	1.00967	0.79448	0.48827	0.22475	0	0.006	0.22975	0.49327	0.80048	1.01467	0.72044	0.57399	0.41808	0.26951	0.13522	0.01698	0.01698
876	0.0116	0.0116	0.12879	0.26236	0.41057	0.56666	0.71436	1.01512	0.79388	0.48742	0.22455	0	0.006	0.22955	0.49242	0.79988	1.02012	0.71936	0.57166	0.41557	0.26736	0.13379	0.0166	0.0166
877	0.01142	0.01142	0.12773	0.26068	0.40857	0.56477	0.71347	1.01887	0.79217	0.48649	0.22431	0	0.006	0.22931	0.49149	0.79817	1.02387	0.71847	0.56977	0.41357	0.26568	0.13273	0.01642	0.01642
878	0.01137	0.01137	0.12701	0.25948	0.40713	0.56343	0.71292	1.02104	0.79132	0.48556	0.22401	0	0.006	0.22901	0.49056	0.79732	1.02604	0.71792	0.56843	0.41213	0.26448	0.13201	0.01637	0.01637
879	0.01138	0.01138	0.12657	0.25875	0.40626	0.5627	0.71285	1.02177	0.79038	0.48468	0.22368	0	0.006	0.22868	0.48968	0.79638	1.02677	0.71785	0.5677	0.41126	0.26375	0.13157	0.01638	0.01638
880	0.0114	0.0114	0.12641	0.25847	0.40599	0.56262	0.71333	1.02115	0.78937	0.48387	0.22331	0	0.006	0.22831	0.48887	0.79537	1.02615	0.71833	0.56762	0.41099	0.26347	0.13141	0.0164	0.0164
881	0.01141	0.01141	0.12647	0.25863	0.4063	0.5632	0.71438	1.01928	0.78829	0.48316	0.22292	0	0.006	0.22792	0.48816	0.79429	1.02428	0.71938	0.5682	0.4113	0.26363	0.13147	0.01641	0.01641
882	0.01139	0.01139	0.12677	0.25922	0.40718	0.56442	0.71598	1.01621	0.78719	0.48253	0.22251	0	0.006	0.22751	0.48753	0.79319	1.02121	0.72098	0.56942	0.41218	0.26422	0.13177	0.01639	0.01639
883	0.01136	0.01136	0.1273	0.26023	0.40861	0.56625	0.71804	1.01197	0.78609	0.48197	0.22209	0	0.006	0.22709	0.48697	0.79209	1.01697	0.72304	0.57125	0.41361	0.26523	0.1323	0.01636	0.01636
884	0.01137	0.01137	0.12811	0.26168	0.41058	0.56862	0.72046	1.00654	0.785	0.48147	0.22167	0	0.006	0.22667	0.48647	0.791	1.01154	0.72546	0.57362	0.41558	0.26668	0.13311	0.01637	0.01637
885	0.01152	0.01152	0.12925	0.2636	0.41308	0.57146	0.72308	0.9999	0.78396	0.48099	0.22125	0	0.006	0.22625	0.48599	0.78996	1.0049	0.72808	0.57646	0.41808	0.2686	0.13425	0.01652	0.01652
886	0.0119	0.0119	0.1308	0.26602	0.41608	0.57471	0.72575	0.99201	0.78301	0.48054	0.22086	0	0.006	0.22586	0.48554	0.78901	0.99701	0.73075	0.57971	0.42108	0.27102	0.1358	0.0169	0.0169
887	0.01264	0.01264	0.13285	0.26899	0.41959	0.57828	0.7283	0.98284	0.78156	0.48008	0.2205	0	0.006	0.2255	0.48508	0.78756	0.98784	0.7333	0.58328	0.42459	0.27399	0.13785	0.01764	0.01764
888	0.01388	0.01388	0.1355	0.27256	0.4236	0.58211	0.73057	0.97238	0.78087	0.47964	0.22017	0	0.006	0.22517	0.48464	0.78687	0.97738	0.73557	0.58711	0.4286	0.27756	0.1405	0.01888	0.01888
889	0.01573	0.01573	0.13882	0.27677	0.42811	0.58613	0.73245	0.96064	0.78035	0.4792	0.21988	0	0.006	0.22488	0.4842	0.78635	0.96564	0.73745	0.59113	0.43311	0.28177	0.14382	0.02073	0.02073
890	0.0183	0.0183	0.14288	0.28165	0.43311	0.5903	0.73382	0.94769	0.77999	0.4788	0.21965	0	0.006	0.22465	0.4838	0.78599	0.95269	0.73882	0.5953	0.43811	0.28665	0.14788	0.0233	0.0233
891	0.02166	0.02166	0.14773	0.28721	0.43858	0.59457	0.73464	0.93364	0.77737	0.47846	0.21947	0	0.006	0.22447	0.48346	0.78337	0.93864	0.73964	0.59957	0.44358	0.29221	0.15273	0.02666	0.02666
892	0.02584	0.02584	0.15335	0.29342	0.44448	0.59889	0.73488	0.91868	0.77743	0.4782	0.21934	0	0.006	0.22434	0.4832	0.78343	0.92368	0.73988	0.60389	0.44948	0.29842	0.15835	0.03084	0.03084
893	0.03081	0.03081	0.15969	0.30021	0.45074	0.60323	0.73458	0.90306	0.7777	0.47805	0.21928	0	0.006	0.22428	0.48305	0.7837	0.90806	0.73958	0.60823	0.45574	0.30521	0.16469	0.03581	0.03581
895	0.03652	0.03652	0.16671	0.30758	0.45742	0.6077	0.73389	0.88692	0.77815	0.47801	0.21928	0	0.006	0.22428	0.48301	0.78415	0.89192	0.73889	0.6127	0.46242	0.31258	0.17171	0.04152	0.04152
896	0.04272	0.04272	0.17409	0.31514	0.4641	0.61196	0.73276	0.87097	0.77879	0.47814	0.21932	0	0.006	0.22432	0.48314	0.78479	0.87597	0.73776	0.61696	0.4691	0.32014	0.17909	0.04772	0.04772
897	0.04927	0.04927	0.18169	0.32282	0.4708	0.61611	0.7314	0.85544	0.77958	0.47841	0.21943	0	0.006	0.22443	0.48341	0.78558	0.86044	0.7364	0.62111	0.4758	0.32782	0.18669	0.05427	0.05427
898	0.0559	0.0559	0.18925	0.33039	0.47734	0.6201	0.72996	0.84076	0.7805	0.47883	0.21957	0	0.006	0.22457	0.48383	0.7865	0.84576	0.73496	0.6251	0.48234	0.33539	0.19425	0.0609	0.0609
899	0.06234	0.06234	0.19651	0.33759	0.48354	0.62388	0.7286	0.82739	0.78212	0.47936	0.21976	0	0.006	0.22476	0.48436	0.78812	0.83239	0.7336	0.62888	0.48854	0.34259	0.20151	0.06734	0.06734
900	0.06829	0.06829	0.20315	0.34417	0.4892	0.62736	0.72748	0.81574	0.78319	0.47999	0.21999	0	0.006	0.22499	0.48499	0.78919	0.82074	0.73248	0.63236	0.4942	0.34917	0.20815	0.07329	0.07329
901	0.07347	0.07347	0.2089	0.34987	0.49415	0.63049	0.72674	0.80621	0.78428	0.48067	0.22024	0	0.006	0.22524	0.48567	0.79028	0.81121	0.73174	0.63549	0.49915	0.35487	0.2139	0.07847	0.07847
902	0.07761	0.07761	0.21349	0.35446	0.49822	0.6332	0.72649	0.79914	0.78538	0.48137	0.2205	0	0.006	0.2255	0.48637	0.79138	0.80414	0.73149	0.6382	0.50322	0.35946	0.21849	0.08261	0.08261
903	0.08049	0.08049	0.21673	0.35776	0.50125	0.63542	0.72682	0.79478	0.78889	0.48206	0.22078	0	0.006	0.22578	0.48706	0.79489	0.79978	0.73182	0.64042	0.50625	0.36276	0.22173	0.08549	0.08549
904	0.08195	0.08195	0.21844	0.35962	0.50314	0.63711	0.72779	0.79331	0.78987	0.4827	0.22106	0	0.006	0.22606	0.4877	0.79587	0.79831	0.73279	0.64211	0.50814	0.36462	0.22344	0.08695	0.08695
905	0.08192	0.08192	0.21854	0.35996	0.50382	0.63822	0.72938	0.7948	0.79077	0.48327	0.22133	0	0.006	0.22633	0.48827	0.79677	0.7998	0.73438	0.64322	0.50882	0.36496	0.22354	0.08692	0.08692
906	0.08039	0.08039	0.21703	0.35878	0.50327	0.63872	0.73158	0.79922	0.79156	0.48375	0.22159	0	0.006	0.22659	0.48875	0.79756	0.80422	0.73658	0.64372	0.50827	0.36378	0.22203	0.08539	0.08539
907	0.07744	0.07744	0.21398	0.35612	0.50152	0.6386	0.7343	0.80643	0.79224	0.48413	0.22183	0	0.006	0.22683	0.48913	0.79824	0.81143	0.7393	0.6436	0.50652	0.36112	0.21898	0.08244	0.08244
908	0.0732	0.0732	0.20953	0.3521	0.49865	0.63786	0.73744	0.81619	0.79358	0.48442	0.22204	0	0.006	0.22704	0.48942	0.79958	0.82119	0.74244	0.64286	0.50365	0.3571	0.21453	0.0782	0.0782
909	0.06789	0.06789	0.20388	0.3469	0.49475	0.63651	0.74084	0.82817	0.79397	0.48463	0.22223	0	0.006	0.22723	0.48963	0.79997	0.83317	0.74584	0.64151	0.49975	0.3519	0.20888	0.07289	0.07289
910	0.06178	0.06178	0.19728	0.34072	0.48999	0.63459	0.74434	0.84199	0.79423	0.48476	0.22238	0	0.006	0.22738	0.48976	0.80023	0.84699	0.74934	0.63959	0.49499	0.34572	0.20228	0.06678	0.06678
911	0.05514	0.05514	0.19001	0.3338	0.48451	0.63213	0.74777	0.8572	0.79497	0.48483	0.2225	0	0.006	0.2275	0.48983	0.80097	0.8622	0.75277	0.63713	0.48951	0.3388	0.19501	0.06014	0.06014
912	0.04828	0.04828	0.18236	0.32641	0.47852	0.62918	0.75093	0.87331	0.79491	0.48485	0.22258	0	0.006	0.22758	0.48985	0.80091	0.87831	0.75593	0.63418	0.48352	0.33141	0.18736	0.05328	0.05328
913	0.04148	0.04148	0.17463	0.3188	0.47218	0.6258	0.75367	0.88985	0.7947	0.48482	0.22262	0	0.006	0.22762	0.48982	0.8007	0.89485	0.75867	0.6308	0.47718	0.3238	0.17963	0.04648	0.04648
914	0.035	0.035	0.16707	0.3112	0.46567	0.62203	0.75582	0.90636	0.79435	0.48476	0.22261	0	0.006	0.22761	0.48976	0.80035	0.91136	0.76082	0.62703	0.47067	0.3162	0.17207	0.04	0.04
916	0.0291	0.0291	0.15999	0.30393	0.45929	0.6181	0.75734	0.92222	0.79387	0.48462	0.22257	0	0.006	0.22757	0.48962	0.79987	0.92722	0.76234	0.6231	0.46429	0.30893	0.16499	0.0341	0.0341
917	0.02385	0.02385	0.15341	0.29694	0.4529	0.61378	0.75799	0.93742	0.79327	0.48446	0.22248	0	0.006	0.22748	0.48946	0.79927	0.94242	0.76299	0.61878	0.4579	0.30194	0.15841	0.02885	0.02885
918	0.01939	0.01939	0.14753	0.29047	0.44675	0.60928	0.75782	0.95148	0.79255	0.48423	0.22235	0	0.006	0.22735	0.48923	0.79855	0.95648	0.76282	0.61428	0.45175	0.29547	0.15253	0.02439	0.02439
919	0.01578	0.01578	0.14243	0.28461	0.44094	0.60468	0.75684	0.96419	0.79173	0.48392	0.22218	0	0.006	0.22718	0.48892	0.79773	0.96919	0.76184	0.60968	0.44594	0.28961	0.14743	0.02078	0.02078
920	0.01298	0.01298	0.13813	0.27942	0.43554	0.60006	0.7551	0.97539	0.79002	0.48351	0.22197	0	0.006	0.22697	0.48851	0.79602	0.98039	0.7601	0.60506	0.44054	0.28442	0.14313	0.01798	0.01798
921	0.01094	0.01094	0.13459	0.2749	0.43059	0.5955	0.75273	0.98504	0.78905	0.483	0.22173	0	0.006	0.22673	0.488	0.79505	0.99004	0.75773	0.6005	0.43559	0.2799	0.13959	0.01594	0.01594
922	0.00956	0.00956	0.13177	0.27105	0.42615	0.59111	0.74987	0.99313	0.788	0.48238	0.22145	0	0.006	0.22645	0.48738	0.794	0.99813	0.75487	0.59611	0.43115	0.27605	0.13677	0.01456	0.01456
923	0.0087	0.0087	0.12959	0.26783	0.42223	0.58698	0.74672	0.99974	0.78628	0.48167	0.22115	0	0.006	0.22615	0.48667	0.79228	1.00474	0.75172	0.59198	0.42723	0.27283	0.13459	0.0137	0.0137
924	0.00824	0.00824	0.12795	0.26521	0.41886	0.58321	0.74347	1.00497	0.78521	0.48088	0.22082	0	0.006	0.22582	0.48588	0.79121	1.00997	0.74847	0.58821	0.42386	0.27021	0.13295	0.01324	0.01324
925	0.00805	0.00805	0.12675	0.26314	0.41606	0.57991	0.74033	1.00896	0.78412	0.48004	0.22048	0	0.006	0.22548	0.48504	0.79012	1.01396	0.74533	0.58491	0.42106	0.26814	0.13175	0.01305	0.01305
926	0.00799	0.00799	0.12592	0.26158	0.41385	0.57717	0.73752	1.01184	0.78304	0.47918	0.22014	0	0.006	0.22514	0.48418	0.78904	1.01684	0.74252	0.58217	0.41885	0.26658	0.13092	0.01299	0.01299
927	0.00797	0.00797	0.12538	0.26051	0.41225	0.57509	0.73521	1.01375	0.782	0.47836	0.21979	0	0.006	0.22479	0.48336	0.788	1.01875	0.74021	0.58009	0.41725	0.26551	0.13038	0.01297	0.01297
928	0.00792	0.00792	0.12508	0.25989	0.41128	0.57373	0.73355	1.01477	0.78101	0.47761	0.21945	0	0.006	0.22445	0.48261	0.78701	1.01977	0.73855	0.57873	0.41628	0.26489	0.13008	0.01292	0.01292
929	0.00781	0.00781	0.125	0.25974	0.41095	0.57315	0.73264	1.01497	0.7801	0.47697	0.21914	0	0.006	0.22414	0.48197	0.7861	1.01997	0.73764	0.57815	0.41595	0.26474	0.13	0.01281	0.01281
930	0.00761	0.00761	0.12513	0.26004	0.41128	0.57337	0.7325	1.01436	0.77929	0.47647	0.21884	0	0.006	0.22384	0.48147	0.78529	1.01936	0.7375	0.57837	0.41628	0.26504	0.13013	0.01261	0.01261
931	0.00736	0.00736	0.12548	0.2608	0.41227	0.57437	0.73314	1.01291	0.77861	0.47614	0.21858	0	0.006	0.22358	0.48114	0.78461	1.01791	0.73814	0.57937	0.41727	0.2658	0.13048	0.01236	0.01236
932	0.0071	0.0071	0.12608	0.26202	0.4139	0.57613	0.73446	1.01052	0.77808	0.47599	0.21836	0	0.006	0.22336	0.48099	0.78408	1.01552	0.73946	0.58113	0.4189	0.26702	0.13108	0.0121	0.0121
933	0.00687	0.00687	0.12695	0.26372	0.41614	0.57857	0.73635	1.00708	0.77774	0.47599	0.21819	0	0.006	0.22319	0.48099	0.78374	1.01208	0.74135	0.58357	0.42114	0.26872	0.13195	0.01187	0.01187
934	0.00676	0.00676	0.12815	0.26589	0.41895	0.58159	0.73861	1.00246	0.77758	0.47613	0.21807	0	0.006	0.22307	0.48113	0.78358	1.00746	0.74361	0.58659	0.42395	0.27089	0.13315	0.01176	0.01176
935	0.00683	0.00683	0.12969	0.26852	0.42227	0.58507	0.74104	0.99652	0.7776	0.47638	0.218	0	0.006	0.223	0.48138	0.7836	1.00152	0.74604	0.59007	0.42727	0.27352	0.13469	0.01183	0.01183
937	0.00719	0.00719	0.13169	0.27171	0.42616	0.58901	0.74349	0.98894	0.77682	0.47663	0.21799	0	0.006	0.22299	0.48163	0.78282	0.99394	0.74849	0.59401	0.43116	0.27671	0.13669	0.01219	0.01219
938	0.00782	0.00782	0.134	0.27519	0.43027	0.59298	0.74558	0.97998	0.77727	0.47691	0.21803	0	0.006	0.22303	0.48191	0.78327	0.98498	0.75058	0.59798	0.43527	0.28019	0.139	0.01282	0.01282
939	0.00879	0.00879	0.13669	0.27903	0.43464	0.59697	0.74718	0.96942	0.77791	0.47711	0.21812	0	0.006	0.22312	0.48211	0.78391	0.97442	0.75218	0.60197	0.43964	0.28403	0.14169	0.01379	0.01379
940	0.01016	0.01016	0.13977	0.28317	0.43916	0.60086	0.74812	0.95729	0.77839	0.47719	0.21826	0	0.006	0.22326	0.48219	0.78439	0.96229	0.75312	0.60586	0.44416	0.28817	0.14477	0.01516	0.01516
941	0.01191	0.01191	0.14318	0.28755	0.44376	0.60453	0.74826	0.94369	0.77934	0.47708	0.21844	0	0.006	0.22344	0.48208	0.78534	0.94869	0.75326	0.60953	0.44876	0.29255	0.14818	0.01691	0.01691
942	0.01404	0.01404	0.14689	0.2921	0.44833	0.60788	0.74755	0.92881	0.7804	0.47677	0.21866	0	0.006	0.22366	0.48177	0.7864	0.93381	0.75255	0.61288	0.45333	0.2971	0.15189	0.01904	0.01904
943	0.01653	0.01653	0.15085	0.29674	0.45279	0.61085	0.74598	0.91292	0.78154	0.47623	0.2189	0	0.006	0.2239	0.48123	0.78754	0.91792	0.75098	0.61585	0.45779	0.30174	0.15585	0.02153	0.02153
944	0.01932	0.01932	0.15497	0.30139	0.45709	0.61342	0.74362	0.89639	0.78271	0.47547	0.21917	0	0.006	0.22417	0.48047	0.78871	0.90139	0.74862	0.61842	0.46209	0.30639	0.15997	0.02432	0.02432
945	0.02235	0.02235	0.15918	0.30597	0.46115	0.61558	0.7406	0.87962	0.78388	0.47451	0.21946	0	0.006	0.22446	0.47951	0.78988	0.88462	0.7456	0.62058	0.46615	0.31097	0.16418	0.02735	0.02735
946	0.02554	0.02554	0.16338	0.3104	0.46494	0.61736	0.73711	0.86309	0.785	0.4734	0.21974	0	0.006	0.22474	0.4784	0.791	0.86809	0.74211	0.62236	0.46994	0.3154	0.16838	0.03054	0.03054
947	0.0288	0.0288	0.16749	0.3146	0.46842	0.61882	0.73337	0.84729	0.78605	0.47221	0.22003	0	0.006	0.22503	0.47721	0.79205	0.85229	0.73837	0.62382	0.47342	0.3196	0.17249	0.0338	0.0338
948	0.03203	0.03203	0.17139	0.31849	0.47156	0.62002	0.72964	0.83272	0.78796	0.47099	0.22031	0	0.006	0.22531	0.47599	0.79396	0.83772	0.73464	0.62502	0.47656	0.32349	0.17639	0.03703	0.03703
949	0.03511	0.03511	0.17498	0.322	0.47434	0.62104	0.72619	0.81985	0.78878	0.46985	0.22057	0	0.006	0.22557	0.47485	0.79478	0.82485	0.73119	0.62604	0.47934	0.327	0.17998	0.04011	0.04011
950	0.03796	0.03796	0.17818	0.32506	0.47675	0.62196	0.72326	0.8091	0.78935	0.46885	0.22081	0	0.006	0.22581	0.47385	0.79535	0.8141	0.72826	0.62696	0.48175	0.33006	0.18318	0.04296	0.04296
951	0.04045	0.04045	0.18087	0.3276	0.47876	0.62283	0.72109	0.80081	0.79021	0.46807	0.22103	0	0.006	0.22603	0.47307	0.79621	0.80581	0.72609	0.62783	0.48376	0.3326	0.18587	0.04545	0.04545
952	0.0425	0.0425	0.18299	0.32957	0.48037	0.62372	0.71987	0.79523	0.79067	0.46758	0.22122	0	0.006	0.22622	0.47258	0.79667	0.80023	0.72487	0.62872	0.48537	0.33457	0.18799	0.0475	0.0475
953	0.04401	0.04401	0.18446	0.33092	0.48156	0.62465	0.71971	0.79251	0.79105	0.46742	0.22138	0	0.006	0.22638	0.47242	0.79705	0.79751	0.72471	0.62965	0.48656	0.33592	0.18946	0.04901	0.04901
954	0.04493	0.04493	0.18522	0.33161	0.48231	0.62563	0.72069	0.79267	0.7913	0.46763	0.22151	0	0.006	0.22651	0.47263	0.7973	0.79767	0.72569	0.63063	0.48731	0.33661	0.19022	0.04993	0.04993
955	0.04521	0.04521	0.18525	0.33162	0.4826	0.62664	0.7228	0.79562	0.79143	0.4682	0.22161	0	0.006	0.22661	0.4732	0.79743	0.80062	0.7278	0.63164	0.4876	0.33662	0.19025	0.05021	0.05021
956	0.04484	0.04484	0.18454	0.33095	0.48243	0.62765	0.72597	0.80116	0.79144	0.46912	0.22167	0	0.006	0.22667	0.47412	0.79744	0.80616	0.73097	0.63265	0.48743	0.33595	0.18954	0.04984	0.04984
958	0.04386	0.04386	0.18318	0.32972	0.48191	0.62873	0.73013	0.80882	0.79136	0.47032	0.2217	0	0.006	0.2267	0.47532	0.79736	0.81382	0.73513	0.63373	0.48691	0.33472	0.18818	0.04886	0.04886
959	0.04222	0.04222	0.18106	0.32773	0.48077	0.62955	0.73493	0.81858	0.79121	0.47178	0.2217	0	0.006	0.2267	0.47678	0.79721	0.82358	0.73993	0.63455	0.48577	0.33273	0.18606	0.04722	0.04722
960	0.04003	0.04003	0.17832	0.32515	0.47916	0.63015	0.74021	0.82984	0.79131	0.4734	0.22166	0	0.006	0.22666	0.4784	0.79731	0.83484	0.74521	0.63515	0.48416	0.33015	0.18332	0.04503	0.04503
961	0.03739	0.03739	0.17506	0.32205	0.47709	0.63047	0.74571	0.84213	0.79099	0.4751	0.2216	0	0.006	0.2266	0.4801	0.79699	0.84713	0.75071	0.63547	0.48209	0.32705	0.18006	0.04239	0.04239
962	0.03439	0.03439	0.17139	0.31852	0.4746	0.63043	0.75117	0.85502	0.79073	0.47678	0.22151	0	0.006	0.22651	0.48178	0.79673	0.86002	0.75617	0.63543	0.4796	0.32352	0.17639	0.03939	0.03939
963	0.03117	0.03117	0.16743	0.31464	0.47172	0.62997	0.7563	0.86806	0.79032	0.47834	0.22139	0	0.006	0.22639	0.48334	0.79632	0.87306	0.7613	0.63497	0.47672	0.31964	0.17243	0.03617	0.03617
964	0.02784	0.02784	0.16331	0.31053	0.46852	0.62905	0.76088	0.88087	0.78978	0.47971	0.22125	0	0.006	0.22625	0.48471	0.79578	0.88587	0.76588	0.63405	0.47352	0.31553	0.16831	0.03284	0.03284
965	0.02454	0.02454	0.15916	0.30631	0.46506	0.62766	0.76471	0.89313	0.78917	0.48081	0.22109	0	0.006	0.22609	0.48581	0.79517	0.89813	0.76971	0.63266	0.47006	0.31131	0.16416	0.02954	0.02954
966	0.02137	0.02137	0.15509	0.30206	0.46141	0.62578	0.76764	0.9046	0.78877	0.4816	0.22091	0	0.006	0.22591	0.4866	0.79477	0.9096	0.77264	0.63078	0.46641	0.30706	0.16009	0.02637	0.02637
967	0.01844	0.01844	0.15123	0.29791	0.45764	0.62347	0.76957	0.91513	0.78803	0.48205	0.22073	0	0.006	0.22573	0.48705	0.79403	0.92013	0.77457	0.62847	0.46264	0.30291	0.15623	0.02344	0.02344
968	0.01582	0.01582	0.14765	0.29393	0.45385	0.62076	0.77048	0.92462	0.78728	0.48216	0.22053	0	0.006	0.22553	0.48716	0.79328	0.92962	0.77548	0.62576	0.45885	0.29893	0.15265	0.02082	0.02082
969	0.01357	0.01357	0.14443	0.2902	0.45011	0.61774	0.7704	0.93307	0.78653	0.48195	0.22034	0	0.006	0.22534	0.48695	0.79253	0.93807	0.7754	0.62274	0.45511	0.2952	0.14943	0.01857	0.01857
970	0.01171	0.01171	0.1416	0.28678	0.44649	0.6145	0.76943	0.94055	0.78578	0.48148	0.22014	0	0.006	0.22514	0.48648	0.79178	0.94555	0.77443	0.6195	0.45149	0.29178	0.1466	0.01671	0.01671
971	0.01024	0.01024	0.13918	0.28372	0.44306	0.61115	0.7677	0.94713	0.78479	0.48081	0.21996	0	0.006	0.22496	0.48581	0.79079	0.95213	0.7727	0.61615	0.44806	0.28872	0.14418	0.01524	0.01524
972	0.00912	0.00912	0.13717	0.28103	0.4399	0.6078	0.76539	0.95295	0.78413	0.48002	0.21979	0	0.006	0.22479	0.48502	0.79013	0.95795	0.77039	0.6128	0.4449	0.28603	0.14217	0.01412	0.01412
973	0.00831	0.00831	0.13555	0.27874	0.43706	0.60457	0.76269	0.95811	0.78353	0.47922	0.21964	0	0.006	0.22464	0.48422	0.78953	0.96311	0.76769	0.60957	0.44206	0.28374	0.14055	0.01331	0.01331
974	0.00775	0.00775	0.13428	0.27684	0.43457	0.60157	0.75981	0.96271	0.78303	0.47847	0.21953	0	0.006	0.22453	0.48347	0.78903	0.96771	0.76481	0.60657	0.43957	0.28184	0.13928	0.01275	0.01275
975	0.00738	0.00738	0.13333	0.27533	0.4325	0.5989	0.75694	0.96683	0.78263	0.47788	0.21944	0	0.006	0.22444	0.48288	0.78863	0.97183	0.76194	0.6039	0.4375	0.28033	0.13833	0.01238	0.01238
976	0.00713	0.00713	0.13264	0.2742	0.43085	0.59665	0.75426	0.97047	0.78234	0.47751	0.21939	0	0.006	0.22439	0.48251	0.78834	0.97547	0.75926	0.60165	0.43585	0.2792	0.13764	0.01213	0.01213
977	0.00695	0.00695	0.1322	0.27343	0.42966	0.59488	0.75189	0.97359	0.78194	0.47741	0.21939	0	0.006	0.22439	0.48241	0.78794	0.97859	0.75689	0.59988	0.43466	0.27843	0.1372	0.01195	0.01195
979	0.00685	0.00685	0.13205	0.27314	0.42908	0.59378	0.75001	0.97593	0.78201	0.47757	0.21943	0	0.006	0.22443	0.48257	0.78801	0.98093	0.75501	0.59878	0.43408	0.27814	0.13705	0.01185	0.01185
980	0.00672	0.00672	0.13203	0.27309	0.42885	0.5931	0.74851	0.97767	0.78222	0.47804	0.21952	0	0.006	0.22452	0.48304	0.78822	0.98267	0.75351	0.5981	0.43385	0.27809	0.13703	0.01172	0.01172
981	0.00661	0.00661	0.13221	0.2734	0.42908	0.59296	0.74744	0.97848	0.78258	0.47876	0.21966	0	0.006	0.22466	0.48376	0.78858	0.98348	0.75244	0.59796	0.43408	0.2784	0.13721	0.01161	0.01161
982	0.00656	0.00656	0.13261	0.27407	0.42979	0.59334	0.74677	0.97813	0.78213	0.47966	0.21984	0	0.006	0.22484	0.48466	0.78813	0.98313	0.75177	0.59834	0.43479	0.27907	0.13761	0.01156	0.01156
983	0.0066	0.0066	0.13328	0.27512	0.43096	0.59419	0.74638	0.97642	0.7828	0.48064	0.22007	0	0.006	0.22507	0.48564	0.7888	0.98142	0.75138	0.59919	0.43596	0.28012	0.13828	0.0116	0.0116
984	0.00681	0.00681	0.13424	0.27657	0.43256	0.59544	0.74616	0.97317	0.78359	0.48161	0.22034	0	0.006	0.22534	0.48661	0.78959	0.97817	0.75116	0.60044	0.43756	0.28157	0.13924	0.01181	0.01181
985	0.00725	0.00725	0.13555	0.27841	0.43456	0.59703	0.74595	0.96821	0.78448	0.48243	0.22064	0	0.006	0.22564	0.48743	0.79048	0.97321	0.75095	0.60203	0.43956	0.28341	0.14055	0.01225	0.01225
986	0.00802	0.00802	0.13724	0.28065	0.43693	0.59886	0.74561	0.96147	0.78546	0.48299	0.22097	0	0.006	0.22597	0.48799	0.79146	0.96647	0.75061	0.60386	0.44193	0.28565	0.14224	0.01302	0.01302
987	0.00918	0.00918	0.13936	0.28331	0.43963	0.60085	0.74499	0.95291	0.78646	0.48317	0.22131	0	0.006	0.22631	0.48817	0.79246	0.95791	0.74999	0.60585	0.44463	0.28831	0.14436	0.01418	0.01418
988	0.01079	0.01079	0.14194	0.28635	0.44262	0.60292	0.74399	0.9426	0.78535	0.48287	0.22166	0	0.006	0.22666	0.48787	0.79135	0.9476	0.74899	0.60792	0.44762	0.29135	0.14694	0.01579	0.01579
989	0.01289	0.01289	0.14498	0.28978	0.44584	0.60501	0.74252	0.93068	0.78636	0.48203	0.22201	0	0.006	0.22701	0.48703	0.79236	0.93568	0.74752	0.61001	0.45084	0.29478	0.14998	0.01789	0.01789
990	0.01552	0.01552	0.14847	0.29354	0.44925	0.60707	0.74054	0.91736	0.78733	0.48061	0.22234	0	0.006	0.22734	0.48561	0.79333	0.92236	0.74554	0.61207	0.45425	0.29854	0.15347	0.02052	0.02052
991	0.01865	0.01865	0.15238	0.29761	0.4528	0.60905	0.73808	0.90294	0.78824	0.47859	0.22265	0	0.006	0.22765	0.48359	0.79424	0.90794	0.74308	0.61405	0.4578	0.30261	0.15738	0.02365	0.02365
992	0.02226	0.02226	0.15667	0.30192	0.45645	0.61094	0.73518	0.88776	0.78906	0.47603	0.22293	0	0.006	0.22793	0.48103	0.79506	0.89276	0.74018	0.61594	0.46145	0.30692	0.16167	0.02726	0.02726
993	0.02628	0.02628	0.16127	0.30642	0.46015	0.61275	0.73196	0.87219	0.7907	0.47299	0.22316	0	0.006	0.22816	0.47799	0.7967	0.87719	0.73696	0.61775	0.46515	0.31142	0.16627	0.03128	0.03128
994	0.03063	0.03063	0.16609	0.31104	0.46387	0.6145	0.72855	0.85663	0.79124	0.46957	0.22335	0	0.006	0.22835	0.47457	0.79724	0.86163	0.73355	0.6195	0.46887	0.31604	0.17109	0.03563	0.03563
995	0.0352	0.0352	0.17103	0.3157	0.46759	0.61621	0.72513	0.84145	0.79163	0.4659	0.22348	0	0.006	0.22848	0.4709	0.79763	0.84645	0.73013	0.62121	0.47259	0.3207	0.17603	0.0402	0.0402
996	0.03987	0.03987	0.176	0.32033	0.47125	0.61793	0.72186	0.82701	0.79185	0.46213	0.22357	0	0.006	0.22857	0.46713	0.79785	0.83201	0.72686	0.62293	0.47625	0.32533	0.181	0.04487	0.04487
997	0.04453	0.04453	0.18088	0.32487	0.47485	0.61969	0.71893	0.81361	0.79192	0.45839	0.2236	0	0.006	0.2286	0.46339	0.79792	0.81861	0.72393	0.62469	0.47985	0.32987	0.18588	0.04953	0.04953
998	0.04905	0.04905	0.18558	0.32923	0.47836	0.62154	0.71647	0.80149	0.79183	0.45483	0.22358	0	0.006	0.22858	0.45983	0.79783	0.80649	0.72147	0.62654	0.48336	0.33423	0.19058	0.05405	0.05405
1000	0.05335	0.05335	0.19009	0.33347	0.48187	0.62362	0.71469	0.79065	0.79373	0.45154	0.22353	0	0.006	0.22853	0.45654	0.79973	0.79565	0.71969	0.62862	0.48687	0.33847	0.19509	0.05835	0.05835
