-8	1.85382
0	1.85951
1	1.86037
2	1.86157
3	1.86262
4	1.86361
5	1.86463
6	1.86549
7	1.86602
8	1.86633
9	1.86588
10	1.86484
11	1.863
13	1.86042
14	1.8572
15	1.85353
16	1.8496
17	1.8453
18	1.84075
19	1.83617
20	1.8319
21	1.828
22	1.82466
23	1.82187
24	1.81994
25	1.81865
26	1.81791
27	1.81776
28	1.81815
29	1.81897
30	1.82026
31	1.82149
32	1.82278
34	1.82397
35	1.82515
36	1.82629
37	1.82703
38	1.82797
39	1.82877
40	1.8297
41	1.8308
42	1.83194
43	1.83351
44	1.83533
45	1.83739
46	1.83956
47	1.84172
48	1.84402
49	1.84582
50	1.84737
51	1.8484
52	1.84883
53	1.84871
55	1.84794
56	1.84654
57	1.84494
58	1.84285
59	1.84051
60	1.83774
61	1.83534
62	1.83313
63	1.83131
64	1.82991
65	1.82901
66	1.82854
67	1.82854
68	1.8289
69	1.82958
70	1.83046
71	1.83181
72	1.83302
73	1.83443
74	1.83579
76	1.83734
77	1.83922
78	1.84118
79	1.84345
80	1.8457
81	1.84845
82	1.85145
83	1.85485
84	1.85843
85	1.86194
86	1.86537
87	1.86856
88	1.87108
89	1.87324
90	1.87471
91	1.87561
92	1.87596
93	1.87585
94	1.87517
95	1.87427
97	1.87314
98	1.87196
99	1.87082
100	1.86992
101	1.86951
102	1.86931
103	1.86942
104	1.8698
105	1.87048
106	1.87139
107	1.87238
108	1.87338
109	1.87439
110	1.87528
111	1.87602
112	1.87646
113	1.87713
114	1.8778
115	1.87859
116	1.87955
118	1.88075
119	1.8822
120	1.88415
121	1.88665
122	1.88966
123	1.89317
124	1.89698
125	1.90093
126	1.90498
127	1.90877
128	1.91227
129	1.91528
130	1.91775
131	1.91956
132	1.92054
133	1.9208
134	1.92042
135	1.91941
136	1.91811
137	1.91652
139	1.915
140	1.91342
141	1.91203
142	1.91077
143	1.90999
144	1.90918
145	1.90868
146	1.90838
147	1.90833
148	1.90806
149	1.90795
150	1.90766
151	1.90727
152	1.90673
153	1.90619
154	1.9052
155	1.90472
156	1.90416
157	1.90379
158	1.90371
160	1.90417
161	1.90482
162	1.90589
163	1.90736
164	1.90935
165	1.91152
166	1.91403
167	1.9165
168	1.91896
169	1.9211
170	1.92116
171	1.92084
172	1.91999
173	1.91856
174	1.91672
175	1.91429
176	1.91159
177	1.90862
178	1.90535
179	1.90183
181	1.8983
182	1.89637
183	1.89417
184	1.892
185	1.88972
186	1.88734
187	1.88485
188	1.88232
189	1.87967
190	1.87693
191	1.87428
192	1.87194
193	1.86973
194	1.86805
195	1.86685
196	1.8662
197	1.86598
198	1.86622
199	1.86681
200	1.86777
202	1.86904
203	1.87058
204	1.87183
205	1.8732
206	1.87387
207	1.87401
208	1.87356
209	1.87255
210	1.87096
211	1.86888
212	1.86629
213	1.8634
214	1.8602
215	1.85698
216	1.85368
217	1.85081
218	1.84822
219	1.84593
220	1.84397
221	1.84223
223	1.84063
224	1.8392
225	1.83763
226	1.83595
227	1.83407
228	1.83188
229	1.8294
230	1.82677
231	1.82402
232	1.82126
233	1.81865
234	1.81621
235	1.81417
236	1.81267
237	1.81174
238	1.81149
239	1.81177
240	1.81256
241	1.81382
242	1.81531
244	1.81704
245	1.81877
246	1.82047
247	1.82195
248	1.82317
249	1.82374
250	1.82381
251	1.82362
252	1.82285
253	1.82166
254	1.82013
255	1.81833
256	1.81645
257	1.81457
258	1.81284
259	1.81128
260	1.81031
261	1.8097
262	1.80904
263	1.8089
265	1.80892
266	1.80883
267	1.80882
268	1.8088
269	1.80843
270	1.80763
271	1.80685
272	1.80608
273	1.80541
274	1.80517
275	1.80513
276	1.80543
277	1.80633
278	1.8078
279	1.80963
280	1.81215
281	1.81516
282	1.81824
283	1.82125
284	1.82407
286	1.82653
287	1.82846
288	1.83014
289	1.83133
290	1.8321
291	1.83252
292	1.83291
293	1.83305
294	1.8331
295	1.83313
296	1.83311
297	1.83317
298	1.83345
299	1.83368
300	1.83417
301	1.83459
302	1.83491
303	1.83489
304	1.83477
305	1.83444
307	1.83391
308	1.83314
309	1.83242
310	1.83163
311	1.83077
312	1.83005
313	1.82945
314	1.82937
315	1.82943
316	1.82992
317	1.83079
318	1.83203
319	1.83374
320	1.83573
321	1.83796
322	1.84049
323	1.84306
324	1.84565
325	1.84799
326	1.85037
328	1.85248
329	1.85427
330	1.85578
331	1.85688
332	1.85759
333	1.85802
334	1.85828
335	1.85819
336	1.85794
337	1.85751
338	1.85702
339	1.85647
340	1.85593
341	1.85533
342	1.85482
343	1.85421
344	1.85365
345	1.85302
346	1.85234
347	1.85132
349	1.85017
350	1.84853
351	1.84689
352	1.84497
353	1.84299
354	1.84112
355	1.8393
356	1.8376
357	1.83569
358	1.83394
359	1.83245
360	1.83072
361	1.82978
362	1.82883
363	1.82823
364	1.8277
365	1.82707
366	1.82646
367	1.82569
368	1.82499
370	1.82422
371	1.82332
372	1.82264
373	1.82147
374	1.81991
375	1.81841
376	1.81672
377	1.81493
378	1.81303
379	1.81104
380	1.80909
381	1.80717
382	1.80523
383	1.8034
384	1.80144
385	1.7998
386	1.79787
387	1.79608
388	1.7942
389	1.79235
391	1.79042
392	1.78833
393	1.78626
394	1.78406
395	1.78174
396	1.77954
397	1.77722
398	1.7749
399	1.77253
400	1.77022
401	1.76794
402	1.76574
403	1.76363
404	1.76152
405	1.75963
406	1.75783
407	1.75612
408	1.75445
409	1.75289
410	1.75132
412	1.74966
413	1.74794
414	1.74619
415	1.7444
416	1.74251
417	1.7405
418	1.73848
419	1.73642
420	1.73441
421	1.73242
422	1.73068
423	1.72906
424	1.72763
425	1.7264
426	1.72567
427	1.72487
428	1.72447
429	1.72423
430	1.72438
431	1.72461
433	1.72504
434	1.72546
435	1.72612
436	1.72684
437	1.7276
438	1.72813
439	1.72897
440	1.72976
441	1.73053
442	1.73115
443	1.73187
444	1.73264
445	1.73334
446	1.73436
447	1.73522
448	1.73617
449	1.73707
450	1.73808
451	1.73903
452	1.74003
454	1.741
455	1.74189
456	1.7426
457	1.74333
458	1.74369
459	1.74415
460	1.74446
461	1.74465
462	1.74473
463	1.74491
464	1.74516
465	1.74544
466	1.74569
467	1.74614
468	1.74663
469	1.74744
470	1.74845
471	1.74975
472	1.75166
473	1.7537
475	1.75576
476	1.75783
477	1.75993
478	1.76221
479	1.76444
480	1.76674
481	1.76881
482	1.7708
483	1.77262
484	1.77393
485	1.77525
486	1.77675
487	1.77798
488	1.77937
489	1.78063
490	1.78187
491	1.78311
492	1.78438
493	1.78565
494	1.78685
496	1.78807
497	1.78915
498	1.78993
499	1.79081
500	1.79141
501	1.79195
502	1.7924
503	1.79267
504	1.79285
505	1.7929
506	1.79292
507	1.79294
508	1.79304
509	1.79317
510	1.79339
511	1.79372
512	1.79425
513	1.795
514	1.79603
515	1.79705
517	1.79813
518	1.79932
519	1.80046
520	1.80135
521	1.80237
522	1.80333
523	1.80422
524	1.80494
525	1.80543
526	1.80558
527	1.80566
528	1.80578
529	1.80569
530	1.8056
531	1.8056
532	1.80552
533	1.80538
534	1.80522
535	1.80517
536	1.80513
538	1.80514
539	1.8051
540	1.80481
541	1.80449
542	1.80406
543	1.80353
544	1.80277
545	1.802
546	1.80099
547	1.79981
548	1.79865
549	1.79746
550	1.79639
551	1.79547
552	1.79476
553	1.79424
554	1.79395
555	1.79378
556	1.79382
557	1.79419
559	1.79472
560	1.79542
561	1.79615
562	1.79671
563	1.79699
564	1.79703
565	1.79681
566	1.79633
567	1.79564
568	1.79463
569	1.79339
570	1.79195
571	1.79033
572	1.7886
573	1.78698
574	1.7855
575	1.78415
576	1.78291
577	1.78175
578	1.78064
580	1.77949
581	1.77822
582	1.77628
583	1.7738
584	1.7712
585	1.76845
586	1.76561
587	1.76273
588	1.76
589	1.75739
590	1.75507
591	1.75314
592	1.75172
593	1.75135
594	1.75169
595	1.75262
596	1.75397
597	1.75577
598	1.75782
599	1.75992
601	1.76205
602	1.76409
603	1.76595
604	1.76707
605	1.76829
606	1.76936
607	1.7705
608	1.77098
609	1.77132
610	1.77168
611	1.77195
612	1.77229
613	1.77274
614	1.77339
615	1.77462
616	1.77571
617	1.7768
618	1.77743
619	1.77842
620	1.77911
622	1.77948
623	1.77963
624	1.77938
625	1.77854
626	1.77763
627	1.77652
628	1.77533
629	1.7743
630	1.77343
631	1.77297
632	1.77293
633	1.77345
634	1.77447
635	1.77613
636	1.77857
637	1.78135
638	1.78464
639	1.78814
640	1.79182
641	1.79555
643	1.79911
644	1.80256
645	1.80568
646	1.80851
647	1.81107
648	1.81347
649	1.8156
650	1.81706
651	1.81842
652	1.81962
653	1.82082
654	1.82219
655	1.82354
656	1.8249
657	1.82636
658	1.82775
659	1.8291
660	1.83015
661	1.83139
662	1.83211
664	1.83254
665	1.83248
666	1.83187
667	1.83095
668	1.82979
669	1.82834
670	1.82689
671	1.82544
672	1.82418
673	1.8232
674	1.82281
675	1.82312
676	1.82384
677	1.82532
678	1.82852
679	1.8318
680	1.83544
681	1.8391
682	1.84268
683	1.84626
685	1.84966
686	1.85278
687	1.85547
688	1.85801
689	1.86019
690	1.86086
691	1.86175
692	1.86271
693	1.86388
694	1.8652
695	1.86664
696	1.86824
697	1.8699
698	1.87143
699	1.8731
700	1.87443
701	1.87551
702	1.87619
703	1.87629
704	1.8759
706	1.87501
707	1.87343
708	1.87146
709	1.86908
710	1.8666
711	1.8639
712	1.86139
713	1.8593
714	1.85763
715	1.85643
716	1.85577
717	1.85567
718	1.85625
719	1.85723
720	1.85883
721	1.86049
722	1.86231
723	1.86399
724	1.86547
725	1.86671
727	1.86777
728	1.86847
729	1.86884
730	1.86897
731	1.8688
732	1.86862
733	1.86845
734	1.86835
735	1.86852
736	1.86874
737	1.86933
738	1.87004
739	1.87099
740	1.87191
741	1.87273
742	1.87329
743	1.87346
744	1.87337
745	1.87242
746	1.87096
748	1.86894
749	1.86613
750	1.86282
751	1.85889
752	1.85488
753	1.85117
754	1.84748
755	1.84384
756	1.8405
757	1.83799
758	1.83604
759	1.83473
760	1.83401
761	1.83378
762	1.83406
763	1.83455
764	1.83479
765	1.83533
766	1.83586
767	1.83627
769	1.83647
770	1.83645
771	1.83619
772	1.83582
773	1.83529
774	1.83478
775	1.83457
776	1.83455
777	1.8346
778	1.83501
779	1.83559
780	1.83653
781	1.83728
782	1.83774
783	1.83803
784	1.83807
785	1.8377
786	1.83668
787	1.83532
788	1.83364
790	1.83167
791	1.82943
792	1.82723
793	1.82537
794	1.82416
795	1.82336
796	1.82318
797	1.82364
798	1.8246
799	1.82601
800	1.82788
801	1.82993
802	1.83208
803	1.83402
804	1.83624
805	1.83777
806	1.83906
807	1.84011
808	1.84091
809	1.8416
811	1.84217
812	1.84279
813	1.84353
814	1.84474
815	1.8462
816	1.8474
817	1.84934
818	1.85135
819	1.85319
820	1.85531
821	1.85737
822	1.85938
823	1.86091
824	1.86196
825	1.86225
826	1.86197
827	1.86134
828	1.86021
829	1.85884
830	1.85746
832	1.85578
833	1.85408
834	1.85246
835	1.8513
836	1.85068
837	1.85069
838	1.85125
839	1.85236
840	1.85394
841	1.85559
842	1.85781
843	1.85979
844	1.86199
845	1.86409
846	1.86619
847	1.86803
848	1.8697
849	1.87127
850	1.87267
851	1.874
853	1.87566
854	1.8771
855	1.87896
856	1.88135
857	1.88347
858	1.88566
859	1.88798
860	1.89017
861	1.89201
862	1.89351
863	1.89452
864	1.89509
865	1.89519
866	1.895
867	1.89354
868	1.89209
869	1.8901
870	1.88754
871	1.88472
872	1.88193
874	1.8792
875	1.87671
876	1.87469
877	1.87265
878	1.87083
879	1.86946
880	1.86844
881	1.86783
882	1.86771
883	1.86786
884	1.86833
885	1.86895
886	1.87013
887	1.87128
888	1.87296
889	1.87482
890	1.87694
891	1.87914
892	1.88147
893	1.88388
895	1.88639
896	1.88882
897	1.89115
898	1.89293
899	1.89428
900	1.89516
901	1.89547
902	1.89536
903	1.89478
904	1.8936
905	1.89192
906	1.88991
907	1.88751
908	1.88488
909	1.88197
910	1.87893
911	1.87598
912	1.873
913	1.87012
914	1.86732
916	1.86475
917	1.86239
918	1.8603
919	1.85847
920	1.8568
921	1.85532
922	1.85407
923	1.85274
924	1.8514
925	1.85019
926	1.84897
927	1.84778
928	1.84665
929	1.84543
930	1.84423
931	1.84314
932	1.84221
933	1.84131
934	1.84075
935	1.84049
937	1.84015
938	1.84
939	1.83993
940	1.83988
941	1.83962
942	1.83942
943	1.83912
944	1.83855
945	1.83751
946	1.83635
947	1.83493
948	1.83343
949	1.83158
950	1.82939
951	1.82703
952	1.82469
953	1.82211
954	1.81953
955	1.81699
956	1.81486
958	1.81268
959	1.81074
960	1.80887
961	1.80731
962	1.80607
963	1.80491
964	1.80391
965	1.8029
966	1.80188
967	1.80109
968	1.80013
969	1.79912
970	1.79796
971	1.79682
972	1.79553
973	1.79427
974	1.79312
975	1.79203
976	1.7911
977	1.79033
979	1.7897
980	1.78941
981	1.78954
982	1.7897
983	1.79017
984	1.79084
985	1.79163
986	1.79233
987	1.79297
988	1.79382
989	1.79432
990	1.79463
991	1.79478
992	1.79444
993	1.79413
994	1.79358
995	1.79309
996	1.79249
997	1.79203
998	1.79182
1000	1.7915
0	1.83234
1	1.83344
2	1.83486
3	1.83608
4	1.83716
5	1.83812
6	1.83878
7	1.83895
8	1.83874
9	1.8376
10	1.83569
11	1.83284
13	1.82912
14	1.82472
15	1.81991
16	1.81494
17	1.80973
18	1.8044
19	1.79918
20	1.79439
21	1.79011
22	1.78652
23	1.7836
24	1.78166
25	1.7805
26	1.78004
27	1.78032
28	1.78129
29	1.78286
30	1.78506
31	1.78732
32	1.78972
34	1.79204
35	1.79431
36	1.79648
37	1.79814
38	1.79992
39	1.80141
40	1.8029
41	1.8044
42	1.80579
43	1.80743
44	1.80919
45	1.81107
46	1.81299
47	1.81482
48	1.81671
49	1.81803
50	1.81902
51	1.81942
52	1.81917
53	1.81832
55	1.81681
56	1.81467
57	1.81237
58	1.80962
59	1.8067
60	1.80342
61	1.80059
62	1.79806
63	1.796
64	1.79446
65	1.79353
66	1.79314
67	1.79334
68	1.79442
69	1.79587
70	1.79751
71	1.79963
72	1.80158
73	1.8037
74	1.80574
76	1.80795
77	1.81044
78	1.81296
79	1.81571
80	1.81798
81	1.82073
82	1.82372
83	1.82709
84	1.83059
85	1.83398
86	1.83724
87	1.84019
88	1.8424
89	1.84419
90	1.84524
91	1.84566
92	1.84549
93	1.84486
94	1.84367
95	1.84229
97	1.84071
98	1.83914
99	1.83765
100	1.83644
101	1.83577
102	1.83536
103	1.83529
104	1.83554
105	1.83615
106	1.83702
107	1.83802
108	1.83906
109	1.84014
110	1.84111
111	1.84193
112	1.84244
113	1.84318
114	1.84391
115	1.84475
116	1.84575
118	1.847
119	1.84852
120	1.85056
121	1.8532
122	1.8564
123	1.86015
124	1.86425
125	1.86854
126	1.87293
127	1.87705
128	1.88085
129	1.88408
130	1.88672
131	1.8886
132	1.88957
133	1.88973
134	1.88916
135	1.88789
136	1.88626
137	1.8843
139	1.88239
140	1.88041
141	1.87865
142	1.87703
143	1.87593
144	1.87484
145	1.87414
146	1.87369
147	1.87359
148	1.87338
149	1.87344
150	1.87343
151	1.87339
152	1.87325
153	1.87311
154	1.8725
155	1.87234
156	1.87207
157	1.87193
158	1.87206
160	1.8727
161	1.87352
162	1.87477
163	1.87648
164	1.87883
165	1.88139
166	1.88418
167	1.88682
168	1.88933
169	1.8914
170	1.89092
171	1.88999
172	1.88839
173	1.88607
174	1.8832
175	1.87955
176	1.87557
177	1.87143
178	1.86713
179	1.86271
181	1.85842
182	1.85622
183	1.85385
184	1.85161
185	1.84939
186	1.8472
187	1.84502
188	1.84289
189	1.84073
190	1.83855
191	1.8365
192	1.83477
193	1.83317
194	1.83206
195	1.83138
196	1.83119
197	1.83137
198	1.83194
199	1.8328
200	1.83393
202	1.83527
203	1.83678
204	1.83789
205	1.83899
206	1.83933
207	1.83904
208	1.83809
209	1.83652
210	1.83432
211	1.83161
212	1.82838
213	1.82487
214	1.82107
215	1.81731
216	1.81351
217	1.81018
218	1.80714
219	1.80445
220	1.80211
221	1.80004
223	1.79819
224	1.79662
225	1.79504
226	1.79349
227	1.79184
228	1.79002
229	1.78797
230	1.78586
231	1.78367
232	1.78153
233	1.77957
234	1.77778
235	1.77638
236	1.77547
237	1.77508
238	1.77533
239	1.77608
240	1.77731
241	1.77895
242	1.78076
244	1.78272
245	1.78457
246	1.78627
247	1.78763
248	1.78861
249	1.78883
250	1.78844
251	1.78773
252	1.78638
253	1.78458
254	1.78244
255	1.78004
256	1.77762
257	1.77525
258	1.77309
259	1.77118
260	1.7699
261	1.76907
262	1.76827
263	1.7681
265	1.76819
266	1.76828
267	1.76856
268	1.76893
269	1.769
270	1.76863
271	1.76827
272	1.76791
273	1.76762
274	1.7677
275	1.76794
276	1.76845
277	1.76948
278	1.77099
279	1.7728
280	1.77525
281	1.77821
282	1.78123
283	1.78417
284	1.78688
286	1.78919
287	1.79092
288	1.79235
289	1.79325
290	1.79368
291	1.79373
292	1.7937
293	1.7934
294	1.79301
295	1.79259
296	1.79216
297	1.79183
298	1.79178
299	1.79172
300	1.792
301	1.79227
302	1.79251
303	1.79249
304	1.79244
305	1.79225
307	1.79191
308	1.79138
309	1.79093
310	1.79042
311	1.78984
312	1.78938
313	1.78901
314	1.78911
315	1.78931
316	1.78988
317	1.79079
318	1.79202
319	1.79371
320	1.79564
321	1.79783
322	1.80031
323	1.80284
324	1.8054
325	1.80771
326	1.81005
328	1.8121
329	1.81378
330	1.81514
331	1.81604
332	1.8165
333	1.81662
334	1.81652
335	1.81602
336	1.81533
337	1.81445
338	1.8135
339	1.81251
340	1.81156
341	1.81061
342	1.80982
343	1.809
344	1.8083
345	1.80762
346	1.80698
347	1.8061
349	1.80518
350	1.80383
351	1.80253
352	1.80096
353	1.79932
354	1.79778
355	1.79622
356	1.79474
357	1.79298
358	1.79131
359	1.78983
360	1.78805
361	1.78702
362	1.78594
363	1.78521
364	1.78458
365	1.78386
366	1.78318
367	1.78237
368	1.78162
370	1.78078
371	1.77979
372	1.77898
373	1.77763
374	1.77584
375	1.77405
376	1.77201
377	1.76984
378	1.76751
379	1.76505
380	1.76264
381	1.76024
382	1.75786
383	1.75561
384	1.75328
385	1.75132
386	1.74914
387	1.74716
388	1.74516
389	1.74326
391	1.74135
392	1.73934
393	1.73741
394	1.7354
395	1.7333
396	1.73134
397	1.72929
398	1.72724
399	1.72514
400	1.7231
401	1.72109
402	1.71914
403	1.71727
404	1.7154
405	1.71374
406	1.71217
407	1.71067
408	1.70918
409	1.70779
410	1.70636
412	1.7048
413	1.70312
414	1.70137
415	1.69952
416	1.69751
417	1.69533
418	1.6931
419	1.69079
420	1.6885
421	1.68621
422	1.68419
423	1.68228
424	1.6806
425	1.67916
426	1.67828
427	1.67739
428	1.67697
429	1.6768
430	1.67709
431	1.67756
433	1.6783
434	1.6791
435	1.68017
436	1.68131
437	1.68247
438	1.68337
439	1.68453
440	1.68557
441	1.68654
442	1.6873
443	1.68809
444	1.68887
445	1.68955
446	1.69052
447	1.69133
448	1.69226
449	1.69315
450	1.69418
451	1.69517
452	1.69623
454	1.69725
455	1.69819
456	1.69894
457	1.69968
458	1.70001
459	1.70042
460	1.70065
461	1.70073
462	1.70068
463	1.70069
464	1.70078
465	1.70089
466	1.701
467	1.70131
468	1.7017
469	1.70245
470	1.70345
471	1.70478
472	1.7068
473	1.70901
475	1.71124
476	1.71351
477	1.71582
478	1.71829
479	1.7207
480	1.72316
481	1.72535
482	1.72745
483	1.72934
484	1.73066
485	1.73198
486	1.73348
487	1.73472
488	1.73615
489	1.73749
490	1.73885
491	1.74027
492	1.74177
493	1.74332
494	1.74484
496	1.74642
497	1.74786
498	1.749
499	1.75022
500	1.75111
501	1.75187
502	1.75249
503	1.75285
504	1.75306
505	1.75307
506	1.75298
507	1.75284
508	1.75276
509	1.7527
510	1.75273
511	1.7529
512	1.75332
513	1.75399
514	1.75502
515	1.75607
517	1.75723
518	1.75854
519	1.75982
520	1.76085
521	1.762
522	1.76307
523	1.76404
524	1.76481
525	1.76533
526	1.76548
527	1.76554
528	1.76561
529	1.76549
530	1.76538
531	1.76541
532	1.7654
533	1.7654
534	1.76544
535	1.76565
536	1.76593
538	1.76629
539	1.76662
540	1.7667
541	1.7667
542	1.76654
543	1.76622
544	1.76559
545	1.76486
546	1.76383
547	1.76256
548	1.76125
549	1.75987
550	1.75859
551	1.75747
552	1.75657
553	1.75592
554	1.75554
555	1.75534
556	1.7554
557	1.75584
559	1.75647
560	1.75728
561	1.75811
562	1.75875
563	1.7591
564	1.75917
565	1.75895
566	1.75843
567	1.75769
568	1.75659
569	1.75526
570	1.75373
571	1.75202
572	1.75024
573	1.74859
574	1.74712
575	1.74582
576	1.74465
577	1.74359
578	1.74259
580	1.74155
581	1.74037
582	1.73845
583	1.73596
584	1.73331
585	1.73049
586	1.72754
587	1.72455
588	1.72169
589	1.71896
590	1.71652
591	1.71451
592	1.71304
593	1.71272
594	1.71315
595	1.71422
596	1.71575
597	1.71775
598	1.72002
599	1.72233
601	1.72465
602	1.72684
603	1.72882
604	1.73001
605	1.73127
606	1.73232
607	1.73341
608	1.73383
609	1.73408
610	1.73435
611	1.73454
612	1.73483
613	1.73526
614	1.73592
615	1.7372
616	1.73837
617	1.73959
618	1.74036
619	1.74152
620	1.74238
622	1.74293
623	1.74325
624	1.74315
625	1.74246
626	1.74167
627	1.74066
628	1.73956
629	1.73861
630	1.73784
631	1.73747
632	1.73755
633	1.73823
634	1.73943
635	1.7413
636	1.74398
637	1.74702
638	1.75057
639	1.7543
640	1.75814
641	1.76199
643	1.76559
644	1.76901
645	1.77202
646	1.77467
647	1.77698
648	1.77909
649	1.7809
650	1.78203
651	1.78307
652	1.784
653	1.78497
654	1.78618
655	1.78745
656	1.78881
657	1.79035
658	1.7919
659	1.7935
660	1.7949
661	1.79655
662	1.79776
664	1.79872
665	1.79921
666	1.79916
667	1.79877
668	1.79811
669	1.79712
670	1.79608
671	1.79498
672	1.79402
673	1.79328
674	1.79308
675	1.79356
676	1.79441
677	1.79598
678	1.79916
679	1.80233
680	1.8058
681	1.80922
682	1.8125
683	1.8157
685	1.81867
686	1.8213
687	1.82345
688	1.82544
689	1.82707
690	1.82728
691	1.8278
692	1.82845
693	1.82939
694	1.83054
695	1.83189
696	1.83347
697	1.8352
698	1.83686
699	1.83873
700	1.84033
701	1.84173
702	1.84278
703	1.8433
704	1.84333
706	1.84287
707	1.84171
708	1.84014
709	1.83811
710	1.83596
711	1.83355
712	1.83127
713	1.82938
714	1.82787
715	1.8268
716	1.82625
717	1.82626
718	1.82694
719	1.82802
720	1.82973
721	1.83148
722	1.83339
723	1.83516
724	1.83669
725	1.83793
727	1.83896
728	1.83957
729	1.83982
730	1.83979
731	1.83944
732	1.83905
733	1.83865
734	1.8383
735	1.83823
736	1.83821
737	1.83858
738	1.83911
739	1.83992
740	1.84073
741	1.84147
742	1.84198
743	1.84212
744	1.84201
745	1.84106
746	1.83959
748	1.83754
749	1.83471
750	1.83136
751	1.82738
752	1.8233
753	1.81953
754	1.81576
755	1.81205
756	1.80866
757	1.8061
758	1.80414
759	1.80283
760	1.80215
761	1.80198
762	1.80233
763	1.80291
764	1.80324
765	1.80387
766	1.80448
767	1.80497
769	1.80521
770	1.80522
771	1.80497
772	1.80458
773	1.80401
774	1.80344
775	1.80315
776	1.80302
777	1.80296
778	1.80323
779	1.80366
780	1.80445
781	1.80508
782	1.80542
783	1.80561
784	1.80554
785	1.80507
786	1.80396
787	1.80251
788	1.80076
790	1.79871
791	1.79642
792	1.79417
793	1.79224
794	1.791
795	1.79017
796	1.78998
797	1.79046
798	1.79145
799	1.79293
800	1.79489
801	1.79705
802	1.79935
803	1.80145
804	1.80384
805	1.80558
806	1.80706
807	1.8083
808	1.80927
809	1.81012
811	1.81081
812	1.81152
813	1.8123
814	1.81351
815	1.81489
816	1.81597
817	1.81775
818	1.81956
819	1.82119
820	1.82312
821	1.82503
822	1.82693
823	1.82838
824	1.82941
825	1.82971
826	1.82949
827	1.82892
828	1.82789
829	1.82661
830	1.82533
832	1.82374
833	1.82208
834	1.82049
835	1.81931
836	1.81866
837	1.81862
838	1.81911
839	1.82015
840	1.82165
841	1.82325
842	1.82543
843	1.82741
844	1.82965
845	1.83183
846	1.83405
847	1.83604
848	1.83786
849	1.83959
850	1.84112
851	1.84254
853	1.84425
854	1.84568
855	1.84747
856	1.84974
857	1.85165
858	1.85359
859	1.85566
860	1.85769
861	1.85946
862	1.86103
863	1.86221
864	1.86304
865	1.86347
866	1.86367
867	1.86262
868	1.86163
869	1.86008
870	1.85795
871	1.85547
872	1.85293
874	1.85038
875	1.84802
876	1.84606
877	1.84405
878	1.84217
879	1.84057
880	1.8392
881	1.83814
882	1.83752
883	1.83718
884	1.83715
885	1.83727
886	1.83806
887	1.83885
888	1.84014
889	1.84171
890	1.84363
891	1.84576
892	1.84812
893	1.85059
895	1.85318
896	1.85572
897	1.85821
898	1.8601
899	1.86162
900	1.86272
901	1.86329
902	1.86349
903	1.86319
904	1.86227
905	1.86081
906	1.85897
907	1.85667
908	1.85404
909	1.85102
910	1.84777
911	1.84454
912	1.84123
913	1.83802
914	1.8349
916	1.83204
917	1.82942
918	1.82712
919	1.8251
920	1.82324
921	1.82155
922	1.82011
923	1.81861
924	1.81713
925	1.81584
926	1.8146
927	1.81343
928	1.81235
929	1.81121
930	1.81011
931	1.80915
932	1.80839
933	1.80767
934	1.80727
935	1.80711
937	1.80679
938	1.80661
939	1.80646
940	1.80626
941	1.80582
942	1.80543
943	1.80492
944	1.80412
945	1.80285
946	1.80143
947	1.79974
948	1.79794
949	1.79578
950	1.79324
951	1.79051
952	1.78778
953	1.7848
954	1.78182
955	1.77889
956	1.77638
958	1.77385
959	1.77161
960	1.76948
961	1.76772
962	1.76634
963	1.76511
964	1.76411
965	1.76319
966	1.76234
967	1.7618
968	1.76116
969	1.76053
970	1.7598
971	1.75911
972	1.7583
973	1.75752
974	1.75682
975	1.75614
976	1.75555
977	1.75506
979	1.75462
980	1.75447
981	1.75464
982	1.75478
983	1.75515
984	1.75566
985	1.75622
986	1.75663
987	1.7569
988	1.75734
989	1.75725
990	1.75695
991	1.75644
992	1.75545
993	1.75449
994	1.7533
995	1.7522
996	1.75104
997	1.75008
998	1.74946
1000	1.74881
0	1.76605
1	1.76767
2	1.76951
3	1.77103
4	1.77227
5	1.77327
6	1.77384
7	1.77382
8	1.77333
9	1.77185
10	1.76956
11	1.76632
13	1.76226
14	1.75754
15	1.75245
16	1.74725
17	1.74187
18	1.73643
19	1.73113
20	1.72631
21	1.722
22	1.7184
23	1.71546
24	1.71347
25	1.71228
26	1.71178
27	1.71202
28	1.71299
29	1.7146
30	1.71691
31	1.71938
32	1.72214
34	1.72499
35	1.72798
36	1.73101
37	1.73359
38	1.73627
39	1.73864
40	1.74094
41	1.74313
42	1.7451
43	1.74713
44	1.74906
45	1.7509
46	1.75254
47	1.75393
48	1.7553
49	1.7561
50	1.75658
51	1.75653
52	1.75586
53	1.75468
55	1.7529
56	1.75057
57	1.74815
58	1.7453
59	1.74233
60	1.739
61	1.73612
62	1.73352
63	1.73136
64	1.72972
65	1.72863
66	1.72806
67	1.72806
68	1.72894
69	1.73027
70	1.73185
71	1.73398
72	1.73598
73	1.73821
74	1.7404
76	1.74276
77	1.74543
78	1.74812
79	1.75103
80	1.75338
81	1.7561
82	1.75896
83	1.76213
84	1.76538
85	1.76852
86	1.77154
87	1.77431
88	1.7764
89	1.77816
90	1.77924
91	1.77978
92	1.77981
93	1.77942
94	1.77851
95	1.77739
97	1.77604
98	1.77463
99	1.77321
100	1.77197
101	1.77119
102	1.77056
103	1.77019
104	1.77005
105	1.77021
106	1.77059
107	1.77108
108	1.77159
109	1.77217
110	1.77269
111	1.77312
112	1.77331
113	1.77381
114	1.77438
115	1.77514
116	1.77613
118	1.77741
119	1.77898
120	1.7811
121	1.78378
122	1.787
123	1.79074
124	1.79479
125	1.79901
126	1.80336
127	1.80749
128	1.81137
129	1.81477
130	1.81764
131	1.81986
132	1.82122
133	1.82181
134	1.82173
135	1.82096
136	1.81978
137	1.81822
139	1.81662
140	1.81482
141	1.8131
142	1.81141
143	1.81012
144	1.80873
145	1.80765
146	1.80675
147	1.80614
148	1.8054
149	1.8049
150	1.80437
151	1.80384
152	1.8033
153	1.80287
154	1.80208
155	1.80191
156	1.80172
157	1.80177
158	1.80217
160	1.80314
161	1.80432
162	1.80593
163	1.80796
164	1.8105
165	1.81314
166	1.81592
167	1.81848
168	1.82087
169	1.82277
170	1.82203
171	1.82082
172	1.81892
173	1.81628
174	1.81306
175	1.80909
176	1.80479
177	1.80029
178	1.79554
179	1.79064
181	1.78582
182	1.78313
183	1.78027
184	1.77759
185	1.77501
186	1.77256
187	1.77025
188	1.76811
189	1.7661
190	1.76421
191	1.76256
192	1.76131
193	1.76029
194	1.75977
195	1.75973
196	1.76017
197	1.76092
198	1.76203
199	1.76334
200	1.76482
202	1.76642
203	1.7681
204	1.76934
205	1.7705
206	1.7709
207	1.77066
208	1.76975
209	1.76824
210	1.7661
211	1.76345
212	1.76031
213	1.75687
214	1.75312
215	1.74935
216	1.7455
217	1.74201
218	1.73872
219	1.73566
220	1.73288
221	1.73025
223	1.7278
224	1.72558
225	1.72333
226	1.72118
227	1.71903
228	1.71685
229	1.7146
230	1.71249
231	1.71048
232	1.70868
233	1.70722
234	1.70607
235	1.70544
236	1.7054
237	1.70595
238	1.70718
239	1.70891
240	1.71111
241	1.71366
242	1.71628
244	1.71891
245	1.7213
246	1.72343
247	1.7251
248	1.72627
249	1.72659
250	1.7262
251	1.72539
252	1.72383
253	1.72176
254	1.71934
255	1.71669
256	1.71404
257	1.71145
258	1.70908
259	1.70695
260	1.70543
261	1.70434
262	1.70324
263	1.70276
265	1.70253
266	1.70228
267	1.70223
268	1.70231
269	1.70212
270	1.70181
271	1.70158
272	1.70142
273	1.7014
274	1.70182
275	1.70245
276	1.70339
277	1.7049
278	1.70693
279	1.70926
280	1.71223
281	1.71543
282	1.71865
283	1.72173
284	1.72453
286	1.72689
287	1.72862
288	1.73
289	1.7308
290	1.73111
291	1.73099
292	1.73077
293	1.73026
294	1.72963
295	1.72896
296	1.72827
297	1.72768
298	1.72737
299	1.72707
300	1.7271
301	1.72715
302	1.7272
303	1.72702
304	1.72686
305	1.7266
307	1.72626
308	1.72577
309	1.72542
310	1.72504
311	1.72463
312	1.72436
313	1.72418
314	1.72449
315	1.72488
316	1.72564
317	1.72671
318	1.72808
319	1.72989
320	1.73194
321	1.73423
322	1.7368
323	1.73941
324	1.74204
325	1.74441
326	1.74677
328	1.74881
329	1.75044
330	1.7517
331	1.75244
332	1.75272
333	1.75259
334	1.75221
335	1.7514
336	1.75038
337	1.74915
338	1.74785
339	1.74653
340	1.74528
341	1.74406
342	1.74304
343	1.74204
344	1.74121
345	1.74049
346	1.73986
347	1.73907
349	1.73832
350	1.73722
351	1.73622
352	1.73496
353	1.73361
354	1.73233
355	1.73102
356	1.72976
357	1.72814
358	1.72659
359	1.72516
360	1.72338
361	1.72229
362	1.72114
363	1.72035
364	1.71967
365	1.71892
366	1.71821
367	1.71736
368	1.71656
370	1.71565
371	1.71454
372	1.71358
373	1.71204
374	1.71004
375	1.70798
376	1.70565
377	1.70315
378	1.70047
379	1.69765
380	1.69487
381	1.69211
382	1.68938
383	1.6868
384	1.68416
385	1.68189
386	1.67943
387	1.6772
388	1.67497
389	1.67288
391	1.67083
392	1.66874
393	1.66678
394	1.66481
395	1.66282
396	1.66103
397	1.65923
398	1.65747
399	1.65573
400	1.65409
401	1.6525
402	1.65101
403	1.6496
404	1.6482
405	1.64698
406	1.64582
407	1.64471
408	1.64356
409	1.64246
410	1.64127
412	1.63989
413	1.63834
414	1.63666
415	1.63483
416	1.63279
417	1.63054
418	1.62819
419	1.62573
420	1.62327
421	1.62079
422	1.61855
423	1.61645
424	1.61456
425	1.61292
426	1.61187
427	1.61083
428	1.61029
429	1.61003
430	1.6103
431	1.6108
433	1.61163
434	1.61258
435	1.61385
436	1.61523
437	1.61664
438	1.61779
439	1.61922
440	1.62054
441	1.62177
442	1.62277
443	1.62378
444	1.62475
445	1.62559
446	1.6267
447	1.62765
448	1.62871
449	1.62973
450	1.63088
451	1.63198
452	1.63312
454	1.6342
455	1.63515
456	1.63588
457	1.63656
458	1.6368
459	1.63708
460	1.63714
461	1.63704
462	1.63678
463	1.63657
464	1.63643
465	1.63632
466	1.63621
467	1.63633
468	1.63656
469	1.63717
470	1.63807
471	1.63933
472	1.64137
473	1.64363
475	1.64594
476	1.64831
477	1.65072
478	1.65333
479	1.65587
480	1.65846
481	1.66078
482	1.66299
483	1.66499
484	1.66637
485	1.66774
486	1.66929
487	1.67058
488	1.67206
489	1.67346
490	1.6749
491	1.6764
492	1.67799
493	1.67965
494	1.68128
496	1.68297
497	1.68451
498	1.68575
499	1.68703
500	1.68797
501	1.68876
502	1.68937
503	1.68971
504	1.68988
505	1.68983
506	1.68967
507	1.68946
508	1.68931
509	1.68919
510	1.68919
511	1.68935
512	1.68978
513	1.69049
514	1.69156
515	1.69269
517	1.69393
518	1.69534
519	1.69671
520	1.69783
521	1.69905
522	1.70019
523	1.7012
524	1.70201
525	1.70254
526	1.70271
527	1.70278
528	1.70286
529	1.70274
530	1.70264
531	1.70268
532	1.70272
533	1.70276
534	1.70285
535	1.70313
536	1.70348
538	1.70392
539	1.70431
540	1.70444
541	1.70449
542	1.70436
543	1.70404
544	1.70341
545	1.70266
546	1.7016
547	1.70029
548	1.69893
549	1.6975
550	1.69618
551	1.69503
552	1.69412
553	1.69349
554	1.69314
555	1.693
556	1.69315
557	1.6937
559	1.69444
560	1.69539
561	1.69636
562	1.69713
563	1.6976
564	1.69779
565	1.69767
566	1.69724
567	1.69658
568	1.69554
569	1.69427
570	1.69279
571	1.69111
572	1.68937
573	1.68775
574	1.6863
575	1.68501
576	1.68385
577	1.68277
578	1.68175
580	1.68066
581	1.67943
582	1.67744
583	1.67487
584	1.67214
585	1.66924
586	1.66622
587	1.66315
588	1.66022
589	1.65743
590	1.65494
591	1.65288
592	1.65138
593	1.65105
594	1.65147
595	1.65255
596	1.6541
597	1.65613
598	1.65842
599	1.66077
601	1.66313
602	1.66535
603	1.66736
604	1.66858
605	1.66985
606	1.67092
607	1.67201
608	1.67242
609	1.67265
610	1.67289
611	1.67304
612	1.67327
613	1.67363
614	1.6742
615	1.67539
616	1.67643
617	1.67752
618	1.67815
619	1.67917
620	1.6799
622	1.68034
623	1.68057
624	1.68041
625	1.6797
626	1.6789
627	1.67793
628	1.67689
629	1.67603
630	1.67536
631	1.67509
632	1.67528
633	1.67605
634	1.67733
635	1.67926
636	1.68197
637	1.68501
638	1.68853
639	1.6922
640	1.69595
641	1.69969
643	1.70315
644	1.70642
645	1.70926
646	1.71175
647	1.71389
648	1.71583
649	1.71748
650	1.71845
651	1.71934
652	1.72012
653	1.72094
654	1.722
655	1.7231
656	1.72428
657	1.72563
658	1.72698
659	1.72838
660	1.72959
661	1.73107
662	1.73214
664	1.73302
665	1.73349
666	1.73348
667	1.7332
668	1.73271
669	1.73194
670	1.73116
671	1.73035
672	1.72969
673	1.72924
674	1.72931
675	1.72998
676	1.73099
677	1.73265
678	1.73577
679	1.73885
680	1.74217
681	1.74541
682	1.74849
683	1.75147
685	1.75422
686	1.75664
687	1.75862
688	1.76043
689	1.76189
690	1.76203
691	1.76246
692	1.76301
693	1.76383
694	1.76482
695	1.76598
696	1.76734
697	1.7688
698	1.77017
699	1.77171
700	1.77298
701	1.77407
702	1.77484
703	1.77512
704	1.77501
706	1.77448
707	1.77336
708	1.77192
709	1.77012
710	1.76824
711	1.76618
712	1.76429
713	1.7628
714	1.7617
715	1.76103
716	1.76084
717	1.76118
718	1.76215
719	1.76348
720	1.76538
721	1.76732
722	1.76939
723	1.77128
724	1.77293
725	1.77429
727	1.77543
728	1.77615
729	1.77649
730	1.77655
731	1.77627
732	1.77591
733	1.7755
734	1.7751
735	1.77491
736	1.77472
737	1.77484
738	1.77502
739	1.77542
740	1.77577
741	1.77601
742	1.77602
743	1.7757
744	1.7752
745	1.77391
746	1.7722
748	1.77002
749	1.76718
750	1.76393
751	1.76013
752	1.75632
753	1.75285
754	1.74941
755	1.74601
756	1.74288
757	1.74057
758	1.73878
759	1.7376
760	1.73701
761	1.73689
762	1.73727
763	1.73788
764	1.73827
765	1.73896
766	1.73964
767	1.74024
769	1.74062
770	1.74077
771	1.74066
772	1.74041
773	1.73996
774	1.73945
775	1.73916
776	1.73896
777	1.73872
778	1.73871
779	1.73877
780	1.73891
781	1.73889
782	1.7386
783	1.73819
784	1.73758
785	1.73664
786	1.73513
787	1.73337
788	1.73141
790	1.72925
791	1.72692
792	1.7249
793	1.72321
794	1.72216
795	1.72148
796	1.72139
797	1.72194
798	1.72298
799	1.72452
800	1.72659
801	1.72891
802	1.7314
803	1.73378
804	1.73646
805	1.73859
806	1.74049
807	1.74219
808	1.74362
809	1.74491
811	1.74598
812	1.74696
813	1.74788
814	1.74912
815	1.75033
816	1.75116
817	1.75249
818	1.75372
819	1.75466
820	1.7558
821	1.75686
822	1.75791
823	1.75855
824	1.75884
825	1.7585
826	1.7578
827	1.75688
828	1.75561
829	1.75424
830	1.75294
832	1.7514
833	1.74985
834	1.74834
835	1.74722
836	1.74654
837	1.74638
838	1.7467
839	1.7475
840	1.74879
841	1.75031
842	1.75243
843	1.75469
844	1.75732
845	1.76005
846	1.76292
847	1.76564
848	1.76824
849	1.77075
850	1.77309
851	1.77524
853	1.7775
854	1.77941
855	1.78126
856	1.78348
857	1.78504
858	1.78648
859	1.7879
860	1.78916
861	1.79012
862	1.79085
863	1.79123
864	1.79131
865	1.79107
866	1.79075
867	1.78924
868	1.78802
869	1.78639
870	1.78433
871	1.78204
872	1.77975
874	1.77743
875	1.77522
876	1.77334
877	1.77122
878	1.76911
879	1.76727
880	1.76563
881	1.7643
882	1.76348
883	1.76308
884	1.76316
885	1.76361
886	1.76514
887	1.76668
888	1.76887
889	1.77134
890	1.77411
891	1.77705
892	1.78017
893	1.78326
895	1.78624
896	1.78897
897	1.79141
898	1.79289
899	1.79405
900	1.79484
901	1.79517
902	1.79525
903	1.79492
904	1.79404
905	1.79275
906	1.79119
907	1.78926
908	1.78706
909	1.7845
910	1.78173
911	1.77893
912	1.77599
913	1.77306
914	1.77013
916	1.76733
917	1.76465
918	1.76214
919	1.75981
920	1.75761
921	1.7557
922	1.7541
923	1.75253
924	1.75107
925	1.74992
926	1.74892
927	1.74806
928	1.74738
929	1.74674
930	1.74623
931	1.74586
932	1.74555
933	1.74521
934	1.7451
935	1.7451
937	1.74479
938	1.74453
939	1.74419
940	1.74376
941	1.74303
942	1.74233
943	1.74149
944	1.74037
945	1.73878
946	1.73705
947	1.73509
948	1.73306
949	1.73067
950	1.72795
951	1.72506
952	1.72221
953	1.71911
954	1.71601
955	1.71295
956	1.71031
958	1.70765
959	1.70528
960	1.70303
961	1.70117
962	1.69972
963	1.69847
964	1.69751
965	1.69671
966	1.69606
967	1.6958
968	1.6955
969	1.69528
970	1.69501
971	1.69481
972	1.69451
973	1.69424
974	1.69402
975	1.69377
976	1.69353
977	1.69332
979	1.69307
980	1.69302
981	1.69319
982	1.69324
983	1.69345
984	1.6937
985	1.69394
986	1.69398
987	1.69384
988	1.69384
989	1.69322
990	1.69241
991	1.6914
992	1.68994
993	1.68853
994	1.68694
995	1.68548
996	1.68402
997	1.68281
998	1.68198
1000	1.68118
0	1.66249
1	1.66385
2	1.66535
3	1.66648
4	1.66726
5	1.6678
6	1.66788
7	1.66739
8	1.66649
9	1.66476
10	1.66237
11	1.65926
13	1.65553
14	1.65127
15	1.64674
16	1.64217
17	1.63748
18	1.63276
19	1.62816
20	1.624
21	1.62027
22	1.61712
23	1.61452
24	1.61265
25	1.61148
26	1.61086
27	1.61082
28	1.61138
29	1.61251
30	1.61424
31	1.61611
32	1.61826
34	1.62054
35	1.62302
36	1.62568
37	1.62808
38	1.63077
39	1.63331
40	1.63593
41	1.63854
42	1.64101
43	1.6436
44	1.64613
45	1.64859
46	1.65089
47	1.65291
48	1.65483
49	1.65617
50	1.65719
51	1.65768
52	1.6576
53	1.65705
55	1.65595
56	1.65433
57	1.65265
58	1.65049
59	1.64818
60	1.64541
61	1.64299
62	1.64071
63	1.63871
64	1.63709
65	1.63583
66	1.63492
67	1.63442
68	1.63437
69	1.6348
70	1.63547
71	1.63673
72	1.6379
73	1.63936
74	1.64084
76	1.64251
77	1.64457
78	1.64667
79	1.64903
80	1.65115
81	1.65358
82	1.6561
83	1.65891
84	1.66182
85	1.66466
86	1.66749
87	1.6702
88	1.67243
89	1.6745
90	1.67612
91	1.67736
92	1.67824
93	1.6788
94	1.67888
95	1.67874
97	1.6783
98	1.67768
99	1.67688
100	1.67607
101	1.6755
102	1.67486
103	1.67428
104	1.67377
105	1.67339
106	1.67312
107	1.6729
108	1.67269
109	1.67254
110	1.6724
111	1.67224
112	1.67192
113	1.67201
114	1.67227
115	1.67279
116	1.67358
118	1.67468
119	1.67605
120	1.6779
121	1.68025
122	1.68304
123	1.68624
124	1.68969
125	1.69326
126	1.69695
127	1.70048
128	1.70387
129	1.70697
130	1.70976
131	1.71212
132	1.71387
133	1.71504
134	1.71575
135	1.7159
136	1.71568
137	1.71511
139	1.71441
140	1.7134
141	1.71227
142	1.71098
143	1.70989
144	1.70845
145	1.70717
146	1.70589
147	1.70477
148	1.70347
149	1.70237
150	1.70127
151	1.70022
152	1.69928
153	1.69855
154	1.69757
155	1.69738
156	1.69726
157	1.69747
158	1.69806
160	1.69922
161	1.70045
162	1.70193
163	1.70361
164	1.70545
165	1.7072
166	1.70883
167	1.71025
168	1.71149
169	1.71232
170	1.71094
171	1.70922
172	1.70702
173	1.70426
174	1.70111
175	1.69752
176	1.6937
177	1.68985
178	1.68568
179	1.6813
181	1.67693
182	1.67428
183	1.67139
184	1.66868
185	1.6661
186	1.66372
187	1.66154
188	1.65963
189	1.65792
190	1.6564
191	1.65517
192	1.65437
193	1.65379
194	1.65367
195	1.65397
196	1.6547
197	1.65562
198	1.65682
199	1.65811
200	1.65948
202	1.66093
203	1.66248
204	1.66364
205	1.66479
206	1.66537
207	1.66548
208	1.66508
209	1.66428
210	1.66297
211	1.6613
212	1.65922
213	1.65684
214	1.65407
215	1.65119
216	1.64807
217	1.64506
218	1.642
219	1.63895
220	1.63597
221	1.63297
223	1.63002
224	1.62723
225	1.62442
226	1.62174
227	1.61917
228	1.6167
229	1.61435
230	1.61231
231	1.61053
232	1.60912
233	1.60816
234	1.60758
235	1.60759
236	1.60819
237	1.60936
238	1.61116
239	1.61339
240	1.61606
241	1.61911
242	1.6224
244	1.62579
245	1.62902
246	1.632
247	1.63455
248	1.63661
249	1.63786
250	1.63843
251	1.63862
252	1.63803
253	1.63684
254	1.63506
255	1.63287
256	1.63053
257	1.62816
258	1.62586
259	1.62373
260	1.62206
261	1.62069
262	1.61914
263	1.61812
265	1.61723
266	1.61623
267	1.6154
268	1.61472
269	1.61381
270	1.61321
271	1.61282
272	1.61265
273	1.61275
274	1.61346
275	1.6145
276	1.61599
277	1.61816
278	1.62093
279	1.62403
280	1.62782
281	1.63149
282	1.63513
283	1.6386
284	1.64175
286	1.64443
287	1.64645
288	1.6481
289	1.64915
290	1.64966
291	1.64973
292	1.64966
293	1.64925
294	1.64866
295	1.64797
296	1.64721
297	1.6465
298	1.646
299	1.64546
300	1.6452
301	1.64492
302	1.6446
303	1.64405
304	1.64352
305	1.64295
307	1.64233
308	1.64162
309	1.64111
310	1.64065
311	1.64023
312	1.64003
313	1.63996
314	1.64044
315	1.64103
316	1.64201
317	1.64332
318	1.64493
319	1.64698
320	1.64925
321	1.65175
322	1.65452
323	1.65732
324	1.66013
325	1.66266
326	1.66517
328	1.66732
329	1.66901
330	1.6703
331	1.67104
332	1.67129
333	1.6711
334	1.67062
335	1.66967
336	1.66847
337	1.66703
338	1.66548
339	1.6639
340	1.66239
341	1.66091
342	1.65962
343	1.65836
344	1.65725
345	1.65634
346	1.65554
347	1.65462
349	1.6538
350	1.6528
351	1.65195
352	1.65086
353	1.6497
354	1.64861
355	1.64749
356	1.6465
357	1.64509
358	1.64375
359	1.64255
360	1.64093
361	1.63991
362	1.63883
363	1.6381
364	1.6375
365	1.63685
366	1.63622
367	1.6354
368	1.63461
370	1.63367
371	1.63251
372	1.63149
373	1.62986
374	1.62776
375	1.62556
376	1.62306
377	1.62038
378	1.6175
379	1.61445
380	1.61143
381	1.6084
382	1.60536
383	1.60245
384	1.59946
385	1.59675
386	1.5939
387	1.59124
388	1.58857
389	1.58608
391	1.58367
392	1.58129
393	1.5791
394	1.57705
395	1.57506
396	1.57338
397	1.57186
398	1.57045
399	1.5692
400	1.56814
401	1.56721
402	1.56643
403	1.56577
404	1.56514
405	1.56466
406	1.56422
407	1.56378
408	1.56324
409	1.56269
410	1.56199
412	1.56104
413	1.55985
414	1.55848
415	1.55688
416	1.55503
417	1.55292
418	1.55065
419	1.54823
420	1.54575
421	1.54323
422	1.5409
423	1.53866
424	1.53661
425	1.53477
426	1.53351
427	1.53222
428	1.53141
429	1.53089
430	1.53093
431	1.53122
433	1.53189
434	1.53278
435	1.53405
436	1.53549
437	1.53703
438	1.53832
439	1.53996
440	1.54156
441	1.54311
442	1.54444
443	1.54582
444	1.54715
445	1.54832
446	1.54973
447	1.55098
448	1.55232
449	1.55362
450	1.55502
451	1.55633
452	1.55765
454	1.55886
455	1.55991
456	1.56068
457	1.56137
458	1.56157
459	1.56177
460	1.56172
461	1.56148
462	1.56106
463	1.56066
464	1.56032
465	1.56
466	1.55968
467	1.5596
468	1.55962
469	1.56004
470	1.56076
471	1.56187
472	1.56377
473	1.56589
475	1.56809
476	1.57035
477	1.57268
478	1.57521
479	1.57768
480	1.58021
481	1.58249
482	1.58466
483	1.58662
484	1.58798
485	1.58933
486	1.59088
487	1.59219
488	1.59369
489	1.59512
490	1.59658
491	1.59812
492	1.59974
493	1.60143
494	1.60308
496	1.60479
497	1.60636
498	1.60762
499	1.60893
500	1.6099
501	1.61073
502	1.61138
503	1.61176
504	1.61197
505	1.61196
506	1.61185
507	1.61168
508	1.61156
509	1.61148
510	1.6115
511	1.61169
512	1.61213
513	1.61283
514	1.61388
515	1.61497
517	1.61615
518	1.61747
519	1.61874
520	1.61974
521	1.62084
522	1.62184
523	1.62274
524	1.62343
525	1.62387
526	1.62397
527	1.624
528	1.62406
529	1.62395
530	1.62387
531	1.62394
532	1.624
533	1.62405
534	1.62414
535	1.62439
536	1.62469
538	1.62507
539	1.62539
540	1.62545
541	1.62544
542	1.62529
543	1.62497
544	1.62436
545	1.62367
546	1.6227
547	1.6215
548	1.62026
549	1.61897
550	1.61778
551	1.61677
552	1.616
553	1.61547
554	1.61522
555	1.61516
556	1.61536
557	1.61594
559	1.61671
560	1.61766
561	1.61864
562	1.61941
563	1.61989
564	1.62008
565	1.61997
566	1.61957
567	1.61892
568	1.61792
569	1.61669
570	1.61525
571	1.61362
572	1.6119
573	1.6103
574	1.60883
575	1.6075
576	1.60627
577	1.6051
578	1.60397
580	1.60278
581	1.60145
582	1.59943
583	1.59685
584	1.59415
585	1.5913
586	1.58836
587	1.58538
588	1.58254
589	1.57984
590	1.57742
591	1.57541
592	1.57392
593	1.5735
594	1.57379
595	1.57468
596	1.57601
597	1.57777
598	1.57978
599	1.58182
601	1.58388
602	1.58581
603	1.58756
604	1.58852
605	1.58958
606	1.59047
607	1.59143
608	1.59171
609	1.59183
610	1.59196
611	1.59199
612	1.59208
613	1.59226
614	1.59263
615	1.59358
616	1.59433
617	1.5951
618	1.59539
619	1.59608
620	1.59652
622	1.5967
623	1.59674
624	1.59648
625	1.59572
626	1.59497
627	1.5941
628	1.5932
629	1.59251
630	1.592
631	1.59188
632	1.59215
633	1.59292
634	1.59413
635	1.59586
636	1.59828
637	1.60093
638	1.60397
639	1.60712
640	1.61034
641	1.61353
643	1.61649
644	1.61931
645	1.62176
646	1.62392
647	1.6258
648	1.62752
649	1.62904
650	1.62988
651	1.63064
652	1.63124
653	1.63185
654	1.63262
655	1.63333
656	1.63402
657	1.63481
658	1.6355
659	1.63619
660	1.63661
661	1.63733
662	1.63764
664	1.63781
665	1.63762
666	1.63704
667	1.63628
668	1.63544
669	1.63437
670	1.63337
671	1.63241
672	1.63159
673	1.63097
674	1.63082
675	1.63115
676	1.63185
677	1.63319
678	1.63593
679	1.63883
680	1.642
681	1.6452
682	1.64835
683	1.65152
685	1.65457
686	1.65732
687	1.65981
688	1.66211
689	1.66402
690	1.66462
691	1.66518
692	1.66573
693	1.6663
694	1.66681
695	1.6673
696	1.66777
697	1.66827
698	1.66856
699	1.66891
700	1.66902
701	1.66898
702	1.66872
703	1.66814
704	1.66735
706	1.66631
707	1.66491
708	1.66339
709	1.66168
710	1.65999
711	1.65825
712	1.65675
713	1.65563
714	1.6549
715	1.65457
716	1.65472
717	1.65536
718	1.65661
719	1.65824
720	1.66042
721	1.66276
722	1.66528
723	1.66765
724	1.66988
725	1.67189
727	1.6737
728	1.67512
729	1.67616
730	1.67687
731	1.67716
732	1.67721
733	1.67701
734	1.67661
735	1.67624
736	1.67565
737	1.67515
738	1.67451
739	1.67396
740	1.67327
741	1.67245
742	1.67141
743	1.67024
744	1.66908
745	1.6673
746	1.66533
748	1.66314
749	1.66054
750	1.65781
751	1.65472
752	1.65172
753	1.64906
754	1.6465
755	1.64387
756	1.64136
757	1.63959
758	1.63819
759	1.63728
760	1.63683
761	1.63676
762	1.63711
763	1.63769
764	1.63812
765	1.63882
766	1.63954
767	1.64027
769	1.64082
770	1.64116
771	1.64128
772	1.64122
773	1.64093
774	1.6405
775	1.64018
776	1.63978
777	1.63917
778	1.63864
779	1.638
780	1.63712
781	1.63613
782	1.63488
783	1.63366
784	1.63235
785	1.63088
786	1.62896
787	1.62699
788	1.62501
790	1.62297
791	1.62092
792	1.61947
793	1.61829
794	1.61766
795	1.61724
796	1.61727
797	1.61784
798	1.6188
799	1.62022
800	1.6222
801	1.62446
802	1.62695
803	1.62943
804	1.63218
805	1.63461
806	1.63689
807	1.63906
808	1.64098
809	1.64278
811	1.64424
812	1.6455
813	1.6465
814	1.64763
815	1.64837
816	1.64866
817	1.64909
818	1.64925
819	1.64899
820	1.64882
821	1.6485
822	1.64823
823	1.64761
824	1.64683
825	1.64558
826	1.64433
827	1.643
828	1.64153
829	1.64016
830	1.63893
832	1.63759
833	1.63629
834	1.63499
835	1.63404
836	1.63346
837	1.6333
838	1.63354
839	1.63419
840	1.63532
841	1.63669
842	1.63863
843	1.64084
844	1.64349
845	1.64638
846	1.6496
847	1.65283
848	1.65612
849	1.65941
850	1.66256
851	1.66547
853	1.66831
854	1.6707
855	1.67261
856	1.6749
857	1.67596
858	1.67665
859	1.67704
860	1.67699
861	1.67653
862	1.67581
863	1.67477
864	1.67358
865	1.67225
866	1.67121
867	1.66896
868	1.66754
869	1.66587
870	1.66399
871	1.66204
872	1.66019
874	1.65838
875	1.65668
876	1.65534
877	1.65374
878	1.65213
879	1.65082
880	1.6497
881	1.64888
882	1.6486
883	1.64877
884	1.64941
885	1.65046
886	1.65336
887	1.65629
888	1.65983
889	1.66357
890	1.66719
891	1.6709
892	1.67459
893	1.67797
895	1.68097
896	1.6835
897	1.68555
898	1.68575
899	1.68549
900	1.68486
901	1.68382
902	1.68294
903	1.68173
904	1.68026
905	1.67871
906	1.67724
907	1.67574
908	1.67426
909	1.67265
910	1.67097
911	1.66933
912	1.66758
913	1.66574
914	1.6638
916	1.66185
917	1.6599
918	1.65797
919	1.65613
920	1.65435
921	1.6529
922	1.65175
923	1.65068
924	1.64981
925	1.64949
926	1.64948
927	1.64976
928	1.65024
929	1.65078
930	1.65139
931	1.65207
932	1.65265
933	1.65309
934	1.65361
935	1.65402
937	1.65383
938	1.65347
939	1.65283
940	1.65199
941	1.65075
942	1.64954
943	1.6482
944	1.64666
945	1.64473
946	1.64278
947	1.64082
948	1.63894
949	1.63683
950	1.63454
951	1.63219
952	1.62999
953	1.62752
954	1.62507
955	1.62258
956	1.62045
958	1.61818
959	1.61608
960	1.61403
961	1.61227
962	1.61086
963	1.60963
964	1.6087
965	1.60796
966	1.60744
967	1.60736
968	1.60733
969	1.60744
970	1.60759
971	1.60786
972	1.6081
973	1.60839
974	1.6087
975	1.60894
976	1.60913
977	1.60925
979	1.60922
980	1.60926
981	1.60938
982	1.60926
983	1.60918
984	1.60905
985	1.60885
986	1.60842
987	1.60779
988	1.60732
989	1.6063
990	1.60517
991	1.6039
992	1.6023
993	1.60082
994	1.59924
995	1.59785
996	1.59648
997	1.59538
998	1.59467
1000	1.59398
0	1.51582
1	1.51548
2	1.51531
3	1.51506
4	1.51471
5	1.51437
6	1.51389
7	1.5132
8	1.51236
9	1.51116
10	1.50966
11	1.5078
13	1.50554
14	1.50295
15	1.50017
16	1.49741
17	1.49456
18	1.49167
19	1.48883
20	1.48632
21	1.48408
22	1.48223
23	1.48071
24	1.47966
25	1.47911
26	1.4789
27	1.47903
28	1.47955
29	1.48046
30	1.48177
31	1.48311
32	1.48462
34	1.48617
35	1.48782
36	1.48962
37	1.49118
38	1.49293
39	1.4945
40	1.49615
41	1.49779
42	1.49937
43	1.5011
44	1.50294
45	1.50478
46	1.50669
47	1.50848
48	1.51031
49	1.51191
50	1.51343
51	1.51478
52	1.51577
53	1.51654
55	1.51702
56	1.51709
57	1.51736
58	1.51707
59	1.51673
60	1.51587
61	1.51527
62	1.51472
63	1.51418
64	1.51391
65	1.51374
66	1.51364
67	1.51372
68	1.51373
69	1.51419
70	1.51462
71	1.51548
72	1.51605
73	1.5167
74	1.51722
76	1.51772
77	1.51838
78	1.51901
79	1.51974
80	1.52039
81	1.52119
82	1.52213
83	1.52335
84	1.52477
85	1.52625
86	1.52788
87	1.52962
88	1.53123
89	1.53289
90	1.53439
91	1.53574
92	1.53696
93	1.53806
94	1.5389
95	1.53959
97	1.54009
98	1.54049
99	1.54067
100	1.54082
101	1.54128
102	1.54148
103	1.54169
104	1.54185
105	1.542
106	1.54215
107	1.5422
108	1.54224
109	1.54214
110	1.54198
111	1.54164
112	1.54068
113	1.54012
114	1.53946
115	1.53873
116	1.53792
118	1.53707
119	1.53608
120	1.53535
121	1.53479
122	1.53449
123	1.53449
124	1.53491
125	1.5354
126	1.53621
127	1.5372
128	1.53843
129	1.53979
130	1.5414
131	1.54285
132	1.54422
133	1.54534
134	1.54647
135	1.54736
136	1.54811
137	1.54873
139	1.54932
140	1.54975
141	1.55009
142	1.55037
143	1.55095
144	1.55101
145	1.55131
146	1.5514
147	1.55154
148	1.55142
149	1.55142
150	1.55132
151	1.55109
152	1.55082
153	1.55054
154	1.54955
155	1.54935
156	1.54878
157	1.54816
158	1.54756
160	1.5472
161	1.54634
162	1.54553
163	1.54482
164	1.54422
165	1.54368
166	1.54326
167	1.54293
168	1.5429
169	1.54297
170	1.54223
171	1.54177
172	1.54144
173	1.54089
174	1.54022
175	1.53931
176	1.53817
177	1.53709
178	1.5355
179	1.53363
181	1.53161
182	1.53025
183	1.52845
184	1.52668
185	1.52496
186	1.52332
187	1.52178
188	1.52041
189	1.51915
190	1.51799
191	1.517
192	1.51627
193	1.51565
194	1.51527
195	1.51517
196	1.51537
197	1.51563
198	1.51607
199	1.51653
200	1.51705
202	1.51768
203	1.51852
204	1.51914
205	1.51988
206	1.52043
207	1.52078
208	1.52089
209	1.52089
210	1.52066
211	1.5203
212	1.51974
213	1.51895
214	1.51782
215	1.51659
216	1.51508
217	1.51352
218	1.51175
219	1.50984
220	1.50782
221	1.50565
223	1.50339
224	1.50116
225	1.49884
226	1.49659
227	1.49441
228	1.49234
229	1.49038
230	1.48873
231	1.48733
232	1.48626
233	1.48559
234	1.48522
235	1.48536
236	1.48595
237	1.48697
238	1.48847
239	1.49023
240	1.49226
241	1.49454
242	1.49698
244	1.4995
245	1.50204
246	1.50462
247	1.5072
248	1.50953
249	1.51153
250	1.51326
251	1.51504
252	1.51626
253	1.51715
254	1.51765
255	1.5178
256	1.51768
257	1.51724
258	1.51646
259	1.51565
260	1.51483
261	1.51398
262	1.5125
263	1.51141
265	1.51025
266	1.5088
267	1.50744
268	1.50621
269	1.50479
270	1.50392
271	1.5033
272	1.50303
273	1.50308
274	1.50384
275	1.50497
276	1.50658
277	1.50886
278	1.51173
279	1.51487
280	1.51866
281	1.52214
282	1.52554
283	1.52881
284	1.53182
286	1.53446
287	1.53654
288	1.53843
289	1.53981
290	1.54082
291	1.54148
292	1.54211
293	1.54244
294	1.54258
295	1.54254
296	1.54235
297	1.54212
298	1.54197
299	1.5416
300	1.54143
301	1.54111
302	1.54064
303	1.53989
304	1.53911
305	1.53833
307	1.53753
308	1.53663
309	1.53597
310	1.53542
311	1.53493
312	1.53472
313	1.53465
314	1.53519
315	1.53579
316	1.53672
317	1.5379
318	1.5392
319	1.54079
320	1.54231
321	1.54385
322	1.54542
323	1.5469
324	1.54829
325	1.54937
326	1.55063
328	1.5517
329	1.55247
330	1.55317
331	1.55363
332	1.55399
333	1.55421
334	1.55437
335	1.55429
336	1.55406
337	1.55365
338	1.55295
339	1.55208
340	1.55119
341	1.55015
342	1.54912
343	1.54794
344	1.54675
345	1.54575
346	1.54472
347	1.54345
349	1.54214
350	1.54068
351	1.53937
352	1.538
353	1.53672
354	1.53559
355	1.53458
356	1.53387
357	1.5327
358	1.53172
359	1.53098
360	1.52982
361	1.52937
362	1.52886
363	1.52855
364	1.52822
365	1.52783
366	1.52736
367	1.52665
368	1.52603
370	1.52529
371	1.5244
372	1.52378
373	1.52255
374	1.52095
375	1.51924
376	1.51726
377	1.51505
378	1.51266
379	1.51001
380	1.50732
381	1.50453
382	1.50161
383	1.49874
384	1.49571
385	1.49279
386	1.48975
387	1.48685
388	1.4839
389	1.48114
391	1.47848
392	1.47588
393	1.47351
394	1.47138
395	1.46938
396	1.46776
397	1.46644
398	1.46528
399	1.46439
400	1.46377
401	1.46336
402	1.46316
403	1.46313
404	1.46319
405	1.46342
406	1.46371
407	1.46402
408	1.46427
409	1.4645
410	1.46457
412	1.46441
413	1.46402
414	1.46342
415	1.46256
416	1.46142
417	1.45994
418	1.45825
419	1.45633
420	1.45421
421	1.45199
422	1.44982
423	1.44763
424	1.44549
425	1.44345
426	1.44194
427	1.44022
428	1.43888
429	1.43774
430	1.4371
431	1.43661
433	1.43643
434	1.43647
435	1.43691
436	1.43765
437	1.43868
438	1.43961
439	1.44114
440	1.44284
441	1.4447
442	1.44648
443	1.44851
444	1.45069
445	1.45284
446	1.45527
447	1.45756
448	1.45985
449	1.46204
450	1.46426
451	1.4663
452	1.46827
454	1.47006
455	1.47161
456	1.47277
457	1.47377
458	1.47423
459	1.47458
460	1.47462
461	1.47437
462	1.47387
463	1.47332
464	1.47277
465	1.47217
466	1.47154
467	1.47117
468	1.47084
469	1.47094
470	1.47135
471	1.47217
472	1.47373
473	1.47551
475	1.47736
476	1.47927
477	1.48126
478	1.48345
479	1.48559
480	1.48786
481	1.48987
482	1.4918
483	1.49352
484	1.49471
485	1.49593
486	1.4974
487	1.49863
488	1.50009
489	1.50147
490	1.50287
491	1.50433
492	1.50585
493	1.50743
494	1.50896
496	1.51053
497	1.51198
498	1.51308
499	1.51427
500	1.51511
501	1.51586
502	1.51645
503	1.51679
504	1.51696
505	1.51695
506	1.51684
507	1.51668
508	1.51658
509	1.51652
510	1.51658
511	1.51679
512	1.51722
513	1.5179
514	1.51887
515	1.51987
517	1.52092
518	1.52208
519	1.52318
520	1.524
521	1.52494
522	1.5258
523	1.52657
524	1.52717
525	1.52753
526	1.52757
527	1.52754
528	1.52757
529	1.52734
530	1.52712
531	1.52698
532	1.52675
533	1.52647
534	1.52619
535	1.52608
536	1.52603
538	1.52611
539	1.52618
540	1.52601
541	1.52593
542	1.52582
543	1.52569
544	1.52534
545	1.52504
546	1.52448
547	1.52372
548	1.52293
549	1.52204
550	1.52126
551	1.52065
552	1.52021
553	1.51994
554	1.51987
555	1.51997
556	1.5202
557	1.52075
559	1.52148
560	1.52232
561	1.52323
562	1.5239
563	1.52428
564	1.5244
565	1.52425
566	1.52381
567	1.5231
568	1.52209
569	1.52083
570	1.51932
571	1.51765
572	1.51576
573	1.51402
574	1.51238
575	1.51088
576	1.50948
577	1.50819
578	1.50699
580	1.50581
581	1.50461
582	1.50295
583	1.50078
584	1.49859
585	1.49628
586	1.49391
587	1.49145
588	1.48911
589	1.4868
590	1.48468
591	1.4828
592	1.48131
593	1.4806
594	1.48046
595	1.4808
596	1.48146
597	1.48247
598	1.48368
599	1.4849
601	1.48616
602	1.48736
603	1.48842
604	1.48871
605	1.48927
606	1.48976
607	1.49045
608	1.49045
609	1.49034
610	1.49027
611	1.49007
612	1.48991
613	1.48975
614	1.48973
615	1.49032
616	1.49067
617	1.491
618	1.49084
619	1.49119
620	1.49136
622	1.49139
623	1.49138
624	1.49117
625	1.49053
626	1.49001
627	1.48939
628	1.48868
629	1.48813
630	1.48765
631	1.4874
632	1.4874
633	1.48766
634	1.48824
635	1.48915
636	1.49066
637	1.49224
638	1.4942
639	1.49625
640	1.49848
641	1.50072
643	1.5029
644	1.50507
645	1.50704
646	1.50878
647	1.51038
648	1.51175
649	1.51312
650	1.51363
651	1.51396
652	1.51392
653	1.51374
654	1.51353
655	1.51299
656	1.51224
657	1.51145
658	1.51052
659	1.50966
660	1.50842
661	1.50771
662	1.50678
664	1.50589
665	1.50487
666	1.50361
667	1.50242
668	1.50135
669	1.50017
670	1.49907
671	1.49813
672	1.4972
673	1.49641
674	1.49597
675	1.49585
676	1.49608
677	1.49688
678	1.4988
679	1.50103
680	1.50354
681	1.50613
682	1.50882
683	1.51166
685	1.51446
686	1.51689
687	1.51926
688	1.52137
689	1.52299
690	1.52347
691	1.52355
692	1.52341
693	1.52303
694	1.52232
695	1.52139
696	1.52029
697	1.51934
698	1.51816
699	1.51706
700	1.51599
701	1.51503
702	1.51415
703	1.51332
704	1.51264
706	1.51198
707	1.51124
708	1.5106
709	1.5099
710	1.50926
711	1.50862
712	1.50815
713	1.50792
714	1.50795
715	1.50826
716	1.50888
717	1.50988
718	1.51132
719	1.51307
720	1.51524
721	1.51764
722	1.52021
723	1.52265
724	1.52502
725	1.52722
727	1.52922
728	1.53087
729	1.53213
730	1.53299
731	1.53338
732	1.53333
733	1.53282
734	1.53189
735	1.53079
736	1.52932
737	1.52773
738	1.5259
739	1.52413
740	1.5223
741	1.52046
742	1.51858
743	1.51705
744	1.51585
745	1.51432
746	1.51295
748	1.51164
749	1.51028
750	1.50905
751	1.50764
752	1.50639
753	1.50535
754	1.50439
755	1.5032
756	1.50185
757	1.50112
758	1.50053
759	1.50023
760	1.5002
761	1.50039
762	1.50084
763	1.50147
764	1.50204
765	1.50276
766	1.50348
767	1.5043
769	1.50491
770	1.50529
771	1.50545
772	1.50536
773	1.505
774	1.50437
775	1.50378
776	1.50291
777	1.50164
778	1.5003
779	1.49867
780	1.49674
781	1.49487
782	1.49283
783	1.4911
784	1.48946
785	1.48792
786	1.48611
787	1.48454
788	1.48319
790	1.48196
791	1.48089
792	1.48049
793	1.48027
794	1.48045
795	1.48057
796	1.48094
797	1.48164
798	1.48256
799	1.48379
800	1.4855
801	1.48745
802	1.48953
803	1.49165
804	1.49387
805	1.49598
806	1.49797
807	1.49989
808	1.50154
809	1.50306
811	1.50417
812	1.50499
813	1.5054
814	1.50588
815	1.50563
816	1.50507
817	1.50438
818	1.50336
819	1.50196
820	1.50061
821	1.49917
822	1.49796
823	1.49656
824	1.49525
825	1.49369
826	1.49254
827	1.49145
828	1.49043
829	1.48968
830	1.48911
832	1.48855
833	1.48805
834	1.48753
835	1.48727
836	1.48725
837	1.48752
838	1.48805
839	1.48884
840	1.48997
841	1.49126
842	1.49298
843	1.4949
844	1.49714
845	1.49955
846	1.50223
847	1.50487
848	1.50756
849	1.51021
850	1.51269
851	1.51489
853	1.51693
854	1.5185
855	1.51946
856	1.52091
857	1.521
858	1.52071
859	1.52013
860	1.5191
861	1.51772
862	1.51615
863	1.5144
864	1.51269
865	1.51105
866	1.50997
867	1.50779
868	1.5068
869	1.50578
870	1.50475
871	1.50384
872	1.50317
874	1.50263
875	1.50226
876	1.50228
877	1.50198
878	1.5016
879	1.50145
880	1.50137
881	1.50146
882	1.50195
883	1.50276
884	1.50387
885	1.50522
886	1.50801
887	1.51066
888	1.5138
889	1.517
890	1.51984
891	1.52268
892	1.52536
893	1.52761
895	1.52937
896	1.5306
897	1.53132
898	1.53044
899	1.52917
900	1.5276
901	1.52574
902	1.52432
903	1.52273
904	1.52115
905	1.51976
906	1.51876
907	1.51803
908	1.51761
909	1.51735
910	1.5172
911	1.51728
912	1.51734
913	1.51736
914	1.51731
916	1.51719
917	1.51704
918	1.5168
919	1.51653
920	1.51616
921	1.516
922	1.51601
923	1.51593
924	1.51593
925	1.51642
926	1.51713
927	1.51807
928	1.51912
929	1.52014
930	1.52116
931	1.52217
932	1.52293
933	1.52347
934	1.52404
935	1.52428
937	1.52379
938	1.52299
939	1.52173
940	1.52016
941	1.5181
942	1.51612
943	1.51406
944	1.512
945	1.5097
946	1.50771
947	1.5062
948	1.50512
949	1.50419
950	1.50347
951	1.50299
952	1.5029
953	1.50262
954	1.50239
955	1.50204
956	1.50195
958	1.50143
959	1.50075
960	1.49986
961	1.49893
962	1.49808
963	1.49723
964	1.49654
965	1.49594
966	1.49553
967	1.4955
968	1.49556
969	1.4958
970	1.49612
971	1.49658
972	1.49705
973	1.49758
974	1.49808
975	1.49849
976	1.49879
977	1.49895
979	1.49884
980	1.49873
981	1.49852
982	1.49801
983	1.49747
984	1.49684
985	1.49615
986	1.49533
987	1.49439
988	1.49374
989	1.49293
990	1.49218
991	1.4914
992	1.49051
993	1.48981
994	1.4891
995	1.48859
996	1.48806
997	1.48774
998	1.4877
1000	1.48754
0	1.30961
1	1.3083
2	1.30752
3	1.30724
4	1.30739
5	1.30787
6	1.30871
7	1.30986
8	1.31134
9	1.31299
10	1.31463
11	1.31619
13	1.31744
14	1.31844
15	1.31916
16	1.31982
17	1.32039
18	1.32073
19	1.32081
20	1.32077
21	1.32056
22	1.32034
23	1.32006
24	1.31982
25	1.31973
26	1.3196
27	1.31939
28	1.31919
29	1.31897
30	1.31863
31	1.31807
32	1.3173
34	1.31625
35	1.31503
36	1.31375
37	1.31219
38	1.31066
39	1.30902
40	1.30755
41	1.30624
42	1.3053
43	1.30469
44	1.30468
45	1.30508
46	1.30604
47	1.30714
48	1.30851
49	1.31
50	1.31179
51	1.3135
52	1.31552
53	1.31762
55	1.31965
56	1.3215
57	1.32353
58	1.32499
59	1.32645
60	1.32739
61	1.32856
62	1.32959
63	1.3306
64	1.33128
65	1.33164
66	1.33185
67	1.33172
68	1.33036
69	1.32909
70	1.32744
71	1.32591
72	1.32383
73	1.32148
74	1.31887
76	1.3161
77	1.31338
78	1.31062
79	1.30808
80	1.30658
81	1.30547
82	1.30492
83	1.30481
84	1.30491
85	1.30517
86	1.30564
87	1.30648
88	1.30743
89	1.30864
90	1.30996
91	1.31143
92	1.31302
93	1.31471
94	1.31655
95	1.31863
97	1.32077
98	1.3229
99	1.32472
100	1.32647
101	1.32831
102	1.32955
103	1.33044
104	1.3309
105	1.33094
106	1.33057
107	1.32974
108	1.32884
109	1.32765
110	1.32624
111	1.32453
112	1.32202
113	1.31988
114	1.31759
115	1.31521
116	1.31278
118	1.31035
119	1.30791
120	1.30583
121	1.3041
122	1.30283
123	1.30208
124	1.30206
125	1.30233
126	1.30305
127	1.30387
128	1.30492
129	1.30612
130	1.30777
131	1.30933
132	1.31098
133	1.31299
134	1.31496
135	1.31666
136	1.31879
137	1.32087
139	1.32326
140	1.32561
141	1.32793
142	1.33013
143	1.33255
144	1.33424
145	1.3355
146	1.33652
147	1.33754
148	1.33747
149	1.33741
150	1.33705
151	1.33634
152	1.33544
153	1.33431
154	1.33226
155	1.33094
156	1.32914
157	1.32718
158	1.32519
160	1.32352
161	1.3213
162	1.31928
163	1.31755
164	1.31612
165	1.31457
166	1.31362
167	1.31207
168	1.31068
169	1.30933
170	1.30935
171	1.30957
172	1.3105
173	1.31169
174	1.31321
175	1.31495
176	1.31723
177	1.31972
178	1.32274
179	1.32591
181	1.32915
182	1.33099
183	1.33258
184	1.33369
185	1.33428
186	1.33441
187	1.33403
188	1.33321
189	1.33195
190	1.33036
191	1.32865
192	1.32687
193	1.32499
194	1.323
195	1.32113
196	1.31949
197	1.31789
198	1.3165
199	1.31522
200	1.31416
202	1.31311
203	1.31196
204	1.31079
205	1.30996
206	1.30894
207	1.30796
208	1.30701
209	1.30641
210	1.30606
211	1.30613
212	1.30657
213	1.30762
214	1.30943
215	1.31188
216	1.3146
217	1.31777
218	1.32086
219	1.32374
220	1.3263
221	1.32843
223	1.33008
224	1.3312
225	1.33176
226	1.33173
227	1.33113
228	1.32997
229	1.32868
230	1.32735
231	1.32599
232	1.32461
233	1.32326
234	1.32176
235	1.32044
236	1.31915
237	1.31793
238	1.31683
239	1.31579
240	1.31489
241	1.31414
242	1.31361
244	1.31333
245	1.31334
246	1.31346
247	1.31314
248	1.31342
249	1.31337
250	1.31345
251	1.31356
252	1.31416
253	1.31498
254	1.3159
255	1.31709
256	1.31854
257	1.32053
258	1.32317
259	1.32547
260	1.3282
261	1.33106
262	1.33364
263	1.33598
265	1.33804
266	1.33945
267	1.34051
268	1.34116
269	1.34098
270	1.33985
271	1.33837
272	1.33661
273	1.33438
274	1.3322
275	1.32963
276	1.32681
277	1.32402
278	1.32134
279	1.31857
280	1.31624
281	1.31468
282	1.31344
283	1.3123
284	1.31114
286	1.3101
287	1.30917
288	1.30855
289	1.30856
290	1.30867
291	1.3092
292	1.3104
293	1.31184
294	1.31373
295	1.31619
296	1.31935
297	1.32282
298	1.32636
299	1.32993
300	1.33318
301	1.33634
302	1.33889
303	1.34071
304	1.34209
305	1.34282
307	1.343
308	1.34231
309	1.34156
310	1.34057
311	1.33924
312	1.33776
313	1.33584
314	1.33426
315	1.33208
316	1.32981
317	1.32735
318	1.3247
319	1.32226
320	1.3196
321	1.31706
322	1.31476
323	1.31282
324	1.31128
325	1.30989
326	1.30878
328	1.30775
329	1.30718
330	1.30708
331	1.30734
332	1.30806
333	1.3093
334	1.31128
335	1.31337
336	1.31586
337	1.31845
338	1.322
339	1.32593
340	1.32975
341	1.33346
342	1.33702
343	1.34023
344	1.34296
345	1.34538
346	1.34737
347	1.3484
349	1.34892
350	1.34868
351	1.348
352	1.34701
353	1.34573
354	1.34416
355	1.3423
356	1.34042
357	1.3375
358	1.33447
359	1.33146
360	1.32761
361	1.32435
362	1.3211
363	1.31807
364	1.31521
365	1.3128
366	1.31072
367	1.30899
368	1.30787
370	1.30694
371	1.30634
372	1.30682
373	1.30706
374	1.30714
375	1.30824
376	1.30987
377	1.31182
378	1.31427
379	1.31689
380	1.31997
381	1.32353
382	1.3272
383	1.33087
384	1.33426
385	1.33782
386	1.34029
387	1.34213
388	1.34328
389	1.3438
391	1.34364
392	1.34283
393	1.34156
394	1.34005
395	1.3383
396	1.33642
397	1.33454
398	1.33241
399	1.33018
400	1.32779
401	1.32524
402	1.32256
403	1.31981
404	1.317
405	1.31427
406	1.31167
407	1.30937
408	1.30743
409	1.306
410	1.30511
412	1.30444
413	1.30385
414	1.30373
415	1.30408
416	1.30458
417	1.3058
418	1.30746
419	1.30951
420	1.31164
421	1.31363
422	1.31535
423	1.317
424	1.31875
425	1.3202
426	1.32178
427	1.32281
428	1.32323
429	1.32315
430	1.32283
431	1.322
433	1.32114
434	1.32034
435	1.31976
436	1.31935
437	1.31914
438	1.31862
439	1.31861
440	1.31857
441	1.31838
442	1.31774
443	1.31698
444	1.31601
445	1.3146
446	1.31293
447	1.31117
448	1.30917
449	1.3073
450	1.30557
451	1.30412
452	1.30315
454	1.30283
455	1.30291
456	1.30321
457	1.304
458	1.30521
459	1.30676
460	1.30883
461	1.31114
462	1.31378
463	1.31658
464	1.31953
465	1.32234
466	1.32507
467	1.32797
468	1.33062
469	1.3334
470	1.33598
471	1.33838
472	1.34038
473	1.34194
475	1.34297
476	1.34351
477	1.34362
478	1.34336
479	1.34274
480	1.34188
481	1.34027
482	1.33815
483	1.33539
484	1.33219
485	1.32866
486	1.32548
487	1.32169
488	1.31829
489	1.31497
490	1.31199
491	1.30968
492	1.30815
493	1.30746
494	1.30719
496	1.30731
497	1.30783
498	1.30827
499	1.30965
500	1.31104
501	1.31296
502	1.31509
503	1.31734
504	1.31954
505	1.32161
506	1.32403
507	1.32671
508	1.32955
509	1.33241
510	1.33517
511	1.33773
512	1.34016
513	1.3424
514	1.34449
515	1.34607
517	1.34723
518	1.34809
519	1.3486
520	1.34837
521	1.34796
522	1.34697
523	1.34549
524	1.34334
525	1.34048
526	1.33681
527	1.33286
528	1.32893
529	1.32438
530	1.31976
531	1.3155
532	1.31142
533	1.30781
534	1.30493
535	1.30303
536	1.30215
538	1.30166
539	1.30192
540	1.30236
541	1.3036
542	1.30527
543	1.30737
544	1.30964
545	1.3122
546	1.3148
547	1.31727
548	1.31959
549	1.32232
550	1.32504
551	1.32789
552	1.33077
553	1.33358
554	1.33628
555	1.33848
556	1.34069
557	1.34259
559	1.34417
560	1.34526
561	1.34622
562	1.3462
563	1.34556
564	1.34429
565	1.34238
566	1.33982
567	1.33695
568	1.33327
569	1.32913
570	1.3246
571	1.32015
572	1.31522
573	1.31099
574	1.30712
575	1.30391
576	1.30143
577	1.29983
578	1.29919
580	1.29951
581	1.30068
582	1.30258
583	1.30481
584	1.30766
585	1.31082
586	1.31431
587	1.31788
588	1.32149
589	1.32496
590	1.32812
591	1.33079
592	1.33326
593	1.33543
594	1.33724
595	1.33893
596	1.34035
597	1.34146
598	1.34224
599	1.34261
601	1.34264
602	1.34241
603	1.34191
604	1.3402
605	1.33889
606	1.33736
607	1.33612
608	1.33371
609	1.33101
610	1.32825
611	1.32516
612	1.32205
613	1.31889
614	1.31595
615	1.31419
616	1.31241
617	1.31102
618	1.30951
619	1.309
620	1.3087
622	1.30844
623	1.30876
624	1.30933
625	1.31028
626	1.31152
627	1.31289
628	1.31429
629	1.31613
630	1.31782
631	1.32005
632	1.32237
633	1.32488
634	1.32736
635	1.3297
636	1.33182
637	1.33379
638	1.33564
639	1.33704
640	1.33807
641	1.33878
643	1.33906
644	1.33924
645	1.33913
646	1.33866
647	1.33799
648	1.33682
649	1.33588
650	1.33385
651	1.33161
652	1.32895
653	1.32618
654	1.32347
655	1.32047
656	1.31747
657	1.31466
658	1.3121
659	1.31015
660	1.30813
661	1.30723
662	1.30634
664	1.30587
665	1.30573
666	1.30574
667	1.30641
668	1.30749
669	1.30893
670	1.31052
671	1.3123
672	1.31374
673	1.31513
674	1.31681
675	1.31848
676	1.32017
677	1.32202
678	1.32387
679	1.32573
680	1.32719
681	1.32827
682	1.32922
683	1.33016
685	1.33088
686	1.33103
687	1.33119
688	1.33097
689	1.3302
690	1.32881
691	1.32691
692	1.32486
693	1.3227
694	1.32021
695	1.31765
696	1.3151
697	1.31301
698	1.31087
699	1.30908
700	1.30774
701	1.3066
702	1.30573
703	1.30507
704	1.30477
706	1.3049
707	1.30518
708	1.30569
709	1.30645
710	1.30743
711	1.30857
712	1.30971
713	1.31133
714	1.31321
715	1.3153
716	1.31761
717	1.31993
718	1.32245
719	1.32499
720	1.32743
721	1.3297
722	1.33178
723	1.33355
724	1.33489
725	1.33589
727	1.3366
728	1.3368
729	1.33654
730	1.33582
731	1.33465
732	1.33308
733	1.33107
734	1.32869
735	1.32616
736	1.32341
737	1.32056
738	1.31768
739	1.31501
740	1.31248
741	1.31021
742	1.30802
743	1.30586
744	1.30385
745	1.3021
746	1.30077
748	1.29977
749	1.2991
750	1.29881
751	1.29876
752	1.29913
753	1.30047
754	1.30174
755	1.30342
756	1.30559
757	1.30792
758	1.31021
759	1.3125
760	1.31473
761	1.31684
762	1.31872
763	1.32034
764	1.32102
765	1.32191
766	1.32257
767	1.32296
769	1.32298
770	1.3227
771	1.32219
772	1.32132
773	1.32017
774	1.31871
775	1.31728
776	1.31545
777	1.31318
778	1.31076
779	1.308
780	1.30516
781	1.30266
782	1.3002
783	1.29844
784	1.29692
785	1.29578
786	1.29473
787	1.29424
788	1.29451
790	1.29517
791	1.29624
792	1.29787
793	1.29958
794	1.30149
795	1.30306
796	1.30475
797	1.30654
798	1.30819
799	1.30986
800	1.31148
801	1.31313
802	1.31463
803	1.31606
804	1.31726
805	1.3184
806	1.31935
807	1.32015
808	1.32062
809	1.32091
811	1.32074
812	1.32029
813	1.31936
814	1.31851
815	1.31683
816	1.31506
817	1.31305
818	1.31078
819	1.30834
820	1.306
821	1.30376
822	1.30198
823	1.30029
824	1.2988
825	1.29699
826	1.29591
827	1.29495
828	1.2946
829	1.29477
830	1.29557
832	1.29677
833	1.29812
834	1.2994
835	1.30085
836	1.30254
837	1.30466
838	1.30688
839	1.30923
840	1.3114
841	1.31345
842	1.31524
843	1.31679
844	1.31834
845	1.31983
846	1.32143
847	1.32285
848	1.32419
849	1.3254
850	1.32637
851	1.327
853	1.32738
854	1.3273
855	1.32659
856	1.32651
857	1.32505
858	1.32327
859	1.3213
860	1.31898
861	1.31643
862	1.31385
863	1.31112
864	1.3082
865	1.30527
866	1.30264
867	1.29918
868	1.29705
869	1.29513
870	1.29369
871	1.29286
872	1.29268
874	1.29307
875	1.29426
876	1.29631
877	1.29909
878	1.30225
879	1.30546
880	1.30875
881	1.31204
882	1.31523
883	1.31821
884	1.32095
885	1.32335
886	1.32581
887	1.32785
888	1.32937
889	1.33071
890	1.33146
891	1.3321
892	1.33241
893	1.33227
895	1.33158
896	1.33041
897	1.32876
898	1.3263
899	1.3236
900	1.32066
901	1.31733
902	1.31432
903	1.31103
904	1.3078
905	1.3048
906	1.30228
907	1.30024
908	1.29881
909	1.29798
910	1.29771
911	1.29818
912	1.29947
913	1.30148
914	1.30407
916	1.30711
917	1.31033
918	1.31392
919	1.3175
920	1.32095
921	1.32385
922	1.32657
923	1.32904
924	1.33106
925	1.33269
926	1.33397
927	1.33481
928	1.33562
929	1.33596
930	1.33606
931	1.33594
932	1.33599
933	1.33559
934	1.33478
935	1.33362
937	1.33207
938	1.33017
939	1.32796
940	1.32529
941	1.32204
942	1.31877
943	1.31526
944	1.3115
945	1.3078
946	1.3042
947	1.30093
948	1.29821
949	1.29597
950	1.29433
951	1.29347
952	1.2936
953	1.29419
954	1.29554
955	1.2974
956	1.29987
958	1.30272
959	1.30593
960	1.30889
961	1.3121
962	1.31525
963	1.31802
964	1.32044
965	1.32246
966	1.32401
967	1.32558
968	1.32657
969	1.3273
970	1.32766
971	1.32818
972	1.32809
973	1.32793
974	1.32772
975	1.3273
976	1.32665
977	1.32569
979	1.32443
980	1.32285
981	1.32115
982	1.31896
983	1.31644
984	1.31381
985	1.31087
986	1.3077
987	1.30454
988	1.3016
989	1.29935
990	1.29746
991	1.29637
992	1.29577
993	1.29606
994	1.29675
995	1.29827
996	1.30045
997	1.30316
998	1.30622
1000	1.30949
0	1.03616
1	1.03376
2	1.03156
3	1.02923
4	1.02708
5	1.02525
6	1.02381
7	1.02274
8	1.02248
9	1.02226
10	1.02262
11	1.02316
13	1.02391
14	1.02548
15	1.02758
16	1.03002
17	1.03263
18	1.0353
19	1.038
20	1.04064
21	1.04317
22	1.04549
23	1.04764
24	1.05005
25	1.05174
26	1.05296
27	1.05385
28	1.05448
29	1.05482
30	1.05503
31	1.05483
32	1.05429
34	1.05331
35	1.05191
36	1.05029
37	1.04839
38	1.04654
39	1.04462
40	1.0425
41	1.04025
42	1.03777
43	1.03537
44	1.03298
45	1.03094
46	1.02922
47	1.02754
48	1.02632
49	1.02511
50	1.02419
51	1.02357
52	1.0235
53	1.02382
55	1.02445
56	1.02554
57	1.02685
58	1.02852
59	1.03043
60	1.03232
61	1.03431
62	1.03625
63	1.0383
64	1.04003
65	1.04167
66	1.04315
67	1.04439
68	1.04516
69	1.04541
70	1.04545
71	1.04524
72	1.04469
73	1.04379
74	1.04253
76	1.0411
77	1.03952
78	1.03744
79	1.03512
80	1.0329
81	1.03068
82	1.02832
83	1.02602
84	1.02388
85	1.02191
86	1.02016
87	1.01879
88	1.0175
89	1.01695
90	1.01678
91	1.01701
92	1.01767
93	1.01881
94	1.02029
95	1.02221
97	1.0243
98	1.02655
99	1.02887
100	1.03121
101	1.0335
102	1.03576
103	1.03788
104	1.0398
105	1.04149
106	1.04294
107	1.04421
108	1.04508
109	1.04569
110	1.04593
111	1.04578
112	1.04499
113	1.04405
114	1.0428
115	1.04128
116	1.03958
118	1.03777
119	1.03543
120	1.03331
121	1.03119
122	1.02893
123	1.02681
124	1.02498
125	1.02316
126	1.02144
127	1.01985
128	1.01848
129	1.01727
130	1.01649
131	1.01593
132	1.01558
133	1.01592
134	1.01655
135	1.01733
136	1.01875
137	1.02059
139	1.02283
140	1.02523
141	1.02777
142	1.03036
143	1.03295
144	1.03551
145	1.03771
146	1.03984
147	1.04209
148	1.04371
149	1.04503
150	1.04596
151	1.0466
152	1.04696
153	1.04702
154	1.0468
155	1.04629
156	1.0455
157	1.04442
158	1.04307
160	1.04143
161	1.03969
162	1.03754
163	1.03488
164	1.03227
165	1.02915
166	1.02628
167	1.02324
168	1.02019
169	1.01725
170	1.01573
171	1.01454
172	1.01377
173	1.01376
174	1.01457
175	1.0157
176	1.01767
177	1.01973
178	1.02237
179	1.02524
181	1.02845
182	1.03058
183	1.03264
184	1.03453
185	1.03607
186	1.03735
187	1.0384
188	1.03931
189	1.03983
190	1.03992
191	1.03958
192	1.03927
193	1.03843
194	1.0379
195	1.037
196	1.03591
197	1.03455
198	1.03284
199	1.03075
200	1.02864
202	1.02635
203	1.02423
204	1.02173
205	1.01988
206	1.01733
207	1.01509
208	1.01319
209	1.01179
210	1.01095
211	1.01072
212	1.01102
213	1.01204
214	1.01367
215	1.01578
216	1.01803
217	1.021
218	1.02422
219	1.02761
220	1.03096
221	1.03434
223	1.03744
224	1.04035
225	1.04302
226	1.04533
227	1.04738
228	1.04905
229	1.05031
230	1.05108
231	1.05133
232	1.05119
233	1.05053
234	1.04942
235	1.04813
236	1.04652
237	1.04475
238	1.04277
239	1.04071
240	1.0387
241	1.03688
242	1.03495
244	1.03303
245	1.03105
246	1.02938
247	1.0274
248	1.02619
249	1.02475
250	1.02353
251	1.02238
252	1.02174
253	1.02136
254	1.02144
255	1.0221
256	1.02339
257	1.02517
258	1.02761
259	1.02985
260	1.03284
261	1.03588
262	1.03918
263	1.04219
265	1.04508
266	1.04787
267	1.05038
268	1.05254
269	1.05385
270	1.05378
271	1.0531
272	1.05173
273	1.04993
274	1.04761
275	1.04495
276	1.04191
277	1.03839
278	1.03496
279	1.03144
280	1.0284
281	1.02647
282	1.02479
283	1.02314
284	1.02158
286	1.02023
287	1.01905
288	1.01821
289	1.01801
290	1.0179
291	1.01818
292	1.01906
293	1.02015
294	1.02176
295	1.02399
296	1.02679
297	1.02996
298	1.0334
299	1.03689
300	1.0401
301	1.04326
302	1.04584
303	1.04775
304	1.04928
305	1.05023
307	1.05069
308	1.05032
309	1.04976
310	1.04873
311	1.04731
312	1.04571
313	1.04363
314	1.04192
315	1.03961
316	1.03723
317	1.03468
318	1.03197
319	1.02951
320	1.02683
321	1.02429
322	1.022
323	1.02005
324	1.0185
325	1.01704
326	1.01634
328	1.01575
329	1.01564
330	1.01599
331	1.01667
332	1.01778
333	1.01934
334	1.02159
335	1.02388
336	1.02651
337	1.02918
338	1.03195
339	1.03491
340	1.03771
341	1.0404
342	1.04296
343	1.04523
344	1.04707
345	1.0487
346	1.04999
347	1.05041
349	1.05041
350	1.05008
351	1.04946
352	1.04856
353	1.04738
354	1.04591
355	1.04415
356	1.04241
357	1.03961
358	1.03674
359	1.03393
360	1.03031
361	1.02728
362	1.02429
363	1.02151
364	1.0189
365	1.01673
366	1.01485
367	1.01326
368	1.01244
370	1.01213
371	1.01236
372	1.01364
373	1.01463
374	1.0154
375	1.01712
376	1.0193
377	1.02174
378	1.02459
379	1.02757
380	1.03062
381	1.03372
382	1.0366
383	1.03956
384	1.04243
385	1.04558
386	1.04785
387	1.04963
388	1.05095
389	1.0518
391	1.05211
392	1.052
393	1.05145
394	1.05075
395	1.04966
396	1.04813
397	1.04644
398	1.04428
399	1.04185
400	1.03907
401	1.03601
402	1.03275
403	1.02938
404	1.02602
405	1.02271
406	1.0196
407	1.0169
408	1.01465
409	1.01295
410	1.01187
412	1.01153
413	1.01151
414	1.01199
415	1.01293
416	1.01399
417	1.01575
418	1.01791
419	1.02047
420	1.02328
421	1.02629
422	1.02959
423	1.03274
424	1.03607
425	1.03931
426	1.04276
427	1.04593
428	1.04852
429	1.05071
430	1.05273
431	1.05391
433	1.0546
434	1.05462
435	1.05423
436	1.05346
437	1.05235
438	1.05053
439	1.04869
440	1.04653
441	1.04392
442	1.04068
443	1.03743
444	1.03403
445	1.03035
446	1.02665
447	1.02314
448	1.01969
449	1.01671
450	1.01415
451	1.01212
452	1.01076
454	1.01015
455	1.01033
456	1.0111
457	1.01241
458	1.01415
459	1.01618
460	1.0187
461	1.02144
462	1.02451
463	1.02775
464	1.03117
465	1.03453
466	1.03757
467	1.0404
468	1.04304
469	1.04587
470	1.04851
471	1.0509
472	1.0527
473	1.05398
475	1.05464
476	1.05473
477	1.05426
478	1.0533
479	1.05202
480	1.05038
481	1.04798
482	1.04512
483	1.04174
484	1.03819
485	1.03447
486	1.03125
487	1.02751
488	1.02424
489	1.02111
490	1.01832
491	1.01616
492	1.01473
493	1.01404
494	1.01424
496	1.01526
497	1.01668
498	1.01796
499	1.02016
500	1.02235
501	1.02506
502	1.02797
503	1.03103
504	1.03407
505	1.03701
506	1.03979
507	1.04233
508	1.04498
509	1.04766
510	1.05026
511	1.05266
512	1.05495
513	1.0569
514	1.05836
515	1.05941
517	1.06001
518	1.06012
519	1.05973
520	1.05836
521	1.05687
522	1.05487
523	1.05245
524	1.04946
525	1.04602
526	1.04222
527	1.03815
528	1.03422
529	1.02991
530	1.02574
531	1.02219
532	1.01874
533	1.01569
534	1.01325
535	1.01166
536	1.01095
538	1.0113
539	1.01228
540	1.0134
541	1.01526
542	1.01749
543	1.02011
544	1.02285
545	1.02587
546	1.02893
547	1.03187
548	1.03465
549	1.03705
550	1.03943
551	1.04188
552	1.04434
553	1.04674
554	1.04893
555	1.05071
556	1.05227
557	1.05353
559	1.05451
560	1.05502
561	1.05547
562	1.05499
563	1.05398
564	1.05244
565	1.05035
566	1.0478
567	1.04498
568	1.04172
569	1.03808
570	1.03414
571	1.03034
572	1.02604
573	1.02245
574	1.01916
575	1.01644
576	1.01435
577	1.01303
578	1.01253
580	1.0129
581	1.01391
582	1.01553
583	1.01739
584	1.01981
585	1.02249
586	1.02546
587	1.0285
588	1.03155
589	1.03452
590	1.03728
591	1.03975
592	1.04213
593	1.04438
594	1.04655
595	1.0486
596	1.05046
597	1.05212
598	1.05357
599	1.05478
601	1.05575
602	1.05646
603	1.05685
604	1.0559
605	1.0553
606	1.05422
607	1.05352
608	1.05156
609	1.04927
610	1.04687
611	1.04402
612	1.0411
613	1.03806
614	1.03513
615	1.03352
616	1.03158
617	1.02985
618	1.02745
619	1.02609
620	1.02493
622	1.02378
623	1.02318
624	1.02279
625	1.02275
626	1.02295
627	1.02323
628	1.02377
629	1.02492
630	1.02638
631	1.02846
632	1.03055
633	1.03314
634	1.03545
635	1.03782
636	1.04014
637	1.04238
638	1.04445
639	1.04619
640	1.04757
641	1.04885
643	1.0497
644	1.05057
645	1.051
646	1.05152
647	1.05179
648	1.05194
649	1.05172
650	1.05109
651	1.05019
652	1.04893
653	1.04741
654	1.04591
655	1.04407
656	1.0421
657	1.03981
658	1.03731
659	1.03478
660	1.03216
661	1.02974
662	1.02733
664	1.02531
665	1.0236
666	1.02201
667	1.02105
668	1.02045
669	1.02049
670	1.02106
671	1.02194
672	1.02342
673	1.02533
674	1.02767
675	1.03081
676	1.0334
677	1.03605
678	1.03983
679	1.04249
680	1.0451
681	1.04738
682	1.04912
683	1.05064
685	1.05185
686	1.05303
687	1.05316
688	1.05347
689	1.05362
690	1.05197
691	1.05106
692	1.0498
693	1.04839
694	1.04702
695	1.04532
696	1.04344
697	1.04098
698	1.03828
699	1.03594
700	1.03317
701	1.03049
702	1.02801
703	1.02564
704	1.02359
706	1.02202
707	1.02073
708	1.01978
709	1.01938
710	1.01963
711	1.02003
712	1.02098
713	1.02259
714	1.02439
715	1.02635
716	1.02851
717	1.03063
718	1.03295
719	1.03529
720	1.03784
721	1.0399
722	1.04181
723	1.04348
724	1.0448
725	1.04591
727	1.04692
728	1.04757
729	1.04793
730	1.04799
731	1.04758
732	1.04696
733	1.04622
734	1.0452
735	1.04399
736	1.04222
737	1.0405
738	1.03854
739	1.03634
740	1.03392
741	1.03138
742	1.02882
743	1.02584
744	1.02304
745	1.02043
746	1.01824
748	1.01665
749	1.01515
750	1.01405
751	1.01349
752	1.01353
753	1.01472
754	1.01596
755	1.01753
756	1.01955
757	1.02186
758	1.02425
759	1.02681
760	1.02941
761	1.03197
762	1.03442
763	1.03669
764	1.03801
765	1.03979
766	1.04149
767	1.04292
769	1.0441
770	1.04516
771	1.04581
772	1.04639
773	1.04654
774	1.04641
775	1.046
776	1.04539
777	1.04439
778	1.0431
779	1.04143
780	1.03829
781	1.03481
782	1.0314
783	1.02779
784	1.02449
785	1.02142
786	1.01867
787	1.01626
788	1.01447
790	1.01324
791	1.01273
792	1.01401
793	1.01574
794	1.01805
795	1.02071
796	1.02362
797	1.02668
798	1.02977
799	1.03289
800	1.03576
801	1.03843
802	1.04086
803	1.04299
804	1.04579
805	1.04733
806	1.04857
807	1.04956
808	1.05026
809	1.05069
811	1.05085
812	1.05072
813	1.05028
814	1.04951
815	1.04888
816	1.04656
817	1.04475
818	1.04238
819	1.03917
820	1.03603
821	1.03276
822	1.02943
823	1.02599
824	1.02258
825	1.0191
826	1.01549
827	1.01266
828	1.01046
829	1.00897
830	1.00872
832	1.00876
833	1.00923
834	1.01023
835	1.01188
836	1.01401
837	1.01675
838	1.01962
839	1.02276
840	1.02572
841	1.02802
842	1.0308
843	1.03274
844	1.03497
845	1.03697
846	1.03881
847	1.0404
848	1.04166
849	1.04273
850	1.04347
851	1.044
853	1.04492
854	1.04482
855	1.04508
856	1.04451
857	1.04354
858	1.04197
859	1.04
860	1.03765
861	1.03492
862	1.03187
863	1.02853
864	1.025
865	1.0214
866	1.01779
867	1.01443
868	1.0114
869	1.00883
870	1.00685
871	1.00555
872	1.005
874	1.00523
875	1.00624
876	1.00797
877	1.01033
878	1.01323
879	1.01639
880	1.01971
881	1.02318
882	1.02655
883	1.02958
884	1.03266
885	1.03559
886	1.03828
887	1.04055
888	1.04238
889	1.04376
890	1.04509
891	1.04581
892	1.04608
893	1.04595
895	1.04561
896	1.04455
897	1.0429
898	1.04074
899	1.03822
900	1.03542
901	1.03238
902	1.02893
903	1.02572
904	1.02258
905	1.01967
906	1.0171
907	1.01499
908	1.01343
909	1.01251
910	1.01229
911	1.01278
912	1.01395
913	1.01575
914	1.01806
916	1.02077
917	1.02364
918	1.02689
919	1.03019
920	1.03343
921	1.03617
922	1.03883
923	1.04134
924	1.04349
925	1.0453
926	1.04682
927	1.04791
928	1.049
929	1.0496
930	1.04995
931	1.05004
932	1.05029
933	1.05006
934	1.04939
935	1.04871
937	1.04745
938	1.04587
939	1.04408
940	1.04183
941	1.03925
942	1.03639
943	1.03335
944	1.03009
945	1.02691
946	1.02385
947	1.02075
948	1.01835
949	1.01639
950	1.01489
951	1.01411
952	1.01406
953	1.01468
954	1.01597
955	1.01771
956	1.02003
958	1.02271
959	1.02577
960	1.02862
961	1.0318
962	1.035
963	1.03792
964	1.04056
965	1.04289
966	1.04482
967	1.04682
968	1.04825
969	1.04941
970	1.05016
971	1.05102
972	1.05116
973	1.05117
974	1.05101
975	1.05057
976	1.04981
977	1.04868
979	1.04722
980	1.04542
981	1.04383
982	1.04148
983	1.03888
984	1.03619
985	1.0332
986	1.03005
987	1.02695
988	1.02408
989	1.02186
990	1.01996
991	1.01883
992	1.0178
993	1.01794
994	1.01836
995	1.01963
996	1.02156
997	1.02402
998	1.02684
1000	1.02993
0	0.73884
1	0.73699
2	0.73535
3	0.73354
4	0.73187
5	0.73046
6	0.72937
7	0.72855
8	0.72843
9	0.72824
10	0.72851
11	0.72883
13	0.72926
14	0.7304
15	0.73198
16	0.73384
17	0.73581
18	0.73782
19	0.73984
20	0.74182
21	0.74371
22	0.74544
23	0.74705
24	0.74898
25	0.75026
26	0.75114
27	0.75177
28	0.75221
29	0.75244
30	0.7528
31	0.75263
32	0.75226
34	0.75163
35	0.75087
36	0.74984
37	0.74827
38	0.74688
39	0.74541
40	0.74378
41	0.74206
42	0.73994
43	0.73812
44	0.73622
45	0.73454
46	0.73295
47	0.73145
48	0.73063
49	0.72968
50	0.729
51	0.72852
52	0.72847
53	0.72872
55	0.72917
56	0.72999
57	0.73094
58	0.73218
59	0.73361
60	0.735
61	0.73646
62	0.73787
63	0.73941
64	0.74066
65	0.74186
66	0.74296
67	0.74388
68	0.74446
69	0.74461
70	0.74465
71	0.74451
72	0.74413
73	0.74363
74	0.74271
76	0.74169
77	0.7407
78	0.73915
79	0.73743
80	0.73577
81	0.73412
82	0.73233
83	0.73059
84	0.72898
85	0.72734
86	0.72599
87	0.72494
88	0.72377
89	0.72335
90	0.72319
91	0.72333
92	0.72379
93	0.72462
94	0.72569
95	0.72713
97	0.72868
98	0.73033
99	0.73204
100	0.73375
101	0.73542
102	0.73709
103	0.73865
104	0.74006
105	0.7413
106	0.74237
107	0.74334
108	0.74396
109	0.74442
110	0.74458
111	0.74454
112	0.74441
113	0.74405
114	0.74339
115	0.74259
116	0.74162
118	0.74047
119	0.73898
120	0.73735
121	0.73575
122	0.73403
123	0.73238
124	0.73052
125	0.72883
126	0.72726
127	0.72573
128	0.7244
129	0.72329
130	0.72238
131	0.722
132	0.72173
133	0.72203
134	0.72252
135	0.72305
136	0.72412
137	0.72551
139	0.72725
140	0.72909
141	0.73104
142	0.73303
143	0.73502
144	0.737
145	0.73867
146	0.74032
147	0.74214
148	0.74342
149	0.74447
150	0.74521
151	0.74574
152	0.74607
153	0.74617
154	0.74606
155	0.74574
156	0.74521
157	0.74446
158	0.7435
160	0.74233
161	0.74112
162	0.73955
163	0.73754
164	0.73562
165	0.73323
166	0.73111
167	0.72883
168	0.72652
169	0.72428
170	0.72318
171	0.7223
172	0.72167
173	0.72167
174	0.72232
175	0.72315
176	0.72468
177	0.7262
178	0.72819
179	0.73034
181	0.73278
182	0.73432
183	0.73584
184	0.73725
185	0.73839
186	0.73935
187	0.74015
188	0.7409
189	0.74132
190	0.74141
191	0.74113
192	0.74094
193	0.74029
194	0.74002
195	0.73944
196	0.73874
197	0.73783
198	0.73664
199	0.73514
200	0.73365
202	0.73203
203	0.73061
204	0.72882
205	0.72765
206	0.72574
207	0.72407
208	0.72266
209	0.72161
210	0.72099
211	0.72084
212	0.72105
213	0.72183
214	0.72306
215	0.72463
216	0.72622
217	0.72842
218	0.73081
219	0.73333
220	0.73579
221	0.73829
223	0.74054
224	0.74267
225	0.74462
226	0.7463
227	0.74782
228	0.74905
229	0.75003
230	0.75074
231	0.7512
232	0.75139
233	0.75114
234	0.75054
235	0.74984
236	0.74886
237	0.74778
238	0.74651
239	0.74518
240	0.74384
241	0.7424
242	0.74074
244	0.7391
245	0.73743
246	0.73606
247	0.73437
248	0.73341
249	0.7322
250	0.73115
251	0.73012
252	0.72953
253	0.72927
254	0.72931
255	0.72978
256	0.73072
257	0.73202
258	0.73385
259	0.73538
260	0.7376
261	0.73982
262	0.74228
263	0.74446
265	0.74655
266	0.74869
267	0.75061
268	0.7523
269	0.75343
270	0.75351
271	0.75313
272	0.75219
273	0.75096
274	0.74932
275	0.74744
276	0.74526
277	0.74256
278	0.74
279	0.73733
280	0.73494
281	0.7334
282	0.73206
283	0.73076
284	0.72954
286	0.72849
287	0.72756
288	0.7269
289	0.72682
290	0.72673
291	0.72696
292	0.72772
293	0.72861
294	0.7299
295	0.73165
296	0.73383
297	0.73627
298	0.73888
299	0.7415
300	0.74391
301	0.74633
302	0.74826
303	0.74963
304	0.75072
305	0.75136
307	0.75165
308	0.75123
309	0.75077
310	0.74998
311	0.74891
312	0.74771
313	0.74609
314	0.74489
315	0.74315
316	0.74137
317	0.73946
318	0.7374
319	0.7356
320	0.73355
321	0.7316
322	0.72983
323	0.72832
324	0.7271
325	0.72586
326	0.72544
328	0.72511
329	0.72518
330	0.72564
331	0.72635
332	0.72739
333	0.72879
334	0.73061
335	0.73255
336	0.73452
337	0.73656
338	0.73838
339	0.74034
340	0.74212
341	0.7438
342	0.7454
343	0.74676
344	0.7478
345	0.74892
346	0.74966
347	0.74989
349	0.74978
350	0.74955
351	0.7491
352	0.74845
353	0.74759
354	0.74653
355	0.74524
356	0.74404
357	0.74184
358	0.73963
359	0.73752
360	0.73462
361	0.73233
362	0.73004
363	0.72794
364	0.72593
365	0.72427
366	0.72278
367	0.72146
368	0.72076
370	0.72043
371	0.72061
372	0.72194
373	0.72305
374	0.72387
375	0.72556
376	0.7275
377	0.72958
378	0.7318
379	0.73395
380	0.73615
381	0.73844
382	0.74043
383	0.74234
384	0.74404
385	0.74605
386	0.74726
387	0.7482
388	0.74884
389	0.74935
391	0.74962
392	0.74959
393	0.74921
394	0.74878
395	0.74804
396	0.74695
397	0.74579
398	0.74424
399	0.74251
400	0.74049
401	0.73824
402	0.73584
403	0.73335
404	0.73084
405	0.72834
406	0.72598
407	0.72392
408	0.72218
409	0.72084
410	0.71996
412	0.71963
413	0.71981
414	0.7205
415	0.72167
416	0.72296
417	0.72484
418	0.72705
419	0.72947
420	0.73194
421	0.73447
422	0.73694
423	0.73926
424	0.7414
425	0.74332
426	0.74564
427	0.74739
428	0.74863
429	0.74956
430	0.75054
431	0.75095
433	0.75112
434	0.75109
435	0.75079
436	0.75029
437	0.74955
438	0.74792
439	0.74664
440	0.74515
441	0.74331
442	0.74092
443	0.7386
444	0.73618
445	0.73351
446	0.73081
447	0.72827
448	0.72573
449	0.72354
450	0.72163
451	0.7201
452	0.71904
454	0.71853
455	0.7186
456	0.71906
457	0.72018
458	0.72183
459	0.72378
460	0.72609
461	0.72853
462	0.73118
463	0.73384
464	0.7366
465	0.73917
466	0.74131
467	0.74374
468	0.74536
469	0.74702
470	0.74842
471	0.74973
472	0.75062
473	0.75121
475	0.75144
476	0.75134
477	0.75098
478	0.75045
479	0.7493
480	0.74833
481	0.7467
482	0.74474
483	0.74234
484	0.7398
485	0.73712
486	0.73495
487	0.73224
488	0.72992
489	0.72766
490	0.72559
491	0.72399
492	0.72292
493	0.72237
494	0.7225
496	0.72324
497	0.72457
498	0.72587
499	0.72801
500	0.73005
501	0.73256
502	0.73524
503	0.73805
504	0.74084
505	0.74357
506	0.74614
507	0.74843
508	0.75043
509	0.75214
510	0.7537
511	0.75511
512	0.75634
513	0.75727
514	0.75783
515	0.75809
517	0.75802
518	0.75766
519	0.75702
520	0.75566
521	0.75441
522	0.75288
523	0.75109
524	0.74899
525	0.74659
526	0.74392
527	0.74103
528	0.73832
529	0.73523
530	0.73222
531	0.72975
532	0.72725
533	0.72499
534	0.72314
535	0.72192
536	0.72136
538	0.72163
539	0.72229
540	0.72312
541	0.72473
542	0.72663
543	0.72884
544	0.73113
545	0.73367
546	0.73625
547	0.73872
548	0.74108
549	0.7431
550	0.74519
551	0.74712
552	0.74884
553	0.75043
554	0.75182
555	0.75307
556	0.75399
557	0.75472
559	0.75527
560	0.75549
561	0.75578
562	0.75528
563	0.75447
564	0.75334
565	0.75189
566	0.75017
567	0.74807
568	0.74581
569	0.74323
570	0.74038
571	0.73766
572	0.7344
573	0.73176
574	0.7293
575	0.72725
576	0.72563
577	0.72456
578	0.7241
580	0.72426
581	0.72501
582	0.72619
583	0.72752
584	0.72932
585	0.73131
586	0.73356
587	0.73585
588	0.73818
589	0.74046
590	0.74261
591	0.74455
592	0.74633
593	0.74803
594	0.74967
595	0.75122
596	0.75263
597	0.7539
598	0.755
599	0.75593
601	0.75667
602	0.75721
603	0.75751
604	0.75661
605	0.75618
606	0.75541
607	0.75507
608	0.75363
609	0.75198
610	0.75029
611	0.74821
612	0.74609
613	0.74385
614	0.74167
615	0.7407
616	0.73925
617	0.73794
618	0.73597
619	0.73489
620	0.73394
622	0.73292
623	0.73238
624	0.73198
625	0.73186
626	0.73194
627	0.73207
628	0.73246
629	0.73334
630	0.73444
631	0.73606
632	0.73765
633	0.73968
634	0.74142
635	0.7432
636	0.74496
637	0.74665
638	0.74822
639	0.7495
640	0.75047
641	0.75139
643	0.75194
644	0.75257
645	0.75282
646	0.75321
647	0.75343
648	0.75374
649	0.75359
650	0.75327
651	0.75274
652	0.75201
653	0.75109
654	0.74997
655	0.74868
656	0.74722
657	0.74546
658	0.74354
659	0.74142
660	0.73939
661	0.73734
662	0.73528
664	0.73345
665	0.73186
666	0.73054
667	0.72966
668	0.72913
669	0.72911
670	0.72951
671	0.73011
672	0.73122
673	0.73266
674	0.73446
675	0.73702
676	0.73899
677	0.74102
678	0.74412
679	0.74614
680	0.74815
681	0.74988
682	0.75112
683	0.75221
685	0.75305
686	0.75394
687	0.75385
688	0.75402
689	0.7541
690	0.75252
691	0.75176
692	0.75072
693	0.74961
694	0.74861
695	0.74736
696	0.74599
697	0.7441
698	0.74202
699	0.74032
700	0.73822
701	0.7362
702	0.73434
703	0.73255
704	0.73102
706	0.72987
707	0.72891
708	0.72816
709	0.72785
710	0.72807
711	0.72832
712	0.72901
713	0.73026
714	0.73163
715	0.73311
716	0.73474
717	0.73632
718	0.7381
719	0.7399
720	0.74194
721	0.74353
722	0.745
723	0.7463
724	0.74728
725	0.74811
727	0.74889
728	0.74937
729	0.74962
730	0.74962
731	0.74923
732	0.74867
733	0.74808
734	0.74728
735	0.74637
736	0.74498
737	0.74372
738	0.74229
739	0.7407
740	0.73893
741	0.7371
742	0.73527
743	0.73302
744	0.73094
745	0.729
746	0.7274
748	0.72631
749	0.7252
750	0.72436
751	0.72392
752	0.72394
753	0.72498
754	0.72593
755	0.7271
756	0.72863
757	0.73036
758	0.73214
759	0.73407
760	0.73602
761	0.73796
762	0.73982
763	0.74153
764	0.74235
765	0.74368
766	0.74499
767	0.74608
769	0.74699
770	0.74784
771	0.74833
772	0.74882
773	0.74893
774	0.74883
775	0.74852
776	0.74809
777	0.74735
778	0.7464
779	0.74515
780	0.74279
781	0.74014
782	0.73756
783	0.73478
784	0.73226
785	0.72991
786	0.72779
787	0.7259
788	0.7245
790	0.72351
791	0.72308
792	0.72401
793	0.72526
794	0.72697
795	0.72897
796	0.73117
797	0.73349
798	0.73584
799	0.73823
800	0.74042
801	0.74245
802	0.7443
803	0.74592
804	0.74827
805	0.74944
806	0.75037
807	0.75111
808	0.75163
809	0.75194
811	0.75205
812	0.75195
813	0.75163
814	0.75106
815	0.75072
816	0.7488
817	0.74748
818	0.7457
819	0.74318
820	0.74081
821	0.73838
822	0.73592
823	0.73337
824	0.73082
825	0.72817
826	0.7253
827	0.7231
828	0.7214
829	0.72026
830	0.72018
832	0.72023
833	0.72054
834	0.72122
835	0.72242
836	0.72398
837	0.72608
838	0.72824
839	0.73063
840	0.73285
841	0.73443
842	0.73653
843	0.73786
844	0.73954
845	0.74105
846	0.74249
847	0.74374
848	0.74472
849	0.74559
850	0.74619
851	0.74665
853	0.74756
854	0.74753
855	0.74794
856	0.7476
857	0.74697
858	0.74584
859	0.74443
860	0.74274
861	0.74076
862	0.73855
863	0.73612
864	0.73355
865	0.73091
866	0.72823
867	0.72575
868	0.72349
869	0.72157
870	0.72007
871	0.71907
872	0.71863
874	0.71877
875	0.71949
876	0.72076
877	0.7225
878	0.72465
879	0.72698
880	0.7294
881	0.73197
882	0.73445
883	0.73662
884	0.73892
885	0.74115
886	0.7432
887	0.74493
888	0.74633
889	0.74739
890	0.74852
891	0.74913
892	0.74939
893	0.74938
895	0.74926
896	0.74852
897	0.74731
898	0.74572
899	0.74386
900	0.7418
901	0.73955
902	0.73693
903	0.73456
904	0.73223
905	0.73007
906	0.72815
907	0.72658
908	0.72541
909	0.72472
910	0.72454
911	0.72489
912	0.72576
913	0.7271
914	0.72881
916	0.73082
917	0.73292
918	0.73536
919	0.73785
920	0.7403
921	0.74231
922	0.74431
923	0.74623
924	0.74788
925	0.74929
926	0.75049
927	0.75135
928	0.75227
929	0.75277
930	0.75306
931	0.75316
932	0.75347
933	0.75336
934	0.75288
935	0.75244
937	0.75152
938	0.75035
939	0.74906
940	0.7474
941	0.7455
942	0.74339
943	0.74113
944	0.7387
945	0.73635
946	0.73408
947	0.73173
948	0.72998
949	0.72855
950	0.72745
951	0.72692
952	0.72694
953	0.72748
954	0.72853
955	0.72989
956	0.7317
958	0.73379
959	0.73619
960	0.73835
961	0.74082
962	0.74335
963	0.74564
964	0.74771
965	0.74954
966	0.75105
967	0.75271
968	0.75386
969	0.75482
970	0.75543
971	0.7562
972	0.75629
973	0.75629
974	0.75617
975	0.75582
976	0.7552
977	0.75427
979	0.75307
980	0.75162
981	0.75046
982	0.7486
983	0.74658
984	0.74452
985	0.7422
986	0.73975
987	0.73734
988	0.73514
989	0.73346
990	0.73198
991	0.73113
992	0.73024
993	0.73034
994	0.73056
995	0.73149
996	0.73295
997	0.73481
998	0.73695
1000	0.73931
0	0.46081
1	0.45963
2	0.45862
3	0.45743
4	0.45632
5	0.4554
6	0.45471
7	0.45418
8	0.45424
9	0.45411
10	0.4543
11	0.45443
13	0.45456
14	0.45529
15	0.45637
16	0.45765
17	0.45901
18	0.46036
19	0.46173
20	0.46305
21	0.46432
22	0.46547
23	0.46653
24	0.46798
25	0.46885
26	0.46938
27	0.46975
28	0.47
29	0.4701
30	0.47042
31	0.47028
32	0.47001
34	0.46955
35	0.46903
36	0.46832
37	0.46713
38	0.46619
39	0.46521
40	0.46414
41	0.46301
42	0.46151
43	0.46032
44	0.45905
45	0.45799
46	0.45697
47	0.45598
48	0.4556
49	0.45501
50	0.45458
51	0.45424
52	0.45423
53	0.4544
55	0.45467
56	0.45521
57	0.4558
58	0.4566
59	0.45754
60	0.45841
61	0.45932
62	0.46019
63	0.4612
64	0.46196
65	0.4627
66	0.46338
67	0.46395
68	0.46431
69	0.46434
70	0.46434
71	0.46426
72	0.46404
73	0.46378
74	0.46319
76	0.46259
77	0.4621
78	0.46112
79	0.46004
80	0.45899
81	0.45798
82	0.45683
83	0.45571
84	0.45467
85	0.45356
86	0.45267
87	0.45198
88	0.45109
89	0.45082
90	0.4507
91	0.45076
92	0.45103
93	0.45155
94	0.45224
95	0.4532
97	0.45421
98	0.45528
99	0.45639
100	0.45749
101	0.45855
102	0.45963
103	0.46064
104	0.46154
105	0.46233
106	0.46301
107	0.46365
108	0.46403
109	0.46432
110	0.46438
111	0.46431
112	0.46424
113	0.46401
114	0.46355
115	0.46304
116	0.46242
118	0.46168
119	0.46066
120	0.45956
121	0.45854
122	0.45744
123	0.45643
124	0.45521
125	0.45416
126	0.4532
127	0.45222
128	0.45138
129	0.45067
130	0.45007
131	0.44989
132	0.4497
133	0.44996
134	0.45029
135	0.45056
136	0.45126
137	0.45221
139	0.45342
140	0.45469
141	0.45604
142	0.45741
143	0.45878
144	0.46016
145	0.46126
146	0.46239
147	0.46375
148	0.46463
149	0.46535
150	0.46584
151	0.46619
152	0.46642
153	0.46651
154	0.46647
155	0.46629
156	0.46599
157	0.46555
158	0.46498
160	0.46428
161	0.4636
162	0.46263
163	0.46129
164	0.46008
165	0.45845
166	0.4571
167	0.4556
168	0.45404
169	0.4525
170	0.45183
171	0.45122
172	0.45072
173	0.45069
174	0.45116
175	0.45166
176	0.45273
177	0.45367
178	0.45497
179	0.45636
181	0.45799
182	0.45891
183	0.45984
184	0.46074
185	0.46143
186	0.46201
187	0.46251
188	0.46304
189	0.46332
190	0.46334
191	0.46307
192	0.46296
193	0.46248
194	0.46244
195	0.46218
196	0.46186
197	0.46141
198	0.46075
199	0.45983
200	0.45899
202	0.45806
203	0.45734
204	0.45626
205	0.45578
206	0.45451
207	0.4534
208	0.45244
209	0.45172
210	0.4513
211	0.45118
212	0.45127
213	0.45175
214	0.45254
215	0.45354
216	0.45444
217	0.45586
218	0.4574
219	0.45903
220	0.46059
221	0.4622
223	0.4636
224	0.46493
225	0.46615
226	0.46718
227	0.46813
228	0.46889
229	0.46948
230	0.4699
231	0.47011
232	0.47018
233	0.46994
234	0.46943
235	0.46893
236	0.46824
237	0.4675
238	0.46663
239	0.46572
240	0.4648
241	0.46393
242	0.46296
244	0.46203
245	0.46105
246	0.46036
247	0.45931
248	0.45896
249	0.45828
250	0.45771
251	0.45708
252	0.45683
253	0.45668
254	0.45665
255	0.45689
256	0.45745
257	0.45823
258	0.45943
259	0.46023
260	0.46165
261	0.46304
262	0.46465
263	0.46598
265	0.46727
266	0.46865
267	0.46987
268	0.47094
269	0.47163
270	0.47167
271	0.4714
272	0.47072
273	0.46989
274	0.46878
275	0.46754
276	0.46609
277	0.46421
278	0.46251
279	0.46073
280	0.45914
281	0.45807
282	0.45717
283	0.45634
284	0.45556
286	0.4549
287	0.4543
288	0.45388
289	0.45395
290	0.45394
291	0.45414
292	0.45478
293	0.45547
294	0.45642
295	0.45765
296	0.45916
297	0.46083
298	0.46255
299	0.46429
300	0.46588
301	0.46755
302	0.46882
303	0.46964
304	0.47031
305	0.47066
307	0.47078
308	0.47035
309	0.47001
310	0.46951
311	0.46884
312	0.46808
313	0.46698
314	0.46634
315	0.46523
316	0.46413
317	0.46294
318	0.46161
319	0.46054
320	0.45921
321	0.45795
322	0.45679
323	0.45581
324	0.45501
325	0.45407
326	0.45377
328	0.4535
329	0.45356
330	0.45392
331	0.45442
332	0.45514
333	0.45613
334	0.45731
335	0.45855
336	0.45982
337	0.46116
338	0.46234
339	0.46361
340	0.46469
341	0.4657
342	0.46666
343	0.46747
344	0.46805
345	0.46894
346	0.46954
347	0.46971
349	0.46961
350	0.46947
351	0.46919
352	0.46879
353	0.46826
354	0.46759
355	0.46678
356	0.46613
357	0.46456
358	0.46302
359	0.46163
360	0.45948
361	0.45795
362	0.45641
363	0.45502
364	0.45365
365	0.45255
366	0.4515
367	0.45048
368	0.44995
370	0.44963
371	0.44967
372	0.45071
373	0.45139
374	0.45182
375	0.45296
376	0.45417
377	0.45546
378	0.45686
379	0.45819
380	0.45959
381	0.46112
382	0.46241
383	0.46368
384	0.46481
385	0.46617
386	0.46688
387	0.46753
388	0.46795
389	0.46835
391	0.46859
392	0.46863
393	0.4684
394	0.46821
395	0.46781
396	0.46715
397	0.46651
398	0.46556
399	0.46452
400	0.46327
401	0.46184
402	0.46031
403	0.4587
404	0.45707
405	0.45542
406	0.45383
407	0.45246
408	0.45127
409	0.45035
410	0.44971
412	0.44945
413	0.44951
414	0.44991
415	0.45063
416	0.45164
417	0.45287
418	0.45427
419	0.4558
420	0.45734
421	0.45893
422	0.46047
423	0.46191
424	0.46324
425	0.46442
426	0.46609
427	0.46695
428	0.46766
429	0.4682
430	0.46892
431	0.46918
433	0.46928
434	0.46929
435	0.46913
436	0.46886
437	0.46845
438	0.46725
439	0.46651
440	0.46565
441	0.46453
442	0.46295
443	0.4615
444	0.46002
445	0.45831
446	0.45658
447	0.45497
448	0.4533
449	0.45189
450	0.45061
451	0.44956
452	0.44879
454	0.44838
455	0.44834
456	0.44848
457	0.4491
458	0.45006
459	0.45119
460	0.45257
461	0.454
462	0.45559
463	0.45719
464	0.45891
465	0.46049
466	0.46173
467	0.46335
468	0.46425
469	0.46529
470	0.4662
471	0.46711
472	0.46778
473	0.46827
475	0.46851
476	0.46855
477	0.46845
478	0.46829
479	0.46762
480	0.46726
481	0.46635
482	0.46521
483	0.46373
484	0.46214
485	0.46045
486	0.45927
487	0.45754
488	0.45616
489	0.45473
490	0.45338
491	0.45233
492	0.45163
493	0.45125
494	0.45133
496	0.45182
497	0.45269
498	0.4534
499	0.45493
500	0.45629
501	0.45805
502	0.45993
503	0.46191
504	0.46382
505	0.46562
506	0.46726
507	0.46872
508	0.46998
509	0.47103
510	0.47189
511	0.47265
512	0.47332
513	0.4738
514	0.47402
515	0.47412
517	0.47408
518	0.47391
519	0.47356
520	0.4726
521	0.47186
522	0.47094
523	0.46989
524	0.46863
525	0.46717
526	0.46552
527	0.46371
528	0.46212
529	0.46016
530	0.45824
531	0.45678
532	0.45518
533	0.45366
534	0.45238
535	0.45153
536	0.45111
538	0.45124
539	0.4516
540	0.45191
541	0.45286
542	0.45402
543	0.45544
544	0.45687
545	0.45853
546	0.46022
547	0.46183
548	0.46335
549	0.46465
550	0.46598
551	0.46725
552	0.46838
553	0.46941
554	0.4703
555	0.47102
556	0.47162
557	0.47213
559	0.47259
560	0.47283
561	0.47326
562	0.47311
563	0.47276
564	0.47218
565	0.4714
566	0.47044
567	0.46932
568	0.468
569	0.46642
570	0.46459
571	0.46289
572	0.46062
573	0.45889
574	0.45722
575	0.45582
576	0.45468
577	0.45387
578	0.45345
580	0.45341
581	0.45379
582	0.45446
583	0.45517
584	0.45626
585	0.45747
586	0.4589
587	0.46035
588	0.46187
589	0.46337
590	0.46479
591	0.46611
592	0.4673
593	0.46844
594	0.46955
595	0.4706
596	0.47157
597	0.47243
598	0.47319
599	0.47383
601	0.47434
602	0.47473
603	0.47493
604	0.47406
605	0.47379
606	0.47329
607	0.4731
608	0.47216
609	0.4711
610	0.47007
611	0.46871
612	0.46733
613	0.46584
614	0.46438
615	0.464
616	0.46308
617	0.46227
618	0.46098
619	0.4603
620	0.45967
622	0.4589
623	0.45853
624	0.45825
625	0.45819
626	0.45828
627	0.45839
628	0.45866
629	0.4593
630	0.46006
631	0.46125
632	0.46232
633	0.4638
634	0.46494
635	0.46612
636	0.46729
637	0.46842
638	0.46945
639	0.47025
640	0.47079
641	0.47134
643	0.47157
644	0.47195
645	0.47201
646	0.47228
647	0.47243
648	0.47257
649	0.47249
650	0.47231
651	0.47198
652	0.47152
653	0.47093
654	0.47021
655	0.46938
656	0.46842
657	0.46722
658	0.46588
659	0.46454
660	0.46313
661	0.46167
662	0.46016
664	0.45884
665	0.45767
666	0.45669
667	0.45602
668	0.45559
669	0.45554
670	0.45579
671	0.45611
672	0.45682
673	0.45778
674	0.45902
675	0.46095
676	0.46227
677	0.46363
678	0.466
679	0.46732
680	0.46868
681	0.46982
682	0.47053
683	0.47116
685	0.47162
686	0.47221
687	0.4719
688	0.47192
689	0.47195
690	0.47046
691	0.46987
692	0.46906
693	0.46827
694	0.46765
695	0.46685
696	0.466
697	0.4647
698	0.46324
699	0.46221
700	0.46078
701	0.45944
702	0.45824
703	0.45706
704	0.45607
706	0.45538
707	0.45475
708	0.45424
709	0.45403
710	0.45421
711	0.4543
712	0.45471
713	0.45557
714	0.45647
715	0.4574
716	0.45843
717	0.45939
718	0.46055
719	0.46173
720	0.46319
721	0.46424
722	0.46522
723	0.46608
724	0.46669
725	0.4672
727	0.46774
728	0.46803
729	0.46817
730	0.46812
731	0.46776
732	0.46731
733	0.46689
734	0.46634
735	0.46575
736	0.46477
737	0.46398
738	0.46311
739	0.46214
740	0.46106
741	0.45996
742	0.45889
743	0.45741
744	0.45608
745	0.45485
746	0.45389
748	0.45335
749	0.45267
750	0.45212
751	0.45182
752	0.45184
753	0.45272
754	0.45336
755	0.45411
756	0.45509
757	0.45621
758	0.45731
759	0.45852
760	0.45976
761	0.46099
762	0.46218
763	0.46326
764	0.46351
765	0.46434
766	0.4652
767	0.46594
769	0.46655
770	0.46717
771	0.46751
772	0.46792
773	0.46802
774	0.46798
775	0.46782
776	0.46761
777	0.46718
778	0.4666
779	0.4658
780	0.4643
781	0.46253
782	0.46086
783	0.45898
784	0.45733
785	0.45578
786	0.45437
787	0.45308
788	0.45214
790	0.45147
791	0.45118
792	0.45178
793	0.45257
794	0.4537
795	0.45503
796	0.4565
797	0.45805
798	0.45962
799	0.46124
800	0.46271
801	0.46407
802	0.46532
803	0.46641
804	0.46829
805	0.46908
806	0.46971
807	0.47022
808	0.47058
809	0.47082
811	0.47094
812	0.47091
813	0.47076
814	0.47044
815	0.47043
816	0.46895
817	0.46815
818	0.467
819	0.4652
820	0.46362
821	0.46204
822	0.46047
823	0.45884
824	0.45719
825	0.45539
826	0.45331
827	0.45179
828	0.45066
829	0.44992
830	0.45007
832	0.45017
833	0.45037
834	0.45076
835	0.45153
836	0.45253
837	0.45396
838	0.45539
839	0.45701
840	0.45844
841	0.45926
842	0.46063
843	0.46128
844	0.46234
845	0.46332
846	0.4643
847	0.46517
848	0.46585
849	0.46648
850	0.46694
851	0.46732
853	0.46822
854	0.46827
855	0.46885
856	0.46877
857	0.46849
858	0.46781
859	0.46694
860	0.46589
861	0.46466
862	0.46327
863	0.46172
864	0.46007
865	0.45836
866	0.4566
867	0.45497
868	0.45349
869	0.45221
870	0.4512
871	0.45051
872	0.45019
874	0.45025
875	0.4507
876	0.4515
877	0.45262
878	0.45401
879	0.45547
880	0.45697
881	0.45858
882	0.46011
883	0.46136
884	0.4628
885	0.46424
886	0.46556
887	0.46668
888	0.46757
889	0.46825
890	0.46912
891	0.4696
892	0.46983
893	0.46991
895	0.47
896	0.46958
897	0.46881
898	0.46779
899	0.46659
900	0.46526
901	0.4638
902	0.46199
903	0.46043
904	0.45889
905	0.45745
906	0.45617
907	0.4551
908	0.4543
909	0.45381
910	0.45367
911	0.45387
912	0.4544
913	0.45526
914	0.45634
916	0.45761
917	0.45888
918	0.46047
919	0.46207
920	0.46366
921	0.46484
922	0.46607
923	0.4673
924	0.46836
925	0.46925
926	0.47002
927	0.47054
928	0.4712
929	0.47151
930	0.47169
931	0.47175
932	0.47208
933	0.47206
934	0.47176
935	0.47157
937	0.47099
938	0.47024
939	0.46946
940	0.46841
941	0.46718
942	0.46581
943	0.46435
944	0.46273
945	0.46119
946	0.45971
947	0.45808
948	0.45696
949	0.45606
950	0.45534
951	0.45502
952	0.4551
953	0.45553
954	0.45631
955	0.45725
956	0.45851
958	0.45995
959	0.46163
960	0.46302
961	0.46471
962	0.46647
963	0.46803
964	0.46942
965	0.47065
966	0.47162
967	0.47283
968	0.4736
969	0.47426
970	0.47464
971	0.47526
972	0.47526
973	0.47524
974	0.47515
975	0.47491
976	0.47447
977	0.47381
979	0.47296
980	0.47193
981	0.47128
982	0.47002
983	0.46864
984	0.4673
985	0.46574
986	0.46406
987	0.46241
988	0.46093
989	0.45986
990	0.45885
991	0.45832
992	0.45757
993	0.45766
994	0.45771
995	0.4583
996	0.45928
997	0.46053
998	0.46198
1000	0.46355
0	0.2114
1	0.21088
2	0.21053
3	0.20997
4	0.20945
5	0.20904
6	0.20877
7	0.20857
8	0.20884
9	0.2088
10	0.20895
11	0.20892
13	0.20877
14	0.20912
15	0.20974
16	0.21049
17	0.21127
18	0.21202
19	0.21277
20	0.21349
21	0.21419
22	0.2148
23	0.21538
24	0.2164
25	0.21691
26	0.21715
27	0.2173
28	0.21738
29	0.2174
30	0.21769
31	0.2176
32	0.21745
34	0.21718
35	0.21691
36	0.21652
37	0.21571
38	0.21521
39	0.21474
40	0.21421
41	0.21367
42	0.2128
43	0.21225
44	0.21163
45	0.21119
46	0.21077
47	0.21032
48	0.2104
49	0.21019
50	0.21003
51	0.20986
52	0.2099
53	0.21001
55	0.21011
56	0.21038
57	0.21062
58	0.211
59	0.21147
60	0.21183
61	0.21222
62	0.21257
63	0.21308
64	0.21337
65	0.21368
66	0.21398
67	0.21422
68	0.21439
69	0.2143
70	0.21427
71	0.21427
72	0.21419
73	0.21417
74	0.2139
76	0.2137
77	0.21369
78	0.21326
79	0.2128
80	0.21234
81	0.21195
82	0.21142
83	0.21091
84	0.21045
85	0.20986
86	0.20942
87	0.20911
88	0.20849
89	0.20838
90	0.20829
91	0.20827
92	0.20835
93	0.20857
94	0.20886
95	0.20935
97	0.20983
98	0.21032
99	0.21082
100	0.21131
101	0.21178
102	0.2123
103	0.21278
104	0.2132
105	0.21356
106	0.21387
107	0.21421
108	0.21436
109	0.21448
110	0.21444
111	0.21434
112	0.2143
113	0.21418
114	0.2139
115	0.21363
116	0.21332
118	0.21295
119	0.21236
120	0.21174
121	0.21125
122	0.21071
123	0.2103
124	0.20969
125	0.20923
126	0.20884
127	0.20839
128	0.20801
129	0.20769
130	0.20737
131	0.20737
132	0.20724
133	0.20743
134	0.20758
135	0.20755
136	0.20787
137	0.20834
139	0.20901
140	0.20969
141	0.21042
142	0.21114
143	0.21189
144	0.21267
145	0.2132
146	0.2138
147	0.21469
148	0.21516
149	0.21554
150	0.21576
151	0.21592
152	0.21602
153	0.21606
154	0.21604
155	0.21597
156	0.21584
157	0.21565
158	0.2154
160	0.21509
161	0.21488
162	0.21445
163	0.21371
164	0.21316
165	0.21222
166	0.2116
167	0.21082
168	0.20998
169	0.20911
170	0.20882
171	0.20846
172	0.20806
173	0.20798
174	0.20825
175	0.20841
176	0.209
177	0.20935
178	0.20996
179	0.21058
181	0.21139
182	0.21169
183	0.21205
184	0.21242
185	0.21267
186	0.21287
187	0.21306
188	0.21335
189	0.21347
190	0.2134
191	0.21312
192	0.21306
193	0.21271
194	0.21272
195	0.21272
196	0.21275
197	0.21271
198	0.21254
199	0.21218
200	0.21196
202	0.21168
203	0.21166
204	0.21127
205	0.21147
206	0.211
207	0.21046
208	0.20998
209	0.20961
210	0.2094
211	0.20933
212	0.20932
213	0.20953
214	0.2099
215	0.21034
216	0.21057
217	0.21123
218	0.21194
219	0.2127
220	0.21339
221	0.21414
223	0.21472
224	0.21529
225	0.21582
226	0.21623
227	0.21664
228	0.21696
229	0.21718
230	0.21732
231	0.21733
232	0.21731
233	0.2171
234	0.21672
235	0.21644
236	0.21604
237	0.21566
238	0.2152
239	0.21472
240	0.21426
241	0.21383
242	0.21346
244	0.21317
245	0.21285
246	0.21279
247	0.21236
248	0.21251
249	0.21236
250	0.21224
251	0.212
252	0.21206
253	0.21215
254	0.21211
255	0.21215
256	0.21236
257	0.21263
258	0.21323
259	0.21339
260	0.21404
261	0.21461
262	0.2154
263	0.21592
265	0.21644
266	0.21709
267	0.21765
268	0.21813
269	0.21843
270	0.21842
271	0.21826
272	0.21783
273	0.21737
274	0.21676
275	0.21612
276	0.21537
277	0.21425
278	0.21336
279	0.21243
280	0.21159
281	0.21097
282	0.21045
283	0.21006
284	0.20971
286	0.20943
287	0.20911
288	0.20895
289	0.20906
290	0.20911
291	0.20929
292	0.20982
293	0.21031
294	0.211
295	0.21171
296	0.21254
297	0.2134
298	0.21432
299	0.21517
300	0.2161
301	0.21692
302	0.21757
303	0.21787
304	0.21814
305	0.21821
307	0.21818
308	0.21778
309	0.21761
310	0.21737
311	0.21708
312	0.21671
313	0.2162
314	0.21609
315	0.21557
316	0.2151
317	0.21457
318	0.21394
319	0.21357
320	0.21294
321	0.21233
322	0.21178
323	0.21132
324	0.21095
325	0.21033
326	0.21011
328	0.20988
329	0.2099
330	0.21013
331	0.2104
332	0.21078
333	0.21131
334	0.2119
335	0.21252
336	0.21315
337	0.21382
338	0.21447
339	0.21517
340	0.21567
341	0.21612
342	0.21657
343	0.21694
344	0.21718
345	0.21778
346	0.21824
347	0.21834
349	0.21827
350	0.2182
351	0.21807
352	0.21787
353	0.21762
354	0.21731
355	0.21693
356	0.21678
357	0.21585
358	0.21494
359	0.21421
360	0.21277
361	0.21195
362	0.21113
363	0.21041
364	0.20967
365	0.20912
366	0.20851
367	0.20782
368	0.20748
370	0.2072
371	0.20714
372	0.20793
373	0.20823
374	0.20815
375	0.2087
376	0.20924
377	0.2098
378	0.21047
379	0.21106
380	0.21174
381	0.21257
382	0.21323
383	0.21393
384	0.21456
385	0.21552
386	0.21589
387	0.21627
388	0.21651
389	0.2168
391	0.217
392	0.21709
393	0.21699
394	0.217
395	0.21687
396	0.21658
397	0.21639
398	0.21597
399	0.21553
400	0.21497
401	0.2143
402	0.21356
403	0.21278
404	0.21199
405	0.21115
406	0.21033
407	0.20965
408	0.20903
409	0.20855
410	0.20821
412	0.20806
413	0.20807
414	0.20825
415	0.20859
416	0.20908
417	0.20966
418	0.21033
419	0.21106
420	0.21176
421	0.21251
422	0.21323
423	0.2139
424	0.2145
425	0.21504
426	0.21601
427	0.21637
428	0.21667
429	0.2169
430	0.21739
431	0.2175
433	0.21754
434	0.21756
435	0.2175
436	0.21741
437	0.21726
438	0.21653
439	0.21623
440	0.2159
441	0.21539
442	0.21451
443	0.21384
444	0.21319
445	0.21236
446	0.21152
447	0.21079
448	0.20994
449	0.20926
450	0.20861
451	0.20802
452	0.20756
454	0.20726
455	0.20714
456	0.207
457	0.20716
458	0.2075
459	0.20786
460	0.20837
461	0.20887
462	0.20948
463	0.2101
464	0.21087
465	0.21157
466	0.21198
467	0.21279
468	0.21305
469	0.21355
470	0.21401
471	0.21457
472	0.21502
473	0.2154
475	0.21563
476	0.21575
477	0.21583
478	0.21596
479	0.21575
480	0.21589
481	0.21558
482	0.21514
483	0.21447
484	0.21372
485	0.21291
486	0.21265
487	0.21182
488	0.21131
489	0.21067
490	0.21
491	0.20949
492	0.20914
493	0.20894
494	0.20898
496	0.20922
497	0.20967
498	0.20976
499	0.21053
500	0.21108
501	0.21197
502	0.21293
503	0.21389
504	0.21482
505	0.21569
506	0.21648
507	0.21717
508	0.21776
509	0.21825
510	0.21864
511	0.21896
512	0.21927
513	0.21946
514	0.21958
515	0.21965
517	0.21966
518	0.21961
519	0.21947
520	0.21881
521	0.21846
522	0.21804
523	0.21758
524	0.21702
525	0.21635
526	0.21558
527	0.21473
528	0.21414
529	0.21319
530	0.21228
531	0.21175
532	0.21099
533	0.21018
534	0.20944
535	0.20893
536	0.20864
538	0.20845
539	0.2085
540	0.20832
541	0.2086
542	0.20904
543	0.20967
544	0.21027
545	0.21106
546	0.21187
547	0.21263
548	0.21334
549	0.21408
550	0.21468
551	0.21532
552	0.21593
553	0.21644
554	0.21687
555	0.21706
556	0.21736
557	0.21767
559	0.21802
560	0.21827
561	0.21858
562	0.2187
563	0.21871
564	0.2186
565	0.21838
566	0.21807
567	0.21784
568	0.21734
569	0.21666
570	0.21577
571	0.21501
572	0.21397
573	0.21311
574	0.21222
575	0.21146
576	0.21079
577	0.21027
578	0.20992
580	0.20974
581	0.20976
582	0.20999
583	0.21017
584	0.21062
585	0.21113
586	0.2118
587	0.21249
588	0.21324
589	0.21402
590	0.21477
591	0.21547
592	0.21615
593	0.21674
594	0.21724
595	0.21777
596	0.21827
597	0.21871
598	0.2191
599	0.21939
601	0.21965
602	0.21984
603	0.21997
604	0.21914
605	0.21902
606	0.21887
607	0.2188
608	0.21835
609	0.21787
610	0.2175
611	0.2169
612	0.21629
613	0.21556
614	0.2148
615	0.215
616	0.21456
617	0.21419
618	0.21357
619	0.21324
620	0.21291
622	0.21237
623	0.21217
624	0.21199
625	0.21197
626	0.21206
627	0.21215
628	0.21236
629	0.21283
630	0.21329
631	0.21408
632	0.21468
633	0.21562
634	0.21619
635	0.21679
636	0.21737
637	0.21794
638	0.21844
639	0.21875
640	0.21885
641	0.21902
643	0.21892
644	0.21905
645	0.2189
646	0.21904
647	0.21911
648	0.2191
649	0.21906
650	0.21895
651	0.2188
652	0.21859
653	0.2183
654	0.21796
655	0.21755
656	0.21707
657	0.2164
658	0.21565
659	0.21507
660	0.21427
661	0.21349
662	0.21258
664	0.2118
665	0.21112
666	0.21054
667	0.21017
668	0.20993
669	0.20993
670	0.21011
671	0.21024
672	0.21064
673	0.21118
674	0.21191
675	0.21327
676	0.21397
677	0.21469
678	0.21589
679	0.21653
680	0.21726
681	0.21781
682	0.218
683	0.21817
685	0.21825
686	0.21851
687	0.21799
688	0.21787
689	0.21783
690	0.21689
691	0.21644
692	0.21585
693	0.21534
694	0.21509
695	0.21472
696	0.21436
697	0.21364
698	0.21279
699	0.21241
700	0.21167
701	0.21102
702	0.2105
703	0.20997
704	0.20958
706	0.20941
707	0.20921
708	0.209
709	0.20897
710	0.2092
711	0.20921
712	0.20941
713	0.20994
714	0.21041
715	0.21083
716	0.2113
717	0.21166
718	0.2122
719	0.21278
720	0.21366
721	0.21416
722	0.21464
723	0.21506
724	0.21529
725	0.21549
727	0.21578
728	0.21589
729	0.2159
730	0.2158
731	0.21544
732	0.21507
733	0.2148
734	0.21447
735	0.21417
736	0.21355
737	0.2132
738	0.21284
739	0.21246
740	0.21202
741	0.21162
742	0.21129
743	0.21057
744	0.21
745	0.20949
746	0.2092
748	0.20924
749	0.20904
750	0.20883
751	0.20873
752	0.20881
753	0.20959
754	0.20998
755	0.21034
756	0.21081
757	0.21134
758	0.21177
759	0.21228
760	0.21279
761	0.21332
762	0.21383
763	0.21427
764	0.21395
765	0.21425
766	0.21467
767	0.21503
769	0.21533
770	0.21572
771	0.21589
772	0.2162
773	0.21626
774	0.21627
775	0.21622
776	0.21619
777	0.21601
778	0.21576
779	0.21537
780	0.21465
781	0.21373
782	0.21292
783	0.21192
784	0.21111
785	0.21035
786	0.20966
787	0.20897
788	0.2085
790	0.20817
791	0.20806
792	0.20836
793	0.20872
794	0.20929
795	0.20995
796	0.21069
797	0.21147
798	0.21226
799	0.21312
800	0.21385
801	0.21453
802	0.21516
803	0.21569
804	0.2171
805	0.21749
806	0.21781
807	0.21807
808	0.21826
809	0.2184
811	0.21848
812	0.2185
813	0.21846
814	0.21834
815	0.2186
816	0.21749
817	0.21715
818	0.21654
819	0.21537
820	0.2145
821	0.2137
822	0.21296
823	0.21217
824	0.21137
825	0.2104
826	0.20909
827	0.20824
828	0.20766
829	0.20733
830	0.20772
832	0.2079
833	0.20801
834	0.20814
835	0.20849
836	0.20895
837	0.20973
838	0.21044
839	0.2113
840	0.21195
841	0.212
842	0.21263
843	0.2126
844	0.21304
845	0.21347
846	0.21398
847	0.21445
848	0.21481
849	0.21521
850	0.21549
851	0.21577
853	0.21665
854	0.21674
855	0.21744
856	0.21757
857	0.21759
858	0.21729
859	0.2169
860	0.21643
861	0.21585
862	0.21519
863	0.21445
864	0.21365
865	0.21282
866	0.21192
867	0.21111
868	0.21036
869	0.20972
870	0.2092
871	0.20885
872	0.20867
874	0.20869
875	0.20889
876	0.20928
877	0.20982
878	0.2105
879	0.21115
880	0.21177
881	0.21246
882	0.21308
883	0.21345
884	0.21406
885	0.21474
886	0.21536
887	0.21588
888	0.2163
889	0.21661
890	0.21723
891	0.21756
892	0.21776
893	0.21793
895	0.2182
896	0.21808
897	0.21772
898	0.21723
899	0.21665
900	0.216
901	0.21528
902	0.21424
903	0.21346
904	0.21269
905	0.21196
906	0.2113
907	0.21074
908	0.21032
909	0.21005
910	0.20996
911	0.21004
912	0.21029
913	0.21069
914	0.21119
916	0.21176
917	0.21226
918	0.21302
919	0.21379
920	0.21455
921	0.21495
922	0.21546
923	0.21603
924	0.21651
925	0.21691
926	0.21728
927	0.21748
928	0.21789
929	0.21802
930	0.21809
931	0.21811
932	0.21846
933	0.21852
934	0.21838
935	0.21842
937	0.21815
938	0.2178
939	0.2175
940	0.217
941	0.2164
942	0.21573
943	0.21502
944	0.21418
945	0.21341
946	0.21267
947	0.21174
948	0.21122
949	0.21082
950	0.21045
951	0.21035
952	0.21047
953	0.21078
954	0.21128
955	0.21181
956	0.21253
958	0.21333
959	0.2143
960	0.21494
961	0.21587
962	0.21689
963	0.21774
964	0.21848
965	0.21912
966	0.21958
967	0.22034
968	0.22076
969	0.22114
970	0.2213
971	0.22177
972	0.22168
973	0.22163
974	0.22158
975	0.22144
976	0.22117
977	0.22075
979	0.22021
980	0.21958
981	0.21922
982	0.21851
983	0.21775
984	0.21708
985	0.21624
986	0.21529
987	0.21435
988	0.21355
989	0.21303
990	0.21245
991	0.2122
992	0.21176
993	0.21181
994	0.21166
995	0.2119
996	0.21238
997	0.21302
998	0.21377
1000	0.21456
0	0.006
1	0.006
2	0.006
3	0.006
4	0.006
5	0.006
6	0.006
7	0.006
8	0.006
9	0.006
10	0.006
11	0.006
13	0.006
14	0.006
15	0.006
16	0.00615
17	0.00632
18	0.00646
19	0.00653
20	0.0067
21	0.00686
22	0.00702
23	0.00704
24	0.0071
25	0.00721
26	0.00724
27	0.00718
28	0.00714
29	0.00714
30	0.0074
31	0.00734
32	0.00724
34	0.00709
35	0.00707
36	0.00701
37	0.0069
38	0.00687
39	0.00677
40	0.00669
41	0.00658
42	0.0063
43	0.00626
44	0.00633
45	0.00644
46	0.00659
47	0.00665
48	0.00676
49	0.00685
50	0.00696
51	0.00711
52	0.00721
53	0.00726
55	0.00731
56	0.00718
57	0.00754
58	0.00752
59	0.00754
60	0.00743
61	0.00734
62	0.00723
63	0.0071
64	0.00702
65	0.00697
66	0.00694
67	0.00694
68	0.00653
69	0.00646
70	0.00646
71	0.00655
72	0.00665
73	0.00686
74	0.0069
76	0.00703
77	0.00745
78	0.00745
79	0.00752
80	0.00759
81	0.00768
82	0.00771
83	0.00775
84	0.00781
85	0.0077
86	0.00767
87	0.00768
88	0.00729
89	0.00731
90	0.00722
91	0.00709
92	0.00694
93	0.00684
94	0.00671
95	0.00671
97	0.00665
98	0.00661
99	0.00654
100	0.00648
101	0.0068
102	0.00685
103	0.00693
104	0.00698
105	0.00706
106	0.00719
107	0.00728
108	0.00739
109	0.00745
110	0.00738
111	0.00735
112	0.00695
113	0.00689
114	0.00682
115	0.00677
116	0.00668
118	0.00656
119	0.0063
120	0.00616
121	0.00605
122	0.006
123	0.006
124	0.006
125	0.006
126	0.006
127	0.006
128	0.006
129	0.006
130	0.006
131	0.006
132	0.006
133	0.006
134	0.006
135	0.006
136	0.006
137	0.006
139	0.00621
140	0.00642
141	0.00665
142	0.00692
143	0.00763
144	0.0078
145	0.00809
146	0.00839
147	0.00876
148	0.00883
149	0.00922
150	0.00949
151	0.00962
152	0.00977
153	0.00991
154	0.00927
155	0.00961
156	0.00962
157	0.00958
158	0.00953
160	0.00981
161	0.00958
162	0.00921
163	0.00886
164	0.00849
165	0.00808
166	0.008
167	0.0075
168	0.00719
169	0.00694
170	0.00661
171	0.00626
172	0.0061
173	0.006
174	0.006
175	0.006
176	0.006
177	0.006
178	0.006
179	0.006
181	0.006
182	0.006
183	0.006
184	0.006
185	0.006
186	0.006
187	0.006
188	0.006
189	0.006
190	0.006
191	0.006
192	0.006
193	0.006
194	0.006
195	0.006
196	0.00621
197	0.00635
198	0.00654
199	0.00663
200	0.00672
202	0.00679
203	0.007
204	0.00704
205	0.0074
206	0.00741
207	0.00744
208	0.00725
209	0.00714
210	0.00697
211	0.00689
212	0.0068
213	0.00672
214	0.00652
215	0.00648
216	0.00612
217	0.00611
218	0.00607
219	0.00606
220	0.00603
221	0.00601
223	0.006
224	0.006
225	0.006
226	0.006
227	0.006
228	0.006
229	0.006
230	0.006
231	0.006
232	0.006
233	0.006
234	0.006
235	0.006
236	0.006
237	0.006
238	0.00602
239	0.0061
240	0.00619
241	0.00627
242	0.00633
244	0.00648
245	0.0066
246	0.00679
247	0.00706
248	0.00765
249	0.00785
250	0.00804
251	0.00842
252	0.00856
253	0.00866
254	0.00859
255	0.00845
256	0.00833
257	0.00813
258	0.00786
259	0.00728
260	0.00718
261	0.00728
262	0.00683
263	0.00694
265	0.00719
266	0.00723
267	0.00744
268	0.00779
269	0.00789
270	0.00791
271	0.00791
272	0.00781
273	0.00751
274	0.00749
275	0.00716
276	0.00672
277	0.00668
278	0.00647
279	0.00612
280	0.00602
281	0.006
282	0.006
283	0.006
284	0.006
286	0.006
287	0.006
288	0.006
289	0.006
290	0.006
291	0.006
292	0.00625
293	0.00637
294	0.0066
295	0.0068
296	0.00701
297	0.00716
298	0.00728
299	0.00738
300	0.00747
301	0.00768
302	0.00773
303	0.0075
304	0.00737
305	0.00715
307	0.00695
308	0.00673
309	0.00659
310	0.00647
311	0.00636
312	0.00628
313	0.00607
314	0.00637
315	0.00637
316	0.00643
317	0.00652
318	0.00661
319	0.00666
320	0.00683
321	0.00692
322	0.00707
323	0.00722
324	0.00741
325	0.00722
326	0.00738
328	0.00755
329	0.00767
330	0.00782
331	0.00795
332	0.00794
333	0.00807
334	0.0084
335	0.00842
336	0.00844
337	0.00834
338	0.00828
339	0.00816
340	0.00806
341	0.00788
342	0.00776
343	0.00762
344	0.00767
345	0.00771
346	0.0079
347	0.00776
349	0.00772
350	0.0076
351	0.0075
352	0.00739
353	0.00733
354	0.00727
355	0.00724
356	0.00727
357	0.00677
358	0.00642
359	0.00637
360	0.00633
361	0.00633
362	0.00633
363	0.00633
364	0.00633
365	0.00633
366	0.00633
367	0.00604
368	0.00602
370	0.006
371	0.006
372	0.006
373	0.006
374	0.006
375	0.006
376	0.006
377	0.006
378	0.006
379	0.006
380	0.006
381	0.006
382	0.006
383	0.006
384	0.006
385	0.006
386	0.006
387	0.006
388	0.006
389	0.00602
391	0.00604
392	0.00606
393	0.00635
394	0.0064
395	0.00647
396	0.00657
397	0.00666
398	0.00668
399	0.00671
400	0.00678
401	0.00678
402	0.0068
403	0.00683
404	0.0066
405	0.00664
406	0.00669
407	0.00674
408	0.0067
409	0.0069
410	0.00709
412	0.00725
413	0.00732
414	0.00753
415	0.00778
416	0.00795
417	0.00814
418	0.00828
419	0.00843
420	0.00867
421	0.00868
422	0.00884
423	0.00881
424	0.00897
425	0.00892
426	0.00926
427	0.00911
428	0.00898
429	0.00875
430	0.00878
431	0.00852
433	0.00834
434	0.00799
435	0.00782
436	0.00761
437	0.00746
438	0.00687
439	0.00682
440	0.00677
441	0.00674
442	0.00646
443	0.00647
444	0.00652
445	0.0065
446	0.00696
447	0.00705
448	0.00725
449	0.0073
450	0.00732
451	0.00723
452	0.00721
454	0.00717
455	0.00713
456	0.00703
457	0.00701
458	0.00653
459	0.0064
460	0.00616
461	0.00606
462	0.006
463	0.006
464	0.006
465	0.006
466	0.006
467	0.006
468	0.006
469	0.006
470	0.006
471	0.00616
472	0.00622
473	0.00627
475	0.00627
476	0.00627
477	0.00627
478	0.00627
479	0.00627
480	0.00627
481	0.00627
482	0.00631
483	0.00629
484	0.00625
485	0.00623
486	0.00676
487	0.0068
488	0.00712
489	0.0072
490	0.00731
491	0.00733
492	0.00745
493	0.00758
494	0.00763
496	0.00782
497	0.008
498	0.0077
499	0.00791
500	0.00782
501	0.00792
502	0.008
503	0.00826
504	0.00839
505	0.00847
506	0.00855
507	0.00858
508	0.00859
509	0.00859
510	0.00855
511	0.00846
512	0.00846
513	0.00853
514	0.00877
515	0.00877
517	0.00865
518	0.00849
519	0.00824
520	0.00802
521	0.0078
522	0.00758
523	0.00751
524	0.00741
525	0.00722
526	0.0068
527	0.00657
528	0.00678
529	0.00677
530	0.00685
531	0.00685
532	0.00685
533	0.00685
534	0.00678
535	0.00671
536	0.00662
538	0.00654
539	0.0065
540	0.00618
541	0.00608
542	0.006
543	0.006
544	0.006
545	0.006
546	0.006
547	0.006
548	0.006
549	0.006
550	0.006
551	0.006
552	0.006
553	0.006
554	0.006
555	0.006
556	0.006
557	0.006
559	0.006
560	0.0063
561	0.00671
562	0.007
563	0.00709
564	0.00718
565	0.00726
566	0.00735
567	0.0074
568	0.00742
569	0.00746
570	0.00754
571	0.00741
572	0.00705
573	0.0068
574	0.00671
575	0.00662
576	0.00654
577	0.00645
578	0.0064
580	0.00638
581	0.00634
582	0.00626
583	0.00609
584	0.00604
585	0.006
586	0.006
587	0.006
588	0.006
589	0.006
590	0.006
591	0.006
592	0.006
593	0.006
594	0.006
595	0.006
596	0.006
597	0.006
598	0.006
599	0.006
601	0.006
602	0.006
603	0.006
604	0.006
605	0.006
606	0.006
607	0.00684
608	0.00686
609	0.00694
610	0.00723
611	0.00733
612	0.00748
613	0.00753
614	0.00766
615	0.00769
616	0.00795
617	0.00799
618	0.00719
619	0.00717
620	0.00709
622	0.0068
623	0.0067
624	0.00655
625	0.0065
626	0.00637
627	0.00634
628	0.00624
629	0.00653
630	0.00671
631	0.00711
632	0.00724
633	0.00759
634	0.00766
635	0.00767
636	0.00767
637	0.00767
638	0.00767
639	0.0075
640	0.00727
641	0.00707
643	0.00672
644	0.00672
645	0.00654
646	0.00661
647	0.00683
648	0.00732
649	0.00804
650	0.00814
651	0.00836
652	0.00849
653	0.00873
654	0.00914
655	0.00923
656	0.00919
657	0.00906
658	0.00882
659	0.00833
660	0.0076
661	0.00751
662	0.00728
664	0.00706
665	0.00681
666	0.00635
667	0.00612
668	0.00616
669	0.00622
670	0.00631
671	0.00662
672	0.00672
673	0.00687
674	0.007
675	0.00766
676	0.00772
677	0.0079
678	0.0089
679	0.00895
680	0.00902
681	0.00893
682	0.00862
683	0.00851
685	0.00836
686	0.00823
687	0.00757
688	0.00752
689	0.00733
690	0.00633
691	0.00612
692	0.006
693	0.006
694	0.006
695	0.006
696	0.006
697	0.006
698	0.006
699	0.006
700	0.006
701	0.006
702	0.006
703	0.006
704	0.00605
706	0.00622
707	0.00627
708	0.00634
709	0.00637
710	0.00639
711	0.00639
712	0.00639
713	0.00639
714	0.00639
715	0.00639
716	0.00634
717	0.00617
718	0.00613
719	0.0061
720	0.00639
721	0.00651
722	0.00663
723	0.00663
724	0.00663
725	0.00663
727	0.00663
728	0.00663
729	0.00663
730	0.00662
731	0.00658
732	0.00626
733	0.00612
734	0.006
735	0.006
736	0.006
737	0.006
738	0.006
739	0.00613
740	0.00619
741	0.00628
742	0.00629
743	0.00657
744	0.00709
745	0.00713
746	0.00734
748	0.00752
749	0.0077
750	0.00785
751	0.00787
752	0.00798
753	0.00869
754	0.00887
755	0.0086
756	0.00808
757	0.00804
758	0.00783
759	0.00765
760	0.00747
761	0.00731
762	0.00717
763	0.007
764	0.0062
765	0.00601
766	0.006
767	0.00616
769	0.00619
770	0.00634
771	0.00639
772	0.00658
773	0.00663
774	0.00669
775	0.00716
776	0.0075
777	0.00761
778	0.00772
779	0.00755
780	0.00753
781	0.00737
782	0.00733
783	0.00714
784	0.00709
785	0.00702
786	0.00656
787	0.00622
788	0.00611
790	0.006
791	0.006
792	0.006
793	0.006
794	0.006
795	0.006
796	0.006
797	0.006
798	0.006
799	0.006
800	0.006
801	0.00613
802	0.00615
803	0.00627
804	0.00712
805	0.0072
806	0.00728
807	0.0074
808	0.00753
809	0.00769
811	0.00779
812	0.00799
813	0.00805
814	0.00852
815	0.00884
816	0.00819
817	0.00824
818	0.00816
819	0.00804
820	0.0079
821	0.00775
822	0.00782
823	0.00769
824	0.00757
825	0.00708
826	0.00664
827	0.00644
828	0.00631
829	0.00631
830	0.00631
832	0.00631
833	0.00631
834	0.00614
835	0.00606
836	0.006
837	0.006
838	0.006
839	0.006
840	0.006
841	0.006
842	0.006
843	0.006
844	0.006
845	0.006
846	0.00622
847	0.00639
848	0.00664
849	0.00696
850	0.0073
851	0.00761
853	0.00793
854	0.00816
855	0.00822
856	0.0093
857	0.00937
858	0.00946
859	0.00967
860	0.00977
861	0.00977
862	0.00976
863	0.00971
864	0.00972
865	0.00981
866	0.01028
867	0.00946
868	0.00974
869	0.00986
870	0.00972
871	0.00955
872	0.00948
874	0.0094
875	0.00942
876	0.00973
877	0.00961
878	0.00922
879	0.00896
880	0.00861
881	0.00818
882	0.00795
883	0.00777
884	0.00752
885	0.00726
886	0.00717
887	0.0068
888	0.00687
889	0.00716
890	0.00745
891	0.00773
892	0.00807
893	0.00847
895	0.00878
896	0.00912
897	0.0094
898	0.00949
899	0.00954
900	0.00955
901	0.00937
902	0.00936
903	0.00934
904	0.00922
905	0.00896
906	0.00879
907	0.00861
908	0.00851
909	0.00839
910	0.00817
911	0.00812
912	0.00795
913	0.00774
914	0.00748
916	0.00726
917	0.00711
918	0.00697
919	0.00682
920	0.00664
921	0.00649
922	0.00638
923	0.00615
924	0.00606
925	0.006
926	0.006
927	0.006
928	0.006
929	0.006
930	0.006
931	0.006
932	0.00607
933	0.00608
934	0.00636
935	0.00659
937	0.00666
938	0.00675
939	0.00678
940	0.0068
941	0.0068
942	0.0068
943	0.0068
944	0.00673
945	0.00672
946	0.00644
947	0.0062
948	0.00624
949	0.00624
950	0.00623
951	0.00633
952	0.0065
953	0.00668
954	0.00691
955	0.00699
956	0.00717
958	0.00732
959	0.00759
960	0.00756
961	0.00775
962	0.00803
963	0.00822
964	0.00836
965	0.00847
966	0.00847
967	0.00886
968	0.00897
969	0.00911
970	0.0091
971	0.00938
972	0.00922
973	0.00914
974	0.00911
975	0.00904
976	0.0089
977	0.00876
979	0.00848
980	0.00838
981	0.00861
982	0.00838
983	0.00818
984	0.00812
985	0.00794
986	0.00767
987	0.00743
988	0.00728
989	0.0072
990	0.00701
991	0.00682
992	0.00629
993	0.00627
994	0.00612
995	0.00605
996	0.006
997	0.006
998	0.006
1000	0.006
0	0.2174
1	0.21688
2	0.21653
3	0.21597
4	0.21545
5	0.21504
6	0.21477
7	0.21457
8	0.21484
9	0.2148
10	0.21495
11	0.21492
13	0.21477
14	0.21512
15	0.21574
16	0.21649
17	0.21727
18	0.21802
19	0.21877
20	0.21949
21	0.22019
22	0.2208
23	0.22138
24	0.2224
25	0.22291
26	0.22315
27	0.2233
28	0.22338
29	0.2234
30	0.22369
31	0.2236
32	0.22345
34	0.22318
35	0.22291
36	0.22252
37	0.22171
38	0.22121
39	0.22074
40	0.22021
41	0.21967
42	0.2188
43	0.21825
44	0.21763
45	0.21719
46	0.21677
47	0.21632
48	0.2164
49	0.21619
50	0.21603
51	0.21586
52	0.2159
53	0.21601
55	0.21611
56	0.21638
57	0.21662
58	0.217
59	0.21747
60	0.21783
61	0.21822
62	0.21857
63	0.21908
64	0.21937
65	0.21968
66	0.21998
67	0.22022
68	0.22039
69	0.2203
70	0.22027
71	0.22027
72	0.22019
73	0.22017
74	0.2199
76	0.2197
77	0.21969
78	0.21926
79	0.2188
80	0.21834
81	0.21795
82	0.21742
83	0.21691
84	0.21645
85	0.21586
86	0.21542
87	0.21511
88	0.21449
89	0.21438
90	0.21429
91	0.21427
92	0.21435
93	0.21457
94	0.21486
95	0.21535
97	0.21583
98	0.21632
99	0.21682
100	0.21731
101	0.21778
102	0.2183
103	0.21878
104	0.2192
105	0.21956
106	0.21987
107	0.22021
108	0.22036
109	0.22048
110	0.22044
111	0.22034
112	0.2203
113	0.22018
114	0.2199
115	0.21963
116	0.21932
118	0.21895
119	0.21836
120	0.21774
121	0.21725
122	0.21671
123	0.2163
124	0.21569
125	0.21523
126	0.21484
127	0.21439
128	0.21401
129	0.21369
130	0.21337
131	0.21337
132	0.21324
133	0.21343
134	0.21358
135	0.21355
136	0.21387
137	0.21434
139	0.21501
140	0.21569
141	0.21642
142	0.21714
143	0.21789
144	0.21867
145	0.2192
146	0.2198
147	0.22069
148	0.22116
149	0.22154
150	0.22176
151	0.22192
152	0.22202
153	0.22206
154	0.22204
155	0.22197
156	0.22184
157	0.22165
158	0.2214
160	0.22109
161	0.22088
162	0.22045
163	0.21971
164	0.21916
165	0.21822
166	0.2176
167	0.21682
168	0.21598
169	0.21511
170	0.21482
171	0.21446
172	0.21406
173	0.21398
174	0.21425
175	0.21441
176	0.215
177	0.21535
178	0.21596
179	0.21658
181	0.21739
182	0.21769
183	0.21805
184	0.21842
185	0.21867
186	0.21887
187	0.21906
188	0.21935
189	0.21947
190	0.2194
191	0.21912
192	0.21906
193	0.21871
194	0.21872
195	0.21872
196	0.21875
197	0.21871
198	0.21854
199	0.21818
200	0.21796
202	0.21768
203	0.21766
204	0.21727
205	0.21747
206	0.217
207	0.21646
208	0.21598
209	0.21561
210	0.2154
211	0.21533
212	0.21532
213	0.21553
214	0.2159
215	0.21634
216	0.21657
217	0.21723
218	0.21794
219	0.2187
220	0.21939
221	0.22014
223	0.22072
224	0.22129
225	0.22182
226	0.22223
227	0.22264
228	0.22296
229	0.22318
230	0.22332
231	0.22333
232	0.22331
233	0.2231
234	0.22272
235	0.22244
236	0.22204
237	0.22166
238	0.2212
239	0.22072
240	0.22026
241	0.21983
242	0.21946
244	0.21917
245	0.21885
246	0.21879
247	0.21836
248	0.21851
249	0.21836
250	0.21824
251	0.218
252	0.21806
253	0.21815
254	0.21811
255	0.21815
256	0.21836
257	0.21863
258	0.21923
259	0.21939
260	0.22004
261	0.22061
262	0.2214
263	0.22192
265	0.22244
266	0.22309
267	0.22365
268	0.22413
269	0.22443
270	0.22442
271	0.22426
272	0.22383
273	0.22337
274	0.22276
275	0.22212
276	0.22137
277	0.22025
278	0.21936
279	0.21843
280	0.21759
281	0.21697
282	0.21645
283	0.21606
284	0.21571
286	0.21543
287	0.21511
288	0.21495
289	0.21506
290	0.21511
291	0.21529
292	0.21582
293	0.21631
294	0.217
295	0.21771
296	0.21854
297	0.2194
298	0.22032
299	0.22117
300	0.2221
301	0.22292
302	0.22357
303	0.22387
304	0.22414
305	0.22421
307	0.22418
308	0.22378
309	0.22361
310	0.22337
311	0.22308
312	0.22271
313	0.2222
314	0.22209
315	0.22157
316	0.2211
317	0.22057
318	0.21994
319	0.21957
320	0.21894
321	0.21833
322	0.21778
323	0.21732
324	0.21695
325	0.21633
326	0.21611
328	0.21588
329	0.2159
330	0.21613
331	0.2164
332	0.21678
333	0.21731
334	0.2179
335	0.21852
336	0.21915
337	0.21982
338	0.22047
339	0.22117
340	0.22167
341	0.22212
342	0.22257
343	0.22294
344	0.22318
345	0.22378
346	0.22424
347	0.22434
349	0.22427
350	0.2242
351	0.22407
352	0.22387
353	0.22362
354	0.22331
355	0.22293
356	0.22278
357	0.22185
358	0.22094
359	0.22021
360	0.21877
361	0.21795
362	0.21713
363	0.21641
364	0.21567
365	0.21512
366	0.21451
367	0.21382
368	0.21348
370	0.2132
371	0.21314
372	0.21393
373	0.21423
374	0.21415
375	0.2147
376	0.21524
377	0.2158
378	0.21647
379	0.21706
380	0.21774
381	0.21857
382	0.21923
383	0.21993
384	0.22056
385	0.22152
386	0.22189
387	0.22227
388	0.22251
389	0.2228
391	0.223
392	0.22309
393	0.22299
394	0.223
395	0.22287
396	0.22258
397	0.22239
398	0.22197
399	0.22153
400	0.22097
401	0.2203
402	0.21956
403	0.21878
404	0.21799
405	0.21715
406	0.21633
407	0.21565
408	0.21503
409	0.21455
410	0.21421
412	0.21406
413	0.21407
414	0.21425
415	0.21459
416	0.21508
417	0.21566
418	0.21633
419	0.21706
420	0.21776
421	0.21851
422	0.21923
423	0.2199
424	0.2205
425	0.22104
426	0.22201
427	0.22237
428	0.22267
429	0.2229
430	0.22339
431	0.2235
433	0.22354
434	0.22356
435	0.2235
436	0.22341
437	0.22326
438	0.22253
439	0.22223
440	0.2219
441	0.22139
442	0.22051
443	0.21984
444	0.21919
445	0.21836
446	0.21752
447	0.21679
448	0.21594
449	0.21526
450	0.21461
451	0.21402
452	0.21356
454	0.21326
455	0.21314
456	0.213
457	0.21316
458	0.2135
459	0.21386
460	0.21437
461	0.21487
462	0.21548
463	0.2161
464	0.21687
465	0.21757
466	0.21798
467	0.21879
468	0.21905
469	0.21955
470	0.22001
471	0.22057
472	0.22102
473	0.2214
475	0.22163
476	0.22175
477	0.22183
478	0.22196
479	0.22175
480	0.22189
481	0.22158
482	0.22114
483	0.22047
484	0.21972
485	0.21891
486	0.21865
487	0.21782
488	0.21731
489	0.21667
490	0.216
491	0.21549
492	0.21514
493	0.21494
494	0.21498
496	0.21522
497	0.21567
498	0.21576
499	0.21653
500	0.21708
501	0.21797
502	0.21893
503	0.21989
504	0.22082
505	0.22169
506	0.22248
507	0.22317
508	0.22376
509	0.22425
510	0.22464
511	0.22496
512	0.22527
513	0.22546
514	0.22558
515	0.22565
517	0.22566
518	0.22561
519	0.22547
520	0.22481
521	0.22446
522	0.22404
523	0.22358
524	0.22302
525	0.22235
526	0.22158
527	0.22073
528	0.22014
529	0.21919
530	0.21828
531	0.21775
532	0.21699
533	0.21618
534	0.21544
535	0.21493
536	0.21464
538	0.21445
539	0.2145
540	0.21432
541	0.2146
542	0.21504
543	0.21567
544	0.21627
545	0.21706
546	0.21787
547	0.21863
548	0.21934
549	0.22008
550	0.22068
551	0.22132
552	0.22193
553	0.22244
554	0.22287
555	0.22306
556	0.22336
557	0.22367
559	0.22402
560	0.22427
561	0.22458
562	0.2247
563	0.22471
564	0.2246
565	0.22438
566	0.22407
567	0.22384
568	0.22334
569	0.22266
570	0.22177
571	0.22101
572	0.21997
573	0.21911
574	0.21822
575	0.21746
576	0.21679
577	0.21627
578	0.21592
580	0.21574
581	0.21576
582	0.21599
583	0.21617
584	0.21662
585	0.21713
586	0.2178
587	0.21849
588	0.21924
589	0.22002
590	0.22077
591	0.22147
592	0.22215
593	0.22274
594	0.22324
595	0.22377
596	0.22427
597	0.22471
598	0.2251
599	0.22539
601	0.22565
602	0.22584
603	0.22597
604	0.22514
605	0.22502
606	0.22487
607	0.2248
608	0.22435
609	0.22387
610	0.2235
611	0.2229
612	0.22229
613	0.22156
614	0.2208
615	0.221
616	0.22056
617	0.22019
618	0.21957
619	0.21924
620	0.21891
622	0.21837
623	0.21817
624	0.21799
625	0.21797
626	0.21806
627	0.21815
628	0.21836
629	0.21883
630	0.21929
631	0.22008
632	0.22068
633	0.22162
634	0.22219
635	0.22279
636	0.22337
637	0.22394
638	0.22444
639	0.22475
640	0.22485
641	0.22502
643	0.22492
644	0.22505
645	0.2249
646	0.22504
647	0.22511
648	0.2251
649	0.22506
650	0.22495
651	0.2248
652	0.22459
653	0.2243
654	0.22396
655	0.22355
656	0.22307
657	0.2224
658	0.22165
659	0.22107
660	0.22027
661	0.21949
662	0.21858
664	0.2178
665	0.21712
666	0.21654
667	0.21617
668	0.21593
669	0.21593
670	0.21611
671	0.21624
672	0.21664
673	0.21718
674	0.21791
675	0.21927
676	0.21997
677	0.22069
678	0.22189
679	0.22253
680	0.22326
681	0.22381
682	0.224
683	0.22417
685	0.22425
686	0.22451
687	0.22399
688	0.22387
689	0.22383
690	0.22289
691	0.22244
692	0.22185
693	0.22134
694	0.22109
695	0.22072
696	0.22036
697	0.21964
698	0.21879
699	0.21841
700	0.21767
701	0.21702
702	0.2165
703	0.21597
704	0.21558
706	0.21541
707	0.21521
708	0.215
709	0.21497
710	0.2152
711	0.21521
712	0.21541
713	0.21594
714	0.21641
715	0.21683
716	0.2173
717	0.21766
718	0.2182
719	0.21878
720	0.21966
721	0.22016
722	0.22064
723	0.22106
724	0.22129
725	0.22149
727	0.22178
728	0.22189
729	0.2219
730	0.2218
731	0.22144
732	0.22107
733	0.2208
734	0.22047
735	0.22017
736	0.21955
737	0.2192
738	0.21884
739	0.21846
740	0.21802
741	0.21762
742	0.21729
743	0.21657
744	0.216
745	0.21549
746	0.2152
748	0.21524
749	0.21504
750	0.21483
751	0.21473
752	0.21481
753	0.21559
754	0.21598
755	0.21634
756	0.21681
757	0.21734
758	0.21777
759	0.21828
760	0.21879
761	0.21932
762	0.21983
763	0.22027
764	0.21995
765	0.22025
766	0.22067
767	0.22103
769	0.22133
770	0.22172
771	0.22189
772	0.2222
773	0.22226
774	0.22227
775	0.22222
776	0.22219
777	0.22201
778	0.22176
779	0.22137
780	0.22065
781	0.21973
782	0.21892
783	0.21792
784	0.21711
785	0.21635
786	0.21566
787	0.21497
788	0.2145
790	0.21417
791	0.21406
792	0.21436
793	0.21472
794	0.21529
795	0.21595
796	0.21669
797	0.21747
798	0.21826
799	0.21912
800	0.21985
801	0.22053
802	0.22116
803	0.22169
804	0.2231
805	0.22349
806	0.22381
807	0.22407
808	0.22426
809	0.2244
811	0.22448
812	0.2245
813	0.22446
814	0.22434
815	0.2246
816	0.22349
817	0.22315
818	0.22254
819	0.22137
820	0.2205
821	0.2197
822	0.21896
823	0.21817
824	0.21737
825	0.2164
826	0.21509
827	0.21424
828	0.21366
829	0.21333
830	0.21372
832	0.2139
833	0.21401
834	0.21414
835	0.21449
836	0.21495
837	0.21573
838	0.21644
839	0.2173
840	0.21795
841	0.218
842	0.21863
843	0.2186
844	0.21904
845	0.21947
846	0.21998
847	0.22045
848	0.22081
849	0.22121
850	0.22149
851	0.22177
853	0.22265
854	0.22274
855	0.22344
856	0.22357
857	0.22359
858	0.22329
859	0.2229
860	0.22243
861	0.22185
862	0.22119
863	0.22045
864	0.21965
865	0.21882
866	0.21792
867	0.21711
868	0.21636
869	0.21572
870	0.2152
871	0.21485
872	0.21467
874	0.21469
875	0.21489
876	0.21528
877	0.21582
878	0.2165
879	0.21715
880	0.21777
881	0.21846
882	0.21908
883	0.21945
884	0.22006
885	0.22074
886	0.22136
887	0.22188
888	0.2223
889	0.22261
890	0.22323
891	0.22356
892	0.22376
893	0.22393
895	0.2242
896	0.22408
897	0.22372
898	0.22323
899	0.22265
900	0.222
901	0.22128
902	0.22024
903	0.21946
904	0.21869
905	0.21796
906	0.2173
907	0.21674
908	0.21632
909	0.21605
910	0.21596
911	0.21604
912	0.21629
913	0.21669
914	0.21719
916	0.21776
917	0.21826
918	0.21902
919	0.21979
920	0.22055
921	0.22095
922	0.22146
923	0.22203
924	0.22251
925	0.22291
926	0.22328
927	0.22348
928	0.22389
929	0.22402
930	0.22409
931	0.22411
932	0.22446
933	0.22452
934	0.22438
935	0.22442
937	0.22415
938	0.2238
939	0.2235
940	0.223
941	0.2224
942	0.22173
943	0.22102
944	0.22018
945	0.21941
946	0.21867
947	0.21774
948	0.21722
949	0.21682
950	0.21645
951	0.21635
952	0.21647
953	0.21678
954	0.21728
955	0.21781
956	0.21853
958	0.21933
959	0.2203
960	0.22094
961	0.22187
962	0.22289
963	0.22374
964	0.22448
965	0.22512
966	0.22558
967	0.22634
968	0.22676
969	0.22714
970	0.2273
971	0.22777
972	0.22768
973	0.22763
974	0.22758
975	0.22744
976	0.22717
977	0.22675
979	0.22621
980	0.22558
981	0.22522
982	0.22451
983	0.22375
984	0.22308
985	0.22224
986	0.22129
987	0.22035
988	0.21955
989	0.21903
990	0.21845
991	0.2182
992	0.21776
993	0.21781
994	0.21766
995	0.2179
996	0.21838
997	0.21902
998	0.21977
1000	0.22056
0	0.46681
1	0.46563
2	0.46462
3	0.46343
4	0.46232
5	0.4614
6	0.46071
7	0.46018
8	0.46024
9	0.46011
10	0.4603
11	0.46043
13	0.46056
14	0.46129
15	0.46237
16	0.46365
17	0.46501
18	0.46636
19	0.46773
20	0.46905
21	0.47032
22	0.47147
23	0.47253
24	0.47398
25	0.47485
26	0.47538
27	0.47575
28	0.476
29	0.4761
30	0.47642
31	0.47628
32	0.47601
34	0.47555
35	0.47503
36	0.47432
37	0.47313
38	0.47219
39	0.47121
40	0.47014
41	0.46901
42	0.46751
43	0.46632
44	0.46505
45	0.46399
46	0.46297
47	0.46198
48	0.4616
49	0.46101
50	0.46058
51	0.46024
52	0.46023
53	0.4604
55	0.46067
56	0.46121
57	0.4618
58	0.4626
59	0.46354
60	0.46441
61	0.46532
62	0.46619
63	0.4672
64	0.46796
65	0.4687
66	0.46938
67	0.46995
68	0.47031
69	0.47034
70	0.47034
71	0.47026
72	0.47004
73	0.46978
74	0.46919
76	0.46859
77	0.4681
78	0.46712
79	0.46604
80	0.46499
81	0.46398
82	0.46283
83	0.46171
84	0.46067
85	0.45956
86	0.45867
87	0.45798
88	0.45709
89	0.45682
90	0.4567
91	0.45676
92	0.45703
93	0.45755
94	0.45824
95	0.4592
97	0.46021
98	0.46128
99	0.46239
100	0.46349
101	0.46455
102	0.46563
103	0.46664
104	0.46754
105	0.46833
106	0.46901
107	0.46965
108	0.47003
109	0.47032
110	0.47038
111	0.47031
112	0.47024
113	0.47001
114	0.46955
115	0.46904
116	0.46842
118	0.46768
119	0.46666
120	0.46556
121	0.46454
122	0.46344
123	0.46243
124	0.46121
125	0.46016
126	0.4592
127	0.45822
128	0.45738
129	0.45667
130	0.45607
131	0.45589
132	0.4557
133	0.45596
134	0.45629
135	0.45656
136	0.45726
137	0.45821
139	0.45942
140	0.46069
141	0.46204
142	0.46341
143	0.46478
144	0.46616
145	0.46726
146	0.46839
147	0.46975
148	0.47063
149	0.47135
150	0.47184
151	0.47219
152	0.47242
153	0.47251
154	0.47247
155	0.47229
156	0.47199
157	0.47155
158	0.47098
160	0.47028
161	0.4696
162	0.46863
163	0.46729
164	0.46608
165	0.46445
166	0.4631
167	0.4616
168	0.46004
169	0.4585
170	0.45783
171	0.45722
172	0.45672
173	0.45669
174	0.45716
175	0.45766
176	0.45873
177	0.45967
178	0.46097
179	0.46236
181	0.46399
182	0.46491
183	0.46584
184	0.46674
185	0.46743
186	0.46801
187	0.46851
188	0.46904
189	0.46932
190	0.46934
191	0.46907
192	0.46896
193	0.46848
194	0.46844
195	0.46818
196	0.46786
197	0.46741
198	0.46675
199	0.46583
200	0.46499
202	0.46406
203	0.46334
204	0.46226
205	0.46178
206	0.46051
207	0.4594
208	0.45844
209	0.45772
210	0.4573
211	0.45718
212	0.45727
213	0.45775
214	0.45854
215	0.45954
216	0.46044
217	0.46186
218	0.4634
219	0.46503
220	0.46659
221	0.4682
223	0.4696
224	0.47093
225	0.47215
226	0.47318
227	0.47413
228	0.47489
229	0.47548
230	0.4759
231	0.47611
232	0.47618
233	0.47594
234	0.47543
235	0.47493
236	0.47424
237	0.4735
238	0.47263
239	0.47172
240	0.4708
241	0.46993
242	0.46896
244	0.46803
245	0.46705
246	0.46636
247	0.46531
248	0.46496
249	0.46428
250	0.46371
251	0.46308
252	0.46283
253	0.46268
254	0.46265
255	0.46289
256	0.46345
257	0.46423
258	0.46543
259	0.46623
260	0.46765
261	0.46904
262	0.47065
263	0.47198
265	0.47327
266	0.47465
267	0.47587
268	0.47694
269	0.47763
270	0.47767
271	0.4774
272	0.47672
273	0.47589
274	0.47478
275	0.47354
276	0.47209
277	0.47021
278	0.46851
279	0.46673
280	0.46514
281	0.46407
282	0.46317
283	0.46234
284	0.46156
286	0.4609
287	0.4603
288	0.45988
289	0.45995
290	0.45994
291	0.46014
292	0.46078
293	0.46147
294	0.46242
295	0.46365
296	0.46516
297	0.46683
298	0.46855
299	0.47029
300	0.47188
301	0.47355
302	0.47482
303	0.47564
304	0.47631
305	0.47666
307	0.47678
308	0.47635
309	0.47601
310	0.47551
311	0.47484
312	0.47408
313	0.47298
314	0.47234
315	0.47123
316	0.47013
317	0.46894
318	0.46761
319	0.46654
320	0.46521
321	0.46395
322	0.46279
323	0.46181
324	0.46101
325	0.46007
326	0.45977
328	0.4595
329	0.45956
330	0.45992
331	0.46042
332	0.46114
333	0.46213
334	0.46331
335	0.46455
336	0.46582
337	0.46716
338	0.46834
339	0.46961
340	0.47069
341	0.4717
342	0.47266
343	0.47347
344	0.47405
345	0.47494
346	0.47554
347	0.47571
349	0.47561
350	0.47547
351	0.47519
352	0.47479
353	0.47426
354	0.47359
355	0.47278
356	0.47213
357	0.47056
358	0.46902
359	0.46763
360	0.46548
361	0.46395
362	0.46241
363	0.46102
364	0.45965
365	0.45855
366	0.4575
367	0.45648
368	0.45595
370	0.45563
371	0.45567
372	0.45671
373	0.45739
374	0.45782
375	0.45896
376	0.46017
377	0.46146
378	0.46286
379	0.46419
380	0.46559
381	0.46712
382	0.46841
383	0.46968
384	0.47081
385	0.47217
386	0.47288
387	0.47353
388	0.47395
389	0.47435
391	0.47459
392	0.47463
393	0.4744
394	0.47421
395	0.47381
396	0.47315
397	0.47251
398	0.47156
399	0.47052
400	0.46927
401	0.46784
402	0.46631
403	0.4647
404	0.46307
405	0.46142
406	0.45983
407	0.45846
408	0.45727
409	0.45635
410	0.45571
412	0.45545
413	0.45551
414	0.45591
415	0.45663
416	0.45764
417	0.45887
418	0.46027
419	0.4618
420	0.46334
421	0.46493
422	0.46647
423	0.46791
424	0.46924
425	0.47042
426	0.47209
427	0.47295
428	0.47366
429	0.4742
430	0.47492
431	0.47518
433	0.47528
434	0.47529
435	0.47513
436	0.47486
437	0.47445
438	0.47325
439	0.47251
440	0.47165
441	0.47053
442	0.46895
443	0.4675
444	0.46602
445	0.46431
446	0.46258
447	0.46097
448	0.4593
449	0.45789
450	0.45661
451	0.45556
452	0.45479
454	0.45438
455	0.45434
456	0.45448
457	0.4551
458	0.45606
459	0.45719
460	0.45857
461	0.46
462	0.46159
463	0.46319
464	0.46491
465	0.46649
466	0.46773
467	0.46935
468	0.47025
469	0.47129
470	0.4722
471	0.47311
472	0.47378
473	0.47427
475	0.47451
476	0.47455
477	0.47445
478	0.47429
479	0.47362
480	0.47326
481	0.47235
482	0.47121
483	0.46973
484	0.46814
485	0.46645
486	0.46527
487	0.46354
488	0.46216
489	0.46073
490	0.45938
491	0.45833
492	0.45763
493	0.45725
494	0.45733
496	0.45782
497	0.45869
498	0.4594
499	0.46093
500	0.46229
501	0.46405
502	0.46593
503	0.46791
504	0.46982
505	0.47162
506	0.47326
507	0.47472
508	0.47598
509	0.47703
510	0.47789
511	0.47865
512	0.47932
513	0.4798
514	0.48002
515	0.48012
517	0.48008
518	0.47991
519	0.47956
520	0.4786
521	0.47786
522	0.47694
523	0.47589
524	0.47463
525	0.47317
526	0.47152
527	0.46971
528	0.46812
529	0.46616
530	0.46424
531	0.46278
532	0.46118
533	0.45966
534	0.45838
535	0.45753
536	0.45711
538	0.45724
539	0.4576
540	0.45791
541	0.45886
542	0.46002
543	0.46144
544	0.46287
545	0.46453
546	0.46622
547	0.46783
548	0.46935
549	0.47065
550	0.47198
551	0.47325
552	0.47438
553	0.47541
554	0.4763
555	0.47702
556	0.47762
557	0.47813
559	0.47859
560	0.47883
561	0.47926
562	0.47911
563	0.47876
564	0.47818
565	0.4774
566	0.47644
567	0.47532
568	0.474
569	0.47242
570	0.47059
571	0.46889
572	0.46662
573	0.46489
574	0.46322
575	0.46182
576	0.46068
577	0.45987
578	0.45945
580	0.45941
581	0.45979
582	0.46046
583	0.46117
584	0.46226
585	0.46347
586	0.4649
587	0.46635
588	0.46787
589	0.46937
590	0.47079
591	0.47211
592	0.4733
593	0.47444
594	0.47555
595	0.4766
596	0.47757
597	0.47843
598	0.47919
599	0.47983
601	0.48034
602	0.48073
603	0.48093
604	0.48006
605	0.47979
606	0.47929
607	0.4791
608	0.47816
609	0.4771
610	0.47607
611	0.47471
612	0.47333
613	0.47184
614	0.47038
615	0.47
616	0.46908
617	0.46827
618	0.46698
619	0.4663
620	0.46567
622	0.4649
623	0.46453
624	0.46425
625	0.46419
626	0.46428
627	0.46439
628	0.46466
629	0.4653
630	0.46606
631	0.46725
632	0.46832
633	0.4698
634	0.47094
635	0.47212
636	0.47329
637	0.47442
638	0.47545
639	0.47625
640	0.47679
641	0.47734
643	0.47757
644	0.47795
645	0.47801
646	0.47828
647	0.47843
648	0.47857
649	0.47849
650	0.47831
651	0.47798
652	0.47752
653	0.47693
654	0.47621
655	0.47538
656	0.47442
657	0.47322
658	0.47188
659	0.47054
660	0.46913
661	0.46767
662	0.46616
664	0.46484
665	0.46367
666	0.46269
667	0.46202
668	0.46159
669	0.46154
670	0.46179
671	0.46211
672	0.46282
673	0.46378
674	0.46502
675	0.46695
676	0.46827
677	0.46963
678	0.472
679	0.47332
680	0.47468
681	0.47582
682	0.47653
683	0.47716
685	0.47762
686	0.47821
687	0.4779
688	0.47792
689	0.47795
690	0.47646
691	0.47587
692	0.47506
693	0.47427
694	0.47365
695	0.47285
696	0.472
697	0.4707
698	0.46924
699	0.46821
700	0.46678
701	0.46544
702	0.46424
703	0.46306
704	0.46207
706	0.46138
707	0.46075
708	0.46024
709	0.46003
710	0.46021
711	0.4603
712	0.46071
713	0.46157
714	0.46247
715	0.4634
716	0.46443
717	0.46539
718	0.46655
719	0.46773
720	0.46919
721	0.47024
722	0.47122
723	0.47208
724	0.47269
725	0.4732
727	0.47374
728	0.47403
729	0.47417
730	0.47412
731	0.47376
732	0.47331
733	0.47289
734	0.47234
735	0.47175
736	0.47077
737	0.46998
738	0.46911
739	0.46814
740	0.46706
741	0.46596
742	0.46489
743	0.46341
744	0.46208
745	0.46085
746	0.45989
748	0.45935
749	0.45867
750	0.45812
751	0.45782
752	0.45784
753	0.45872
754	0.45936
755	0.46011
756	0.46109
757	0.46221
758	0.46331
759	0.46452
760	0.46576
761	0.46699
762	0.46818
763	0.46926
764	0.46951
765	0.47034
766	0.4712
767	0.47194
769	0.47255
770	0.47317
771	0.47351
772	0.47392
773	0.47402
774	0.47398
775	0.47382
776	0.47361
777	0.47318
778	0.4726
779	0.4718
780	0.4703
781	0.46853
782	0.46686
783	0.46498
784	0.46333
785	0.46178
786	0.46037
787	0.45908
788	0.45814
790	0.45747
791	0.45718
792	0.45778
793	0.45857
794	0.4597
795	0.46103
796	0.4625
797	0.46405
798	0.46562
799	0.46724
800	0.46871
801	0.47007
802	0.47132
803	0.47241
804	0.47429
805	0.47508
806	0.47571
807	0.47622
808	0.47658
809	0.47682
811	0.47694
812	0.47691
813	0.47676
814	0.47644
815	0.47643
816	0.47495
817	0.47415
818	0.473
819	0.4712
820	0.46962
821	0.46804
822	0.46647
823	0.46484
824	0.46319
825	0.46139
826	0.45931
827	0.45779
828	0.45666
829	0.45592
830	0.45607
832	0.45617
833	0.45637
834	0.45676
835	0.45753
836	0.45853
837	0.45996
838	0.46139
839	0.46301
840	0.46444
841	0.46526
842	0.46663
843	0.46728
844	0.46834
845	0.46932
846	0.4703
847	0.47117
848	0.47185
849	0.47248
850	0.47294
851	0.47332
853	0.47422
854	0.47427
855	0.47485
856	0.47477
857	0.47449
858	0.47381
859	0.47294
860	0.47189
861	0.47066
862	0.46927
863	0.46772
864	0.46607
865	0.46436
866	0.4626
867	0.46097
868	0.45949
869	0.45821
870	0.4572
871	0.45651
872	0.45619
874	0.45625
875	0.4567
876	0.4575
877	0.45862
878	0.46001
879	0.46147
880	0.46297
881	0.46458
882	0.46611
883	0.46736
884	0.4688
885	0.47024
886	0.47156
887	0.47268
888	0.47357
889	0.47425
890	0.47512
891	0.4756
892	0.47583
893	0.47591
895	0.476
896	0.47558
897	0.47481
898	0.47379
899	0.47259
900	0.47126
901	0.4698
902	0.46799
903	0.46643
904	0.46489
905	0.46345
906	0.46217
907	0.4611
908	0.4603
909	0.45981
910	0.45967
911	0.45987
912	0.4604
913	0.46126
914	0.46234
916	0.46361
917	0.46488
918	0.46647
919	0.46807
920	0.46966
921	0.47084
922	0.47207
923	0.4733
924	0.47436
925	0.47525
926	0.47602
927	0.47654
928	0.4772
929	0.47751
930	0.47769
931	0.47775
932	0.47808
933	0.47806
934	0.47776
935	0.47757
937	0.47699
938	0.47624
939	0.47546
940	0.47441
941	0.47318
942	0.47181
943	0.47035
944	0.46873
945	0.46719
946	0.46571
947	0.46408
948	0.46296
949	0.46206
950	0.46134
951	0.46102
952	0.4611
953	0.46153
954	0.46231
955	0.46325
956	0.46451
958	0.46595
959	0.46763
960	0.46902
961	0.47071
962	0.47247
963	0.47403
964	0.47542
965	0.47665
966	0.47762
967	0.47883
968	0.4796
969	0.48026
970	0.48064
971	0.48126
972	0.48126
973	0.48124
974	0.48115
975	0.48091
976	0.48047
977	0.47981
979	0.47896
980	0.47793
981	0.47728
982	0.47602
983	0.47464
984	0.4733
985	0.47174
986	0.47006
987	0.46841
988	0.46693
989	0.46586
990	0.46485
991	0.46432
992	0.46357
993	0.46366
994	0.46371
995	0.4643
996	0.46528
997	0.46653
998	0.46798
1000	0.46955
0	0.74484
1	0.74299
2	0.74135
3	0.73954
4	0.73787
5	0.73646
6	0.73537
7	0.73455
8	0.73443
9	0.73424
10	0.73451
11	0.73483
13	0.73526
14	0.7364
15	0.73798
16	0.73984
17	0.74181
18	0.74382
19	0.74584
20	0.74782
21	0.74971
22	0.75144
23	0.75305
24	0.75498
25	0.75626
26	0.75714
27	0.75777
28	0.75821
29	0.75844
30	0.7588
31	0.75863
32	0.75826
34	0.75763
35	0.75687
36	0.75584
37	0.75427
38	0.75288
39	0.75141
40	0.74978
41	0.74806
42	0.74594
43	0.74412
44	0.74222
45	0.74054
46	0.73895
47	0.73745
48	0.73663
49	0.73568
50	0.735
51	0.73452
52	0.73447
53	0.73472
55	0.73517
56	0.73599
57	0.73694
58	0.73818
59	0.73961
60	0.741
61	0.74246
62	0.74387
63	0.74541
64	0.74666
65	0.74786
66	0.74896
67	0.74988
68	0.75046
69	0.75061
70	0.75065
71	0.75051
72	0.75013
73	0.74963
74	0.74871
76	0.74769
77	0.7467
78	0.74515
79	0.74343
80	0.74177
81	0.74012
82	0.73833
83	0.73659
84	0.73498
85	0.73334
86	0.73199
87	0.73094
88	0.72977
89	0.72935
90	0.72919
91	0.72933
92	0.72979
93	0.73062
94	0.73169
95	0.73313
97	0.73468
98	0.73633
99	0.73804
100	0.73975
101	0.74142
102	0.74309
103	0.74465
104	0.74606
105	0.7473
106	0.74837
107	0.74934
108	0.74996
109	0.75042
110	0.75058
111	0.75054
112	0.75041
113	0.75005
114	0.74939
115	0.74859
116	0.74762
118	0.74647
119	0.74498
120	0.74335
121	0.74175
122	0.74003
123	0.73838
124	0.73652
125	0.73483
126	0.73326
127	0.73173
128	0.7304
129	0.72929
130	0.72838
131	0.728
132	0.72773
133	0.72803
134	0.72852
135	0.72905
136	0.73012
137	0.73151
139	0.73325
140	0.73509
141	0.73704
142	0.73903
143	0.74102
144	0.743
145	0.74467
146	0.74632
147	0.74814
148	0.74942
149	0.75047
150	0.75121
151	0.75174
152	0.75207
153	0.75217
154	0.75206
155	0.75174
156	0.75121
157	0.75046
158	0.7495
160	0.74833
161	0.74712
162	0.74555
163	0.74354
164	0.74162
165	0.73923
166	0.73711
167	0.73483
168	0.73252
169	0.73028
170	0.72918
171	0.7283
172	0.72767
173	0.72767
174	0.72832
175	0.72915
176	0.73068
177	0.7322
178	0.73419
179	0.73634
181	0.73878
182	0.74032
183	0.74184
184	0.74325
185	0.74439
186	0.74535
187	0.74615
188	0.7469
189	0.74732
190	0.74741
191	0.74713
192	0.74694
193	0.74629
194	0.74602
195	0.74544
196	0.74474
197	0.74383
198	0.74264
199	0.74114
200	0.73965
202	0.73803
203	0.73661
204	0.73482
205	0.73365
206	0.73174
207	0.73007
208	0.72866
209	0.72761
210	0.72699
211	0.72684
212	0.72705
213	0.72783
214	0.72906
215	0.73063
216	0.73222
217	0.73442
218	0.73681
219	0.73933
220	0.74179
221	0.74429
223	0.74654
224	0.74867
225	0.75062
226	0.7523
227	0.75382
228	0.75505
229	0.75603
230	0.75674
231	0.7572
232	0.75739
233	0.75714
234	0.75654
235	0.75584
236	0.75486
237	0.75378
238	0.75251
239	0.75118
240	0.74984
241	0.7484
242	0.74674
244	0.7451
245	0.74343
246	0.74206
247	0.74037
248	0.73941
249	0.7382
250	0.73715
251	0.73612
252	0.73553
253	0.73527
254	0.73531
255	0.73578
256	0.73672
257	0.73802
258	0.73985
259	0.74138
260	0.7436
261	0.74582
262	0.74828
263	0.75046
265	0.75255
266	0.75469
267	0.75661
268	0.7583
269	0.75943
270	0.75951
271	0.75913
272	0.75819
273	0.75696
274	0.75532
275	0.75344
276	0.75126
277	0.74856
278	0.746
279	0.74333
280	0.74094
281	0.7394
282	0.73806
283	0.73676
284	0.73554
286	0.73449
287	0.73356
288	0.7329
289	0.73282
290	0.73273
291	0.73296
292	0.73372
293	0.73461
294	0.7359
295	0.73765
296	0.73983
297	0.74227
298	0.74488
299	0.7475
300	0.74991
301	0.75233
302	0.75426
303	0.75563
304	0.75672
305	0.75736
307	0.75765
308	0.75723
309	0.75677
310	0.75598
311	0.75491
312	0.75371
313	0.75209
314	0.75089
315	0.74915
316	0.74737
317	0.74546
318	0.7434
319	0.7416
320	0.73955
321	0.7376
322	0.73583
323	0.73432
324	0.7331
325	0.73186
326	0.73144
328	0.73111
329	0.73118
330	0.73164
331	0.73235
332	0.73339
333	0.73479
334	0.73661
335	0.73855
336	0.74052
337	0.74256
338	0.74438
339	0.74634
340	0.74812
341	0.7498
342	0.7514
343	0.75276
344	0.7538
345	0.75492
346	0.75566
347	0.75589
349	0.75578
350	0.75555
351	0.7551
352	0.75445
353	0.75359
354	0.75253
355	0.75124
356	0.75004
357	0.74784
358	0.74563
359	0.74352
360	0.74062
361	0.73833
362	0.73604
363	0.73394
364	0.73193
365	0.73027
366	0.72878
367	0.72746
368	0.72676
370	0.72643
371	0.72661
372	0.72794
373	0.72905
374	0.72987
375	0.73156
376	0.7335
377	0.73558
378	0.7378
379	0.73995
380	0.74215
381	0.74444
382	0.74643
383	0.74834
384	0.75004
385	0.75205
386	0.75326
387	0.7542
388	0.75484
389	0.75535
391	0.75562
392	0.75559
393	0.75521
394	0.75478
395	0.75404
396	0.75295
397	0.75179
398	0.75024
399	0.74851
400	0.74649
401	0.74424
402	0.74184
403	0.73935
404	0.73684
405	0.73434
406	0.73198
407	0.72992
408	0.72818
409	0.72684
410	0.72596
412	0.72563
413	0.72581
414	0.7265
415	0.72767
416	0.72896
417	0.73084
418	0.73305
419	0.73547
420	0.73794
421	0.74047
422	0.74294
423	0.74526
424	0.7474
425	0.74932
426	0.75164
427	0.75339
428	0.75463
429	0.75556
430	0.75654
431	0.75695
433	0.75712
434	0.75709
435	0.75679
436	0.75629
437	0.75555
438	0.75392
439	0.75264
440	0.75115
441	0.74931
442	0.74692
443	0.7446
444	0.74218
445	0.73951
446	0.73681
447	0.73427
448	0.73173
449	0.72954
450	0.72763
451	0.7261
452	0.72504
454	0.72453
455	0.7246
456	0.72506
457	0.72618
458	0.72783
459	0.72978
460	0.73209
461	0.73453
462	0.73718
463	0.73984
464	0.7426
465	0.74517
466	0.74731
467	0.74974
468	0.75136
469	0.75302
470	0.75442
471	0.75573
472	0.75662
473	0.75721
475	0.75744
476	0.75734
477	0.75698
478	0.75645
479	0.7553
480	0.75433
481	0.7527
482	0.75074
483	0.74834
484	0.7458
485	0.74312
486	0.74095
487	0.73824
488	0.73592
489	0.73366
490	0.73159
491	0.72999
492	0.72892
493	0.72837
494	0.7285
496	0.72924
497	0.73057
498	0.73187
499	0.73401
500	0.73605
501	0.73856
502	0.74124
503	0.74405
504	0.74684
505	0.74957
506	0.75214
507	0.75443
508	0.75643
509	0.75814
510	0.7597
511	0.76111
512	0.76234
513	0.76327
514	0.76383
515	0.76409
517	0.76402
518	0.76366
519	0.76302
520	0.76166
521	0.76041
522	0.75888
523	0.75709
524	0.75499
525	0.75259
526	0.74992
527	0.74703
528	0.74432
529	0.74123
530	0.73822
531	0.73575
532	0.73325
533	0.73099
534	0.72914
535	0.72792
536	0.72736
538	0.72763
539	0.72829
540	0.72912
541	0.73073
542	0.73263
543	0.73484
544	0.73713
545	0.73967
546	0.74225
547	0.74472
548	0.74708
549	0.7491
550	0.75119
551	0.75312
552	0.75484
553	0.75643
554	0.75782
555	0.75907
556	0.75999
557	0.76072
559	0.76127
560	0.76149
561	0.76178
562	0.76128
563	0.76047
564	0.75934
565	0.75789
566	0.75617
567	0.75407
568	0.75181
569	0.74923
570	0.74638
571	0.74366
572	0.7404
573	0.73776
574	0.7353
575	0.73325
576	0.73163
577	0.73056
578	0.7301
580	0.73026
581	0.73101
582	0.73219
583	0.73352
584	0.73532
585	0.73731
586	0.73956
587	0.74185
588	0.74418
589	0.74646
590	0.74861
591	0.75055
592	0.75233
593	0.75403
594	0.75567
595	0.75722
596	0.75863
597	0.7599
598	0.761
599	0.76193
601	0.76267
602	0.76321
603	0.76351
604	0.76261
605	0.76218
606	0.76141
607	0.76107
608	0.75963
609	0.75798
610	0.75629
611	0.75421
612	0.75209
613	0.74985
614	0.74767
615	0.7467
616	0.74525
617	0.74394
618	0.74197
619	0.74089
620	0.73994
622	0.73892
623	0.73838
624	0.73798
625	0.73786
626	0.73794
627	0.73807
628	0.73846
629	0.73934
630	0.74044
631	0.74206
632	0.74365
633	0.74568
634	0.74742
635	0.7492
636	0.75096
637	0.75265
638	0.75422
639	0.7555
640	0.75647
641	0.75739
643	0.75794
644	0.75857
645	0.75882
646	0.75921
647	0.75943
648	0.75974
649	0.75959
650	0.75927
651	0.75874
652	0.75801
653	0.75709
654	0.75597
655	0.75468
656	0.75322
657	0.75146
658	0.74954
659	0.74742
660	0.74539
661	0.74334
662	0.74128
664	0.73945
665	0.73786
666	0.73654
667	0.73566
668	0.73513
669	0.73511
670	0.73551
671	0.73611
672	0.73722
673	0.73866
674	0.74046
675	0.74302
676	0.74499
677	0.74702
678	0.75012
679	0.75214
680	0.75415
681	0.75588
682	0.75712
683	0.75821
685	0.75905
686	0.75994
687	0.75985
688	0.76002
689	0.7601
690	0.75852
691	0.75776
692	0.75672
693	0.75561
694	0.75461
695	0.75336
696	0.75199
697	0.7501
698	0.74802
699	0.74632
700	0.74422
701	0.7422
702	0.74034
703	0.73855
704	0.73702
706	0.73587
707	0.73491
708	0.73416
709	0.73385
710	0.73407
711	0.73432
712	0.73501
713	0.73626
714	0.73763
715	0.73911
716	0.74074
717	0.74232
718	0.7441
719	0.7459
720	0.74794
721	0.74953
722	0.751
723	0.7523
724	0.75328
725	0.75411
727	0.75489
728	0.75537
729	0.75562
730	0.75562
731	0.75523
732	0.75467
733	0.75408
734	0.75328
735	0.75237
736	0.75098
737	0.74972
738	0.74829
739	0.7467
740	0.74493
741	0.7431
742	0.74127
743	0.73902
744	0.73694
745	0.735
746	0.7334
748	0.73231
749	0.7312
750	0.73036
751	0.72992
752	0.72994
753	0.73098
754	0.73193
755	0.7331
756	0.73463
757	0.73636
758	0.73814
759	0.74007
760	0.74202
761	0.74396
762	0.74582
763	0.74753
764	0.74835
765	0.74968
766	0.75099
767	0.75208
769	0.75299
770	0.75384
771	0.75433
772	0.75482
773	0.75493
774	0.75483
775	0.75452
776	0.75409
777	0.75335
778	0.7524
779	0.75115
780	0.74879
781	0.74614
782	0.74356
783	0.74078
784	0.73826
785	0.73591
786	0.73379
787	0.7319
788	0.7305
790	0.72951
791	0.72908
792	0.73001
793	0.73126
794	0.73297
795	0.73497
796	0.73717
797	0.73949
798	0.74184
799	0.74423
800	0.74642
801	0.74845
802	0.7503
803	0.75192
804	0.75427
805	0.75544
806	0.75637
807	0.75711
808	0.75763
809	0.75794
811	0.75805
812	0.75795
813	0.75763
814	0.75706
815	0.75672
816	0.7548
817	0.75348
818	0.7517
819	0.74918
820	0.74681
821	0.74438
822	0.74192
823	0.73937
824	0.73682
825	0.73417
826	0.7313
827	0.7291
828	0.7274
829	0.72626
830	0.72618
832	0.72623
833	0.72654
834	0.72722
835	0.72842
836	0.72998
837	0.73208
838	0.73424
839	0.73663
840	0.73885
841	0.74043
842	0.74253
843	0.74386
844	0.74554
845	0.74705
846	0.74849
847	0.74974
848	0.75072
849	0.75159
850	0.75219
851	0.75265
853	0.75356
854	0.75353
855	0.75394
856	0.7536
857	0.75297
858	0.75184
859	0.75043
860	0.74874
861	0.74676
862	0.74455
863	0.74212
864	0.73955
865	0.73691
866	0.73423
867	0.73175
868	0.72949
869	0.72757
870	0.72607
871	0.72507
872	0.72463
874	0.72477
875	0.72549
876	0.72676
877	0.7285
878	0.73065
879	0.73298
880	0.7354
881	0.73797
882	0.74045
883	0.74262
884	0.74492
885	0.74715
886	0.7492
887	0.75093
888	0.75233
889	0.75339
890	0.75452
891	0.75513
892	0.75539
893	0.75538
895	0.75526
896	0.75452
897	0.75331
898	0.75172
899	0.74986
900	0.7478
901	0.74555
902	0.74293
903	0.74056
904	0.73823
905	0.73607
906	0.73415
907	0.73258
908	0.73141
909	0.73072
910	0.73054
911	0.73089
912	0.73176
913	0.7331
914	0.73481
916	0.73682
917	0.73892
918	0.74136
919	0.74385
920	0.7463
921	0.74831
922	0.75031
923	0.75223
924	0.75388
925	0.75529
926	0.75649
927	0.75735
928	0.75827
929	0.75877
930	0.75906
931	0.75916
932	0.75947
933	0.75936
934	0.75888
935	0.75844
937	0.75752
938	0.75635
939	0.75506
940	0.7534
941	0.7515
942	0.74939
943	0.74713
944	0.7447
945	0.74235
946	0.74008
947	0.73773
948	0.73598
949	0.73455
950	0.73345
951	0.73292
952	0.73294
953	0.73348
954	0.73453
955	0.73589
956	0.7377
958	0.73979
959	0.74219
960	0.74435
961	0.74682
962	0.74935
963	0.75164
964	0.75371
965	0.75554
966	0.75705
967	0.75871
968	0.75986
969	0.76082
970	0.76143
971	0.7622
972	0.76229
973	0.76229
974	0.76217
975	0.76182
976	0.7612
977	0.76027
979	0.75907
980	0.75762
981	0.75646
982	0.7546
983	0.75258
984	0.75052
985	0.7482
986	0.74575
987	0.74334
988	0.74114
989	0.73946
990	0.73798
991	0.73713
992	0.73624
993	0.73634
994	0.73656
995	0.73749
996	0.73895
997	0.74081
998	0.74295
1000	0.74531
0	1.04216
1	1.03976
2	1.03756
3	1.03523
4	1.03308
5	1.03125
6	1.02981
7	1.02874
8	1.02848
9	1.02826
10	1.02862
11	1.02916
13	1.02991
14	1.03148
15	1.03358
16	1.03602
17	1.03863
18	1.0413
19	1.044
20	1.04664
21	1.04917
22	1.05149
23	1.05364
24	1.05605
25	1.05774
26	1.05896
27	1.05985
28	1.06048
29	1.06082
30	1.06103
31	1.06083
32	1.06029
34	1.05931
35	1.05791
36	1.05629
37	1.05439
38	1.05254
39	1.05062
40	1.0485
41	1.04625
42	1.04377
43	1.04137
44	1.03898
45	1.03694
46	1.03522
47	1.03354
48	1.03232
49	1.03111
50	1.03019
51	1.02957
52	1.0295
53	1.02982
55	1.03045
56	1.03154
57	1.03285
58	1.03452
59	1.03643
60	1.03832
61	1.04031
62	1.04225
63	1.0443
64	1.04603
65	1.04767
66	1.04915
67	1.05039
68	1.05116
69	1.05141
70	1.05145
71	1.05124
72	1.05069
73	1.04979
74	1.04853
76	1.0471
77	1.04552
78	1.04344
79	1.04112
80	1.0389
81	1.03668
82	1.03432
83	1.03202
84	1.02988
85	1.02791
86	1.02616
87	1.02479
88	1.0235
89	1.02295
90	1.02278
91	1.02301
92	1.02367
93	1.02481
94	1.02629
95	1.02821
97	1.0303
98	1.03255
99	1.03487
100	1.03721
101	1.0395
102	1.04176
103	1.04388
104	1.0458
105	1.04749
106	1.04894
107	1.05021
108	1.05108
109	1.05169
110	1.05193
111	1.05178
112	1.05099
113	1.05005
114	1.0488
115	1.04728
116	1.04558
118	1.04377
119	1.04143
120	1.03931
121	1.03719
122	1.03493
123	1.03281
124	1.03098
125	1.02916
126	1.02744
127	1.02585
128	1.02448
129	1.02327
130	1.02249
131	1.02193
132	1.02158
133	1.02192
134	1.02255
135	1.02333
136	1.02475
137	1.02659
139	1.02883
140	1.03123
141	1.03377
142	1.03636
143	1.03895
144	1.04151
145	1.04371
146	1.04584
147	1.04809
148	1.04971
149	1.05103
150	1.05196
151	1.0526
152	1.05296
153	1.05302
154	1.0528
155	1.05229
156	1.0515
157	1.05042
158	1.04907
160	1.04743
161	1.04569
162	1.04354
163	1.04088
164	1.03827
165	1.03515
166	1.03228
167	1.02924
168	1.02619
169	1.02325
170	1.02173
171	1.02054
172	1.01977
173	1.01976
174	1.02057
175	1.0217
176	1.02367
177	1.02573
178	1.02837
179	1.03124
181	1.03445
182	1.03658
183	1.03864
184	1.04053
185	1.04207
186	1.04335
187	1.0444
188	1.04531
189	1.04583
190	1.04592
191	1.04558
192	1.04527
193	1.04443
194	1.0439
195	1.043
196	1.04191
197	1.04055
198	1.03884
199	1.03675
200	1.03464
202	1.03235
203	1.03023
204	1.02773
205	1.02588
206	1.02333
207	1.02109
208	1.01919
209	1.01779
210	1.01695
211	1.01672
212	1.01702
213	1.01804
214	1.01967
215	1.02178
216	1.02403
217	1.027
218	1.03022
219	1.03361
220	1.03696
221	1.04034
223	1.04344
224	1.04635
225	1.04902
226	1.05133
227	1.05338
228	1.05505
229	1.05631
230	1.05708
231	1.05733
232	1.05719
233	1.05653
234	1.05542
235	1.05413
236	1.05252
237	1.05075
238	1.04877
239	1.04671
240	1.0447
241	1.04288
242	1.04095
244	1.03903
245	1.03705
246	1.03538
247	1.0334
248	1.03219
249	1.03075
250	1.02953
251	1.02838
252	1.02774
253	1.02736
254	1.02744
255	1.0281
256	1.02939
257	1.03117
258	1.03361
259	1.03585
260	1.03884
261	1.04188
262	1.04518
263	1.04819
265	1.05108
266	1.05387
267	1.05638
268	1.05854
269	1.05985
270	1.05978
271	1.0591
272	1.05773
273	1.05593
274	1.05361
275	1.05095
276	1.04791
277	1.04439
278	1.04096
279	1.03744
280	1.0344
281	1.03247
282	1.03079
283	1.02914
284	1.02758
286	1.02623
287	1.02505
288	1.02421
289	1.02401
290	1.0239
291	1.02418
292	1.02506
293	1.02615
294	1.02776
295	1.02999
296	1.03279
297	1.03596
298	1.0394
299	1.04289
300	1.0461
301	1.04926
302	1.05184
303	1.05375
304	1.05528
305	1.05623
307	1.05669
308	1.05632
309	1.05576
310	1.05473
311	1.05331
312	1.05171
313	1.04963
314	1.04792
315	1.04561
316	1.04323
317	1.04068
318	1.03797
319	1.03551
320	1.03283
321	1.03029
322	1.028
323	1.02605
324	1.0245
325	1.02304
326	1.02234
328	1.02175
329	1.02164
330	1.02199
331	1.02267
332	1.02378
333	1.02534
334	1.02759
335	1.02988
336	1.03251
337	1.03518
338	1.03795
339	1.04091
340	1.04371
341	1.0464
342	1.04896
343	1.05123
344	1.05307
345	1.0547
346	1.05599
347	1.05641
349	1.05641
350	1.05608
351	1.05546
352	1.05456
353	1.05338
354	1.05191
355	1.05015
356	1.04841
357	1.04561
358	1.04274
359	1.03993
360	1.03631
361	1.03328
362	1.03029
363	1.02751
364	1.0249
365	1.02273
366	1.02085
367	1.01926
368	1.01844
370	1.01813
371	1.01836
372	1.01964
373	1.02063
374	1.0214
375	1.02312
376	1.0253
377	1.02774
378	1.03059
379	1.03357
380	1.03662
381	1.03972
382	1.0426
383	1.04556
384	1.04843
385	1.05158
386	1.05385
387	1.05563
388	1.05695
389	1.0578
391	1.05811
392	1.058
393	1.05745
394	1.05675
395	1.05566
396	1.05413
397	1.05244
398	1.05028
399	1.04785
400	1.04507
401	1.04201
402	1.03875
403	1.03538
404	1.03202
405	1.02871
406	1.0256
407	1.0229
408	1.02065
409	1.01895
410	1.01787
412	1.01753
413	1.01751
414	1.01799
415	1.01893
416	1.01999
417	1.02175
418	1.02391
419	1.02647
420	1.02928
421	1.03229
422	1.03559
423	1.03874
424	1.04207
425	1.04531
426	1.04876
427	1.05193
428	1.05452
429	1.05671
430	1.05873
431	1.05991
433	1.0606
434	1.06062
435	1.06023
436	1.05946
437	1.05835
438	1.05653
439	1.05469
440	1.05253
441	1.04992
442	1.04668
443	1.04343
444	1.04003
445	1.03635
446	1.03265
447	1.02914
448	1.02569
449	1.02271
450	1.02015
451	1.01812
452	1.01676
454	1.01615
455	1.01633
456	1.0171
457	1.01841
458	1.02015
459	1.02218
460	1.0247
461	1.02744
462	1.03051
463	1.03375
464	1.03717
465	1.04053
466	1.04357
467	1.0464
468	1.04904
469	1.05187
470	1.05451
471	1.0569
472	1.0587
473	1.05998
475	1.06064
476	1.06073
477	1.06026
478	1.0593
479	1.05802
480	1.05638
481	1.05398
482	1.05112
483	1.04774
484	1.04419
485	1.04047
486	1.03725
487	1.03351
488	1.03024
489	1.02711
490	1.02432
491	1.02216
492	1.02073
493	1.02004
494	1.02024
496	1.02126
497	1.02268
498	1.02396
499	1.02616
500	1.02835
501	1.03106
502	1.03397
503	1.03703
504	1.04007
505	1.04301
506	1.04579
507	1.04833
508	1.05098
509	1.05366
510	1.05626
511	1.05866
512	1.06095
513	1.0629
514	1.06436
515	1.06541
517	1.06601
518	1.06612
519	1.06573
520	1.06436
521	1.06287
522	1.06087
523	1.05845
524	1.05546
525	1.05202
526	1.04822
527	1.04415
528	1.04022
529	1.03591
530	1.03174
531	1.02819
532	1.02474
533	1.02169
534	1.01925
535	1.01766
536	1.01695
538	1.0173
539	1.01828
540	1.0194
541	1.02126
542	1.02349
543	1.02611
544	1.02885
545	1.03187
546	1.03493
547	1.03787
548	1.04065
549	1.04305
550	1.04543
551	1.04788
552	1.05034
553	1.05274
554	1.05493
555	1.05671
556	1.05827
557	1.05953
559	1.06051
560	1.06102
561	1.06147
562	1.06099
563	1.05998
564	1.05844
565	1.05635
566	1.0538
567	1.05098
568	1.04772
569	1.04408
570	1.04014
571	1.03634
572	1.03204
573	1.02845
574	1.02516
575	1.02244
576	1.02035
577	1.01903
578	1.01853
580	1.0189
581	1.01991
582	1.02153
583	1.02339
584	1.02581
585	1.02849
586	1.03146
587	1.0345
588	1.03755
589	1.04052
590	1.04328
591	1.04575
592	1.04813
593	1.05038
594	1.05255
595	1.0546
596	1.05646
597	1.05812
598	1.05957
599	1.06078
601	1.06175
602	1.06246
603	1.06285
604	1.0619
605	1.0613
606	1.06022
607	1.05952
608	1.05756
609	1.05527
610	1.05287
611	1.05002
612	1.0471
613	1.04406
614	1.04113
615	1.03952
616	1.03758
617	1.03585
618	1.03345
619	1.03209
620	1.03093
622	1.02978
623	1.02918
624	1.02879
625	1.02875
626	1.02895
627	1.02923
628	1.02977
629	1.03092
630	1.03238
631	1.03446
632	1.03655
633	1.03914
634	1.04145
635	1.04382
636	1.04614
637	1.04838
638	1.05045
639	1.05219
640	1.05357
641	1.05485
643	1.0557
644	1.05657
645	1.057
646	1.05752
647	1.05779
648	1.05794
649	1.05772
650	1.05709
651	1.05619
652	1.05493
653	1.05341
654	1.05191
655	1.05007
656	1.0481
657	1.04581
658	1.04331
659	1.04078
660	1.03816
661	1.03574
662	1.03333
664	1.03131
665	1.0296
666	1.02801
667	1.02705
668	1.02645
669	1.02649
670	1.02706
671	1.02794
672	1.02942
673	1.03133
674	1.03367
675	1.03681
676	1.0394
677	1.04205
678	1.04583
679	1.04849
680	1.0511
681	1.05338
682	1.05512
683	1.05664
685	1.05785
686	1.05903
687	1.05916
688	1.05947
689	1.05962
690	1.05797
691	1.05706
692	1.0558
693	1.05439
694	1.05302
695	1.05132
696	1.04944
697	1.04698
698	1.04428
699	1.04194
700	1.03917
701	1.03649
702	1.03401
703	1.03164
704	1.02959
706	1.02802
707	1.02673
708	1.02578
709	1.02538
710	1.02563
711	1.02603
712	1.02698
713	1.02859
714	1.03039
715	1.03235
716	1.03451
717	1.03663
718	1.03895
719	1.04129
720	1.04384
721	1.0459
722	1.04781
723	1.04948
724	1.0508
725	1.05191
727	1.05292
728	1.05357
729	1.05393
730	1.05399
731	1.05358
732	1.05296
733	1.05222
734	1.0512
735	1.04999
736	1.04822
737	1.0465
738	1.04454
739	1.04234
740	1.03992
741	1.03738
742	1.03482
743	1.03184
744	1.02904
745	1.02643
746	1.02424
748	1.02265
749	1.02115
750	1.02005
751	1.01949
752	1.01953
753	1.02072
754	1.02196
755	1.02353
756	1.02555
757	1.02786
758	1.03025
759	1.03281
760	1.03541
761	1.03797
762	1.04042
763	1.04269
764	1.04401
765	1.04579
766	1.04749
767	1.04892
769	1.0501
770	1.05116
771	1.05181
772	1.05239
773	1.05254
774	1.05241
775	1.052
776	1.05139
777	1.05039
778	1.0491
779	1.04743
780	1.04429
781	1.04081
782	1.0374
783	1.03379
784	1.03049
785	1.02742
786	1.02467
787	1.02226
788	1.02047
790	1.01924
791	1.01873
792	1.02001
793	1.02174
794	1.02405
795	1.02671
796	1.02962
797	1.03268
798	1.03577
799	1.03889
800	1.04176
801	1.04443
802	1.04686
803	1.04899
804	1.05179
805	1.05333
806	1.05457
807	1.05556
808	1.05626
809	1.05669
811	1.05685
812	1.05672
813	1.05628
814	1.05551
815	1.05488
816	1.05256
817	1.05075
818	1.04838
819	1.04517
820	1.04203
821	1.03876
822	1.03543
823	1.03199
824	1.02858
825	1.0251
826	1.02149
827	1.01866
828	1.01646
829	1.01497
830	1.01472
832	1.01476
833	1.01523
834	1.01623
835	1.01788
836	1.02001
837	1.02275
838	1.02562
839	1.02876
840	1.03172
841	1.03402
842	1.0368
843	1.03874
844	1.04097
845	1.04297
846	1.04481
847	1.0464
848	1.04766
849	1.04873
850	1.04947
851	1.05
853	1.05092
854	1.05082
855	1.05108
856	1.05051
857	1.04954
858	1.04797
859	1.046
860	1.04365
861	1.04092
862	1.03787
863	1.03453
864	1.031
865	1.0274
866	1.02379
867	1.02043
868	1.0174
869	1.01483
870	1.01285
871	1.01155
872	1.011
874	1.01123
875	1.01224
876	1.01397
877	1.01633
878	1.01923
879	1.02239
880	1.02571
881	1.02918
882	1.03255
883	1.03558
884	1.03866
885	1.04159
886	1.04428
887	1.04655
888	1.04838
889	1.04976
890	1.05109
891	1.05181
892	1.05208
893	1.05195
895	1.05161
896	1.05055
897	1.0489
898	1.04674
899	1.04422
900	1.04142
901	1.03838
902	1.03493
903	1.03172
904	1.02858
905	1.02567
906	1.0231
907	1.02099
908	1.01943
909	1.01851
910	1.01829
911	1.01878
912	1.01995
913	1.02175
914	1.02406
916	1.02677
917	1.02964
918	1.03289
919	1.03619
920	1.03943
921	1.04217
922	1.04483
923	1.04734
924	1.04949
925	1.0513
926	1.05282
927	1.05391
928	1.055
929	1.0556
930	1.05595
931	1.05604
932	1.05629
933	1.05606
934	1.05539
935	1.05471
937	1.05345
938	1.05187
939	1.05008
940	1.04783
941	1.04525
942	1.04239
943	1.03935
944	1.03609
945	1.03291
946	1.02985
947	1.02675
948	1.02435
949	1.02239
950	1.02089
951	1.02011
952	1.02006
953	1.02068
954	1.02197
955	1.02371
956	1.02603
958	1.02871
959	1.03177
960	1.03462
961	1.0378
962	1.041
963	1.04392
964	1.04656
965	1.04889
966	1.05082
967	1.05282
968	1.05425
969	1.05541
970	1.05616
971	1.05702
972	1.05716
973	1.05717
974	1.05701
975	1.05657
976	1.05581
977	1.05468
979	1.05322
980	1.05142
981	1.04983
982	1.04748
983	1.04488
984	1.04219
985	1.0392
986	1.03605
987	1.03295
988	1.03008
989	1.02786
990	1.02596
991	1.02483
992	1.0238
993	1.02394
994	1.02436
995	1.02563
996	1.02756
997	1.03002
998	1.03284
1000	1.03593
0	1.31561
1	1.3143
2	1.31352
3	1.31324
4	1.31339
5	1.31387
6	1.31471
7	1.31586
8	1.31734
9	1.31899
10	1.32063
11	1.32219
13	1.32344
14	1.32444
15	1.32516
16	1.32582
17	1.32639
18	1.32673
19	1.32681
20	1.32677
21	1.32656
22	1.32634
23	1.32606
24	1.32582
25	1.32573
26	1.3256
27	1.32539
28	1.32519
29	1.32497
30	1.32463
31	1.32407
32	1.3233
34	1.32225
35	1.32103
36	1.31975
37	1.31819
38	1.31666
39	1.31502
40	1.31355
41	1.31224
42	1.3113
43	1.31069
44	1.31068
45	1.31108
46	1.31204
47	1.31314
48	1.31451
49	1.316
50	1.31779
51	1.3195
52	1.32152
53	1.32362
55	1.32565
56	1.3275
57	1.32953
58	1.33099
59	1.33245
60	1.33339
61	1.33456
62	1.33559
63	1.3366
64	1.33728
65	1.33764
66	1.33785
67	1.33772
68	1.33636
69	1.33509
70	1.33344
71	1.33191
72	1.32983
73	1.32748
74	1.32487
76	1.3221
77	1.31938
78	1.31662
79	1.31408
80	1.31258
81	1.31147
82	1.31092
83	1.31081
84	1.31091
85	1.31117
86	1.31164
87	1.31248
88	1.31343
89	1.31464
90	1.31596
91	1.31743
92	1.31902
93	1.32071
94	1.32255
95	1.32463
97	1.32677
98	1.3289
99	1.33072
100	1.33247
101	1.33431
102	1.33555
103	1.33644
104	1.3369
105	1.33694
106	1.33657
107	1.33574
108	1.33484
109	1.33365
110	1.33224
111	1.33053
112	1.32802
113	1.32588
114	1.32359
115	1.32121
116	1.31878
118	1.31635
119	1.31391
120	1.31183
121	1.3101
122	1.30883
123	1.30808
124	1.30806
125	1.30833
126	1.30905
127	1.30987
128	1.31092
129	1.31212
130	1.31377
131	1.31533
132	1.31698
133	1.31899
134	1.32096
135	1.32266
136	1.32479
137	1.32687
139	1.32926
140	1.33161
141	1.33393
142	1.33613
143	1.33855
144	1.34024
145	1.3415
146	1.34252
147	1.34354
148	1.34347
149	1.34341
150	1.34305
151	1.34234
152	1.34144
153	1.34031
154	1.33826
155	1.33694
156	1.33514
157	1.33318
158	1.33119
160	1.32952
161	1.3273
162	1.32528
163	1.32355
164	1.32212
165	1.32057
166	1.31962
167	1.31807
168	1.31668
169	1.31533
170	1.31535
171	1.31557
172	1.3165
173	1.31769
174	1.31921
175	1.32095
176	1.32323
177	1.32572
178	1.32874
179	1.33191
181	1.33515
182	1.33699
183	1.33858
184	1.33969
185	1.34028
186	1.34041
187	1.34003
188	1.33921
189	1.33795
190	1.33636
191	1.33465
192	1.33287
193	1.33099
194	1.329
195	1.32713
196	1.32549
197	1.32389
198	1.3225
199	1.32122
200	1.32016
202	1.31911
203	1.31796
204	1.31679
205	1.31596
206	1.31494
207	1.31396
208	1.31301
209	1.31241
210	1.31206
211	1.31213
212	1.31257
213	1.31362
214	1.31543
215	1.31788
216	1.3206
217	1.32377
218	1.32686
219	1.32974
220	1.3323
221	1.33443
223	1.33608
224	1.3372
225	1.33776
226	1.33773
227	1.33713
228	1.33597
229	1.33468
230	1.33335
231	1.33199
232	1.33061
233	1.32926
234	1.32776
235	1.32644
236	1.32515
237	1.32393
238	1.32283
239	1.32179
240	1.32089
241	1.32014
242	1.31961
244	1.31933
245	1.31934
246	1.31946
247	1.31914
248	1.31942
249	1.31937
250	1.31945
251	1.31956
252	1.32016
253	1.32098
254	1.3219
255	1.32309
256	1.32454
257	1.32653
258	1.32917
259	1.33147
260	1.3342
261	1.33706
262	1.33964
263	1.34198
265	1.34404
266	1.34545
267	1.34651
268	1.34716
269	1.34698
270	1.34585
271	1.34437
272	1.34261
273	1.34038
274	1.3382
275	1.33563
276	1.33281
277	1.33002
278	1.32734
279	1.32457
280	1.32224
281	1.32068
282	1.31944
283	1.3183
284	1.31714
286	1.3161
287	1.31517
288	1.31455
289	1.31456
290	1.31467
291	1.3152
292	1.3164
293	1.31784
294	1.31973
295	1.32219
296	1.32535
297	1.32882
298	1.33236
299	1.33593
300	1.33918
301	1.34234
302	1.34489
303	1.34671
304	1.34809
305	1.34882
307	1.349
308	1.34831
309	1.34756
310	1.34657
311	1.34524
312	1.34376
313	1.34184
314	1.34026
315	1.33808
316	1.33581
317	1.33335
318	1.3307
319	1.32826
320	1.3256
321	1.32306
322	1.32076
323	1.31882
324	1.31728
325	1.31589
326	1.31478
328	1.31375
329	1.31318
330	1.31308
331	1.31334
332	1.31406
333	1.3153
334	1.31728
335	1.31937
336	1.32186
337	1.32445
338	1.328
339	1.33193
340	1.33575
341	1.33946
342	1.34302
343	1.34623
344	1.34896
345	1.35138
346	1.35337
347	1.3544
349	1.35492
350	1.35468
351	1.354
352	1.35301
353	1.35173
354	1.35016
355	1.3483
356	1.34642
357	1.3435
358	1.34047
359	1.33746
360	1.33361
361	1.33035
362	1.3271
363	1.32407
364	1.32121
365	1.3188
366	1.31672
367	1.31499
368	1.31387
370	1.31294
371	1.31234
372	1.31282
373	1.31306
374	1.31314
375	1.31424
376	1.31587
377	1.31782
378	1.32027
379	1.32289
380	1.32597
381	1.32953
382	1.3332
383	1.33687
384	1.34026
385	1.34382
386	1.34629
387	1.34813
388	1.34928
389	1.3498
391	1.34964
392	1.34883
393	1.34756
394	1.34605
395	1.3443
396	1.34242
397	1.34054
398	1.33841
399	1.33618
400	1.33379
401	1.33124
402	1.32856
403	1.32581
404	1.323
405	1.32027
406	1.31767
407	1.31537
408	1.31343
409	1.312
410	1.31111
412	1.31044
413	1.30985
414	1.30973
415	1.31008
416	1.31058
417	1.3118
418	1.31346
419	1.31551
420	1.31764
421	1.31963
422	1.32135
423	1.323
424	1.32475
425	1.3262
426	1.32778
427	1.32881
428	1.32923
429	1.32915
430	1.32883
431	1.328
433	1.32714
434	1.32634
435	1.32576
436	1.32535
437	1.32514
438	1.32462
439	1.32461
440	1.32457
441	1.32438
442	1.32374
443	1.32298
444	1.32201
445	1.3206
446	1.31893
447	1.31717
448	1.31517
449	1.3133
450	1.31157
451	1.31012
452	1.30915
454	1.30883
455	1.30891
456	1.30921
457	1.31
458	1.31121
459	1.31276
460	1.31483
461	1.31714
462	1.31978
463	1.32258
464	1.32553
465	1.32834
466	1.33107
467	1.33397
468	1.33662
469	1.3394
470	1.34198
471	1.34438
472	1.34638
473	1.34794
475	1.34897
476	1.34951
477	1.34962
478	1.34936
479	1.34874
480	1.34788
481	1.34627
482	1.34415
483	1.34139
484	1.33819
485	1.33466
486	1.33148
487	1.32769
488	1.32429
489	1.32097
490	1.31799
491	1.31568
492	1.31415
493	1.31346
494	1.31319
496	1.31331
497	1.31383
498	1.31427
499	1.31565
500	1.31704
501	1.31896
502	1.32109
503	1.32334
504	1.32554
505	1.32761
506	1.33003
507	1.33271
508	1.33555
509	1.33841
510	1.34117
511	1.34373
512	1.34616
513	1.3484
514	1.35049
515	1.35207
517	1.35323
518	1.35409
519	1.3546
520	1.35437
521	1.35396
522	1.35297
523	1.35149
524	1.34934
525	1.34648
526	1.34281
527	1.33886
528	1.33493
529	1.33038
530	1.32576
531	1.3215
532	1.31742
533	1.31381
534	1.31093
535	1.30903
536	1.30815
538	1.30766
539	1.30792
540	1.30836
541	1.3096
542	1.31127
543	1.31337
544	1.31564
545	1.3182
546	1.3208
547	1.32327
548	1.32559
549	1.32832
550	1.33104
551	1.33389
552	1.33677
553	1.33958
554	1.34228
555	1.34448
556	1.34669
557	1.34859
559	1.35017
560	1.35126
561	1.35222
562	1.3522
563	1.35156
564	1.35029
565	1.34838
566	1.34582
567	1.34295
568	1.33927
569	1.33513
570	1.3306
571	1.32615
572	1.32122
573	1.31699
574	1.31312
575	1.30991
576	1.30743
577	1.30583
578	1.30519
580	1.30551
581	1.30668
582	1.30858
583	1.31081
584	1.31366
585	1.31682
586	1.32031
587	1.32388
588	1.32749
589	1.33096
590	1.33412
591	1.33679
592	1.33926
593	1.34143
594	1.34324
595	1.34493
596	1.34635
597	1.34746
598	1.34824
599	1.34861
601	1.34864
602	1.34841
603	1.34791
604	1.3462
605	1.34489
606	1.34336
607	1.34212
608	1.33971
609	1.33701
610	1.33425
611	1.33116
612	1.32805
613	1.32489
614	1.32195
615	1.32019
616	1.31841
617	1.31702
618	1.31551
619	1.315
620	1.3147
622	1.31444
623	1.31476
624	1.31533
625	1.31628
626	1.31752
627	1.31889
628	1.32029
629	1.32213
630	1.32382
631	1.32605
632	1.32837
633	1.33088
634	1.33336
635	1.3357
636	1.33782
637	1.33979
638	1.34164
639	1.34304
640	1.34407
641	1.34478
643	1.34506
644	1.34524
645	1.34513
646	1.34466
647	1.34399
648	1.34282
649	1.34188
650	1.33985
651	1.33761
652	1.33495
653	1.33218
654	1.32947
655	1.32647
656	1.32347
657	1.32066
658	1.3181
659	1.31615
660	1.31413
661	1.31323
662	1.31234
664	1.31187
665	1.31173
666	1.31174
667	1.31241
668	1.31349
669	1.31493
670	1.31652
671	1.3183
672	1.31974
673	1.32113
674	1.32281
675	1.32448
676	1.32617
677	1.32802
678	1.32987
679	1.33173
680	1.33319
681	1.33427
682	1.33522
683	1.33616
685	1.33688
686	1.33703
687	1.33719
688	1.33697
689	1.3362
690	1.33481
691	1.33291
692	1.33086
693	1.3287
694	1.32621
695	1.32365
696	1.3211
697	1.31901
698	1.31687
699	1.31508
700	1.31374
701	1.3126
702	1.31173
703	1.31107
704	1.31077
706	1.3109
707	1.31118
708	1.31169
709	1.31245
710	1.31343
711	1.31457
712	1.31571
713	1.31733
714	1.31921
715	1.3213
716	1.32361
717	1.32593
718	1.32845
719	1.33099
720	1.33343
721	1.3357
722	1.33778
723	1.33955
724	1.34089
725	1.34189
727	1.3426
728	1.3428
729	1.34254
730	1.34182
731	1.34065
732	1.33908
733	1.33707
734	1.33469
735	1.33216
736	1.32941
737	1.32656
738	1.32368
739	1.32101
740	1.31848
741	1.31621
742	1.31402
743	1.31186
744	1.30985
745	1.3081
746	1.30677
748	1.30577
749	1.3051
750	1.30481
751	1.30476
752	1.30513
753	1.30647
754	1.30774
755	1.30942
756	1.31159
757	1.31392
758	1.31621
759	1.3185
760	1.32073
761	1.32284
762	1.32472
763	1.32634
764	1.32702
765	1.32791
766	1.32857
767	1.32896
769	1.32898
770	1.3287
771	1.32819
772	1.32732
773	1.32617
774	1.32471
775	1.32328
776	1.32145
777	1.31918
778	1.31676
779	1.314
780	1.31116
781	1.30866
782	1.3062
783	1.30444
784	1.30292
785	1.30178
786	1.30073
787	1.30024
788	1.30051
790	1.30117
791	1.30224
792	1.30387
793	1.30558
794	1.30749
795	1.30906
796	1.31075
797	1.31254
798	1.31419
799	1.31586
800	1.31748
801	1.31913
802	1.32063
803	1.32206
804	1.32326
805	1.3244
806	1.32535
807	1.32615
808	1.32662
809	1.32691
811	1.32674
812	1.32629
813	1.32536
814	1.32451
815	1.32283
816	1.32106
817	1.31905
818	1.31678
819	1.31434
820	1.312
821	1.30976
822	1.30798
823	1.30629
824	1.3048
825	1.30299
826	1.30191
827	1.30095
828	1.3006
829	1.30077
830	1.30157
832	1.30277
833	1.30412
834	1.3054
835	1.30685
836	1.30854
837	1.31066
838	1.31288
839	1.31523
840	1.3174
841	1.31945
842	1.32124
843	1.32279
844	1.32434
845	1.32583
846	1.32743
847	1.32885
848	1.33019
849	1.3314
850	1.33237
851	1.333
853	1.33338
854	1.3333
855	1.33259
856	1.33251
857	1.33105
858	1.32927
859	1.3273
860	1.32498
861	1.32243
862	1.31985
863	1.31712
864	1.3142
865	1.31127
866	1.30864
867	1.30518
868	1.30305
869	1.30113
870	1.29969
871	1.29886
872	1.29868
874	1.29907
875	1.30026
876	1.30231
877	1.30509
878	1.30825
879	1.31146
880	1.31475
881	1.31804
882	1.32123
883	1.32421
884	1.32695
885	1.32935
886	1.33181
887	1.33385
888	1.33537
889	1.33671
890	1.33746
891	1.3381
892	1.33841
893	1.33827
895	1.33758
896	1.33641
897	1.33476
898	1.3323
899	1.3296
900	1.32666
901	1.32333
902	1.32032
903	1.31703
904	1.3138
905	1.3108
906	1.30828
907	1.30624
908	1.30481
909	1.30398
910	1.30371
911	1.30418
912	1.30547
913	1.30748
914	1.31007
916	1.31311
917	1.31633
918	1.31992
919	1.3235
920	1.32695
921	1.32985
922	1.33257
923	1.33504
924	1.33706
925	1.33869
926	1.33997
927	1.34081
928	1.34162
929	1.34196
930	1.34206
931	1.34194
932	1.34199
933	1.34159
934	1.34078
935	1.33962
937	1.33807
938	1.33617
939	1.33396
940	1.33129
941	1.32804
942	1.32477
943	1.32126
944	1.3175
945	1.3138
946	1.3102
947	1.30693
948	1.30421
949	1.30197
950	1.30033
951	1.29947
952	1.2996
953	1.30019
954	1.30154
955	1.3034
956	1.30587
958	1.30872
959	1.31193
960	1.31489
961	1.3181
962	1.32125
963	1.32402
964	1.32644
965	1.32846
966	1.33001
967	1.33158
968	1.33257
969	1.3333
970	1.33366
971	1.33418
972	1.33409
973	1.33393
974	1.33372
975	1.3333
976	1.33265
977	1.33169
979	1.33043
980	1.32885
981	1.32715
982	1.32496
983	1.32244
984	1.31981
985	1.31687
986	1.3137
987	1.31054
988	1.3076
989	1.30535
990	1.30346
991	1.30237
992	1.30177
993	1.30206
994	1.30275
995	1.30427
996	1.30645
997	1.30916
998	1.31222
1000	1.31549
0	1.52182
1	1.52148
2	1.52131
3	1.52106
4	1.52071
5	1.52037
6	1.51989
7	1.5192
8	1.51836
9	1.51716
10	1.51566
11	1.5138
13	1.51154
14	1.50895
15	1.50617
16	1.50341
17	1.50056
18	1.49767
19	1.49483
20	1.49232
21	1.49008
22	1.48823
23	1.48671
24	1.48566
25	1.48511
26	1.4849
27	1.48503
28	1.48555
29	1.48646
30	1.48777
31	1.48911
32	1.49062
34	1.49217
35	1.49382
36	1.49562
37	1.49718
38	1.49893
39	1.5005
40	1.50215
41	1.50379
42	1.50537
43	1.5071
44	1.50894
45	1.51078
46	1.51269
47	1.51448
48	1.51631
49	1.51791
50	1.51943
51	1.52078
52	1.52177
53	1.52254
55	1.52302
56	1.52309
57	1.52336
58	1.52307
59	1.52273
60	1.52187
61	1.52127
62	1.52072
63	1.52018
64	1.51991
65	1.51974
66	1.51964
67	1.51972
68	1.51973
69	1.52019
70	1.52062
71	1.52148
72	1.52205
73	1.5227
74	1.52322
76	1.52372
77	1.52438
78	1.52501
79	1.52574
80	1.52639
81	1.52719
82	1.52813
83	1.52935
84	1.53077
85	1.53225
86	1.53388
87	1.53562
88	1.53723
89	1.53889
90	1.54039
91	1.54174
92	1.54296
93	1.54406
94	1.5449
95	1.54559
97	1.54609
98	1.54649
99	1.54667
100	1.54682
101	1.54728
102	1.54748
103	1.54769
104	1.54785
105	1.548
106	1.54815
107	1.5482
108	1.54824
109	1.54814
110	1.54798
111	1.54764
112	1.54668
113	1.54612
114	1.54546
115	1.54473
116	1.54392
118	1.54307
119	1.54208
120	1.54135
121	1.54079
122	1.54049
123	1.54049
124	1.54091
125	1.5414
126	1.54221
127	1.5432
128	1.54443
129	1.54579
130	1.5474
131	1.54885
132	1.55022
133	1.55134
134	1.55247
135	1.55336
136	1.55411
137	1.55473
139	1.55532
140	1.55575
141	1.55609
142	1.55637
143	1.55695
144	1.55701
145	1.55731
146	1.5574
147	1.55754
148	1.55742
149	1.55742
150	1.55732
151	1.55709
152	1.55682
153	1.55654
154	1.55555
155	1.55535
156	1.55478
157	1.55416
158	1.55356
160	1.5532
161	1.55234
162	1.55153
163	1.55082
164	1.55022
165	1.54968
166	1.54926
167	1.54893
168	1.5489
169	1.54897
170	1.54823
171	1.54777
172	1.54744
173	1.54689
174	1.54622
175	1.54531
176	1.54417
177	1.54309
178	1.5415
179	1.53963
181	1.53761
182	1.53625
183	1.53445
184	1.53268
185	1.53096
186	1.52932
187	1.52778
188	1.52641
189	1.52515
190	1.52399
191	1.523
192	1.52227
193	1.52165
194	1.52127
195	1.52117
196	1.52137
197	1.52163
198	1.52207
199	1.52253
200	1.52305
202	1.52368
203	1.52452
204	1.52514
205	1.52588
206	1.52643
207	1.52678
208	1.52689
209	1.52689
210	1.52666
211	1.5263
212	1.52574
213	1.52495
214	1.52382
215	1.52259
216	1.52108
217	1.51952
218	1.51775
219	1.51584
220	1.51382
221	1.51165
223	1.50939
224	1.50716
225	1.50484
226	1.50259
227	1.50041
228	1.49834
229	1.49638
230	1.49473
231	1.49333
232	1.49226
233	1.49159
234	1.49122
235	1.49136
236	1.49195
237	1.49297
238	1.49447
239	1.49623
240	1.49826
241	1.50054
242	1.50298
244	1.5055
245	1.50804
246	1.51062
247	1.5132
248	1.51553
249	1.51753
250	1.51926
251	1.52104
252	1.52226
253	1.52315
254	1.52365
255	1.5238
256	1.52368
257	1.52324
258	1.52246
259	1.52165
260	1.52083
261	1.51998
262	1.5185
263	1.51741
265	1.51625
266	1.5148
267	1.51344
268	1.51221
269	1.51079
270	1.50992
271	1.5093
272	1.50903
273	1.50908
274	1.50984
275	1.51097
276	1.51258
277	1.51486
278	1.51773
279	1.52087
280	1.52466
281	1.52814
282	1.53154
283	1.53481
284	1.53782
286	1.54046
287	1.54254
288	1.54443
289	1.54581
290	1.54682
291	1.54748
292	1.54811
293	1.54844
294	1.54858
295	1.54854
296	1.54835
297	1.54812
298	1.54797
299	1.5476
300	1.54743
301	1.54711
302	1.54664
303	1.54589
304	1.54511
305	1.54433
307	1.54353
308	1.54263
309	1.54197
310	1.54142
311	1.54093
312	1.54072
313	1.54065
314	1.54119
315	1.54179
316	1.54272
317	1.5439
318	1.5452
319	1.54679
320	1.54831
321	1.54985
322	1.55142
323	1.5529
324	1.55429
325	1.55537
326	1.55663
328	1.5577
329	1.55847
330	1.55917
331	1.55963
332	1.55999
333	1.56021
334	1.56037
335	1.56029
336	1.56006
337	1.55965
338	1.55895
339	1.55808
340	1.55719
341	1.55615
342	1.55512
343	1.55394
344	1.55275
345	1.55175
346	1.55072
347	1.54945
349	1.54814
350	1.54668
351	1.54537
352	1.544
353	1.54272
354	1.54159
355	1.54058
356	1.53987
357	1.5387
358	1.53772
359	1.53698
360	1.53582
361	1.53537
362	1.53486
363	1.53455
364	1.53422
365	1.53383
366	1.53336
367	1.53265
368	1.53203
370	1.53129
371	1.5304
372	1.52978
373	1.52855
374	1.52695
375	1.52524
376	1.52326
377	1.52105
378	1.51866
379	1.51601
380	1.51332
381	1.51053
382	1.50761
383	1.50474
384	1.50171
385	1.49879
386	1.49575
387	1.49285
388	1.4899
389	1.48714
391	1.48448
392	1.48188
393	1.47951
394	1.47738
395	1.47538
396	1.47376
397	1.47244
398	1.47128
399	1.47039
400	1.46977
401	1.46936
402	1.46916
403	1.46913
404	1.46919
405	1.46942
406	1.46971
407	1.47002
408	1.47027
409	1.4705
410	1.47057
412	1.47041
413	1.47002
414	1.46942
415	1.46856
416	1.46742
417	1.46594
418	1.46425
419	1.46233
420	1.46021
421	1.45799
422	1.45582
423	1.45363
424	1.45149
425	1.44945
426	1.44794
427	1.44622
428	1.44488
429	1.44374
430	1.4431
431	1.44261
433	1.44243
434	1.44247
435	1.44291
436	1.44365
437	1.44468
438	1.44561
439	1.44714
440	1.44884
441	1.4507
442	1.45248
443	1.45451
444	1.45669
445	1.45884
446	1.46127
447	1.46356
448	1.46585
449	1.46804
450	1.47026
451	1.4723
452	1.47427
454	1.47606
455	1.47761
456	1.47877
457	1.47977
458	1.48023
459	1.48058
460	1.48062
461	1.48037
462	1.47987
463	1.47932
464	1.47877
465	1.47817
466	1.47754
467	1.47717
468	1.47684
469	1.47694
470	1.47735
471	1.47817
472	1.47973
473	1.48151
475	1.48336
476	1.48527
477	1.48726
478	1.48945
479	1.49159
480	1.49386
481	1.49587
482	1.4978
483	1.49952
484	1.50071
485	1.50193
486	1.5034
487	1.50463
488	1.50609
489	1.50747
490	1.50887
491	1.51033
492	1.51185
493	1.51343
494	1.51496
496	1.51653
497	1.51798
498	1.51908
499	1.52027
500	1.52111
501	1.52186
502	1.52245
503	1.52279
504	1.52296
505	1.52295
506	1.52284
507	1.52268
508	1.52258
509	1.52252
510	1.52258
511	1.52279
512	1.52322
513	1.5239
514	1.52487
515	1.52587
517	1.52692
518	1.52808
519	1.52918
520	1.53
521	1.53094
522	1.5318
523	1.53257
524	1.53317
525	1.53353
526	1.53357
527	1.53354
528	1.53357
529	1.53334
530	1.53312
531	1.53298
532	1.53275
533	1.53247
534	1.53219
535	1.53208
536	1.53203
538	1.53211
539	1.53218
540	1.53201
541	1.53193
542	1.53182
543	1.53169
544	1.53134
545	1.53104
546	1.53048
547	1.52972
548	1.52893
549	1.52804
550	1.52726
551	1.52665
552	1.52621
553	1.52594
554	1.52587
555	1.52597
556	1.5262
557	1.52675
559	1.52748
560	1.52832
561	1.52923
562	1.5299
563	1.53028
564	1.5304
565	1.53025
566	1.52981
567	1.5291
568	1.52809
569	1.52683
570	1.52532
571	1.52365
572	1.52176
573	1.52002
574	1.51838
575	1.51688
576	1.51548
577	1.51419
578	1.51299
580	1.51181
581	1.51061
582	1.50895
583	1.50678
584	1.50459
585	1.50228
586	1.49991
587	1.49745
588	1.49511
589	1.4928
590	1.49068
591	1.4888
592	1.48731
593	1.4866
594	1.48646
595	1.4868
596	1.48746
597	1.48847
598	1.48968
599	1.4909
601	1.49216
602	1.49336
603	1.49442
604	1.49471
605	1.49527
606	1.49576
607	1.49645
608	1.49645
609	1.49634
610	1.49627
611	1.49607
612	1.49591
613	1.49575
614	1.49573
615	1.49632
616	1.49667
617	1.497
618	1.49684
619	1.49719
620	1.49736
622	1.49739
623	1.49738
624	1.49717
625	1.49653
626	1.49601
627	1.49539
628	1.49468
629	1.49413
630	1.49365
631	1.4934
632	1.4934
633	1.49366
634	1.49424
635	1.49515
636	1.49666
637	1.49824
638	1.5002
639	1.50225
640	1.50448
641	1.50672
643	1.5089
644	1.51107
645	1.51304
646	1.51478
647	1.51638
648	1.51775
649	1.51912
650	1.51963
651	1.51996
652	1.51992
653	1.51974
654	1.51953
655	1.51899
656	1.51824
657	1.51745
658	1.51652
659	1.51566
660	1.51442
661	1.51371
662	1.51278
664	1.51189
665	1.51087
666	1.50961
667	1.50842
668	1.50735
669	1.50617
670	1.50507
671	1.50413
672	1.5032
673	1.50241
674	1.50197
675	1.50185
676	1.50208
677	1.50288
678	1.5048
679	1.50703
680	1.50954
681	1.51213
682	1.51482
683	1.51766
685	1.52046
686	1.52289
687	1.52526
688	1.52737
689	1.52899
690	1.52947
691	1.52955
692	1.52941
693	1.52903
694	1.52832
695	1.52739
696	1.52629
697	1.52534
698	1.52416
699	1.52306
700	1.52199
701	1.52103
702	1.52015
703	1.51932
704	1.51864
706	1.51798
707	1.51724
708	1.5166
709	1.5159
710	1.51526
711	1.51462
712	1.51415
713	1.51392
714	1.51395
715	1.51426
716	1.51488
717	1.51588
718	1.51732
719	1.51907
720	1.52124
721	1.52364
722	1.52621
723	1.52865
724	1.53102
725	1.53322
727	1.53522
728	1.53687
729	1.53813
730	1.53899
731	1.53938
732	1.53933
733	1.53882
734	1.53789
735	1.53679
736	1.53532
737	1.53373
738	1.5319
739	1.53013
740	1.5283
741	1.52646
742	1.52458
743	1.52305
744	1.52185
745	1.52032
746	1.51895
748	1.51764
749	1.51628
750	1.51505
751	1.51364
752	1.51239
753	1.51135
754	1.51039
755	1.5092
756	1.50785
757	1.50712
758	1.50653
759	1.50623
760	1.5062
761	1.50639
762	1.50684
763	1.50747
764	1.50804
765	1.50876
766	1.50948
767	1.5103
769	1.51091
770	1.51129
771	1.51145
772	1.51136
773	1.511
774	1.51037
775	1.50978
776	1.50891
777	1.50764
778	1.5063
779	1.50467
780	1.50274
781	1.50087
782	1.49883
783	1.4971
784	1.49546
785	1.49392
786	1.49211
787	1.49054
788	1.48919
790	1.48796
791	1.48689
792	1.48649
793	1.48627
794	1.48645
795	1.48657
796	1.48694
797	1.48764
798	1.48856
799	1.48979
800	1.4915
801	1.49345
802	1.49553
803	1.49765
804	1.49987
805	1.50198
806	1.50397
807	1.50589
808	1.50754
809	1.50906
811	1.51017
812	1.51099
813	1.5114
814	1.51188
815	1.51163
816	1.51107
817	1.51038
818	1.50936
819	1.50796
820	1.50661
821	1.50517
822	1.50396
823	1.50256
824	1.50125
825	1.49969
826	1.49854
827	1.49745
828	1.49643
829	1.49568
830	1.49511
832	1.49455
833	1.49405
834	1.49353
835	1.49327
836	1.49325
837	1.49352
838	1.49405
839	1.49484
840	1.49597
841	1.49726
842	1.49898
843	1.5009
844	1.50314
845	1.50555
846	1.50823
847	1.51087
848	1.51356
849	1.51621
850	1.51869
851	1.52089
853	1.52293
854	1.5245
855	1.52546
856	1.52691
857	1.527
858	1.52671
859	1.52613
860	1.5251
861	1.52372
862	1.52215
863	1.5204
864	1.51869
865	1.51705
866	1.51597
867	1.51379
868	1.5128
869	1.51178
870	1.51075
871	1.50984
872	1.50917
874	1.50863
875	1.50826
876	1.50828
877	1.50798
878	1.5076
879	1.50745
880	1.50737
881	1.50746
882	1.50795
883	1.50876
884	1.50987
885	1.51122
886	1.51401
887	1.51666
888	1.5198
889	1.523
890	1.52584
891	1.52868
892	1.53136
893	1.53361
895	1.53537
896	1.5366
897	1.53732
898	1.53644
899	1.53517
900	1.5336
901	1.53174
902	1.53032
903	1.52873
904	1.52715
905	1.52576
906	1.52476
907	1.52403
908	1.52361
909	1.52335
910	1.5232
911	1.52328
912	1.52334
913	1.52336
914	1.52331
916	1.52319
917	1.52304
918	1.5228
919	1.52253
920	1.52216
921	1.522
922	1.52201
923	1.52193
924	1.52193
925	1.52242
926	1.52313
927	1.52407
928	1.52512
929	1.52614
930	1.52716
931	1.52817
932	1.52893
933	1.52947
934	1.53004
935	1.53028
937	1.52979
938	1.52899
939	1.52773
940	1.52616
941	1.5241
942	1.52212
943	1.52006
944	1.518
945	1.5157
946	1.51371
947	1.5122
948	1.51112
949	1.51019
950	1.50947
951	1.50899
952	1.5089
953	1.50862
954	1.50839
955	1.50804
956	1.50795
958	1.50743
959	1.50675
960	1.50586
961	1.50493
962	1.50408
963	1.50323
964	1.50254
965	1.50194
966	1.50153
967	1.5015
968	1.50156
969	1.5018
970	1.50212
971	1.50258
972	1.50305
973	1.50358
974	1.50408
975	1.50449
976	1.50479
977	1.50495
979	1.50484
980	1.50473
981	1.50452
982	1.50401
983	1.50347
984	1.50284
985	1.50215
986	1.50133
987	1.50039
988	1.49974
989	1.49893
990	1.49818
991	1.4974
992	1.49651
993	1.49581
994	1.4951
995	1.49459
996	1.49406
997	1.49374
998	1.4937
1000	1.49354
0	1.66849
1	1.66985
2	1.67135
3	1.67248
4	1.67326
5	1.6738
6	1.67388
7	1.67339
8	1.67249
9	1.67076
10	1.66837
11	1.66526
13	1.66153
14	1.65727
15	1.65274
16	1.64817
17	1.64348
18	1.63876
19	1.63416
20	1.63
21	1.62627
22	1.62312
23	1.62052
24	1.61865
25	1.61748
26	1.61686
27	1.61682
28	1.61738
29	1.61851
30	1.62024
31	1.62211
32	1.62426
34	1.62654
35	1.62902
36	1.63168
37	1.63408
38	1.63677
39	1.63931
40	1.64193
41	1.64454
42	1.64701
43	1.6496
44	1.65213
45	1.65459
46	1.65689
47	1.65891
48	1.66083
49	1.66217
50	1.66319
51	1.66368
52	1.6636
53	1.66305
55	1.66195
56	1.66033
57	1.65865
58	1.65649
59	1.65418
60	1.65141
61	1.64899
62	1.64671
63	1.64471
64	1.64309
65	1.64183
66	1.64092
67	1.64042
68	1.64037
69	1.6408
70	1.64147
71	1.64273
72	1.6439
73	1.64536
74	1.64684
76	1.64851
77	1.65057
78	1.65267
79	1.65503
80	1.65715
81	1.65958
82	1.6621
83	1.66491
84	1.66782
85	1.67066
86	1.67349
87	1.6762
88	1.67843
89	1.6805
90	1.68212
91	1.68336
92	1.68424
93	1.6848
94	1.68488
95	1.68474
97	1.6843
98	1.68368
99	1.68288
100	1.68207
101	1.6815
102	1.68086
103	1.68028
104	1.67977
105	1.67939
106	1.67912
107	1.6789
108	1.67869
109	1.67854
110	1.6784
111	1.67824
112	1.67792
113	1.67801
114	1.67827
115	1.67879
116	1.67958
118	1.68068
119	1.68205
120	1.6839
121	1.68625
122	1.68904
123	1.69224
124	1.69569
125	1.69926
126	1.70295
127	1.70648
128	1.70987
129	1.71297
130	1.71576
131	1.71812
132	1.71987
133	1.72104
134	1.72175
135	1.7219
136	1.72168
137	1.72111
139	1.72041
140	1.7194
141	1.71827
142	1.71698
143	1.71589
144	1.71445
145	1.71317
146	1.71189
147	1.71077
148	1.70947
149	1.70837
150	1.70727
151	1.70622
152	1.70528
153	1.70455
154	1.70357
155	1.70338
156	1.70326
157	1.70347
158	1.70406
160	1.70522
161	1.70645
162	1.70793
163	1.70961
164	1.71145
165	1.7132
166	1.71483
167	1.71625
168	1.71749
169	1.71832
170	1.71694
171	1.71522
172	1.71302
173	1.71026
174	1.70711
175	1.70352
176	1.6997
177	1.69585
178	1.69168
179	1.6873
181	1.68293
182	1.68028
183	1.67739
184	1.67468
185	1.6721
186	1.66972
187	1.66754
188	1.66563
189	1.66392
190	1.6624
191	1.66117
192	1.66037
193	1.65979
194	1.65967
195	1.65997
196	1.6607
197	1.66162
198	1.66282
199	1.66411
200	1.66548
202	1.66693
203	1.66848
204	1.66964
205	1.67079
206	1.67137
207	1.67148
208	1.67108
209	1.67028
210	1.66897
211	1.6673
212	1.66522
213	1.66284
214	1.66007
215	1.65719
216	1.65407
217	1.65106
218	1.648
219	1.64495
220	1.64197
221	1.63897
223	1.63602
224	1.63323
225	1.63042
226	1.62774
227	1.62517
228	1.6227
229	1.62035
230	1.61831
231	1.61653
232	1.61512
233	1.61416
234	1.61358
235	1.61359
236	1.61419
237	1.61536
238	1.61716
239	1.61939
240	1.62206
241	1.62511
242	1.6284
244	1.63179
245	1.63502
246	1.638
247	1.64055
248	1.64261
249	1.64386
250	1.64443
251	1.64462
252	1.64403
253	1.64284
254	1.64106
255	1.63887
256	1.63653
257	1.63416
258	1.63186
259	1.62973
260	1.62806
261	1.62669
262	1.62514
263	1.62412
265	1.62323
266	1.62223
267	1.6214
268	1.62072
269	1.61981
270	1.61921
271	1.61882
272	1.61865
273	1.61875
274	1.61946
275	1.6205
276	1.62199
277	1.62416
278	1.62693
279	1.63003
280	1.63382
281	1.63749
282	1.64113
283	1.6446
284	1.64775
286	1.65043
287	1.65245
288	1.6541
289	1.65515
290	1.65566
291	1.65573
292	1.65566
293	1.65525
294	1.65466
295	1.65397
296	1.65321
297	1.6525
298	1.652
299	1.65146
300	1.6512
301	1.65092
302	1.6506
303	1.65005
304	1.64952
305	1.64895
307	1.64833
308	1.64762
309	1.64711
310	1.64665
311	1.64623
312	1.64603
313	1.64596
314	1.64644
315	1.64703
316	1.64801
317	1.64932
318	1.65093
319	1.65298
320	1.65525
321	1.65775
322	1.66052
323	1.66332
324	1.66613
325	1.66866
326	1.67117
328	1.67332
329	1.67501
330	1.6763
331	1.67704
332	1.67729
333	1.6771
334	1.67662
335	1.67567
336	1.67447
337	1.67303
338	1.67148
339	1.6699
340	1.66839
341	1.66691
342	1.66562
343	1.66436
344	1.66325
345	1.66234
346	1.66154
347	1.66062
349	1.6598
350	1.6588
351	1.65795
352	1.65686
353	1.6557
354	1.65461
355	1.65349
356	1.6525
357	1.65109
358	1.64975
359	1.64855
360	1.64693
361	1.64591
362	1.64483
363	1.6441
364	1.6435
365	1.64285
366	1.64222
367	1.6414
368	1.64061
370	1.63967
371	1.63851
372	1.63749
373	1.63586
374	1.63376
375	1.63156
376	1.62906
377	1.62638
378	1.6235
379	1.62045
380	1.61743
381	1.6144
382	1.61136
383	1.60845
384	1.60546
385	1.60275
386	1.5999
387	1.59724
388	1.59457
389	1.59208
391	1.58967
392	1.58729
393	1.5851
394	1.58305
395	1.58106
396	1.57938
397	1.57786
398	1.57645
399	1.5752
400	1.57414
401	1.57321
402	1.57243
403	1.57177
404	1.57114
405	1.57066
406	1.57022
407	1.56978
408	1.56924
409	1.56869
410	1.56799
412	1.56704
413	1.56585
414	1.56448
415	1.56288
416	1.56103
417	1.55892
418	1.55665
419	1.55423
420	1.55175
421	1.54923
422	1.5469
423	1.54466
424	1.54261
425	1.54077
426	1.53951
427	1.53822
428	1.53741
429	1.53689
430	1.53693
431	1.53722
433	1.53789
434	1.53878
435	1.54005
436	1.54149
437	1.54303
438	1.54432
439	1.54596
440	1.54756
441	1.54911
442	1.55044
443	1.55182
444	1.55315
445	1.55432
446	1.55573
447	1.55698
448	1.55832
449	1.55962
450	1.56102
451	1.56233
452	1.56365
454	1.56486
455	1.56591
456	1.56668
457	1.56737
458	1.56757
459	1.56777
460	1.56772
461	1.56748
462	1.56706
463	1.56666
464	1.56632
465	1.566
466	1.56568
467	1.5656
468	1.56562
469	1.56604
470	1.56676
471	1.56787
472	1.56977
473	1.57189
475	1.57409
476	1.57635
477	1.57868
478	1.58121
479	1.58368
480	1.58621
481	1.58849
482	1.59066
483	1.59262
484	1.59398
485	1.59533
486	1.59688
487	1.59819
488	1.59969
489	1.60112
490	1.60258
491	1.60412
492	1.60574
493	1.60743
494	1.60908
496	1.61079
497	1.61236
498	1.61362
499	1.61493
500	1.6159
501	1.61673
502	1.61738
503	1.61776
504	1.61797
505	1.61796
506	1.61785
507	1.61768
508	1.61756
509	1.61748
510	1.6175
511	1.61769
512	1.61813
513	1.61883
514	1.61988
515	1.62097
517	1.62215
518	1.62347
519	1.62474
520	1.62574
521	1.62684
522	1.62784
523	1.62874
524	1.62943
525	1.62987
526	1.62997
527	1.63
528	1.63006
529	1.62995
530	1.62987
531	1.62994
532	1.63
533	1.63005
534	1.63014
535	1.63039
536	1.63069
538	1.63107
539	1.63139
540	1.63145
541	1.63144
542	1.63129
543	1.63097
544	1.63036
545	1.62967
546	1.6287
547	1.6275
548	1.62626
549	1.62497
550	1.62378
551	1.62277
552	1.622
553	1.62147
554	1.62122
555	1.62116
556	1.62136
557	1.62194
559	1.62271
560	1.62366
561	1.62464
562	1.62541
563	1.62589
564	1.62608
565	1.62597
566	1.62557
567	1.62492
568	1.62392
569	1.62269
570	1.62125
571	1.61962
572	1.6179
573	1.6163
574	1.61483
575	1.6135
576	1.61227
577	1.6111
578	1.60997
580	1.60878
581	1.60745
582	1.60543
583	1.60285
584	1.60015
585	1.5973
586	1.59436
587	1.59138
588	1.58854
589	1.58584
590	1.58342
591	1.58141
592	1.57992
593	1.5795
594	1.57979
595	1.58068
596	1.58201
597	1.58377
598	1.58578
599	1.58782
601	1.58988
602	1.59181
603	1.59356
604	1.59452
605	1.59558
606	1.59647
607	1.59743
608	1.59771
609	1.59783
610	1.59796
611	1.59799
612	1.59808
613	1.59826
614	1.59863
615	1.59958
616	1.60033
617	1.6011
618	1.60139
619	1.60208
620	1.60252
622	1.6027
623	1.60274
624	1.60248
625	1.60172
626	1.60097
627	1.6001
628	1.5992
629	1.59851
630	1.598
631	1.59788
632	1.59815
633	1.59892
634	1.60013
635	1.60186
636	1.60428
637	1.60693
638	1.60997
639	1.61312
640	1.61634
641	1.61953
643	1.62249
644	1.62531
645	1.62776
646	1.62992
647	1.6318
648	1.63352
649	1.63504
650	1.63588
651	1.63664
652	1.63724
653	1.63785
654	1.63862
655	1.63933
656	1.64002
657	1.64081
658	1.6415
659	1.64219
660	1.64261
661	1.64333
662	1.64364
664	1.64381
665	1.64362
666	1.64304
667	1.64228
668	1.64144
669	1.64037
670	1.63937
671	1.63841
672	1.63759
673	1.63697
674	1.63682
675	1.63715
676	1.63785
677	1.63919
678	1.64193
679	1.64483
680	1.648
681	1.6512
682	1.65435
683	1.65752
685	1.66057
686	1.66332
687	1.66581
688	1.66811
689	1.67002
690	1.67062
691	1.67118
692	1.67173
693	1.6723
694	1.67281
695	1.6733
696	1.67377
697	1.67427
698	1.67456
699	1.67491
700	1.67502
701	1.67498
702	1.67472
703	1.67414
704	1.67335
706	1.67231
707	1.67091
708	1.66939
709	1.66768
710	1.66599
711	1.66425
712	1.66275
713	1.66163
714	1.6609
715	1.66057
716	1.66072
717	1.66136
718	1.66261
719	1.66424
720	1.66642
721	1.66876
722	1.67128
723	1.67365
724	1.67588
725	1.67789
727	1.6797
728	1.68112
729	1.68216
730	1.68287
731	1.68316
732	1.68321
733	1.68301
734	1.68261
735	1.68224
736	1.68165
737	1.68115
738	1.68051
739	1.67996
740	1.67927
741	1.67845
742	1.67741
743	1.67624
744	1.67508
745	1.6733
746	1.67133
748	1.66914
749	1.66654
750	1.66381
751	1.66072
752	1.65772
753	1.65506
754	1.6525
755	1.64987
756	1.64736
757	1.64559
758	1.64419
759	1.64328
760	1.64283
761	1.64276
762	1.64311
763	1.64369
764	1.64412
765	1.64482
766	1.64554
767	1.64627
769	1.64682
770	1.64716
771	1.64728
772	1.64722
773	1.64693
774	1.6465
775	1.64618
776	1.64578
777	1.64517
778	1.64464
779	1.644
780	1.64312
781	1.64213
782	1.64088
783	1.63966
784	1.63835
785	1.63688
786	1.63496
787	1.63299
788	1.63101
790	1.62897
791	1.62692
792	1.62547
793	1.62429
794	1.62366
795	1.62324
796	1.62327
797	1.62384
798	1.6248
799	1.62622
800	1.6282
801	1.63046
802	1.63295
803	1.63543
804	1.63818
805	1.64061
806	1.64289
807	1.64506
808	1.64698
809	1.64878
811	1.65024
812	1.6515
813	1.6525
814	1.65363
815	1.65437
816	1.65466
817	1.65509
818	1.65525
819	1.65499
820	1.65482
821	1.6545
822	1.65423
823	1.65361
824	1.65283
825	1.65158
826	1.65033
827	1.649
828	1.64753
829	1.64616
830	1.64493
832	1.64359
833	1.64229
834	1.64099
835	1.64004
836	1.63946
837	1.6393
838	1.63954
839	1.64019
840	1.64132
841	1.64269
842	1.64463
843	1.64684
844	1.64949
845	1.65238
846	1.6556
847	1.65883
848	1.66212
849	1.66541
850	1.66856
851	1.67147
853	1.67431
854	1.6767
855	1.67861
856	1.6809
857	1.68196
858	1.68265
859	1.68304
860	1.68299
861	1.68253
862	1.68181
863	1.68077
864	1.67958
865	1.67825
866	1.67721
867	1.67496
868	1.67354
869	1.67187
870	1.66999
871	1.66804
872	1.66619
874	1.66438
875	1.66268
876	1.66134
877	1.65974
878	1.65813
879	1.65682
880	1.6557
881	1.65488
882	1.6546
883	1.65477
884	1.65541
885	1.65646
886	1.65936
887	1.66229
888	1.66583
889	1.66957
890	1.67319
891	1.6769
892	1.68059
893	1.68397
895	1.68697
896	1.6895
897	1.69155
898	1.69175
899	1.69149
900	1.69086
901	1.68982
902	1.68894
903	1.68773
904	1.68626
905	1.68471
906	1.68324
907	1.68174
908	1.68026
909	1.67865
910	1.67697
911	1.67533
912	1.67358
913	1.67174
914	1.6698
916	1.66785
917	1.6659
918	1.66397
919	1.66213
920	1.66035
921	1.6589
922	1.65775
923	1.65668
924	1.65581
925	1.65549
926	1.65548
927	1.65576
928	1.65624
929	1.65678
930	1.65739
931	1.65807
932	1.65865
933	1.65909
934	1.65961
935	1.66002
937	1.65983
938	1.65947
939	1.65883
940	1.65799
941	1.65675
942	1.65554
943	1.6542
944	1.65266
945	1.65073
946	1.64878
947	1.64682
948	1.64494
949	1.64283
950	1.64054
951	1.63819
952	1.63599
953	1.63352
954	1.63107
955	1.62858
956	1.62645
958	1.62418
959	1.62208
960	1.62003
961	1.61827
962	1.61686
963	1.61563
964	1.6147
965	1.61396
966	1.61344
967	1.61336
968	1.61333
969	1.61344
970	1.61359
971	1.61386
972	1.6141
973	1.61439
974	1.6147
975	1.61494
976	1.61513
977	1.61525
979	1.61522
980	1.61526
981	1.61538
982	1.61526
983	1.61518
984	1.61505
985	1.61485
986	1.61442
987	1.61379
988	1.61332
989	1.6123
990	1.61117
991	1.6099
992	1.6083
993	1.60682
994	1.60524
995	1.60385
996	1.60248
997	1.60138
998	1.60067
1000	1.59998
0	1.77205
1	1.77367
2	1.77551
3	1.77703
4	1.77827
5	1.77927
6	1.77984
7	1.77982
8	1.77933
9	1.77785
10	1.77556
11	1.77232
13	1.76826
14	1.76354
15	1.75845
16	1.75325
17	1.74787
18	1.74243
19	1.73713
20	1.73231
21	1.728
22	1.7244
23	1.72146
24	1.71947
25	1.71828
26	1.71778
27	1.71802
28	1.71899
29	1.7206
30	1.72291
31	1.72538
32	1.72814
34	1.73099
35	1.73398
36	1.73701
37	1.73959
38	1.74227
39	1.74464
40	1.74694
41	1.74913
42	1.7511
43	1.75313
44	1.75506
45	1.7569
46	1.75854
47	1.75993
48	1.7613
49	1.7621
50	1.76258
51	1.76253
52	1.76186
53	1.76068
55	1.7589
56	1.75657
57	1.75415
58	1.7513
59	1.74833
60	1.745
61	1.74212
62	1.73952
63	1.73736
64	1.73572
65	1.73463
66	1.73406
67	1.73406
68	1.73494
69	1.73627
70	1.73785
71	1.73998
72	1.74198
73	1.74421
74	1.7464
76	1.74876
77	1.75143
78	1.75412
79	1.75703
80	1.75938
81	1.7621
82	1.76496
83	1.76813
84	1.77138
85	1.77452
86	1.77754
87	1.78031
88	1.7824
89	1.78416
90	1.78524
91	1.78578
92	1.78581
93	1.78542
94	1.78451
95	1.78339
97	1.78204
98	1.78063
99	1.77921
100	1.77797
101	1.77719
102	1.77656
103	1.77619
104	1.77605
105	1.77621
106	1.77659
107	1.77708
108	1.77759
109	1.77817
110	1.77869
111	1.77912
112	1.77931
113	1.77981
114	1.78038
115	1.78114
116	1.78213
118	1.78341
119	1.78498
120	1.7871
121	1.78978
122	1.793
123	1.79674
124	1.80079
125	1.80501
126	1.80936
127	1.81349
128	1.81737
129	1.82077
130	1.82364
131	1.82586
132	1.82722
133	1.82781
134	1.82773
135	1.82696
136	1.82578
137	1.82422
139	1.82262
140	1.82082
141	1.8191
142	1.81741
143	1.81612
144	1.81473
145	1.81365
146	1.81275
147	1.81214
148	1.8114
149	1.8109
150	1.81037
151	1.80984
152	1.8093
153	1.80887
154	1.80808
155	1.80791
156	1.80772
157	1.80777
158	1.80817
160	1.80914
161	1.81032
162	1.81193
163	1.81396
164	1.8165
165	1.81914
166	1.82192
167	1.82448
168	1.82687
169	1.82877
170	1.82803
171	1.82682
172	1.82492
173	1.82228
174	1.81906
175	1.81509
176	1.81079
177	1.80629
178	1.80154
179	1.79664
181	1.79182
182	1.78913
183	1.78627
184	1.78359
185	1.78101
186	1.77856
187	1.77625
188	1.77411
189	1.7721
190	1.77021
191	1.76856
192	1.76731
193	1.76629
194	1.76577
195	1.76573
196	1.76617
197	1.76692
198	1.76803
199	1.76934
200	1.77082
202	1.77242
203	1.7741
204	1.77534
205	1.7765
206	1.7769
207	1.77666
208	1.77575
209	1.77424
210	1.7721
211	1.76945
212	1.76631
213	1.76287
214	1.75912
215	1.75535
216	1.7515
217	1.74801
218	1.74472
219	1.74166
220	1.73888
221	1.73625
223	1.7338
224	1.73158
225	1.72933
226	1.72718
227	1.72503
228	1.72285
229	1.7206
230	1.71849
231	1.71648
232	1.71468
233	1.71322
234	1.71207
235	1.71144
236	1.7114
237	1.71195
238	1.71318
239	1.71491
240	1.71711
241	1.71966
242	1.72228
244	1.72491
245	1.7273
246	1.72943
247	1.7311
248	1.73227
249	1.73259
250	1.7322
251	1.73139
252	1.72983
253	1.72776
254	1.72534
255	1.72269
256	1.72004
257	1.71745
258	1.71508
259	1.71295
260	1.71143
261	1.71034
262	1.70924
263	1.70876
265	1.70853
266	1.70828
267	1.70823
268	1.70831
269	1.70812
270	1.70781
271	1.70758
272	1.70742
273	1.7074
274	1.70782
275	1.70845
276	1.70939
277	1.7109
278	1.71293
279	1.71526
280	1.71823
281	1.72143
282	1.72465
283	1.72773
284	1.73053
286	1.73289
287	1.73462
288	1.736
289	1.7368
290	1.73711
291	1.73699
292	1.73677
293	1.73626
294	1.73563
295	1.73496
296	1.73427
297	1.73368
298	1.73337
299	1.73307
300	1.7331
301	1.73315
302	1.7332
303	1.73302
304	1.73286
305	1.7326
307	1.73226
308	1.73177
309	1.73142
310	1.73104
311	1.73063
312	1.73036
313	1.73018
314	1.73049
315	1.73088
316	1.73164
317	1.73271
318	1.73408
319	1.73589
320	1.73794
321	1.74023
322	1.7428
323	1.74541
324	1.74804
325	1.75041
326	1.75277
328	1.75481
329	1.75644
330	1.7577
331	1.75844
332	1.75872
333	1.75859
334	1.75821
335	1.7574
336	1.75638
337	1.75515
338	1.75385
339	1.75253
340	1.75128
341	1.75006
342	1.74904
343	1.74804
344	1.74721
345	1.74649
346	1.74586
347	1.74507
349	1.74432
350	1.74322
351	1.74222
352	1.74096
353	1.73961
354	1.73833
355	1.73702
356	1.73576
357	1.73414
358	1.73259
359	1.73116
360	1.72938
361	1.72829
362	1.72714
363	1.72635
364	1.72567
365	1.72492
366	1.72421
367	1.72336
368	1.72256
370	1.72165
371	1.72054
372	1.71958
373	1.71804
374	1.71604
375	1.71398
376	1.71165
377	1.70915
378	1.70647
379	1.70365
380	1.70087
381	1.69811
382	1.69538
383	1.6928
384	1.69016
385	1.68789
386	1.68543
387	1.6832
388	1.68097
389	1.67888
391	1.67683
392	1.67474
393	1.67278
394	1.67081
395	1.66882
396	1.66703
397	1.66523
398	1.66347
399	1.66173
400	1.66009
401	1.6585
402	1.65701
403	1.6556
404	1.6542
405	1.65298
406	1.65182
407	1.65071
408	1.64956
409	1.64846
410	1.64727
412	1.64589
413	1.64434
414	1.64266
415	1.64083
416	1.63879
417	1.63654
418	1.63419
419	1.63173
420	1.62927
421	1.62679
422	1.62455
423	1.62245
424	1.62056
425	1.61892
426	1.61787
427	1.61683
428	1.61629
429	1.61603
430	1.6163
431	1.6168
433	1.61763
434	1.61858
435	1.61985
436	1.62123
437	1.62264
438	1.62379
439	1.62522
440	1.62654
441	1.62777
442	1.62877
443	1.62978
444	1.63075
445	1.63159
446	1.6327
447	1.63365
448	1.63471
449	1.63573
450	1.63688
451	1.63798
452	1.63912
454	1.6402
455	1.64115
456	1.64188
457	1.64256
458	1.6428
459	1.64308
460	1.64314
461	1.64304
462	1.64278
463	1.64257
464	1.64243
465	1.64232
466	1.64221
467	1.64233
468	1.64256
469	1.64317
470	1.64407
471	1.64533
472	1.64737
473	1.64963
475	1.65194
476	1.65431
477	1.65672
478	1.65933
479	1.66187
480	1.66446
481	1.66678
482	1.66899
483	1.67099
484	1.67237
485	1.67374
486	1.67529
487	1.67658
488	1.67806
489	1.67946
490	1.6809
491	1.6824
492	1.68399
493	1.68565
494	1.68728
496	1.68897
497	1.69051
498	1.69175
499	1.69303
500	1.69397
501	1.69476
502	1.69537
503	1.69571
504	1.69588
505	1.69583
506	1.69567
507	1.69546
508	1.69531
509	1.69519
510	1.69519
511	1.69535
512	1.69578
513	1.69649
514	1.69756
515	1.69869
517	1.69993
518	1.70134
519	1.70271
520	1.70383
521	1.70505
522	1.70619
523	1.7072
524	1.70801
525	1.70854
526	1.70871
527	1.70878
528	1.70886
529	1.70874
530	1.70864
531	1.70868
532	1.70872
533	1.70876
534	1.70885
535	1.70913
536	1.70948
538	1.70992
539	1.71031
540	1.71044
541	1.71049
542	1.71036
543	1.71004
544	1.70941
545	1.70866
546	1.7076
547	1.70629
548	1.70493
549	1.7035
550	1.70218
551	1.70103
552	1.70012
553	1.69949
554	1.69914
555	1.699
556	1.69915
557	1.6997
559	1.70044
560	1.70139
561	1.70236
562	1.70313
563	1.7036
564	1.70379
565	1.70367
566	1.70324
567	1.70258
568	1.70154
569	1.70027
570	1.69879
571	1.69711
572	1.69537
573	1.69375
574	1.6923
575	1.69101
576	1.68985
577	1.68877
578	1.68775
580	1.68666
581	1.68543
582	1.68344
583	1.68087
584	1.67814
585	1.67524
586	1.67222
587	1.66915
588	1.66622
589	1.66343
590	1.66094
591	1.65888
592	1.65738
593	1.65705
594	1.65747
595	1.65855
596	1.6601
597	1.66213
598	1.66442
599	1.66677
601	1.66913
602	1.67135
603	1.67336
604	1.67458
605	1.67585
606	1.67692
607	1.67801
608	1.67842
609	1.67865
610	1.67889
611	1.67904
612	1.67927
613	1.67963
614	1.6802
615	1.68139
616	1.68243
617	1.68352
618	1.68415
619	1.68517
620	1.6859
622	1.68634
623	1.68657
624	1.68641
625	1.6857
626	1.6849
627	1.68393
628	1.68289
629	1.68203
630	1.68136
631	1.68109
632	1.68128
633	1.68205
634	1.68333
635	1.68526
636	1.68797
637	1.69101
638	1.69453
639	1.6982
640	1.70195
641	1.70569
643	1.70915
644	1.71242
645	1.71526
646	1.71775
647	1.71989
648	1.72183
649	1.72348
650	1.72445
651	1.72534
652	1.72612
653	1.72694
654	1.728
655	1.7291
656	1.73028
657	1.73163
658	1.73298
659	1.73438
660	1.73559
661	1.73707
662	1.73814
664	1.73902
665	1.73949
666	1.73948
667	1.7392
668	1.73871
669	1.73794
670	1.73716
671	1.73635
672	1.73569
673	1.73524
674	1.73531
675	1.73598
676	1.73699
677	1.73865
678	1.74177
679	1.74485
680	1.74817
681	1.75141
682	1.75449
683	1.75747
685	1.76022
686	1.76264
687	1.76462
688	1.76643
689	1.76789
690	1.76803
691	1.76846
692	1.76901
693	1.76983
694	1.77082
695	1.77198
696	1.77334
697	1.7748
698	1.77617
699	1.77771
700	1.77898
701	1.78007
702	1.78084
703	1.78112
704	1.78101
706	1.78048
707	1.77936
708	1.77792
709	1.77612
710	1.77424
711	1.77218
712	1.77029
713	1.7688
714	1.7677
715	1.76703
716	1.76684
717	1.76718
718	1.76815
719	1.76948
720	1.77138
721	1.77332
722	1.77539
723	1.77728
724	1.77893
725	1.78029
727	1.78143
728	1.78215
729	1.78249
730	1.78255
731	1.78227
732	1.78191
733	1.7815
734	1.7811
735	1.78091
736	1.78072
737	1.78084
738	1.78102
739	1.78142
740	1.78177
741	1.78201
742	1.78202
743	1.7817
744	1.7812
745	1.77991
746	1.7782
748	1.77602
749	1.77318
750	1.76993
751	1.76613
752	1.76232
753	1.75885
754	1.75541
755	1.75201
756	1.74888
757	1.74657
758	1.74478
759	1.7436
760	1.74301
761	1.74289
762	1.74327
763	1.74388
764	1.74427
765	1.74496
766	1.74564
767	1.74624
769	1.74662
770	1.74677
771	1.74666
772	1.74641
773	1.74596
774	1.74545
775	1.74516
776	1.74496
777	1.74472
778	1.74471
779	1.74477
780	1.74491
781	1.74489
782	1.7446
783	1.74419
784	1.74358
785	1.74264
786	1.74113
787	1.73937
788	1.73741
790	1.73525
791	1.73292
792	1.7309
793	1.72921
794	1.72816
795	1.72748
796	1.72739
797	1.72794
798	1.72898
799	1.73052
800	1.73259
801	1.73491
802	1.7374
803	1.73978
804	1.74246
805	1.74459
806	1.74649
807	1.74819
808	1.74962
809	1.75091
811	1.75198
812	1.75296
813	1.75388
814	1.75512
815	1.75633
816	1.75716
817	1.75849
818	1.75972
819	1.76066
820	1.7618
821	1.76286
822	1.76391
823	1.76455
824	1.76484
825	1.7645
826	1.7638
827	1.76288
828	1.76161
829	1.76024
830	1.75894
832	1.7574
833	1.75585
834	1.75434
835	1.75322
836	1.75254
837	1.75238
838	1.7527
839	1.7535
840	1.75479
841	1.75631
842	1.75843
843	1.76069
844	1.76332
845	1.76605
846	1.76892
847	1.77164
848	1.77424
849	1.77675
850	1.77909
851	1.78124
853	1.7835
854	1.78541
855	1.78726
856	1.78948
857	1.79104
858	1.79248
859	1.7939
860	1.79516
861	1.79612
862	1.79685
863	1.79723
864	1.79731
865	1.79707
866	1.79675
867	1.79524
868	1.79402
869	1.79239
870	1.79033
871	1.78804
872	1.78575
874	1.78343
875	1.78122
876	1.77934
877	1.77722
878	1.77511
879	1.77327
880	1.77163
881	1.7703
882	1.76948
883	1.76908
884	1.76916
885	1.76961
886	1.77114
887	1.77268
888	1.77487
889	1.77734
890	1.78011
891	1.78305
892	1.78617
893	1.78926
895	1.79224
896	1.79497
897	1.79741
898	1.79889
899	1.80005
900	1.80084
901	1.80117
902	1.80125
903	1.80092
904	1.80004
905	1.79875
906	1.79719
907	1.79526
908	1.79306
909	1.7905
910	1.78773
911	1.78493
912	1.78199
913	1.77906
914	1.77613
916	1.77333
917	1.77065
918	1.76814
919	1.76581
920	1.76361
921	1.7617
922	1.7601
923	1.75853
924	1.75707
925	1.75592
926	1.75492
927	1.75406
928	1.75338
929	1.75274
930	1.75223
931	1.75186
932	1.75155
933	1.75121
934	1.7511
935	1.7511
937	1.75079
938	1.75053
939	1.75019
940	1.74976
941	1.74903
942	1.74833
943	1.74749
944	1.74637
945	1.74478
946	1.74305
947	1.74109
948	1.73906
949	1.73667
950	1.73395
951	1.73106
952	1.72821
953	1.72511
954	1.72201
955	1.71895
956	1.71631
958	1.71365
959	1.71128
960	1.70903
961	1.70717
962	1.70572
963	1.70447
964	1.70351
965	1.70271
966	1.70206
967	1.7018
968	1.7015
969	1.70128
970	1.70101
971	1.70081
972	1.70051
973	1.70024
974	1.70002
975	1.69977
976	1.69953
977	1.69932
979	1.69907
980	1.69902
981	1.69919
982	1.69924
983	1.69945
984	1.6997
985	1.69994
986	1.69998
987	1.69984
988	1.69984
989	1.69922
990	1.69841
991	1.6974
992	1.69594
993	1.69453
994	1.69294
995	1.69148
996	1.69002
997	1.68881
998	1.68798
1000	1.68718
0	1.83834
1	1.83944
2	1.84086
3	1.84208
4	1.84316
5	1.84412
6	1.84478
7	1.84495
8	1.84474
9	1.8436
10	1.84169
11	1.83884
13	1.83512
14	1.83072
15	1.82591
16	1.82094
17	1.81573
18	1.8104
19	1.80518
20	1.80039
21	1.79611
22	1.79252
23	1.7896
24	1.78766
25	1.7865
26	1.78604
27	1.78632
28	1.78729
29	1.78886
30	1.79106
31	1.79332
32	1.79572
34	1.79804
35	1.80031
36	1.80248
37	1.80414
38	1.80592
39	1.80741
40	1.8089
41	1.8104
42	1.81179
43	1.81343
44	1.81519
45	1.81707
46	1.81899
47	1.82082
48	1.82271
49	1.82403
50	1.82502
51	1.82542
52	1.82517
53	1.82432
55	1.82281
56	1.82067
57	1.81837
58	1.81562
59	1.8127
60	1.80942
61	1.80659
62	1.80406
63	1.802
64	1.80046
65	1.79953
66	1.79914
67	1.79934
68	1.80042
69	1.80187
70	1.80351
71	1.80563
72	1.80758
73	1.8097
74	1.81174
76	1.81395
77	1.81644
78	1.81896
79	1.82171
80	1.82398
81	1.82673
82	1.82972
83	1.83309
84	1.83659
85	1.83998
86	1.84324
87	1.84619
88	1.8484
89	1.85019
90	1.85124
91	1.85166
92	1.85149
93	1.85086
94	1.84967
95	1.84829
97	1.84671
98	1.84514
99	1.84365
100	1.84244
101	1.84177
102	1.84136
103	1.84129
104	1.84154
105	1.84215
106	1.84302
107	1.84402
108	1.84506
109	1.84614
110	1.84711
111	1.84793
112	1.84844
113	1.84918
114	1.84991
115	1.85075
116	1.85175
118	1.853
119	1.85452
120	1.85656
121	1.8592
122	1.8624
123	1.86615
124	1.87025
125	1.87454
126	1.87893
127	1.88305
128	1.88685
129	1.89008
130	1.89272
131	1.8946
132	1.89557
133	1.89573
134	1.89516
135	1.89389
136	1.89226
137	1.8903
139	1.88839
140	1.88641
141	1.88465
142	1.88303
143	1.88193
144	1.88084
145	1.88014
146	1.87969
147	1.87959
148	1.87938
149	1.87944
150	1.87943
151	1.87939
152	1.87925
153	1.87911
154	1.8785
155	1.87834
156	1.87807
157	1.87793
158	1.87806
160	1.8787
161	1.87952
162	1.88077
163	1.88248
164	1.88483
165	1.88739
166	1.89018
167	1.89282
168	1.89533
169	1.8974
170	1.89692
171	1.89599
172	1.89439
173	1.89207
174	1.8892
175	1.88555
176	1.88157
177	1.87743
178	1.87313
179	1.86871
181	1.86442
182	1.86222
183	1.85985
184	1.85761
185	1.85539
186	1.8532
187	1.85102
188	1.84889
189	1.84673
190	1.84455
191	1.8425
192	1.84077
193	1.83917
194	1.83806
195	1.83738
196	1.83719
197	1.83737
198	1.83794
199	1.8388
200	1.83993
202	1.84127
203	1.84278
204	1.84389
205	1.84499
206	1.84533
207	1.84504
208	1.84409
209	1.84252
210	1.84032
211	1.83761
212	1.83438
213	1.83087
214	1.82707
215	1.82331
216	1.81951
217	1.81618
218	1.81314
219	1.81045
220	1.80811
221	1.80604
223	1.80419
224	1.80262
225	1.80104
226	1.79949
227	1.79784
228	1.79602
229	1.79397
230	1.79186
231	1.78967
232	1.78753
233	1.78557
234	1.78378
235	1.78238
236	1.78147
237	1.78108
238	1.78133
239	1.78208
240	1.78331
241	1.78495
242	1.78676
244	1.78872
245	1.79057
246	1.79227
247	1.79363
248	1.79461
249	1.79483
250	1.79444
251	1.79373
252	1.79238
253	1.79058
254	1.78844
255	1.78604
256	1.78362
257	1.78125
258	1.77909
259	1.77718
260	1.7759
261	1.77507
262	1.77427
263	1.7741
265	1.77419
266	1.77428
267	1.77456
268	1.77493
269	1.775
270	1.77463
271	1.77427
272	1.77391
273	1.77362
274	1.7737
275	1.77394
276	1.77445
277	1.77548
278	1.77699
279	1.7788
280	1.78125
281	1.78421
282	1.78723
283	1.79017
284	1.79288
286	1.79519
287	1.79692
288	1.79835
289	1.79925
290	1.79968
291	1.79973
292	1.7997
293	1.7994
294	1.79901
295	1.79859
296	1.79816
297	1.79783
298	1.79778
299	1.79772
300	1.798
301	1.79827
302	1.79851
303	1.79849
304	1.79844
305	1.79825
307	1.79791
308	1.79738
309	1.79693
310	1.79642
311	1.79584
312	1.79538
313	1.79501
314	1.79511
315	1.79531
316	1.79588
317	1.79679
318	1.79802
319	1.79971
320	1.80164
321	1.80383
322	1.80631
323	1.80884
324	1.8114
325	1.81371
326	1.81605
328	1.8181
329	1.81978
330	1.82114
331	1.82204
332	1.8225
333	1.82262
334	1.82252
335	1.82202
336	1.82133
337	1.82045
338	1.8195
339	1.81851
340	1.81756
341	1.81661
342	1.81582
343	1.815
344	1.8143
345	1.81362
346	1.81298
347	1.8121
349	1.81118
350	1.80983
351	1.80853
352	1.80696
353	1.80532
354	1.80378
355	1.80222
356	1.80074
357	1.79898
358	1.79731
359	1.79583
360	1.79405
361	1.79302
362	1.79194
363	1.79121
364	1.79058
365	1.78986
366	1.78918
367	1.78837
368	1.78762
370	1.78678
371	1.78579
372	1.78498
373	1.78363
374	1.78184
375	1.78005
376	1.77801
377	1.77584
378	1.77351
379	1.77105
380	1.76864
381	1.76624
382	1.76386
383	1.76161
384	1.75928
385	1.75732
386	1.75514
387	1.75316
388	1.75116
389	1.74926
391	1.74735
392	1.74534
393	1.74341
394	1.7414
395	1.7393
396	1.73734
397	1.73529
398	1.73324
399	1.73114
400	1.7291
401	1.72709
402	1.72514
403	1.72327
404	1.7214
405	1.71974
406	1.71817
407	1.71667
408	1.71518
409	1.71379
410	1.71236
412	1.7108
413	1.70912
414	1.70737
415	1.70552
416	1.70351
417	1.70133
418	1.6991
419	1.69679
420	1.6945
421	1.69221
422	1.69019
423	1.68828
424	1.6866
425	1.68516
426	1.68428
427	1.68339
428	1.68297
429	1.6828
430	1.68309
431	1.68356
433	1.6843
434	1.6851
435	1.68617
436	1.68731
437	1.68847
438	1.68937
439	1.69053
440	1.69157
441	1.69254
442	1.6933
443	1.69409
444	1.69487
445	1.69555
446	1.69652
447	1.69733
448	1.69826
449	1.69915
450	1.70018
451	1.70117
452	1.70223
454	1.70325
455	1.70419
456	1.70494
457	1.70568
458	1.70601
459	1.70642
460	1.70665
461	1.70673
462	1.70668
463	1.70669
464	1.70678
465	1.70689
466	1.707
467	1.70731
468	1.7077
469	1.70845
470	1.70945
471	1.71078
472	1.7128
473	1.71501
475	1.71724
476	1.71951
477	1.72182
478	1.72429
479	1.7267
480	1.72916
481	1.73135
482	1.73345
483	1.73534
484	1.73666
485	1.73798
486	1.73948
487	1.74072
488	1.74215
489	1.74349
490	1.74485
491	1.74627
492	1.74777
493	1.74932
494	1.75084
496	1.75242
497	1.75386
498	1.755
499	1.75622
500	1.75711
501	1.75787
502	1.75849
503	1.75885
504	1.75906
505	1.75907
506	1.75898
507	1.75884
508	1.75876
509	1.7587
510	1.75873
511	1.7589
512	1.75932
513	1.75999
514	1.76102
515	1.76207
517	1.76323
518	1.76454
519	1.76582
520	1.76685
521	1.768
522	1.76907
523	1.77004
524	1.77081
525	1.77133
526	1.77148
527	1.77154
528	1.77161
529	1.77149
530	1.77138
531	1.77141
532	1.7714
533	1.7714
534	1.77144
535	1.77165
536	1.77193
538	1.77229
539	1.77262
540	1.7727
541	1.7727
542	1.77254
543	1.77222
544	1.77159
545	1.77086
546	1.76983
547	1.76856
548	1.76725
549	1.76587
550	1.76459
551	1.76347
552	1.76257
553	1.76192
554	1.76154
555	1.76134
556	1.7614
557	1.76184
559	1.76247
560	1.76328
561	1.76411
562	1.76475
563	1.7651
564	1.76517
565	1.76495
566	1.76443
567	1.76369
568	1.76259
569	1.76126
570	1.75973
571	1.75802
572	1.75624
573	1.75459
574	1.75312
575	1.75182
576	1.75065
577	1.74959
578	1.74859
580	1.74755
581	1.74637
582	1.74445
583	1.74196
584	1.73931
585	1.73649
586	1.73354
587	1.73055
588	1.72769
589	1.72496
590	1.72252
591	1.72051
592	1.71904
593	1.71872
594	1.71915
595	1.72022
596	1.72175
597	1.72375
598	1.72602
599	1.72833
601	1.73065
602	1.73284
603	1.73482
604	1.73601
605	1.73727
606	1.73832
607	1.73941
608	1.73983
609	1.74008
610	1.74035
611	1.74054
612	1.74083
613	1.74126
614	1.74192
615	1.7432
616	1.74437
617	1.74559
618	1.74636
619	1.74752
620	1.74838
622	1.74893
623	1.74925
624	1.74915
625	1.74846
626	1.74767
627	1.74666
628	1.74556
629	1.74461
630	1.74384
631	1.74347
632	1.74355
633	1.74423
634	1.74543
635	1.7473
636	1.74998
637	1.75302
638	1.75657
639	1.7603
640	1.76414
641	1.76799
643	1.77159
644	1.77501
645	1.77802
646	1.78067
647	1.78298
648	1.78509
649	1.7869
650	1.78803
651	1.78907
652	1.79
653	1.79097
654	1.79218
655	1.79345
656	1.79481
657	1.79635
658	1.7979
659	1.7995
660	1.8009
661	1.80255
662	1.80376
664	1.80472
665	1.80521
666	1.80516
667	1.80477
668	1.80411
669	1.80312
670	1.80208
671	1.80098
672	1.80002
673	1.79928
674	1.79908
675	1.79956
676	1.80041
677	1.80198
678	1.80516
679	1.80833
680	1.8118
681	1.81522
682	1.8185
683	1.8217
685	1.82467
686	1.8273
687	1.82945
688	1.83144
689	1.83307
690	1.83328
691	1.8338
692	1.83445
693	1.83539
694	1.83654
695	1.83789
696	1.83947
697	1.8412
698	1.84286
699	1.84473
700	1.84633
701	1.84773
702	1.84878
703	1.8493
704	1.84933
706	1.84887
707	1.84771
708	1.84614
709	1.84411
710	1.84196
711	1.83955
712	1.83727
713	1.83538
714	1.83387
715	1.8328
716	1.83225
717	1.83226
718	1.83294
719	1.83402
720	1.83573
721	1.83748
722	1.83939
723	1.84116
724	1.84269
725	1.84393
727	1.84496
728	1.84557
729	1.84582
730	1.84579
731	1.84544
732	1.84505
733	1.84465
734	1.8443
735	1.84423
736	1.84421
737	1.84458
738	1.84511
739	1.84592
740	1.84673
741	1.84747
742	1.84798
743	1.84812
744	1.84801
745	1.84706
746	1.84559
748	1.84354
749	1.84071
750	1.83736
751	1.83338
752	1.8293
753	1.82553
754	1.82176
755	1.81805
756	1.81466
757	1.8121
758	1.81014
759	1.80883
760	1.80815
761	1.80798
762	1.80833
763	1.80891
764	1.80924
765	1.80987
766	1.81048
767	1.81097
769	1.81121
770	1.81122
771	1.81097
772	1.81058
773	1.81001
774	1.80944
775	1.80915
776	1.80902
777	1.80896
778	1.80923
779	1.80966
780	1.81045
781	1.81108
782	1.81142
783	1.81161
784	1.81154
785	1.81107
786	1.80996
787	1.80851
788	1.80676
790	1.80471
791	1.80242
792	1.80017
793	1.79824
794	1.797
795	1.79617
796	1.79598
797	1.79646
798	1.79745
799	1.79893
800	1.80089
801	1.80305
802	1.80535
803	1.80745
804	1.80984
805	1.81158
806	1.81306
807	1.8143
808	1.81527
809	1.81612
811	1.81681
812	1.81752
813	1.8183
814	1.81951
815	1.82089
816	1.82197
817	1.82375
818	1.82556
819	1.82719
820	1.82912
821	1.83103
822	1.83293
823	1.83438
824	1.83541
825	1.83571
826	1.83549
827	1.83492
828	1.83389
829	1.83261
830	1.83133
832	1.82974
833	1.82808
834	1.82649
835	1.82531
836	1.82466
837	1.82462
838	1.82511
839	1.82615
840	1.82765
841	1.82925
842	1.83143
843	1.83341
844	1.83565
845	1.83783
846	1.84005
847	1.84204
848	1.84386
849	1.84559
850	1.84712
851	1.84854
853	1.85025
854	1.85168
855	1.85347
856	1.85574
857	1.85765
858	1.85959
859	1.86166
860	1.86369
861	1.86546
862	1.86703
863	1.86821
864	1.86904
865	1.86947
866	1.86967
867	1.86862
868	1.86763
869	1.86608
870	1.86395
871	1.86147
872	1.85893
874	1.85638
875	1.85402
876	1.85206
877	1.85005
878	1.84817
879	1.84657
880	1.8452
881	1.84414
882	1.84352
883	1.84318
884	1.84315
885	1.84327
886	1.84406
887	1.84485
888	1.84614
889	1.84771
890	1.84963
891	1.85176
892	1.85412
893	1.85659
895	1.85918
896	1.86172
897	1.86421
898	1.8661
899	1.86762
900	1.86872
901	1.86929
902	1.86949
903	1.86919
904	1.86827
905	1.86681
906	1.86497
907	1.86267
908	1.86004
909	1.85702
910	1.85377
911	1.85054
912	1.84723
913	1.84402
914	1.8409
916	1.83804
917	1.83542
918	1.83312
919	1.8311
920	1.82924
921	1.82755
922	1.82611
923	1.82461
924	1.82313
925	1.82184
926	1.8206
927	1.81943
928	1.81835
929	1.81721
930	1.81611
931	1.81515
932	1.81439
933	1.81367
934	1.81327
935	1.81311
937	1.81279
938	1.81261
939	1.81246
940	1.81226
941	1.81182
942	1.81143
943	1.81092
944	1.81012
945	1.80885
946	1.80743
947	1.80574
948	1.80394
949	1.80178
950	1.79924
951	1.79651
952	1.79378
953	1.7908
954	1.78782
955	1.78489
956	1.78238
958	1.77985
959	1.77761
960	1.77548
961	1.77372
962	1.77234
963	1.77111
964	1.77011
965	1.76919
966	1.76834
967	1.7678
968	1.76716
969	1.76653
970	1.7658
971	1.76511
972	1.7643
973	1.76352
974	1.76282
975	1.76214
976	1.76155
977	1.76106
979	1.76062
980	1.76047
981	1.76064
982	1.76078
983	1.76115
984	1.76166
985	1.76222
986	1.76263
987	1.7629
988	1.76334
989	1.76325
990	1.76295
991	1.76244
992	1.76145
993	1.76049
994	1.7593
995	1.7582
996	1.75704
997	1.75608
998	1.75546
1000	1.75481
0	1.87151
1	1.87237
2	1.87357
3	1.87462
4	1.87561
5	1.87663
6	1.87749
7	1.87802
8	1.87833
9	1.87788
10	1.87684
11	1.875
13	1.87242
14	1.8692
15	1.86553
16	1.8616
17	1.8573
18	1.85275
19	1.84817
20	1.8439
21	1.84
22	1.83666
23	1.83387
24	1.83194
25	1.83065
26	1.82991
27	1.82976
28	1.83015
29	1.83097
30	1.83226
31	1.83349
32	1.83478
34	1.83597
35	1.83715
36	1.83829
37	1.83903
38	1.83997
39	1.84077
40	1.8417
41	1.8428
42	1.84394
43	1.84551
44	1.84733
45	1.84939
46	1.85156
47	1.85372
48	1.85602
49	1.85782
50	1.85937
51	1.8604
52	1.86083
53	1.86071
55	1.85994
56	1.85854
57	1.85694
58	1.85485
59	1.85251
60	1.84974
61	1.84734
62	1.84513
63	1.84331
64	1.84191
65	1.84101
66	1.84054
67	1.84054
68	1.8409
69	1.84158
70	1.84246
71	1.84381
72	1.84502
73	1.84643
74	1.84779
76	1.84934
77	1.85122
78	1.85318
79	1.85545
80	1.8577
81	1.86045
82	1.86345
83	1.86685
84	1.87043
85	1.87394
86	1.87737
87	1.88056
88	1.88308
89	1.88524
90	1.88671
91	1.88761
92	1.88796
93	1.88785
94	1.88717
95	1.88627
97	1.88514
98	1.88396
99	1.88282
100	1.88192
101	1.88151
102	1.88131
103	1.88142
104	1.8818
105	1.88248
106	1.88339
107	1.88438
108	1.88538
109	1.88639
110	1.88728
111	1.88802
112	1.88846
113	1.88913
114	1.8898
115	1.89059
116	1.89155
118	1.89275
119	1.8942
120	1.89615
121	1.89865
122	1.90166
123	1.90517
124	1.90898
125	1.91293
126	1.91698
127	1.92077
128	1.92427
129	1.92728
130	1.92975
131	1.93156
132	1.93254
133	1.9328
134	1.93242
135	1.93141
136	1.93011
137	1.92852
139	1.927
140	1.92542
141	1.92403
142	1.92277
143	1.92199
144	1.92118
145	1.92068
146	1.92038
147	1.92033
148	1.92006
149	1.91995
150	1.91966
151	1.91927
152	1.91873
153	1.91819
154	1.9172
155	1.91672
156	1.91616
157	1.91579
158	1.91571
160	1.91617
161	1.91682
162	1.91789
163	1.91936
164	1.92135
165	1.92352
166	1.92603
167	1.9285
168	1.93096
169	1.9331
170	1.93316
171	1.93284
172	1.93199
173	1.93056
174	1.92872
175	1.92629
176	1.92359
177	1.92062
178	1.91735
179	1.91383
181	1.9103
182	1.90837
183	1.90617
184	1.904
185	1.90172
186	1.89934
187	1.89685
188	1.89432
189	1.89167
190	1.88893
191	1.88628
192	1.88394
193	1.88173
194	1.88005
195	1.87885
196	1.8782
197	1.87798
198	1.87822
199	1.87881
200	1.87977
202	1.88104
203	1.88258
204	1.88383
205	1.8852
206	1.88587
207	1.88601
208	1.88556
209	1.88455
210	1.88296
211	1.88088
212	1.87829
213	1.8754
214	1.8722
215	1.86898
216	1.86568
217	1.86281
218	1.86022
219	1.85793
220	1.85597
221	1.85423
223	1.85263
224	1.8512
225	1.84963
226	1.84795
227	1.84607
228	1.84388
229	1.8414
230	1.83877
231	1.83602
232	1.83326
233	1.83065
234	1.82821
235	1.82617
236	1.82467
237	1.82374
238	1.82349
239	1.82377
240	1.82456
241	1.82582
242	1.82731
244	1.82904
245	1.83077
246	1.83247
247	1.83395
248	1.83517
249	1.83574
250	1.83581
251	1.83562
252	1.83485
253	1.83366
254	1.83213
255	1.83033
256	1.82845
257	1.82657
258	1.82484
259	1.82328
260	1.82231
261	1.8217
262	1.82104
263	1.8209
265	1.82092
266	1.82083
267	1.82082
268	1.8208
269	1.82043
270	1.81963
271	1.81885
272	1.81808
273	1.81741
274	1.81717
275	1.81713
276	1.81743
277	1.81833
278	1.8198
279	1.82163
280	1.82415
281	1.82716
282	1.83024
283	1.83325
284	1.83607
286	1.83853
287	1.84046
288	1.84214
289	1.84333
290	1.8441
291	1.84452
292	1.84491
293	1.84505
294	1.8451
295	1.84513
296	1.84511
297	1.84517
298	1.84545
299	1.84568
300	1.84617
301	1.84659
302	1.84691
303	1.84689
304	1.84677
305	1.84644
307	1.84591
308	1.84514
309	1.84442
310	1.84363
311	1.84277
312	1.84205
313	1.84145
314	1.84137
315	1.84143
316	1.84192
317	1.84279
318	1.84403
319	1.84574
320	1.84773
321	1.84996
322	1.85249
323	1.85506
324	1.85765
325	1.85999
326	1.86237
328	1.86448
329	1.86627
330	1.86778
331	1.86888
332	1.86959
333	1.87002
334	1.87028
335	1.87019
336	1.86994
337	1.86951
338	1.86902
339	1.86847
340	1.86793
341	1.86733
342	1.86682
343	1.86621
344	1.86565
345	1.86502
346	1.86434
347	1.86332
349	1.86217
350	1.86053
351	1.85889
352	1.85697
353	1.85499
354	1.85312
355	1.8513
356	1.8496
357	1.84769
358	1.84594
359	1.84445
360	1.84272
361	1.84178
362	1.84083
363	1.84023
364	1.8397
365	1.83907
366	1.83846
367	1.83769
368	1.83699
370	1.83622
371	1.83532
372	1.83464
373	1.83347
374	1.83191
375	1.83041
376	1.82872
377	1.82693
378	1.82503
379	1.82304
380	1.82109
381	1.81917
382	1.81723
383	1.8154
384	1.81344
385	1.8118
386	1.80987
387	1.80808
388	1.8062
389	1.80435
391	1.80242
392	1.80033
393	1.79826
394	1.79606
395	1.79374
396	1.79154
397	1.78922
398	1.7869
399	1.78453
400	1.78222
401	1.77994
402	1.77774
403	1.77563
404	1.77352
405	1.77163
406	1.76983
407	1.76812
408	1.76645
409	1.76489
410	1.76332
412	1.76166
413	1.75994
414	1.75819
415	1.7564
416	1.75451
417	1.7525
418	1.75048
419	1.74842
420	1.74641
421	1.74442
422	1.74268
423	1.74106
424	1.73963
425	1.7384
426	1.73767
427	1.73687
428	1.73647
429	1.73623
430	1.73638
431	1.73661
433	1.73704
434	1.73746
435	1.73812
436	1.73884
437	1.7396
438	1.74013
439	1.74097
440	1.74176
441	1.74253
442	1.74315
443	1.74387
444	1.74464
445	1.74534
446	1.74636
447	1.74722
448	1.74817
449	1.74907
450	1.75008
451	1.75103
452	1.75203
454	1.753
455	1.75389
456	1.7546
457	1.75533
458	1.75569
459	1.75615
460	1.75646
461	1.75665
462	1.75673
463	1.75691
464	1.75716
465	1.75744
466	1.75769
467	1.75814
468	1.75863
469	1.75944
470	1.76045
471	1.76175
472	1.76366
473	1.7657
475	1.76776
476	1.76983
477	1.77193
478	1.77421
479	1.77644
480	1.77874
481	1.78081
482	1.7828
483	1.78462
484	1.78593
485	1.78725
486	1.78875
487	1.78998
488	1.79137
489	1.79263
490	1.79387
491	1.79511
492	1.79638
493	1.79765
494	1.79885
496	1.80007
497	1.80115
498	1.80193
499	1.80281
500	1.80341
501	1.80395
502	1.8044
503	1.80467
504	1.80485
505	1.8049
506	1.80492
507	1.80494
508	1.80504
509	1.80517
510	1.80539
511	1.80572
512	1.80625
513	1.807
514	1.80803
515	1.80905
517	1.81013
518	1.81132
519	1.81246
520	1.81335
521	1.81437
522	1.81533
523	1.81622
524	1.81694
525	1.81743
526	1.81758
527	1.81766
528	1.81778
529	1.81769
530	1.8176
531	1.8176
532	1.81752
533	1.81738
534	1.81722
535	1.81717
536	1.81713
538	1.81714
539	1.8171
540	1.81681
541	1.81649
542	1.81606
543	1.81553
544	1.81477
545	1.814
546	1.81299
547	1.81181
548	1.81065
549	1.80946
550	1.80839
551	1.80747
552	1.80676
553	1.80624
554	1.80595
555	1.80578
556	1.80582
557	1.80619
559	1.80672
560	1.80742
561	1.80815
562	1.80871
563	1.80899
564	1.80903
565	1.80881
566	1.80833
567	1.80764
568	1.80663
569	1.80539
570	1.80395
571	1.80233
572	1.8006
573	1.79898
574	1.7975
575	1.79615
576	1.79491
577	1.79375
578	1.79264
580	1.79149
581	1.79022
582	1.78828
583	1.7858
584	1.7832
585	1.78045
586	1.77761
587	1.77473
588	1.772
589	1.76939
590	1.76707
591	1.76514
592	1.76372
593	1.76335
594	1.76369
595	1.76462
596	1.76597
597	1.76777
598	1.76982
599	1.77192
601	1.77405
602	1.77609
603	1.77795
604	1.77907
605	1.78029
606	1.78136
607	1.7825
608	1.78298
609	1.78332
610	1.78368
611	1.78395
612	1.78429
613	1.78474
614	1.78539
615	1.78662
616	1.78771
617	1.7888
618	1.78943
619	1.79042
620	1.79111
622	1.79148
623	1.79163
624	1.79138
625	1.79054
626	1.78963
627	1.78852
628	1.78733
629	1.7863
630	1.78543
631	1.78497
632	1.78493
633	1.78545
634	1.78647
635	1.78813
636	1.79057
637	1.79335
638	1.79664
639	1.80014
640	1.80382
641	1.80755
643	1.81111
644	1.81456
645	1.81768
646	1.82051
647	1.82307
648	1.82547
649	1.8276
650	1.82906
651	1.83042
652	1.83162
653	1.83282
654	1.83419
655	1.83554
656	1.8369
657	1.83836
658	1.83975
659	1.8411
660	1.84215
661	1.84339
662	1.84411
664	1.84454
665	1.84448
666	1.84387
667	1.84295
668	1.84179
669	1.84034
670	1.83889
671	1.83744
672	1.83618
673	1.8352
674	1.83481
675	1.83512
676	1.83584
677	1.83732
678	1.84052
679	1.8438
680	1.84744
681	1.8511
682	1.85468
683	1.85826
685	1.86166
686	1.86478
687	1.86747
688	1.87001
689	1.87219
690	1.87286
691	1.87375
692	1.87471
693	1.87588
694	1.8772
695	1.87864
696	1.88024
697	1.8819
698	1.88343
699	1.8851
700	1.88643
701	1.88751
702	1.88819
703	1.88829
704	1.8879
706	1.88701
707	1.88543
708	1.88346
709	1.88108
710	1.8786
711	1.8759
712	1.87339
713	1.8713
714	1.86963
715	1.86843
716	1.86777
717	1.86767
718	1.86825
719	1.86923
720	1.87083
721	1.87249
722	1.87431
723	1.87599
724	1.87747
725	1.87871
727	1.87977
728	1.88047
729	1.88084
730	1.88097
731	1.8808
732	1.88062
733	1.88045
734	1.88035
735	1.88052
736	1.88074
737	1.88133
738	1.88204
739	1.88299
740	1.88391
741	1.88473
742	1.88529
743	1.88546
744	1.88537
745	1.88442
746	1.88296
748	1.88094
749	1.87813
750	1.87482
751	1.87089
752	1.86688
753	1.86317
754	1.85948
755	1.85584
756	1.8525
757	1.84999
758	1.84804
759	1.84673
760	1.84601
761	1.84578
762	1.84606
763	1.84655
764	1.84679
765	1.84733
766	1.84786
767	1.84827
769	1.84847
770	1.84845
771	1.84819
772	1.84782
773	1.84729
774	1.84678
775	1.84657
776	1.84655
777	1.8466
778	1.84701
779	1.84759
780	1.84853
781	1.84928
782	1.84974
783	1.85003
784	1.85007
785	1.8497
786	1.84868
787	1.84732
788	1.84564
790	1.84367
791	1.84143
792	1.83923
793	1.83737
794	1.83616
795	1.83536
796	1.83518
797	1.83564
798	1.8366
799	1.83801
800	1.83988
801	1.84193
802	1.84408
803	1.84602
804	1.84824
805	1.84977
806	1.85106
807	1.85211
808	1.85291
809	1.8536
811	1.85417
812	1.85479
813	1.85553
814	1.85674
815	1.8582
816	1.8594
817	1.86134
818	1.86335
819	1.86519
820	1.86731
821	1.86937
822	1.87138
823	1.87291
824	1.87396
825	1.87425
826	1.87397
827	1.87334
828	1.87221
829	1.87084
830	1.86946
832	1.86778
833	1.86608
834	1.86446
835	1.8633
836	1.86268
837	1.86269
838	1.86325
839	1.86436
840	1.86594
841	1.86759
842	1.86981
843	1.87179
844	1.87399
845	1.87609
846	1.87819
847	1.88003
848	1.8817
849	1.88327
850	1.88467
851	1.886
853	1.88766
854	1.8891
855	1.89096
856	1.89335
857	1.89547
858	1.89766
859	1.89998
860	1.90217
861	1.90401
862	1.90551
863	1.90652
864	1.90709
865	1.90719
866	1.907
867	1.90554
868	1.90409
869	1.9021
870	1.89954
871	1.89672
872	1.89393
874	1.8912
875	1.88871
876	1.88669
877	1.88465
878	1.88283
879	1.88146
880	1.88044
881	1.87983
882	1.87971
883	1.87986
884	1.88033
885	1.88095
886	1.88213
887	1.88328
888	1.88496
889	1.88682
890	1.88894
891	1.89114
892	1.89347
893	1.89588
895	1.89839
896	1.90082
897	1.90315
898	1.90493
899	1.90628
900	1.90716
901	1.90747
902	1.90736
903	1.90678
904	1.9056
905	1.90392
906	1.90191
907	1.89951
908	1.89688
909	1.89397
910	1.89093
911	1.88798
912	1.885
913	1.88212
914	1.87932
916	1.87675
917	1.87439
918	1.8723
919	1.87047
920	1.8688
921	1.86732
922	1.86607
923	1.86474
924	1.8634
925	1.86219
926	1.86097
927	1.85978
928	1.85865
929	1.85743
930	1.85623
931	1.85514
932	1.85421
933	1.85331
934	1.85275
935	1.85249
937	1.85215
938	1.852
939	1.85193
940	1.85188
941	1.85162
942	1.85142
943	1.85112
944	1.85055
945	1.84951
946	1.84835
947	1.84693
948	1.84543
949	1.84358
950	1.84139
951	1.83903
952	1.83669
953	1.83411
954	1.83153
955	1.82899
956	1.82686
958	1.82468
959	1.82274
960	1.82087
961	1.81931
962	1.81807
963	1.81691
964	1.81591
965	1.8149
966	1.81388
967	1.81309
968	1.81213
969	1.81112
970	1.80996
971	1.80882
972	1.80753
973	1.80627
974	1.80512
975	1.80403
976	1.8031
977	1.80233
979	1.8017
980	1.80141
981	1.80154
982	1.8017
983	1.80217
984	1.80284
985	1.80363
986	1.80433
987	1.80497
988	1.80582
989	1.80632
990	1.80663
991	1.80678
992	1.80644
993	1.80613
994	1.80558
995	1.80509
996	1.80449
997	1.80403
998	1.80382
1000	1.8035
